id,scene,conversation
action_adrien_0001,"Engine room. Alya slams the toolbox on the engine. Passes tools to Anarka, Juleka, and Ivan.","Markov: (as the houseboat continues to rumble) We've detected a large increase of plastic waste in the Seine. All coming from the same item
Adrien: (puzzled) Same item? What do you mean?
Nino: Paris City Hall decided to install vending machines everywhere in order to sell these. (Alya pulls up her Alliance ring, which shows an advertisement.)"
action_adrien_0002,"Liberty. The plastic containers start to rumble. Cut back to the engine room as it starts to overheat and smoke out. The engine overloads, causing all the plastic to be blown out of the Liberty and onto the ground.","Nino: (picks up a hand fan) This is why we need you buddy. (shows him the fan.) These fans are a major eco-disaster. You have to talk to your old man
Adrien: You know how my father is. He won't listen to me
Marinette: (takes the hand fan) What if we try solve this another way? (Opens up the fan revealing the logo of Bertrand King.) By going straight to the root of the problem?"
action_adrien_0003,"Bertrand King's office, outside. Nino is approaching the building in a disguise. He looks around.","Guard: You! (opens up a fan with Adrien on it) It's you on the fans, isn't it?
Adrien: Uh... (Marinette steps in)
Marinette: Yes, it is him! Adrien Agreste in the flesh! (gestures to Adrien as he smiles) Amazing, right? (as Nino breaths a sigh of relief) And as it turns out, we're escorting him, all of us, to his meeting with Mr. Bertrand King
Adrien: Right, that's it. I'm uh...(looks towards Marinette for help)
Marinette: Here to discuss new advertising campaigns for the Morpho fans
Adrien: Right
Marinette: We're his personal team of... (coming up with an excuse) ...delivery and cleaning people"
action_adrien_0004,Gabriel's atelier. Adrien is seen talking to his father as he's working.,"André: But it would be very damaging to my image. (opens up a fan with his face on it)
Adrien: Plastic can even be found in your clothes. And in these hand fans you designed. If you could help us convince Bertrand King
Gabriel: You know, Adrien. Great designers have to make certain compromises, these fans are only a trend, a way to keep the Gabriel brand thriving. They will disappear as soon as the heat wave is over
Adrien: (gasps, angry) The damages they cause to the environment will remain for several centuries!
Gabriel: It's been very nice to talk to you, Adrien. Now if you excuse me, I have work to do
Adrien: (on phone) My father hasn't listened to me at all"
action_adrien_0005,Marinette's balcony. Adrien is teaching Marinette Mandarin.,"Monarch: I'm afraid Gabriel Agreste is unavailable at the moment
Adrien: 你好女士. (Translation: Hello, miss.)
Marinette: 你好怒視. (Translation: Hello, angry.) That's still not it, is it?
Adrien: That was almost it. Your ""hello"" was perfect. But remember, the last syllable of ""miss"" has a falling tone. 女士. (Translation: Miss.)
Marinette: 女士. (translates, Miss.) (rumbles) Was that so bad that I triggered lightning?! (notices King of Plastic jumping from building to building.)
Adrien: I promised my father that I'd go home in any sign of trouble. Will you be okay?
Marinette: Yeah, don't worry. I've got to review my Mandarin. (giggles)
Adrien: Ok, see you later then. (goes downstairs)"
action_adrien_0006,City. Adrien goes under a building to transform.,"Adrien: Ok, see you later then. (goes downstairs)
Adrien: There's no time to waste! The sooner Cat Noir saves Paris, the sooner Adrien can get back to Marinette! (lets Plagg out of his jacket.)
Plagg: And the sooner I can eat camembert!
Adrien: Plagg, claws out! (transforms into Cat Noir)"
adoration_adrien_0001,"Interior, the Agreste mansion, in the kitchen. The whole Agreste household is gathered around the kitchen table.","Gabriel: (begrudingly) Alright, fine
Adrien: Thank you, Dad!
Gabriel: (on-call) You're supposed to be protecting my son, and yet, Marinette Dupain-Cheng is still being a very bad influence on him!"
adoration_adrien_0002,At the Eiffel Tower. All the people that Marinette and Zoé have collaborated with are gathered with them at the venue.,"Ladybug: No, it was an akumatized villain! There — Vanisher!
Adrien: Ladybug's going to need us to plead her case! Plagg, claws out! (transforms into Cat Noir)
Cat Noir: I got your message and got here quickly as I could, m'lady"
adoration_adrien_0003,"Exterior, the Agreste mansion, outside the gate. Adrien is seen walking towards the entrance.","Marinette: Adrien!! (runs and pants as she stops in front of him)
Adrien: What's going on, Marinette?
Marinette: I— My hair is a mess, I'm not wearing my princess dress, there's no music, no rose petals everywhere, and we're not on the Eiffel Tower. But even though this isn't at all how I'd imagined this magical moment would play out, it feels right"
adoration_adrien_0004,"Exterior, the Agreste mansion, outside the gate. Adrien is seen walking towards the entrance.","Marinette: Is something wrong...?
Adrien: (slowly steps back) I don't know... I feel strange. Maybe you should go home
Marinette: Oh... okay
Adrien: I'm sorry
Marinette: The important thing is... that I told him how I feel. Right, Tikki?"
adrien_s_double_life_adrien_0001,,"Adrien: Hey guys, I'm Adrien. In everyday life, I’m just a normal guy
Alya: Nice scarf, Adrien!
Adrien: Well, almost. Because my father is Gabriel Agreste, a great world-renowned fashion designer. I sometimes model for him, posing for his advertising campaigns. I don't hate it, but I won't make a career out of it. Actually, I mostly do it to make my father happy. Ever since Mom disappeared, he hasn't been the same. So, I try to be there for him. On a day to day basis, his assistant Nathalie is really the one taking care of me"
adrien_s_double_life_adrien_0002,,"Adrien: Thanks, Nathalie
Adrien: She and the Gorilla. I call him that because he's huge and he never speaks, just like a gorilla! He drives me to all my activities. Between photoshoots, fencing, learning Chinese and piano, I don't have much time for myself. I don't even have time to enjoy my awesome room, or to invite my friends over to hang out
Plagg: Oh, the exhaustion! My poor aching body! I can’t move a muscle!
Adrien: He’s lazy, but thanks to him, I can turn into a superhero"
adrien_s_double_life_adrien_0003,,"Adrien: Plagg, claws out! (Adrien transforms into Cat Noir)
Adrien: He just has to enter my Miraculous, the ring I'm always wearing, and bam! I transform! He’s also the one who gave me my superpower
Cat Noir: Cataclysm!
Adrien: With it, I can destroy whatever I touch. But I can't get it wrong, because I only have 5 minutes after using it before I transform back. Then, Ladybug just needs to capture the villain's akuma"
anansi_adrien_0001,"Césaire apartment, living room. Alya and Nino are dancing in front of the television. Marinette is watching from behind, next to her phone with Adrien on videocall.","Alya: (unimpressed) You mean like the other day at the square?
Adrien: (on videocall) What happened?
Marinette: Well… we came across a man handing out flyers (shows a man in a banana costume getting picked up by Nora as his flyers of the ""Adrien"" ad get strewn around) Nora thought the man was akumatized and wanted to turn Alya into a banana-zombie"
anansi_adrien_0002,"Césaire apartment, living room. Alya and Nino are dancing in front of the television. Marinette is watching from behind, next to her phone with Adrien on videocall.","Nora: (turns her head to look where Marinette pointed) What?!
Adrien: And the winner is… Nino!
Marinette: (fake sheepishly) Oops, my bad; it was just a fly"
anansi_adrien_0003,"Place de la Concorde, Ferris wheel. Marinette, Alya and Nino are in the Ferris wheel, watching the fireworks show. Marinette is holding her phone so Adrien can see, too.","Adrien: (on videocall) Uh… uh… I think my wifi is losing signal. (hangs up; then, in his room, to Plagg) My friends are in danger
Adrien: Plagg, claws out! (Adrien transforms into Cat Noir)
Anansi: (climbs up to the window of her sister's and friends' cabin) Well, well. There you are, fly-weights"
animaestro_adrien_0001,Inside event. Adrien is greeting the Tsurugis while Gabriel Agreste is seen on a tablet held by Nathalie.,"Kagami: (glares at Chloé) Don't ever touch me again. Don't ever speak to me again. Don't ever look at me again
Adrien: Kon ban wa Tsurugi-san (Good evening Mrs. Tsurugi) (Adrien bows to the Tsurugis) Dozo yoroshiku onegaishimasu (Nice to meet you)
Mrs. Tsurugi: Gabriel-san. Per our discussion at our last meeting, I've brought these documents"
animaestro_adrien_0002,Inside event. Adrien is greeting the Tsurugis while Gabriel Agreste is seen on a tablet held by Nathalie.,"Nathalie: Please follow me. (exits with Mrs. Tsurugi, leaving Adrien with Kagami)
Adrien: I'm glad to see you again, Kagami!
Kagami: Me too, Adrien. (spots Marinette and Chloé looking at her with crossed arms and intentionally takes Adrien's arm)"
animaestro_adrien_0003,Where Kagami and Adrien are talking.,"Marinette: I'm just stopping Kagami from kidnapping Adrien and taking him off to Japan. He's too nice to see what she's really up to!
Adrien: Well I'm more of a dog person... (camera zooms further out to show Chloé and Marinette)
Chloé: Alright. (she looks at what Marinette has gathered) Garbage bag, ladle and what? (she holds up a spool of string) I asked you to get some rope!"
animaestro_adrien_0004,Another part of the event. Chloé is handing a cake to Jagged.,"Chloé: Hah! This is a part of the plan
Adrien: Sit down. I'll help you
Chloé: Phase two, Dupain-Cheng"
animaestro_adrien_0005,Movie theater.,"Thomas: She recognized me. Somebody actually recognized me! (wipes away tears) This is the best day of my life! (eats a macaron)
Adrien: Awesome you could get in, Marinette. And I'm really sorry I didn't get to taste your macaron. It looked delicious
Marinette: It's no biggie. There will be tons of other macarons, I mean, occasions"
animan_adrien_0001,"Outside Collège Françoise Dupont. Alya and Marinette are walking out of the Collège, while Adrien and Nino are hiding behind a banister.","Marinette: All of the above. (bumps into Nino) Huh?
Adrien: (appears behind Nino) Oh, so sorry. (nudges Nino) Right, Nino?
Nino: Sorry"
animan_adrien_0002,"Outside Collège Françoise Dupont. Alya and Marinette are walking out of the Collège, while Adrien and Nino are hiding behind a banister.","Marinette and Adrien: Sorry. (Marinette grabs the magazine away)
Adrien: Sorry about that. How could we make it up to you? Any ideas...Nino? (Nino doesn't answer) How about we all check out the...zoo today? Word is they've got a new... (snaps his fingers in front of Nino)
Nino: Uh, they-they got a new panther"
animan_adrien_0003,"Outside Collège Françoise Dupont. Alya and Marinette are walking out of the Collège, while Adrien and Nino are hiding behind a banister.","Marinette: Uh, yeah. I, uh, I'm (really) into zoonimals. I mean, uh, anizools. I mean zoonimoos. I... (sighs)
Adrien: Cool. Say, after school, four o'clock? (looks at Nino) Nino, sound good? (Nino nods nervously) Cool, four o'clock then
Marinette: Four! (Adrien nods before he pulls Nino and walks away) Four o'clock. (lovestruck) Yeah"
animan_adrien_0004,The Zoo. Marinette turns on a speaker in her left ear.,"Marinette: Uh, hey, Nino! (looks behind him) Uh, isn't Adrien with you?
Adrien: Tell her you'll both be better off without me
Nino: We'll be better off without me"
animan_adrien_0005,The Zoo. Marinette turns on a speaker in her left ear.,"Nino: (to Marinette) You're right; we'll wait
Adrien: (from the earpiece) No! What are you talking about? Don't wait for me; I'm not coming!
Otis: Look what Daddy's brought you. Only the finest for my baby"
animan_adrien_0006,Marinette and Nino are sitting at a picnic table waiting for Adrien.,"Marinette: You sure taking his time, huh? He's not coming, is he?
Adrien: (from the earpiece) Repeat after me. Yes he is, but first I wanted to take this opportunity to
Nino: Yes he is, but first I wanted to take this opportunity to
Adrien: (from the earpiece) Tell you that I love you, Marinette
Nino: Tell you that I-- Gahhh... I... Love a girl but I don't know how to tell her!
Adrien: Hey, what are you doing?"
animan_adrien_0007,Marinette and Nino are sitting at a picnic table waiting for Adrien.,"Nino: Oh, yeah
Adrien: (from the earpiece) Tell her it's you!
Nino: It's youuu...uur best friend Alya!"
animan_adrien_0008,The akuma flies and infects Otis' bracelet.,"Adrien: We've gotta do something. (Plagg sighs while he sits on Adrien's head)
Adrien: Plagg, claws out!(Adrien transforms into Cat Noir)
Animan: You lost, kiddo. What do you think of panthers now?"
antibug_adrien_0001,Literature classroom. The entire class is working on something with a tablet.,"Marinette: (whispers) Tikki, we've gotta get outta here
Adrien: Miss, please, I have to go to the restroom. (walks out of the class) Thank you. (closes the door)
Marinette: So do I, please?"
antibug_adrien_0002,The bathrooms. Marinette walks inside the girls' bathroom where she sees crude drawings of Chloé and multiple instances of Chloé's name being scratched out are present on the walls and stall doors.,"Marinette: Huh, the hard part's going to be finding out who doesn't
Adrien: Something really strange going on
Marinette and Adrien: (at the same time with their respective Kwami) Time to transform!"
backwarder_adrien_0001,At the Gare du Nord train station. Ladybug comes swinging on her yo-yo,"Marinette: (shouts) Adrien! (runs towards him desperately while panting)
Adrien: Marinette?
Marinette: Er. (takes letter out of her purse) Here! Read this in the drain... on the train! I've never told you kiss... (this,) but what I want more than anything else in the world is written on this piece of paper and... (blushes looking straight at Adrien) only you can give it to me"
backwarder_adrien_0002,"Back on the train, Adrien is listening to music on his earphones","Adrien: (his phone beeps) Huh? (presses alert button)
Adrien: (gasps, then turns to Kagami) I—I better go check on my father
Hawk Moth: Occupied!
Adrien: Oops, sorry! (goes to the other washroom and locks the door)"
backwarder_adrien_0003,Back on the train,"Train conductor: (to a passenger who needs to use the washroom) I know it's taking a long time—
Adrien: You seem to be feeling a lot better, Father
Gabriel: Oh yes, I am. (escorts Adrien to his seat)"
bakerix_adrien_0001,Adrien's room.,"Bakerix: Well, we didn't have superheroes in (my) youth! (tries kicking her, she dodges, then launches her yo-yo at him) There will be no superheroes in (my) Paris! (He pulls up on her yo-yo, and throws her across Paris, screaming.)
Adrien: Looks like Ladybug's the one unveiling a brand new method of air transport
Ladybug: (lands in a tree) Ah! Oof!"
befana_adrien_0001,The Place des Vosges,"Befana: Then take me to her!
Adrien: Happy birthday, Marinette
Alya: Open it, Marinette!"
befana_adrien_0002,The Place des Vosges,"Adrien: Party's over, my friend!
Adrien: Plagg, claws out!
Befana: It's rude to leave while Befana's still speaking to you. (her gun's aim is knocked away by Cat Noir's staff and she looks over at him)"
befana_adrien_0003,Marinette's party,"Adrien: Bravo. (he holds out his gift to Marinette) You never got a chance to open it with all that was going on
Adrien: I always carry the lucky charm you gave me with me wherever I go, and I think it works pretty well. So... I figured it was my turn to make one for you
Marinette: You're so wonderful... Oh, uh- (it's) wonderful, what a charm! Uh... luck charm! I-I'll wear the charm um, with luck! Basically, um... thank you"
captain_hardrock_adrien_0001,Adrien's Room,"Nadja: Paris is yet again under attack, a new villain is destroying all the music festival concerts one by one. Please take shelter as soon as possible!
Adrien: I may be grounded Plagg, but they're playing my song
Plagg: Yeah, I know it by heart"
captain_hardrock_adrien_0002,On the Liberty,"Roger: Have a good gig! (walks off; waving)
Adrien: Hi everyone! Hi ma'am
Marinette: Watch where you're walking! Ditching, the, the- the--
Adrien: Woah! (trips over something as a case falls over)"
cat_blanc_adrien_0001,Adrien's room,"Ladybug: 'Cause... there's this boy, I
Adrien: Me!
Plagg: No, no, no, no! (tries pulling the beret away from Adrien) It doesn't make any sense, Marinette is Marinette and Ladybug is—
Adrien: Marinette! (holds the beret closer to him)
Plagg: Okay Adrien, this whole thing smells like rotten cheese. You know you aren't supposed to know each other's secret identities!
Adrien: Just because I know her secret identity doesn't mean she has to know about mine. Everything will be just fine, I promise. (wears the beret and runs out)
Plagg: Adrien! Putting a smelly piece of cheese in a box doesn't stop it from smelling!"
cat_blanc_adrien_0002,"Alternate Paris, full of destruction","Ladybug: You're wrong! I'm not Marinette! (seen from burrow) It's impossible, I never told you anything!'
Adrien: (opens the door) Ladybug?
Bunnyx: Oh, no! What have you done, Marinette?! (rewinds)"
cat_blanc_adrien_0003,Burrow,"Adrien: I have something to tell you
Adrien: I've realized... I've realized that you're not just a friend to me. I’ve always felt like you were more than that. (holds Marinette's hand) And now I know why
Alya, Rose, Juleka, and Mylène: Ohhh?"
cat_blanc_adrien_0004,Burrow,"Adrien: (begging, with tears on his eyes) I beg you, please!
Adrien: (runs to Marinette and sees the Akuma) Marinette, MOOOOVVEEE!!!!!!
Marinette: Adrien? (turns around)
Adrien: Plagg, claws out!"
cat_blanc_adrien_0005,"Alternate Paris, underwater","Hawk Moth: I would put that Cataclysm away if I were you... (
Adrien.: )
Cat Noir: How do you…? (the lid of Émilie's coffin opens and he sees Émilie) Mother?"
catalyst_heroes_day_part_1__adrien_0001,Miss Bustier's classroom.,"Miss Bustier: Adrien?
Adrien: Today I plan to give my fencing classmates a lesson in Chinese and my Chinese classmates a lesson in fencing
Miss Bustier: Alya?"
catalyst_heroes_day_part_1__adrien_0002,Agreste Mansion,"Marinette: You're right. (grabs apron) If I get to work right away, I'll have enough time to make the macarons by myself. (leaves the room while Tom and Sabine shrug at each other)
Adrien: (finishes eating and then reaches for his phone)
Nathalie: (looks at her phone) Sir, Adrien has a special request. He'd like to go to a picnic tonight"
catalyst_heroes_day_part_1__adrien_0003,Rooftop of Palais de Chaillot. The heroes plan their next move.,"Marinette: (walking up the school steps) Well, anyone can get carried away from time to time
Adrien: (running towards Marinette) Marinette! This is awesome! My father gave me permission to come to your tasting
Marinette: I, I, I, huh...?
Adrien: (saddened) You didn't make enough pastries for me, is that it?
Marinette: Oh no! We've got plenty! You're so cute. I mean, uh, it's so cute -- cool. It's cool that you can make it. (Adrien smiles and he and Marinette enter the building where they notice several students staring worringly at their phones. They approach Rose, Juleka, and Mylène)"
catalyst_heroes_day_part_1__adrien_0004,Rooftop of Palais de Chaillot. The heroes plan their next move.,"Adrien: (pats Plagg's head) You're a true hero
Adrien: Plagg, claws out! (Adrien transforms into Cat Noir) (Scene: Some other Parisian streets) (Ladybug heads towards Master Fu's place when she suddenly gets the feeling that she's being followed, so she ducks inside a nearby sewer and hides. She soon spots Vanisher and grabs her with her yo-yo)
Ladybug: I knew it! (snatches her glasses and breaks them) No more evil doing for you, little akuma. Time to de-evilize! (purifies the akuma and catches her yo-yo) Gotcha! Bye-bye, little butterfly. (She releases the akuma. Vanisher turns back into Sabrina)"
chameleon_adrien_0001,Literature classroom.,"Lila: Now it is, yes. But he had a kitten until he found out he was allergic to it. The best part is, since you're such an excellent student, Adrien, you'll be able to help me catch up with all the schoolwork I missed while I was traveling with my parents. Would you do that for me?
Adrien: Sure, Lila
Marinette: Miss Bustier, why do I have to sit in the back now?"
chameleon_adrien_0002,Literature classroom.,"Marinette: Uh, I… I…
Adrien: My eyesight and hearing are good. I'll sit in the back of the class and you two can sit up front. I don't mind
Marinette and Lila: No!"
chameleon_adrien_0003,"Collège Françoise Dupont, locker room. Lila is walking to the exit when suddenly Adrien barges in.","Adrien: Lila, I'm perfectly happy being friends with you, and I'll gladly help you catch on your schoolwork, but please don't lie to me like you did last time with Ladybug
Adrien: (in flashback) So I'm guessing you're not a descendant of a superhero, either
Ladybug: (in flashback) She's more like a super liar"
chameleon_adrien_0004,"Collège Françoise Dupont, roof. Ladybug looks down to see Chameleon (Adrien) approaching Nino and Alya, who are just leaving a classroom.","Plagg: (floats out) Adrien, Adrien!
Chameleon (as Adrien): Nino, I have something to tell you. You don't deserve my friendship or your girlfriend or your cap. (takes Nino's cap and puts it on herself)
Alya: Hey!
Chameleon (as Adrien): You should see your faces, don't miss my performance at the Eiffel Tower. You're gonna love it"
chameleon_adrien_0005,"Collège Françoise Dupont, courtyard. Lila is sitting on a bench, the class is standing around her.","Marinette: So we just stand by and let her lie?
Adrien: As long as you and I both know the truth, does it really matter?
Marinette: You're right, maybe it's not such a big deal"
chameleon_adrien_0006,Literature classroom.,"Class: Good afternoon, Miss Bustier
Adrien: Good for you for taking the high road, Marinette. Hey, it's pretty cool back here. (Marinette giggles)
Miss Bustier: Lila?"
chameleon_adrien_0007,Literature classroom.,"Miss Bustier: Adrien? outside, front staircase
Adrien: Present
Miss Bustier: Max?"
chameleon_adrien_0008,Literature classroom.,"Marinette: —gonna get that house, and have three kids and a hamster named—
Adrien: (interrupting her thoughts) Marinette, Miss Bustier's called your name three times already
Marinette: Oh. (looks sheepishly at Miss Bustier)"
climatiqueen_adrien_0001,Adrien's room. Adrien is scrolling through the Zoo app on his phone.,"Alec: Today's one day, one passion episode, Gabriel Agreste! The great designer fashionable passion who sacrificed everything to save paris by helping Ladybug to defeat the trebled-
Adrien: I can't wait for you to get here, I love you
Tikki: You got another text from Adrien!"
climatiqueen_adrien_0002,The Agreste's Kitchen. Adrien is cooking pancakes while Plagg floats over with a piece of cheese.,"Nathalie: Good morning, Adrien
Adrien: Good morning, Nathalie
Nathalie: Hm, smells good!
Adrien: I hope you like it"
climatiqueen_adrien_0003,The Agreste's Kitchen. Adrien is cooking pancakes while Plagg floats over with a piece of cheese.,"Adrien: I hope you like it
Adrien: My pancakes aren't very good, are they?
Nathalie: Not at all; I think they're delicious
Adrien: My father's were better. They were perfect
Nathalie: Mmm, I disagree. Your father's lacked sweetness. Honestly, I like yours better
Adrien: What's my schedule for today?
Nathalie: As I've already said, you no longer need one. The only person who decides what you have to do now is you
Adrien: But then, what should I do?
Nathalie: Well, whatever you want
Adrien: Oh, alright then. I'll decide. I guess"
climatiqueen_adrien_0004,Japanese classroom. Marinette and Adrien are looking over Japanese books while the teacher instructs off-screen.,"Japanese teacher: こんにちは、奥様。(Translation: Hello, ma'am.)
Adrien: こんにちは、奥様。
Marinette: (Butchered Japanese) Ko-ni-ci-o-ku-sama?
Adrien: The past and the future seem to fade away. When we live for the present, there is the sweetness of today"
climatiqueen_adrien_0005,The courtyard. Adrien and Marinette are exiting the elevator.,"Marinette: Poetry was no piece of cake. Your poem, on the other hand, was so sweet
Adrien: Thank you
Marinette: Poetry seems to come easily to you
Adrien: Let's just say it was interesting
Marinette: But not passion-worthy, right?"
climatiqueen_adrien_0006,Cafeteria. Nino is laughing with a group of friends while Aglaé runs up to them.,"Marinette: ((horrified)) Who took those photos?!
Adrien: ((surprised)) Who wrote that?!
Climatiqueen: It's time for the sun to shine on me! You're all going to like my content to the heart of the storm!"
climatiqueen_adrien_0007,Nurse's room. Adrien walks in.,"Ladybug: If weather is your passion, don't let anyone take that away from you. Success doesn't matter. It's the pleasure you take in doing things that counts
Adrien: Sorry I made you wait, Aglaé. With Climatiqueen around, I had to be cautious
Marinette: I got struck by Climatiqueen, but luckily I got my stuff back!"
climatiqueen_adrien_0008,Place des Vosges. Marinette is watching a video of Aurore's.,"Marinette: I'll always be there for you, Adrien, but I can't choose a passion for you. And even if you don't find one right away, that's okay. You have so many things to discover, not only in school, but outside of school, too. It's gonna take time, and that's normal
Adrien: I don't mind how long it takes, Marinette, as long as I'm with you
Both: I love you. (They laugh and then kiss)"
collusion_adrien_0001,"Interior, the Agreste mansion, in the kitchen. Adrien sits down at the table next to Nathalie.","Adrien: Thank you! See you later, Marinette! (hangs up)
Adrien: Good morning!
Gabriel: Just in time for breakfast! By the way, how did your friend Marinette take the news of your upcoming departure for London, Adrien?"
collusion_adrien_0002,In front of the Agreste mansion.,"Adrien: You should've listened to Marinette's advice, father. Your pancakes taste as bad as ever. (moves his plate away) Have a nice day, Nathalie. (takes his bag and walks out as Gabriel looks at him furiously)
Adrien: (to his bodyguard) If you don't mind, I'd rather walk. I need to take my mind off things
Plagg: You really put your father in his place! I can't wait to see his face when you tell him you're not going to London!
Adrien: I have no idea how to tell him that, Plagg
Plagg: But you're going to tell him, right? You can't wait until you're gone to tell him you're not going
Adrien: All I know is — whatever happens, Marinette and I will last forever
Plagg: Forever? Well, in the meantime, you only have a few days left!"
collusion_adrien_0003,In front of Collège Françoise Dupont. Adrien meets up with Marinette.,"Rose: The kiss! The wonderful act that will seal the eternal love between the cutest sweethearts ever! The sweethearts we've been waiting forever for! So — you two, kiss. Now. Or I will kiss you both!
Adrien: It's nice of you to support us, Rose, but we're just waiting for the right time. Aren't we, Marinette?
Marinette: Oh, you said it so well. You're perfect, Adrien, as always
Adrien: No, you are
Marinette: No, you are
Adrien: No, you are
Marinette: No, you're perfect
Adrien: No, (you're) perfect
Marinette: No, (you're) perfect
Adrien: No, you
Marinette: No, you"
collusion_adrien_0004,Literature classroom,"Marinette: What?! No, I didn't! I was stopping Ivan from–
Adrien: Chloé's lying! She's a manipulator!
Chloé: See? They all pretend to be non-violent, but they'll attack a helpless girl! (makes another call with her Alliance) Ms. Mendeleiev! (smiles to the class evilly)"
collusion_adrien_0005,Liberty. Adrien sits on one of the hammocks. Marinette approaches him.,"Marinette: I'm sure everything will be okay. The Resistance won't give up
Adrien: I hope so…
Marinette: Is something else… going on? Do you wanna talk about it?
Adrien: (stays silent for a brief moment, thinking) I–"
collusion_adrien_0006,Liberty. Adrien sits on one of the hammocks. Marinette approaches him.,"Adrien: (stays silent for a brief moment, thinking) I–
Adrien's phone: Megakuma alert! Megakuma alert!
Adrien: I have to– uhh… I have to go! My father insisted I come home right away in case of a Megakuma alert. (runs off)"
collusion_adrien_0007,Streets near the Seine,"Marinette: You must be right. Tikki, spots on! (transforms into Ladybug)
Adrien: (hides behind a staircase) I was just about to tell her but it's never the right time… Plagg, claws out! (transforms into Cat Noir)
André: (in the video) I've cheated and I've abus–"
conformation_the_final_day_part_1__adrien_0001,Marinette's room,"Marinette: Tikki, I need to find out where Mr. Agreste has sent Adrien. I need to free him, I mean... to talk to him. (Experiences another sudden ache.) At least to make sure that he's okay... (Grabs her phone and dials Adrien's number.)
Adrien: (pre-recorded voice) Hey! This is Adrien's voicemail. Leave a message
Marinette: What? (Opens it.)"
conformation_the_final_day_part_1__adrien_0002,Gabriel's lair,"Adrien: (Wakes up.) NO! (Hyperventilates.)
Adrien: (on the camera footage) Open the door, NOW! (Bangs on the door of his room.) LET ME OUT!
Gabriel: It's time to begin distribution of the antidote to these nightmares
Adrien: (on the camera footage) Open the door!"
conformation_the_final_day_part_1__adrien_0003,"Adrien's room, Tsurugi Industries laboratory in London","Ad voice: To download your app for free, say ""Perfect Alliance""
Adrien: This is insane! My father is out of control! (Throws the Alliance on the floor.)
Plagg: That (is) a pretty accurate description of your father, yes. What are you waiting for? Transform and get out there! Besides, we'll never find any cheese here
Adrien: (whispers) Plagg, hide! There are cameras everywhere!
Plagg: Relax. May I remind you that kwamis cannot be filmed or have their voices recorded?
Adrien: (Grabs his head.) But my father could hear or see me transform into you-know-who!
Plagg: Hmm... (Flies into the wall and disables the room's cameras.) There! No cameras, no problem"
conformation_the_final_day_part_1__adrien_0004,"Adrien's room, Tsurugi Industries laboratory in London","Plagg: Shall we?
Adrien: No, Plagg
Ad voice: To download your app for free, say ""Perfect Alliance"""
conformation_the_final_day_part_1__adrien_0005,"Adrien's room, Tsurugi Industries laboratory in London","Adrien: We'll see each other again, my friend. I know it. In the meantime, the only thing I can do is not get akumatized
Adrien: (Defeated, finally puts on the Alliance.) Perfect Alliance
Alliance Kagami: Adrien, focus on the thing you like the most — the soothing, peaceful sound of the foils brushing against one another"
conformation_the_final_day_part_1__adrien_0006,"Tom &amp; Sabine Boulangerie Patisserie, living room","Nathalie: (Swipes the pop-up away.) He's going to finally do it
Alliance Adrien: That feeling when you're kneading dough... making bread relaxes me so much
Tom: See, Sabine? I always told you that Adrien would make a great baker"
conformation_the_final_day_part_1__adrien_0007,Liberty,"Alya's Alliance Kagami: As proven by our investigative journalism, there isn't any problem anywhere, is there, Adrien?
Alya's Alliance Adrien: Not a single one. Everything's fine, Kagami
Mylène: Friends, I had an awful nightmare. All the trees on Earth had been uprooted by extraterrestrials. What if it was a prophetic dream? What if the world is in danger?"
conformation_the_final_day_part_1__adrien_0008,"Tom &amp; Sabine Boulangerie Patisserie, living room","Alliance Ladybug: You think your Perfect Alliance is stronger against Akumas than Cat Noir and Ladybug?!
Alliance Adrien: Help! Please save us!
Alliance Kagami: Please, leave us alone!"
confrontation_adrien_0001,"Interior, Collège Françoise Dupont, in the library. Marinette piles up every submitted application form and puts it on a table. Max and Kim are seen walking out the library.","Marinette: (smiles) Thank you, Tikki!
Adrien: Is something wrong, Marinette?
Marinette: I'm having a really strange feeling about something. Up until now, Alya and I were the class reps. When our classmates gave us their career forms, they are also entrusting us with their hopes and dreams"
confrontation_adrien_0002,"Interior, Collège Françoise Dupont, in the library. Marinette piles up every submitted application form and puts it on a table. Max and Kim are seen walking out the library.","Marinette: (looks away) I feel like I'm betraying our friends by entrusting their forms to such awful girls
Adrien: If Chloé and Lila try to do something bad, we'll find a way to stop them. (places a hand on Marinette's shoulder) I trust us. (hugs Marinette) (I trust you.)
Marinette: Your file is the only one still missing
Adrien: I'm... still not sure what I want to do yet
Marinette: It's fine. (takes the pile of files and starts to walk out the library with Adrien) You still have a little time before the teacher rep meeting"
copycat_adrien_0001,Marinette's room.,"Alya: (taps the call button on her phone) Too late. It's (dialing). (She jumps behind Marinette's chaise.)
Adrien's voice recorder: Hey, this is Adrien's voicemail. Leave a message
Marinette: It's gone to voicemail!"
copycat_adrien_0002,"Collège Françoise Dupont. Adrien is taking fencing classes, while Plagg is in his locker, eating Camembert.","Automated voice: (from phone) You have 1 new message. (Plagg shuts it off.)
Adrien: Gotta get a drink of water. I'll be right back. (He runs to his locker and opens it. He opens his bag and sees Plagg inside, finishing his cheese.) Plagg, you pig!
Plagg: You have 1 new message. (burps)
Adrien: Move, please, so I can check my voicemail. Hmm, don't recognize this number. Oh no, now we're late! Time to transform, Plagg! (His ring flashes.)"
copycat_adrien_0003,Adrien's room. Adrien is looking for his phone.,"Théo: The very thought of it makes me purr. (turns into Copycat)
Adrien: Ugh, where is it? (he looks angry at Plagg)
Plagg: What are you looking at me for? I didn't eat it. I swear!"
copycat_adrien_0004,Adrien's room.,"Marinette: I know. Some days it feels impossible to balance being Marinette (and) being Ladybug
Adrien's Voicemail: Hey, this is Adrien's voicemail. Leave a message
Adrien: Ugh, it must still be at the gym. (He grabs Plagg, who was in the middle of eating, and leaves.)"
copycat_adrien_0005,"College. Cat Noir turns back into Adrien, and searches for his phone. He gives up and returns to the car.","Ladybug: Huh?
Adrien: Didn't find it
Automated voice: (from phone) If you wish to hear your message again, press 1. If you wish to erase your message, press 2"
copycat_adrien_0006,Collège. Adrien is talking with Nino about his missing phone.,"Nino: Maybe you dropped it somewhere
Adrien: Well, if I did, then, whoever has it found it in the boys' locker room. I was checking my voicemail in there during fencing practice
Alya: Do it now!
Adrien: Huh? What in the... I already looked in here a thousand times!"
daddycop_adrien_0001,"Interior, Collège Françoise Dupont, in the cafeteria. Kagami, Mylène, Alya, Juleka, Rose, and Zoé are on the same table.","Marinette: Sorry! (pulls Adrien away from his table) I need to borrow him for a minute
Adrien: Hello, Marinette. (leans in for a kiss)
Marinette: (takes a step back, covering her lips) AHH! No! This morning, we're kissing on the cheek!
Adrien: Uh, okay? (kisses Marinette on the cheek) But... why?
Marinette: It's for a surprise! For our surprise evening! (kisses Adrien back on his cheek and brings out her tape measure to begin taking his measurements)
Adrien: I guess this is for a surprise too, isn't it?
Marinette: There's no hiding anything from you. (writes on her small notepad)"
daddycop_adrien_0002,"Exterior, Collège Françoise Dupont, at the school courtyard. Marinette is still taking Adrien's measurements.","Zoé: Don't wait for me. I have... something to do
Adrien: Did you forget about movie night with your friends?
Marinette: No! Not at all! It was all part of the ""plan""! It's a surprise, actually. It's... a new concept! Why choose between BFFs and boyfriend when you can enjoy both... at the same time! (spins around Adrien) It'll be our very first romanti-friendly evening, like a couple... group thing! (chuckles nervously) Surprise!
Adrien: I'm not coming, Marinette
Marinette: WHAT??"
daddycop_adrien_0003,La Plage,"Marinette: Oh! By the way, I forgot something. (kisses Adrien) One hundred. I wanted to save it for our special evening, but in the end, I realized that we don't need a conjunction or fireworks to love each other
Adrien: One hundred and one
Ray: What's up, Cockroach?"
dark_cupid_adrien_0001,Collège Françoise Dupont. Miss Bustier is teaching Literature class.,"Miss Bustier: (approaches Adrien) Can you tell me what I just said?
Adrien: That's why in most fairy tales, the prince breaks the spell by kissing the princess because only love conquers hate
Miss Bustier: Very good, Adrien! Now, everyone, don't forget to finish (Sleeping Beauty) by Charles Perrault tonight, and happy Valentine's day, students!"
darkblade_adrien_0001,Court. The students are talking about Marinette running for class rep.,"Alya: (sees Adrien) Adrien! Marinette can count on your vote, right?
Adrien: Sure, depending on her speech. (leaves)
Marinette: (stares at Adrien) Better get cracking on that campaign. (Alya nuzzles her head)"
darkblade_adrien_0002,"College. Adrien is in Mr. D'Argencourt's fencing class. Nadja Chamack, hidden, sees them. Mr. D'Argencourt defeats Adrien with a special attack.","Sabrina: I'd be glad to, thanks!
Adrien: Wow, Mr. D'Argencourt, never seen you on fire like this! That was some attack!
Armand: It ought be. This particular maneuver hither was developed by my ancestor Darkblade
Adrien: Darkblade?
Armand: In the days of yore, Darkblade conquered Paris and ruled over it with an iron fist. Until he was overthrown vence by a wealthy Frenchman who used his dirty gold to buy the loyalties of the common people. To think that not so long ago, my ancestor's flag was waving above Paris"
darkblade_adrien_0003,"Outside the school. Mr. D'Argencourt is leaving, but Nadja Chamack finds him.","Adrien: (enters the school) Time to transform!
Adrien: Plagg, claws out! (Adrien transforms into Cat Noir)
Darkblade: (approaches the Gorilla) Zounds! What a great beast to join our conquest! (turns him into a knight)"
darkblade_adrien_0004,"City Hall. Ladybug enters through a window, and turns back into Marinette.","Marinette: Very funny, Chloé. I got... transformed into a knight
Adrien: (sprinting downstairs) So did I! What a (knightmare! (runs off)
Marinette: Now that this is all over, I want my personal items back!"
deflagration_the_kwamis_choice_part_2__adrien_0001,"Interior, Collège Françoise Dupont, in the boiler room. The Resistance are gathered around a table.","Nino: We never knew who Ladybug and Cat Noir were... and we never will. Today, we pay tribute to them. The Miraculous having been passed on to two new holders doesn't change anything, for our support isn't a matter of people, but one of principle, and that principle is called freedom! Speaking of which, Comrade Beurre Maître d'Hôtel is about to change the Ladyblog into the Scarablog, and do a story on the new superheroes to show our support! (turns off the music)
Adrien: I wonder what happened to Ladybug
Marinette: I hope Cat Noir is okay. (frowns)
Adrien: (gapes at Marinette's remark and holds her hand) I'm sure he is"
deflagration_the_kwamis_choice_part_2__adrien_0002,"Interior, Collège Françoise Dupont, in the cafeteria. Zoé places a large amount of cheese on her tray, and sneakily gives one to Plagg who is inside her sling bag.","Chloé: Generous? What does that mean? Alliance, (turns on her Alliance) define ""generous""
Alliance Adrien: I'm having trouble understanding your question
Chloé: Ugh, that thing never works. Sabrina!"
deflagration_the_kwamis_choice_part_2__adrien_0003,"Interior, Collège Françoise Dupont, in the courtyard. The effect of Tikki's uncontrolled power of Creation appears before Marinette's eyes as she continues to call Alya.","Nino: Dude, why aren't the new superheroes here already? What's going on?
Adrien: They're probably busy somewhere else in Paris
Marinette: Alya? (enters the cubicle through the opening below the door and gasps at the immobilized Alya) Okay. You're frozen, untransformed, Eiffel Towers are sprouting around Paris, and I'm the one with the Lucky Charm. So, Tikki unleashed the power herself, which Kwamis never do because of the devastating consequences that has. The situation must be desperate; otherwise, they wouldn't have done this. You didn't have time to react. The door is locked from the inside, so trapping you would have required the power of Teleportation. (gasps in realization) Oh, no. Monarch! (She begins executing her plan quickly by taking the trash can in that cubicle with her.) I'll come back for you, Alya
Adrien: Where'd Marinette go?"
deflagration_the_kwamis_choice_part_2__adrien_0004,"Interior, Collège Françoise Dupont, in the courtyard. Sabrina is seen running away and is eventually caught by Sole Destroyer, turning her into a golden stiletto.","Clara Contard: (on the screen, riding on a helicopter) Monarch appears to be alone, Nadja... standing in a huge crater that devastated Arènes de Lutèce. Even more troubling are the earrings he's wearing. Could this explain the absence of Scarabella? (zooms in to the Ladybug earrings that Monarch is wearing) Could Monarch have succeeded in seizing her Miraculous?
Adrien: What if our superheroes don't show up?
Nino: Then, that leaves the Resistance, Comrade Mayo!
Adrien: You're right, Comrade Ketchup!"
derision_adrien_0001,"Exterior, at the swimming pool. Adrien is seen standing by the door, waiting for Marinette. And just in time, Marinette arrives on her scooter.","Adrien: Good morning!
Adrien: Good morning, ma'am! How do we get in?
Receptionist: You have to buy tickets, young man
Adrien: Then, two tickets, please"
derision_adrien_0002,"Exterior, at the swimming pool. Adrien is seen standing by the door, waiting for Marinette. And just in time, Marinette arrives on her scooter.","Adrien: Then, two tickets, please
Adrien: You're shaking. Are you sure you're alright?
Marinette: I-I'm okay— I'm fine! I love the swimming pool!
Adrien: (knocking on Marinette's cubicle) Marinette, everything okay?
Marinette: Yeah, I just have a problem with my shoelaces. Go ahead, I'll meet you there"
derision_adrien_0003,"Exterior, at the swimming pool. Adrien is seen standing by the door, waiting for Marinette. And just in time, Marinette arrives on her scooter.","Adrien: (to Marinette, as he climbs down the pool) Need a hand?
Adrien: Marinette! What's wrong?
Marinette: Leave me alone! I need to be by myself and... stop pretending to be so nice to me! (runs up the stairs)"
derision_adrien_0004,"Interior, in the swimming pool. Kim goes up the stairs as the Megakuma flies towards him, entering his goggles.","Lifeguard: Hey, you! There's no flying in the pool!
Adrien: (takes Marinette's hand and runs away to put her to safety) This way!
Dark Humor: Aw, it's like you can't do anything anymore! (shoots his arrow with a rubber duck tip at the lifeguard)"
derision_adrien_0005,"Exterior, the swimming pool. Adrien and Marinette are seen standing outside by the door.","Marinette: I finally figured it out why I keep making things so difficult — why I'm so afraid of telling you how I feel. I know you'd never mean to hurt me, but... somehow I'm still scared. And, I'm afraid I'll be scared for a long time to come
Adrien: I'm scared, too. This is all new to me as well. I won't always know how to react. I'm scared of doing something wrong, scared of hurting you, scared of someone else hurting you... scared of losing you. But we're together, you and me, and we'll do whatever we can to help each other. And then together, maybe we'll become less and less scared. (reaches out his hand to Marinette)
Marinette: I'm sorry
Adrien: We've got time"
derision_adrien_0006,"Exterior, the swimming pool. Adrien and Marinette are seen standing outside by the door.","Adrien: We've got time
Adrien: I know about everything that you did to Marinette last year, Chloé. You're going to go and apologize to her and prove to everyone that you can change. I'm sure she'll forgive you
Chloé: (cackles) Forgive me? What do I care about her forgiveness? I couldn't care less about Dupain-Cheng's feelings! She and the likes of her only exist to suffer for my entertainment. Why bother having power if you can't use it against those who don't have any? (You're) the one who’s getting things wrong, with your baker girl! You're a prince! You belong with (me), the princess! You're in this world to shine! To make fun of all the losers who are only good enough to be used as doormats! (She reaches her hand out to Sabrina, who angrily scowls at Chloé's remark since she views )her( as a doormat. Sabrina continues to paint Chloé's nails nonetheless.)
Adrien: You're (nothing) like a princess, Chloé. I supported you. I gave you multiple chances to become a better person. Everyone reached out to you, including Ladybug and Cat Noir when they gave you the Miraculous of the Bee again. But all you ever think about is yourself
Chloé: And what else"
despair_bear_adrien_0001,Collège Françoise Dupont. Denis Damoclès is explaining the false situation to the students.,"Denis Damoclès: Marinette, do you have something to tell the firefighter captain?
Adrien: Urgh, wait. Excuse me, sir! (Marinette pants) It couldn't possibly be Marinette. Why would she disrupt her own father's cooking class?
Alya: And I know for a fact that Marinette didn't even have her phone on her when she went out of the classroom"
despair_bear_adrien_0002,Collège Françoise Dupont. Denis Damoclès is explaining the false situation to the students.,"Marinette: I'm not gonna let her get away with this. I've gotta tell
Adrien: Hang on, Marinette. We don't know for sure it was her. (He whispered to her ear)
Alya: He's right. Let's not stoop to her level"
despair_bear_adrien_0003,Le Grand Paris. Everyone has baked macaroons with Tom.,"Tom: Great job, kids. You've done some really good work. (Everyone cheers.)
Adrien: That was a great idea of inviting Marinette's dad!
Chloé: I know. This way, no one can be mad at me for calling the fire department. I'm really nice now, did you notice, Adrikins? Even Ladybug said so! Didn't she, Jean-Pascal?
Adrien: I'm proud of you, Chloé. I think you've proven that you're capable of making an effort to be nicer to everyone
Chloé: Aww, Adrikins! So we'll always be best friends, forever? Pinky swear?
Adrien: Pinky swear!
Chloé: (Exhales and saunters off) (To Kim) So, those macarons are dreadfully ugly. (Kim sighs.) (To Mylène.) Those are so greasy, you can see yourself in them. (Mylène cries and faint.) (To Marinette.) Urgh. Too disgusting for comment. (To Rose.) Those look horrible. (Rose faints.)
Adrien: She'll never change!"
despair_bear_adrien_0004,Le Grand Paris. Everyone has baked macaroons with Tom.,"Adrien: She'll never change!
Adrien: (Leans close.) May I?
Marinette: (Stutters) Yeah! Sure! I mean... Uh, what?
Adrien: Have a macaron!
Marinette: Yes, of course. (Marinette accidentally drops the plates of macarons on the floor but Adrien manages to catch one.) Oh, sorry, I'm so clumsy!
Adrien: It's okay. (Eats the macaron.) Wow, this is really good. Your baking is good as your dancing"
desperada_adrien_0001,Couffaine houseboat. The three girls watch Marinette and Luka together.,"Alya: Sure are
Adrien: You think? (they gasp)
Kagami: I agree. That boy and your friend seem to get along very well"
desperada_adrien_0002,Couffaine houseboat. The three girls watch Marinette and Luka together.,"Alix: Your father let you out?!
Adrien: We're officially at fencing practice right now, but -- Oh, no, Kagami. Isn't this the wrong address?
Kagami: Oh, dear, I think you're right"
desperada_adrien_0003,Seine.,"Marinette: I'm sure you know Adrien Agreste. He's the cutest -- uh -- the greatest model -- I mean, musician in the world!
Adrien: Well, I know a few chords, but I'm more of a pianist actually
Jagged Stone: Uh, okay, you sure? How 'bout that young dude with the awesome T-shirt? Don't you think he's better equipped for the job?"
desperada_adrien_0004,Seine.,"Luka: If you like, Marinette... (they groan) put it to good use, Adrien
Adrien: I'll do my best. Thanks
Desperada: ("
desperada_adrien_0005,Sewers.,"Ladybug: Let's just say I have my (own) personal style. Meanwhile, find a place to hide. Both of you!
Adrien: You can hide in here. It's a bit tight for the two of us. I'll go in another one
Luka: Okay -- see you later"
desperada_adrien_0006,Sewers. Cat Noir climbs up. Ladybug and Cat Noir fall.,"Cat Noir: Um, maybe he took off and hid somewhere else. Let's split up and find him. Hide in there for the mean time. Claws in! (detransforms)
Adrien: Plagg, Ladybug needs me. She needs ""Adrien""!
Plagg: If you asked me, this whole idea is worse than cheese in a can
Adrien: She thinks (I'm) the perfect guy for this mission
Plagg: You can't be Cat Noir (and) another superhero at the same time! Which means that you're (not) the perfect guy for this mission
Adrien: The Lucky Charm told her I am
Plagg: That's not how it works. Why am I bothering? You're not even listening
Adrien: This is my chance to get her to love me as myself! ""Adrien""! I don't care what costume comes with it, I have to try. Ladybug chose me!"
desperada_adrien_0007,Sewers. Cat Noir climbs up. Ladybug and Cat Noir fall.,"Adrien: This is my chance to get her to love me as myself! ""Adrien""! I don't care what costume comes with it, I have to try. Ladybug chose me!
Adrien: Uh... Ladybug?
Ladybug: Where were you? Is everything okay?
Adrien: Yeah. I was just hiding a bit further down. I thought it'd be better if Desperada couldn't find us both in the same place
Ladybug: I need you
Adrien: Me?
Ladybug: Adrien Agreste, here's the Miraculous of the snake, which grants the power of Second Chance. You will use it for the greater good. (Adrien takes the box) Once we defeat the supervillain, you will return the Miraculous to me. (starts to act like Marinette) Can I love -- Uh, trust you?
Adrien: Yes, Ladybug. (places the box in the palm of his hand and opens it)"
desperada_adrien_0008,Sewers. Cat Noir climbs up. Ladybug and Cat Noir fall.,"Adrien: Yes, Ladybug. (places the box in the palm of his hand and opens it)
Adrien: Amazing!
Sass: Greetings. My name is Sass, and I'll be your Kwami
Adrien: But what am I supposed to do?
Sass: All you have to say is... ""Sass, scales slither."""
desperada_adrien_0009,Sewers.,"Ladybug: But
Adrien: It didn't work. I'm so sorry. I wasn't the right choice for you after all
Ladybug: No! You (have) to be the right snake. I guess (I) must've done something wrong
Adrien: No, it's not you. I just can't protect you. I never managed to save you
Ladybug: We can try again
Adrien: No, I can't bear seeing Desperada capture you every time without ever being able to save you
Ladybug: How many times did you see me?
Adrien: I've been trying for months. It was 25,913th time. I don't know what to (do) anymore!
Ladybug: But... who could possibly wear this Miraculous beside to you?"
desperada_adrien_0010,Sewers.,"Plagg: Ah! At last, you've come to your senses
Adrien: I'm not sure Ladybug will have very fond memories of her experience with ""Adrien Agreste""
Plagg: Then make up for it as Cat Noir
Adrien: You're right"
el_toro_de_piedra_adrien_0001,"Agreste mansion. Upper floor, Adrien's room. Marinette runs into the room Adrien is looking through a few boxes.","Marinette: Adrien! Rose wants to know if you have another one of these
Adrien: Maybe. They've grown a little too attached to each other living in this box together. (Marinette and Adrien laugh)
Marinette: The renovation's been done for a while now aren't you gonna unpack your boxes?
Adrien: Still don't know what to do with all of them. Since dad has been gone there has been alot of decisions to make....way too many
Marinette: What do these numbers represent?
Adrien: My age
Marinette: Wait! So the box with number one is
Adrien: Filled with memories from my first year of life
Marinette: Awww! Let's open it!
Adrien: There's nothing interesting in there except for my old socks
Marinette: Awwww tiny socks you wore on you tiny feet! Can I please open it pretty please?!
Adrien: (Adrien slightly chuckles) If you really want to
Marinette: I bet you were so cute in these! (she gasps getting an idea) I'm gonna knit you the same ones in your current size
Adrien: Mom could still walk back then
Marinette: Maybe it wasn't such a good idea opening the boxes. I'm sorry
Adrien: No way! It makes me happy to revisit these memories. Woah hey Froggy! (He pulls out a frog plushie from the box) I love this plushie!"
el_toro_de_piedra_adrien_0002,"Agreste mansion. Upper floor, Adrien's room. Marinette runs into the room Adrien is looking through a few boxes.","Adrien: Yes. When I was a kid he could always make me laugh and then he started travelling... Thank you Marinette it's nice reminiscing about Papa corn
Adrien: Oh! You're gonna love this!
Marinette: Wow! You were so cute. I mean I'm not saying you're no longer cute today right?
Adrien: I know what you meant Marinette don't worry"
el_toro_de_piedra_adrien_0003,"Agreste mansion. Upper floor, Adrien's room. Marinette runs into the room Adrien is looking through a few boxes.","Adrien: (From outside the door) Marinette?
Adrien: Sorry to interrupt you in front of your fascinating activity, but someone wants to see you
Marinette: One last photo and I'll be right there!
Adrien: You're gonna know everyone of my childhood secrets. (Closes the door)
Marinette: Whew!"
el_toro_de_piedra_adrien_0004,"Agreste mansion. Lower floor, Adrien's room. Marinette walks down the stairs, Ivan is still drumming, Marinette stomps out of the room determined until she is interrupted.","Luka: How are things with you two?
Adrien: Great thanks Luka!
Marinette: Yes! Me too! Super glad that you got connected and that we too are connected! We're all connected alright! Well that's well and good but emotions make me hungry, I'm gonna go make a little sandwich (Marinette starts to walk away from the screen) don't wait for me, you don't have much time left to rehearse and we got to be ready if we want Miss bustier's surprise to be perfect!"
el_toro_de_piedra_adrien_0005,"Agreste mansion. Lower floor, Adrien's room. Ivan continues to drum even more aggressively than before, Luka's screen starts to glitch.","Luka: (through distorted audio) It would be much easier with a guitarist who lives in Paris than Brazil, don't you think?
Adrien: But we don't know any other guitar player
Juleka: And anyway without you, it wouldn't be Kitty Section"
el_toro_de_piedra_adrien_0006,"Agreste mansion. Lower floor, Adrien's room. Ivan continues to drum even more aggressively than before, Luka's screen starts to glitch.","Luka: (through distorted audio) Sad or just different? New talents could be discovered if you look hard enough
Adrien: I'll go see if I have another cable in my room. (Adrien runs out of the room)
Marinette: What do we do?!"
el_toro_de_piedra_adrien_0007,Agreste mansion. Gabriel's atelier. Nathalie hold the letter in her hand.,"Marinette: No! I mean do we get to make this decision for him? Is erasing part of his past really protecting him?
Adrien: Marinette. I've been looking everywhere for you
Marinette: I'm right here
Adrien: We had to stop rehearsing. Ivan left
Marinette: Is he ok?
Adrien: I don't know. I think he needed to be alone, Anyway we're heading to school to set up the equipment, he'll meet us there later
Marinette: Oh ok, I hope he feels better by then"
el_toro_de_piedra_adrien_0008,Agreste mansion. Gabriel's atelier. Nathalie hold the letter in her hand.,"Marinette: Yes thank you for leaving...us. (Nathalie leaves the room)
Adrien: What were you two doing in my father's study? Was there a problem?
Marinette: Problem? No problem! I mean y-yes a small problem (she chuckles nervously) I needed a stamp! To mail this letter and Nathalie helped me so...no more problem. Problem stamp! I mean solved. Now come on let's go to school"
el_toro_de_piedra_adrien_0009,"Exterior, Collège Françoise Dupont, school courtyard. Marinette stands at the stage addressing a crowd of people.","Nathaniel: (gets on stage) You taught us that fighting for our beliefs is more important than anything
Adrien: (gets on stage) And that trying to understand people instead of judging them is essential
Nino: (gets on stage ) And also that learning is cool"
el_toro_de_piedra_adrien_0010,"Exterior, Collège Françoise Dupont, school courtyard.","Marinette: And now, Miss Bustier, I give you: Kitty Section!!
Adrien: What are we gonna do without Ivan? (Luka's screen glitches out and fades) This could be complicated
Marinette: (runs on stage) Uhhh..hehe, a lil' quirks of show biz! I'll go see what's goin on! (she runs off stage)
Adrien: Everything ok, Marinette?
Marinette: Yes! I mean not really, we're having connection issues with Luka again"
el_toro_de_piedra_adrien_0011,"Exterior, Back at Collège Françoise Dupont, school courtyard. The crowd is excited for Kitty Section, the while Adrien, Juleka, Mylène and Rose wait backstage thinking about what to do.","Luka: I can't get connected!
Adrien: Ivan's not here either. What are we gonna do without you two?
Juleka: (whispers to Rose) How about we do it acoustic?"
ephemeral_adrien_0001,"Inside the Agreste car, the Butterfly Miraculous on Gabriel flashes as it senses Bob's negative emotion.","Gabriel: Adrien, I'm not just feeling well enough. You will have to represent me
Adrien: But Father, you're launching your hundredth collection tonight! You're the one the journalists want to interview, not me
Gabriel: (fidgets with his ring) Adrien, I am your father, and I am giving you the responsibility to attend this press conference. Under no circumstances will you leave that room until it's finished. All I'm asking is that you honor my work and the memory of your mother. Do we have an agreement?
Adrien: Yes, Father"
ephemeral_adrien_0002,"Interior, the Agreste mansion, in Adrien's bathroom. Adrien opens his shower. Plagg zooms out of his jacket.","Ladybug: Do I really have a choice in the matter? I can't fight the Celestial Guardian, and I don't want to take the risk of losing our Cat Noir. I'm gonna need both of you
Adrien: I hope Ladybug didn't need me. Plagg, claws out! (transforms into Cat Noir)
Cat Noir: Fourteen messages? She must be furious. (calls Ladybug)"
ephemeral_adrien_0003,"On top of the Eiffel Tower, Ladybug waits for Cat Noir.","Cat Noir: Claws in. (de-transforms into Adrien)
Adrien: See? It's really me, Adrien Agreste. What about you?
Viperion: (through the communicator) Ladybug! I heard his name! Shall I rewind?"
ephemeral_adrien_0004,"Interior, the Agreste mansion, Adrien's room. Adrien is seen climbing his wall, ecstatic.","Marinette: I can't. She already knows I'm Ladybug. She can never know that Adrien is Cat Noir. It'd be too dangerous
Adrien: When she's ready, she will tell me who she is! In the meantime, she'll get to know me! (slides down the stairs) And then, who knows? (rides his swivel chair across his room) I'm so char-meow-ing after all!
Plagg: I usually like smelly cheese, but I get the feeling that this is going to turn into some really, really stinky cheese. (eats a piece of camembert)
Adrien: (continues to ride around with his swivel chair) Woo-hoo-hooo!"
ephemeral_adrien_0005,"Interior, Collège Françoise Dupont, Ms. Bustier's Classroom. Class is in session.","Adrien: Or in human language, Natsume Sōseki
Adrien: He wrote the book ""I am a Cat"". Sorry for the joke, Ms. Bustier!
Marinette: Sorry, (picks up her books) I'm so madly awkward. Uh— I mean clumsy. I'm madly clumsy—
Adrien: Don't worry about (cat)— Uh, I mean, that! It happens to everyone"
ephemeral_adrien_0006,"On the deck of Liberty, Kitty Section performs ""I Love Unicorns"". Adrien performs with them, but as he looks up, Marinette sees visions of him as Cat Noir once again, which caught her off guard and leaves her seat. Luka notices this and goes to Marinette to talk to her.","Luka: I feel like you're not hearing the same tune anymore when you look at Adrien
Adrien: (at a distance, to Kitty Section) I think that song sounded great!
Marinette: Luka, have you ever thought you knew a person really well only to find out that they have a secret side to them that you couldn't possibly imagine?"
ephemeral_adrien_0007,"Collège Françoise Dupont Courtyard. Mr. D'Argencourt's fencing class is in session. Adrien is up against Kagami, and his communicator rings.","Luka: Quite the opposite, actually. Once I got over the shock, it helped me to get to know them better, and liked them even more. (stands from his seat)
Adrien: Sorry, I... I think I'm thirsty! (runs to the locker room)
Ladybug: Adrien, the lollipop monster is back. Meet me at the Arc de Triomphe!
Adrien: Right away! Plagg, claws out! (transforms into Cat Noir)"
ephemeral_adrien_0008,In the alleys. Ladybug and Cat Noir land safely.,"Cat Noir: Claws in!
Adrien: Well, see you next time, m'lady!
Ladybug: Wait! I'm... I'm ready now"
ephemeral_adrien_0009,"Interior, the Agreste mansion, Adrien's room. Gabriel opens the door and overhears Adrien and Marinette's phone call.","Marinette: (on the phone) I can't wait to see you
Adrien: Me too
Marinette: (on the phone) See you at the movies tomorrow, then!
Adrien: (softly) Are you hanging up?
Marinette: (on the phone) No, you hang up!
Adrien: Sweet dreams, m'lady. (ends the call)"
feast_adrien_0001,Nadja Chamack is reporting on TVi from the museum.,"Alix: Huh, looks like the symbol on the Tibetan statue my old man found. (Mr. Kubdel unveils the statue, Nathalie gasps, and the tablet she's holding falls and breaks)
Adrien: Nathalie, are you okay?
Nathalie: It's nothing, Adrien. Just a dizzy spell
Adrien: Maybe we should head home now. (Nathalie, Adrien, and his bodyguard go upstairs)"
feast_adrien_0002,Parisian streets.,"Hawk Moth: And we shall relish the taste of triumph, my dear Mayura
Cat Noir (Adrien): Hi there, Bugaboo
Ladybug (Marinette): Cat Noir? Is that you?
Cat Noir (Adrien): Of course it is. Who else would you expect by your side?
Ladybug (Marinette): Isn't that costume of yours a little unsafe?
Cat Noir (Adrien): Only on the outside. I've got a helmet and pads on under my banana peel, Bugaboo
Ladybug (Marinette): If you call me Bugaboo one more time, I'll start calling you (Bananoir.)
Cat Noir (Adrien): As you wish, Bugaboo
Ladybug (Marinette): Let's take a shortcut. There! The bus! Hey, driver! I'm Ladybug and I need you to help me!"
feast_adrien_0003,Parisian streets.,"Master Fu: Precisely. This is my decision to make!
Cat Noir (Adrien): André, we're out of ammo!
Ladybug (Marinette): André, go somewhere safe! We're gonna handle this! (notices Feast coming towards them) I hope"
friends_adrien_0001,Marinette's room,"Marinette: Me on the other hand…
Adrien: But we can take you home if you want it
Marinette: No, it's okay! I'll take a coleslaw home. Thanks! (Marinette's friends become annoyed at her.)"
friends_adrien_0002,Marinette's room,"Marinette: Whenever I try to do something romantic, it never goes as planned. (Marinette bumps into Adrien.)
Adrien: Marinette?
Marinette: Adrien?"
frightningale_adrien_0001,Grand Palais. Auditionees for Clara Nightingale's video have gathered out front.,"Plagg: Great choice of fabric! And these seams! (gasps) Amazing craftsmanship!
Adrien: There's no way I can wear (this!)
Plagg: Yeah, I've always found that little bell (so) ridiculous! Then again, the costume (is) what you really wanted deep down, isn't it?
Adrien: No, Plagg. I mean that everyone's gonna realize that I'm the real Cat Noir!
Plagg: No way! People are blind!"
frightningale_adrien_0002,Grand Palais,"Adrien: (to Plagg) Ready to vocalize?
Adrien: Plagg, claws out! (Adrien transforms into Cat Noir.)
Frightningale: Sing, dance or rhyme"
frozer_adrien_0001,"At the top of cinema, Ladybug and Cat Noir save him and help him land safely.","Cat Noir: And then we won't keep secrets from each other anymore. (transforms back to Adrien and Ladybug is shocked)
Adrien: We'll be united, more powerful and free, we'll defeat Hawk Moth, then we can both run away to an island! (Ladybug smiles a little bit) Far away from everything. We will live off nothing but fruits, and we will have a little pet hamster and we will name it-
Ladybug: Cat Noir! (It was revealed it was a daydream from Cat Noir) I can't accept this rose from you. I told you already. I'm in love with someone else"
frozer_adrien_0002,"Collège Françoise Dupont. Adrien enters the school and looks around. He spots Marc and Nathaniel working together, Alya and Nino chatting with one another, and Ivan and Mylène walking together. Suddenly, Marinette bumps into him.","Adrien: Thanks, but I'll get love advice from someone else
Adrien: Marinette! Perfect timing!
Marinette: (while picking up the backpack she dropped) Huh? You think so?
Adrien: (helps Marinette up) Actually, what I meant was... I need some advice right now. Can we talk?
Marinette: Uh... abosutely. (sits down next to him on a bench)
Adrien: Okay, well... I'm sorry, this is a bit awkward for me because it's about a girl
Marinette: A girl?
Adrien: We see each other all the time because we study together. We've just been friends, you know. Until recently
Marinette: (starts to get excited) 'Till recently?
Adrien: Now I'm starting to see her differently. Has the same thing ever happened to you?
Marinette: Yes... no. Well, probably. What's she like?
Adrien: She's special. Very pretty. She's got dark silky hair, deep and mysterious eyes
Marinette: Do... do I know her?
Adrien: Yeah, it's Kagami. (Marinette's smile fades as she pictures Kagami evilly laughing) Marinette?
Marinette: (snaps out of her imagination) Uh... what?
Adrien: I was just asking you what you thought I should do about Kagami
Marinette: The Ice Queen? (puts her hand over her mouth when she realizes what she said)
Adrien: What?
Marinette: The ice... rink! Yeah, that's what I said. No better place to break the ice than the ice rink
Adrien: (thinks about it) The ice rink? I think I'd be too shy to go there with her by myself
Marinette: (notices that Adrien seems sad) Well, uh, I could come along with you if you'd like
Adrien: You'd do that? That's awesome! (gets up) I can't wait to go to the ice rink together. Thanks! (takes off)
Marinette: That's what friends are for. (to Tikki) Tikki, please tell me what just happened didn't really happen at all"
frozer_adrien_0003,Ice rink.,"Philippe: (grabs forms) Consider it done!
Adrien: (looks at Kagami as she puts on skating gloves and then scoots towards Marinette) It was really cool of you to bring Luka, Marinette
Marinette: Of course. That's what friends are for
Adrien: I don't know what to do about Kagami. Should I offer to hold her hand?
Marinette: You have to let her fall
Adrien: Huh?
Marinette: No, what I actually meant was that you cannot let her fall in any way. I mean, do whatever you can so that she doesn't fall. (stands up) So yeah, grab ahold of her hand and take her onto the ice and then... AAAAH! (nearly falls down but is caught by Luka)"
frozer_adrien_0004,Ice rink.,"Philippe: (notices Adrien) Is that Adrien Agreste!? (approaches him) Adrien Agreste, I can see it now. Grace and style model, and professional ice skating champion. If you take lessons with me, I'll have you shining like the candles on a birthday cake
Adrien: Uh... maybe
Kagami: He already does fencing with me. (takes Adrien away from Philippe)"
frozer_adrien_0005,Ice rink.,"Kagami: He already does fencing with me. (takes Adrien away from Philippe)
Adrien and Luka: Are you okay? (both rush to help her up, but Marinette is unsure which hand to take)
Philippe: See how a few lessons from me could come in handy? Please, Adrien Agreste. Just put your name on this form and your fans will come running. And my ice rink will be saved!"
frozer_adrien_0006,The bathroom.,"Marinette: (sighs) I like Luka. He's really nice, but do you think he's just like Adrien? Just a friend?
Adrien: (knocks on bathroom door) Marinette? Are you okay?
Marinette: Yeah, I'm fine!"
frozer_adrien_0007,Parisian streets. Frozer continues to turn Paris into a giant ice rink.,"Philippe: Ready to skate, Hawk Moth! (transforms into Frozer and then begins to cover the entire rink in ice)
Adrien: (sees the ice forming) What is that? (while running away) Marinette! Hide!
Marinette: (sees the ice forming in the bathroom stall) Is that ice? (pulls out her magical macarons) Woah, let's try out Master Fu's magic-aroon"
frozer_adrien_0008,Parisian streets. Frozer continues to turn Paris into a giant ice rink.,"Marinette: Stalac Tikki, spots on! Ha! (Marinette transforms into Ladyice)
Adrien: Plagg, power up! (Plagg spins into a flash as he becomes...)
Plagg: Plagg Glacier! (now has three icicles on his forehead)
Adrien: Plagg Glacier, claws out! (Adrien transforms into Icecat.)"
frozer_adrien_0009,Outside the ice rink. Adrien takes a selfie with Philippe.,"Marinette: Thanks for coming with me, Luka. (kisses Luka's cheek and then runs towards Adrien, who has entered his car) Adrien! (ADRIEN! (The bodyguard and Adrien hear Marinette screaming and stop)
Adrien: (gets out of the car) Marinette? Was there something you wanted to tell me?
Marinette: I love you, Adrien! Even if you love Kagami. I just had to tell you. There!
Adrien: Kagami? I don't love her. You're the one I love. How could I have been so blind?
Marinette: Uh... You love me? So... We can get married and have a beautiful house and a dog, a cat or a hamster, and we'll name it--
Adrien: --Marinette!
Marinette: --Marinette?
Adrien: You OK, Marinette?
Marinette: I just wanted to say that... we should go and skate at the ice rink more often. Yeah!
Adrien: You mean...just you and me?
Marinette: -You and me? Oh, no! course not! Cause we should take the whole gang there. Luka, Kagami, Alya, Nino!
Adrien: You're right. That would be awesome! I'll try to free up some time to do that. See you at school
Marinette: Tikki, please don't tell me I did it again!"
f_lix_adrien_0001,Agreste mansion foyer,"Adrien: (wipes his eyes) Ah... I'll be right there. (She exits, and he follows after her.)
Adrien: (gasps in shocks) Mom...?
Amélie: (a woman who looks exactly like Émilie parades in) My, my! Look at how much you've grown. (gives Adrien a kiss on the cheek) Gabriel, isn't he just the absolute cutest?"
f_lix_adrien_0002,Agreste mansion foyer,"Gabriel: (To Adrien) Take Félix to your bedroom
Adrien: Yes, father. C'mon, Félix! (He dashes ahead. Félix follows, frowning, and glances back at Gabriel as he enters his atelier, before glancing back to Adrien.)
Alya: Just wanted to let you know we're thinking about ya! Mwah! (blows a kiss to the tablet.)"
f_lix_adrien_0003,Adrien's room.,"Alya: You have my word. (Marinette lets go.) I can't believe it! Wow! (She turns and runs to the others) We got all the messages, guys! I'm sending this to Adrien!
Adrien: (holding a basketball) Do you remember our shooting contests? (passes the ball to Félix, who, unenthusiastically, catches it with one hand and throws it into the hoop behind him.) I'm really sorry I didn't come to your dad's funeral. My father thought it would be too hard on me, considering... everything that's happened this year. You've every right to be mad at me
Félix: You always do everything your father tells you to do?
Adrien: He's very... (smiles) protective of me. (Félix smiles, and then hugs him. His smile turns devious, and he steals Adrien's cellphone.)"
f_lix_adrien_0004,Adrien's room.,"Félix: (separating from him, feigning excitement) Oh! Do you have that chess board we used to play all the time?
Adrien: Of course! Let me go upstairs and get it for us! (runs upstairs)
Félix: Well, I challenge you, so let the best man win! (While Adrien searches upstairs, Félix starts going through his cabinet.)
Adrien: (calling from upstairs) Found it!
Félix: (shouts) Grab a deck of cards, too, while you're up there! (Finds a piece of goat's cheese, sniffs it, and frowns.)
Adrien: (from upstairs) You still doing magic?
Félix: (shouts) Now more than ever, you'll see!
Adrien: (from upstairs) How about karate? Are you still practicing?
Félix: (shouts) Of course! (He sticks the cheese under Adrien's pillow, and firmly squishes it.)"
f_lix_adrien_0005,Adrien's Bathroom.,"Félix: Pathetic. (He deletes their messages.)
Adrien's Phone: Video deleted
Félix: (shouts) Adrien! Could you lend me some clean clothes? I left my suitcase downstairs"
f_lix_adrien_0006,Adrien's Bathroom.,"Félix: (shouts) Adrien! Could you lend me some clean clothes? I left my suitcase downstairs
Adrien: (shouts from outside) Sure! Take whatever you want in the closet!
Félix: (opens the closet with a smile) Thanks! (He puts on Adrien's exact outfit, and copies his hair as well.) Perfect. (He mimics Adrien's voice, and starts recording a message on his phone.) First of all, thanks so much for all your messages, guys"
f_lix_adrien_0007,Adrien's room.,"Nathalie: (angrily bursts into Adrien's room) Come along, Adrien. You have a last minute photo shoot
Adrien: Now? (He turns to look at Félix, who still looks exactly like him. Nathalie confusedly looks between the two, confused with both lookalikes of Adrien.) Will you come with me, Félix?
Nathalie: Your father insisted you go alone, hurry. (Adrien's phone beeps inside of Félix's pocket. He takes it out, and throws it away as The Punishers Trio appear.)"
f_lix_adrien_0008,Adrien's room.,"Lady Wifi: One of you two guys tried to make Adrien look like a monster
Adrien: It was him! He's Félix! My cousin! (Félix gasps in shock, looks sadly at his cousin for ratting him out)
Princess Fragrance: (Pointing her gun at Adrien) Only a real meanie would tell on his cousin! You must be Félix"
f_lix_adrien_0009,Adrien's room.,"Lady Wifi: (confused) Adrien? Is that Félix or not?
Adrien: What do you think? (He laughs maniacally, and runs off)
Reflekta: (pointing after Adrien) That's him! He's the real Félix!"
f_lix_adrien_0010,Agreste's Foyer.,"Amélie: Mwah! (She blows them a kiss as her and Félix leave)
Adrien: (frowns) Félix, wait! (He runs out)
Gabriel: Adrien, stay here!
Adrien: (catching up to Félix) If you're feeling upset or out of control, just call before you do anything you might regret"
f_lix_adrien_0011,Various Places,"Adrien: (via video message sent to the whole group. They all smile as they watch it.) Hey guys. I never got your messages, but I'm really touched just knowing you were thinking of me today. You're the best friends anyone could ever dream of. I love you, all of you
Adrien: (via video message) I love you- I love you- I love you-
Marinette: Ah, I love you too, Adrien. (She rests her head on her desk to rewatch the video, all the while Tikki stares at her.)
Adrien: (via video message) I love you-"
gabriel_agreste_episode__adrien_0001,"Interior, the Agreste mansion.","Chloé: My phone!
Adrien: I guess you dropped this
Marinette: Thanks— (in a fake accent) Oh— I mean, thanks
Adrien: Do I know you?
Marinette: Not likely, I don't know anyone"
gabriel_agreste_episode__adrien_0002,"Interior, the Agreste mansion.","Gabriel: Adrien, show your young friends up to your room
Adrien: Yes, father
Gabriel: Félix. May I see you for a moment?"
gabriel_agreste_episode__adrien_0003,Adrien's room. Kagami is drinking juice and Félix and Kagami are staring at each other angrily.,"Chloé: (showing her mobile memory card) I need to find a phone. He has to watch my movie
Adrien: (stopping Chloé) Chloé, you heard my father. Not during the party
Chloé: He will thank me when he sees what I filmed
Adrien: Chloé, No!"
gabriel_agreste_episode__adrien_0004,"Outside Gabriel's atelier. Chloé is walking towards the atelier's door, followed by Marinette and Bob Roth.","Kagami: (pushing Adrien in his room) Hide in here!
Adrien: Plagg, claws out!
Collector: (seeing Félix) And you Félix! Where did you hide my ring?"
gamer_adrien_0001,Marinette's room. Marinette is scared that Adrien will see all the photos of him.,"Marinette: Uh... C-c-coming!
Adrien: Marinette and I are finalists in the Paris Ultimate Mecha Strike III Tournament
Tom: No way. Well, she did learn from the best Tom style! Booyah!"
gamer_adrien_0002,"Dupain-Cheng House, Marinette's room. Marinette and Adrien start practicing for the Tournament.","Marinette: Oh! Hahaha. Sorry
Adrien: No, you go
Both: I'll use the other one. (both take each other's hands) Ah! (each take their controllers)
Adrien: Your parents seem nice"
gamer_adrien_0003,Marinette's room. Marinette and Adrien win a round.,"Gamer: I'll be at level 2 in no time! My skills are indisputable! (his ship absorbs people and vehicles) I am unstoppable! Hahahaha! (his ship evolves into a two-legged robot) Excellent! (the robot starts absorbing people, gaining more power.)
Adrien: Wow! We won again, thanks to you!
Marinette: Yeah, um, yes we did
Adrien: We? That was practically all you. You're amazing, Marinette. I guess you wouldn't even need me. I'm so lame compared to you
Marinette: Um, no no no, I... No, you're so good. I mean, I'm the one who's not good. I mean... I'm lucky, that's all"
gamer_adrien_0004,The Place des Vosges. Marinette and Adrien are eating a snack.,"Adrien: Doesn't look like a publicity stunt to me
Adrien: (Adrien pushes himself and Marinette for defense) Look out! Uh, we better get outta here!
Gamer: Game over, Marinette!"
gamer_adrien_0005,The Place des Vosges. Marinette and Adrien are eating a snack.,"Adrien: Time to transform
Adrien: Plagg, claws out! (Adrien transforms into Cat Noir)
Gamer: Game over!"
gang_of_secrets_adrien_0001,Adrien's room. The tower keeps dancing crazily.,"Plagg: I'll bet you an entire Camembert that this is Trixx's doing
Adrien: Trixx?
Plagg: The kwami of Illusion
Adrien: What's not an illusion is the fact that Ladybug needs our help!
Plagg: Great. Even when I'm not the one who made the mess, I still have to help clean it up
Adrien: Plagg, claws out!"
gigantitan_adrien_0001,"The Trocadéro. While Placide I.T. is still looking for him, he crosses paths with August and his mother.","Adrien: Aw, don't be such a baby, Plagg!
Adrien: Plagg, claws out! (Adrien transforms into Cat Noir)
Rose: Girls, where is ""Lotus""? (Alya, Juleka, and Mylène stare at her in confusion) Marinette, where is she?! (The girls all run to find Marinette)"
glaciator_2_adrien_0001,"Exterior, Collège Françoise Dupont. Adrien enters their family car and drives away from the school. He starts to cry, clenching his shaking fist.","Adrien: (grabs his bag and walks to the door) No one can help me, Kagami
Adrien: (to Gorilla, sobbing) Can you stop here, please?
Shadow Moth: I feel a devastating disappointment, (a butterfly lands in his hand, and corrupts it) a sense of guilt! (gasps in realization) Adrien? (looks at his hand where he holds the akuma, contemplating, but releases it anyway) Reverse morphosis! (de-transforms into Gabriel)"
glaciator_2_adrien_0002,"Place des Vosges. Marinette puts on an act, walking across Adrien as if she hadn't known that he was already there until he notices her.","Tikki: (holds out a red gift box) Is it this one?
Adrien: Marinette?
Marinette: Oh, Adrien! Fancy seeing you here! And you look so sad, that's good! I mean, no, of course, it's not. It's sad that you're sad but I just happen to be at shopping, and have with me by an incredible coincidence the perfect thing to bring back your smile. So, umm... gift! (hands over to him the red gift box)
Adrien: Oh, uh, thanks! (opens the gift box) Wow! I've always dreamed of having a hamster! How did you know they were my favorite animal? You read my heart like no one can, Marinette
Marinette: It's... It's 'cause I love you, Adrien
Adrien: (puts down the gift and stands up from the bench) In that case, you must know what my heart wants more than anything right now
Marinette: No, what?
Adrien: A hamster wheel!
Marinette: No! This one is just in case they bring back the film or... oh— where— nothing. (throws the box in the trash bin) This wasn't the perfect gift at all!
Adrien: That's a shame. A cool gift like that could be useful
Marinette: It's not cool or useful and the garbage can is the perfect place for useless stuff that you should just forget about
Adrien: (sadly) The garbage can, right. (sees his bodyguard waiting outside the park) I have to go. Bye, Marinette. (walks away)
Marinette: (groans) I've messed everything up again!"
glaciator_2_adrien_0003,"On the rooftops. Cat Noir pounces on a roof, ready to destroy all billboards of him and Ladybug kissing.","Plagg: (groans) Have mercy! You know I love cheese, but even I'm starting to get sick of it! (gulps a piece of camembert)
Adrien: We must cataclysm all traces of my love for Ladybug!
Plagg: All of them?
Adrien: Plagg, claws out! (transforms into Cat Noir)"
glaciator_adrien_0001,The Agreste mansion. Adrien is waiting at the dinner table for his father.,"Nathalie: There's no point in waiting for your father, Adrien. He'll be eating in his office
Adrien: (stands up from his chair, quietly angry) Then what's the point of keeping me here if he's never gonna show up, Nathalie? (walks away to go to his room)
Nathalie: Don't forget to practice your piano before you go to bed"
glaciator_adrien_0002,Canal Saint-Martin. André opens his stand for his costumers.,"André: Another customer! Welcome! Would you like some of André's Sweetheart's Ice-cream?
Adrien: Is your ice-cream really magical?
André: What do (you) think?
Adrien: I think you have to believe
André: You're spot on, son! (start scooping up an ice-cream for Adrien) Strawberry with black chocolate chip! Blackberries for her hair, and blueberry ice-cream just like her sky blue stare! (gives Adrien his ice-cream) On the house! (Adrien enthusiastically smiles at the ice-cream) There's love in your eyes! André can see it clear as day! This love is true!
Adrien: Have a good day!"
gorizilla_adrien_0001,Gabriel's atelier.,"Adrien: Father, there's something I'd like to talk to you...about. Can I have a few minutes of your time?
Gabriel: Yes, of course
Adrien: Really?
Gabriel: I'll tell Nathalie to let you know as soon as I'm available
Adrien: (sighs) It'll be too late then
Gabriel: Shouldn't you be practicing your piano?
Adrien: Yes
Gabriel: That's impossible!"
gorizilla_adrien_0002,Streets of Paris,"Wayhem: Hold up! Could you autograph my cologne bottle of (Adrien)? (holds out a life-size cutout of Adrien, causing the latter to creep out) And my life-size cutout?
Adrien: (notices that his bodyguard and the Agreste limo are right behind Wayhem) Some other time. I've gotta get going. (runs off)
Wayhem: No wait! Adrien!"
gorizilla_adrien_0003,Outside,"Marinette: I have to change! (turns to run back, but suddenly bumps into Adrien)
Adrien: Marinette?
Marinette: Adrien?
Adrien: You live near here. Can I hide out at your place?
Marinette: Uh, at my place? You, hide out? What's going on?"
gorizilla_adrien_0004,Outside,"Marinette: Uh, at my place? You, hide out? What's going on?
Adrien's fans: Adrien!
Adrien: Too late!"
gorizilla_adrien_0005,Place des Vosges.,"Wayhem: Adrien!
Adrien: Thank you for saving me. People are going crazy over this ad
Marinette: You starred in an ad? I had no idea! (laughs) That's awesome!
Adrien: I don't know about that. In fact it's really quite... (notices that Marinette is wearing her pajamas) ...embarrassing?
Marinette: Heh! All good now! I'd better get going. (Adrien pulls her back into hiding when he notices the Agreste limo nearby) Isn't that your bodyguard?
Adrien: Actually I-I snuck out without permission. I'm supposed to be home right now and—"
gorizilla_adrien_0006,Cinema. A car commercial is playing on-screen. Marinette and Adrien are both wearing disguises to hide from the fans.,"Adrien: Oh well. At least I'll get to see it. Not to mention this is the first time I've ever come to the movies with a friend. (Marinette chuckles at him)
Adrien: fragrance ad is playing on the screen.)
Commercial voice: Radiant. Carefree"
gorizilla_adrien_0007,Cinema. A car commercial is playing on-screen. Marinette and Adrien are both wearing disguises to hide from the fans.,"Fan: Adrien!
Adrien: Are you...my bodyguard?!
Wayhem: Let go of Adrien, right now!
Adrien: (holds out his helmet) Stop! I'm the one you wanted. Leave them alone!"
gorizilla_adrien_0008,"The vicinity of Montparnasse Tower. Wayhem, on his bike, is chasing after Gorizilla.","Hawk Moth: (from his lair) Excellent! Now take Ladybug's Miraculous while we wait for Cat Noir!
Adrien: I'm so sorry, Ladybug
Ladybug: Don't worry. Let me try to maneuver this...thing!"
grendiaper_adrien_0001,"Collège Françoise Dupont's entrance. Morning. Rose, Myléne, Alya, Marinette and Adrien are talking in front of the school.","Zoé: New York? Never again. I spent the summer in Paris with Dre Dre. We renovated the movie theater. I can't wait to show you all
Adrien: We'll be there
Zoé: Oh, I'm so happy to see you all again"
grendiaper_adrien_0002,Collège Françoise Dupont. Schoolyard. Marinette and Adrien are sitting together on a bench.,"Adrien: Wow! (Grabs the tart and gives it a bite) Oh! It's absolutely delicious, Marinette
Adrien: (Reading the text on the box) ""Adrien, my love for you is like this tart. The only thing left of it are a few crumbs""?
Marinette: (Scandalized) Huh?!
Adrien: This is awful!
Marinette: Ah?! (Looks inside the box) I didn't write this! (Stands up and gestures frantically) I have no idea how it got here, I promise!
Adrien: Don't worry, Marinette. (Stands up and hugs her) I know you wouldn't write that. But who would do such a cruel joke?"
guiltrip_adrien_0001,Courtyard at Collège Françoise Dupont. Adrien is brought back to school as Marinette continues to look for Juleka.,"Marinette: Juleka! (bumps into Adrien) Uh! (groans, and sees Adrien and immediately becomes flattered) Oh, excuse you Adrien, I didn't mean to crush on you- uh, I mean, (crash) into you! (to herself) Ugh, Marinette, this is no time for nonsense! (back to Adrien) I'm looking for Juleka, she ran out the cafeteria in tears, and
Adrien: Maybe she's in there. (points to the door to the ominous boiler room)
Marinette: Aaah!
Adrien: Oh! (Adrien stares at Marinette, and then smiles)
Marinette: (backs away) Uh, sorry! I'm just so lovesick- I mean, uh- (worried sick) about Juleka. That's why I'm so flustered and clumsy and... oh, I'm such a fool! I don't know if I said something to upset her earlier
Adrien: The things you say don't always make a lot of sense, Marinette, but they're never mean. There's got to be some other reason. Come on, let's find her"
guiltrip_adrien_0002,Boiler room. Marinette and Adrien enter but Marinette suddenly trips on the stairs and falls onto Adrien.,"Adrien: The things you say don't always make a lot of sense, Marinette, but they're never mean. There's got to be some other reason. Come on, let's find her
Adrien: (to Marinette) Stay back, and not a sound, okay? I'll handle it. (walks towards Juleka and kneels to her) Juleka? Is everything okay?
Juleka: (sobs) I just want to be alone
Adrien: You want to be alone, I understand"
guiltrip_adrien_0003,Back at the Boiler Room. Marinette walks over to Adrien and Juleka,"Juleka: Please don't tell her I said anything about it
Adrien: Don't worry Juleka, we're not going to treat her differently or anything like that
Marinette: Rose will never know that you told us"
guiltrip_adrien_0004,Back at the Boiler Room. Marinette walks over to Adrien and Juleka,"Kim: Even if I get bitten by a zombie-dolphin, who takes control of my brain, I won't say a thing. (zips his mouth) Never ever
Adrien: Don't feel bad about telling us, Juleka. You hung on to that secret as long as you could, but it was just too heavy to bear alone
Juleka: (smiling) Thank you"
guiltrip_adrien_0005,Entrance of Collège Françoise Dupont. Rose and Juleka walk up the steps and Adrien hurriedly greets them.,"Rose: (waves) Good morning! (Juleka sees Rose and hugs her.) I told you everything was alright
Adrien: Hi Juleka! Hi Rose!
Juleka &amp; Rose: Hi!"
guiltrip_adrien_0006,Science classroom.,"Marinette: Nino, call an ambulance! (pops up his phone)
Adrien: (confused) Marinette?
Marinette: Alix, call the fire department!"
guiltrip_adrien_0007,The changing rooms. Adrien goes into to the male bathroom and Marinette goes inside a locker.,"Olga Mendeleiev: I am a science teacher, not a superhero. Everyone just remain seated and... (shocked)
Adrien: Plagg, claws out! (Transforms into Cat Noir and comes out)
Marinette: Tikki, spots on! (Transforms into Ladybug and comes out)"
guitar_villain_adrien_0001,Outside Le Grand Paris. Marinette is walking while looking at the cover of XY's album.,"Jagged: Yeah! Let's rock! (begins to transform)
Adrien: Hey. Marinette! Hey, hi!
Marinette: Hey! Oh, uh… what's going on? I mean, how's up? I mean, oh, uh… (slaps herself in the face)
Adrien: Well, uh…"
heart_hunter_the_battle_of_the_miraculous_part_1__adrien_0001,Marinette walks out of elevator with a stack of bakery boxes.,"Marinette: ((walking towards her parents, spots Adrien and stares, trips and drops boxes)) Ahh!
Adrien: ((He and Kagami get up to try and help but are stopped by his bodyguard and Tomoe)) We're not leaving, we're just gonna help a friend out over at the buffet.((Bodyguard and Tomoe let them go))
Marinette: ((Adrien and Kagami help her pick up the boxes)) Aw, thanks guys, but I don't want you to miss the ceremony because of me
Adrien: Are you kidding, we can't wait to get away"
heart_hunter_the_battle_of_the_miraculous_part_1__adrien_0002,"Marinette, Adrien, and Kagami bring boxes over to Tom and Sabine's table.","Sabine: ((Kagami hands over boxes)) Marinette, could you get rid of the empty trays for us, please?
Adrien: Can we help you? ((puts hands together, begging)) Pleeease?
Marinette: Alright"
heart_hunter_the_battle_of_the_miraculous_part_1__adrien_0003,"In the kitchen: Marinette grabbing a drink umbrella while Adrien and Kagami have fun ""fencing"" with soup ladels.","Audrey: Don't be ridiculous, give me that! (Gabriel is secretly watching them via his computer)
Adrien: Haha, touché! I didn't feel a thing! ((Marinette smiling as they play))
Kagami: Alright! Straight to the heart! ((Marinette's smile fades))"
heart_hunter_the_battle_of_the_miraculous_part_1__adrien_0004,"Nathalie removes the cord to Chloé's Bee Signal on the roof, hides before she's seen by the trio bursting through the door that lead up to roof.","Marinette: What? ((contemplating))
Adrien: ((looking around, grabs Marinette and Kagami's hands and leaps into a ball pit to avoid being caught by Bodyguard))
Bodyguard: ((tipping tables in search of Adrien, gives up, and enters elevator))"
heart_hunter_the_battle_of_the_miraculous_part_1__adrien_0005,"Nathalie removes the cord to Chloé's Bee Signal on the roof, hides before she's seen by the trio bursting through the door that lead up to roof.","Marinette: No reason. ((giggles))
Adrien: ((laughing)) You should have seen your face, Kagami! ((Kagami throws a ball at him, they all start playing in the ball pit))
Marinette: ((Kagami drags Marinette under the ball pit)) Hey! ((she emerges with her hair pulled down, giggling with Kagami))
Adrien: ((awestruck)) Wow! It's the first time I've seen you with your hair down
Marinette: ((realizing what Adrien said, starts to search for her hairbands))"
heart_hunter_the_battle_of_the_miraculous_part_1__adrien_0006,"Adrien, Marinette, and Kagami sit together on a bench","André: ((a distance away)) My name is André, André Glacier the sweethearts' matchmaker
Adrien: Hey! Let's get some ice cream from André! ((runs towards the Canal Saint-Martin bridge))
Marinette: ((gets up, turns to Kagami, still seated)) André is a sweethearts' ice cream maker. The legend says that whoever shares his ice cream together will be in love forever"
heart_hunter_the_battle_of_the_miraculous_part_1__adrien_0007,Getting ice cream from André's,"Kagami: You pick. I don't really get what he's saying anyway
Adrien: Yeah, you pick, Marinette. We trust you
Marinette: Can't you find a blend for the three of us?"
heart_hunter_the_battle_of_the_miraculous_part_1__adrien_0008,Getting ice cream from André's,"Marinette: No no, don't bother. Enjoy your ice cream. ((quickly looks back before leaving)) Seriously
Adrien: ((gets ice cream from André and and asks Kagami)) Where's Marinette?
Kagami: She left. ((Adrien, surprised and dissapointed))"
horrificator_adrien_0001,Collège Françoise Dupont. Marinette's class is making a movie.,"Adrien: Agent Smith, it's too dangerous! We must evacuate!
Mylène: You're suggesting we run, Officer Jones? After it devoured my family, my friends, even my beloved dog, Sniffles? Never! I won't run! I no longer fear it, I'm going to face it, then I'll- (Ivan looms over her in a monster costume) Waaaaah!"
horrificator_adrien_0002,Collège Françoise Dupont. Marinette's class is making a movie.,"Chloé: And the Oscar for best pathetic scaredy-cat afraid of its own shadow goes to... Mylène! (laughs)
Adrien: Chloé, seriously?
Chloé: Yeah, so what?"
horrificator_adrien_0003,Classroom. Nino is angry at Chloé for making fun of Mylène.,"Marinette: Thank you, Max! And we still have editing, post-sound, soundtrack
Adrien: And who's gonna take Mylene's part?
Chloé: Um, me of course!"
horrificator_adrien_0004,Classroom. Nino is angry at Chloé for making fun of Mylène.,"Nino: Wait a minute! You mean (our) script!
Adrien: (sighs)
Rose: Juice? (gives him a glass of juice)
Adrien: Thanks Rose"
horrificator_adrien_0005,Classroom. The students are filming again.,"Nino: We're out of time, and from what I can see, Mylène is MIA. Let's take it from the top, people
Adrien: Here we go again
Alya: This is beat! Agent Smith does (not) need a man in her life right now! Sniffles just got munched on, remember?"
horrificator_adrien_0006,Classroom. Marinette looks at Adrien.,"Chloé: Well played, Marinette! All that speech about working together, then you stab me right in the back! Well, your stupid little movie won't make it into the festival if I'm not in it, because my daddy is one of the judges!
Adrien: Did you guys hear that?
Chloé: If this is another one of your silly ploys to get me out of the way, you can forget it! Besides, I—"
horrificator_adrien_0007,"Court. The students go out to find what's going on, while Nino is filming.","Rose: A fruity snack for the road?
Adrien: Hey! Anybody here? Kim! Max! Where are you guys!
Marinette: I saw the same pink goo... (gasps) The bathroom!
Adrien: (sees the armband) That's Kim's!"
horrificator_adrien_0008,Classroom. Adrien takes off his shoe.,"Adrien: I left Officer Jones' jacket back there! Should probably wear it in all the scenes
Adrien: Time to transform, Plagg
Plagg: What are you doing?
Adrien: (shows Plagg his shoe) So, they'll think I've disappeared too
Plagg: And you say I stink of Camembert!"
ikari_gozen_adrien_0001,"Marinette's room. On the computer, Aurore and Mireille announce the annual Friendship Day contest.","Aurore: (on screen) And this time, our celebrity is none other than the muse of Gabriel brand: the one and only Adrien Agreste!
Adrien: (on screen) Hello
Marinette: Hello~ Ah! (Marinette stares at Adrien on screen with her mouth open Alya closes it for her) Oh no! What- what if they didn't get my sign up text just like last year? What if I don't get to take part in the game?"
ikari_gozen_adrien_0002,"Marinette's room. On the computer, Aurore and Mireille announce the annual Friendship Day contest.","Mireille: (on screen) Let me recap the rules for our buddies here. When Adrien pushes this button, thousands of text messages will be simultaneously sent all across Paris. In the message, each of you will find a first riddle to solve, which will eventually lead you to your new friend. Then, together you'll attempt to solve more riddles, which, if done correctly, will lead you straight to Adrien
Adrien: (on screen) Right here, in this super secret location, where I'll be waiting for the lucky winners. Ready?
Adrien, Aurore &amp; Mireille: Three, two, one, GO! (Adrien pushes the button and the girls receive their riddles)"
intuition_adrien_0001,"Interior, the Agreste mansion, in the kitchen. Gabriel is cooking a pancake. Adrien is sitting by the dining table, finishing what seemingly looks like a glass of orange juice.","Gabriel: Tell me, Adrien... Besides Nathalie and me, is there anyone else you like to spend your time with?
Adrien: Well... (his phone rings) Fancy that! Marinette! I like spending time with Marinette. (picks up his phone)
Marinette: (on-call) Guess what I'm calling for: nothing! Can you believe it? I'm calling you randomly, totally out of the blue, for no reason at all!
Adrien: So you didn't write down everything you might need to say to me based on everything I might say to you?
Marinette: Not at all! Well... I did. I really tried not to, you know, but it was too hard! Anyhow, I limited myself to fourteen possible conversations, including this one!
Adrien: Congratulations!
Marinette: (on-call) Thank you!
Adrien: And did you prepare questions for science class?
Marinette: (on-call) Not-a-one! Not even for the live video conference we're doing with Max's mom on the super awesome Tsurugi space jet! I, Marinette, will improvise questions, unpredictably, without planning anything!
Adrien: Dad! (to Marinette) I have to go! (to Gabriel) Dad"
intuition_adrien_0002,"On top of Tour Montparnasse. As Monarch steps out of the portal, he falls down on his knees in pain.","Adrien and Marinette: (to each other) Be careful, okay?
Adrien: Plagg, claws out! (transforms into Cat Noir)
Cat Noir: Power up! (transforms into Astrocat and flies away) WIEEEE~"
intuition_adrien_0003,"Interior, the Agreste mansion, in Gabriel's atelier. Gabriel opens his eyes to a worried Adrien and a disappointed Nathalie.","Max: (from the monitor) Only up to 99.86%!
Adrien: Dad? Dad! Are you okay?
Gabriel: It's nothing. I'm just a bit tired. Between the launch of the Alliance ring, the new fashion line... I haven't had a moment of rest"
kagami_as_seen_by_adrien_adrien_0001,"From Riposte. Adrien, Marinette, and other students, stand in the school's courtyard during fencing try outs.","Adrien: (narrates over the scene) Sometime ago, a mysterious masked fencer showed up halfway through class
Kagami: Which one of you is the best combatant?
Adrien: (narrates) I must admit that I had never faced such a talented opponent before"
kagami_as_seen_by_adrien_adrien_0002,"From Frozer. Adrien walks into fencing class, defeated after being rejected by Ladybug again.","Adrien: Hey, wait! Your saber! (narrates) When she finally took off her helmet, and I saw her for the first time... Truth is, I was momentarily stunned
Adrien: (narrates) And when I saw Kagami again in the next class-
Mr. D'Argencourt: You sure take your time Mr. Agreste
Adrien: (narrates) I felt things for her that I'd never felt before"
kagami_as_seen_by_adrien_adrien_0003,"The next day, Marinette bumps into Adrien in the school courtyard.","Adrien: (narrates) I didn't know what to do—
Adrien: (narrates) But luckily my good friend Marinette was here. (in the scene) Marinette!
Marinette: Ohh!
Adrien: Perfect timing!
Marinette: Huh? You think so?
Adrien: Actually, what I meant was, I need some advice right now. Can we talk? Okay, well, I'm sorry, this is a bit awkward for me
Marinette: Uh, what?
Adrien: I was just asking you what you thought I should do about Kagami
Marinette: The ice... rink! Yeah, that's what I said! No better place to break the ice than the ice rink!
Adrien: The ice rink"
kagami_as_seen_by_adrien_adrien_0004,"At the Ice Rink, Kagami takes Adrien by the hand to go ice skating, while Marinette and Luka are already on the ice with Philippe.","Adrien: The ice rink
Adrien: (narrates) And everything went really well. Kagami is the kind of girl who knows what she wants
Kagami: Did you invite them because you were scared of being alone with me?
Adrien: Of course not, it's just that I asked Marinette to help me
Kagami: Help you with what?
Adrien: Uh, to perfect my figure skating skills!
Kagami: But you don't need her for that
Adrien: (narrates) Ever since she arrived in Paris, we've been seeing each other quite often, because my father and her mother"
kagami_as_seen_by_adrien_adrien_0005,"From Oni-Chan. In the Jardin des Tuileries, Kagami sees a photo of Lila kissing Adrien's cheek, and angrily throws her phone away.","Adrien: (narrates) ...occasionally do business together. We even spent a whole weekend in London together, and I feel like it brought us closer
Adrien: (narrates) Because since then, she's sometimes proven pretty protective of me
Oni-chan: Adrien, I am Oni-chan. You and I were made for each other, Adrien
Adrien: Kagami?
Oni-chan: I will protect you from anyone who tries to harm you
Adrien: Kagami, no! (narrates) I think she may actually have feelings for me... but this is awkward, because the girl I have feelings for"
kagami_as_seen_by_adrien_adrien_0006,"From Frozer. On a rooftop in Paris, Cat Noir gets on one knee and offers a rose to Ladybug.","Adrien: Kagami, no! (narrates) I think she may actually have feelings for me... but this is awkward, because the girl I have feelings for
Adrien: (narrates) ...is m'lady. But
Ladybug: I can't accept this rose from (you.) I told you already. I'm in love with someone else"
kung_food_adrien_0001,"The Dupain-Cheng family sofa. Marinette sits uncomfortably with Wang Cheng, awaiting Alya's help, when the doorbell rings, and Marinette runs to answer it.","Marinette: (to the dial tone) Thank you! You're amazing. What solution? Huh? Aw
Adrien: Hey Marinette!
Marinette: ADRIEN!? What in the—uh—what are you—
Adrien: Alya called me. She said you needed someone who speaks Chinese? Well, here I am! Translator at your service. (bows to her)
Marinette: No! I mean, yes! Uh, where's Alya? (receives a text from Alya confirming the situation) Uh, hehe!
Adrien: 郑师傅，这是你第一次来巴黎吗？(translates. Master Cheng, Is this the first time you've visited Paris?)"
kung_food_adrien_0002,"Outside the Le Grand Paris. ""The World's Greatest Chef""'s logo flashes.","Alec: Only one will be awarded the title of ""World's Greatest Chef."" The winner's dish will become the new Mayor's Special on the Grand Paris Restaurant menu! (camera switches to inside the hotel) Tell us Cheng Shifu, what dish will you be honoring our panel with today?
Adrien: (Translating what Alec said) 你将交给上的菜 (The dish you will be offering)
Wang Cheng: My dish is: Celestial soup"
kung_food_adrien_0003,"Outside the Le Grand Paris. ""The World's Greatest Chef""'s logo flashes.","Marinette: Thanks, Adrien. I'm totally sorry for bothering you for nothing. I really thought he couldn't speak English
Adrien: No problem Marinette. It was awesome to be able to practice my Chinese, especially with a Shifu
Marinette: A Shifu?
Adrien: That means ""Master"" in Chinese. Your Mom's Uncle is a great master!"
kung_food_adrien_0004,"Outside the Le Grand Paris. ""The World's Greatest Chef""'s logo flashes.","Chloé: Ew! Don't talk about (me) like that. (walks to the stairs angrily) You've made a big mistake
Adrien: (he's proud of Marinette because she stood up for her uncle) Wow, you really stood up for Cheng Shifu. He would've appreciated that
Marinette: I'm not sure. I don't think he likes me
Adrien: Oh no, you're wrong
Marinette: No, I swear! He even ripped up the bouquet I gave him
Adrien: Cheng Shifu isn't just a chef, Marinette -- he's an artist! He told me he was gonna put flowers in his Celestial Soup. He said he improvises on faithful things that come his way. The flowers he mentioned must be the ones you gave him!
Marinette: So... you think he actually likes me?
Adrien: (puts his hands on Marinette's shoulders) Totally! He's shown you great respect in his own special way. (Marinette sighs happily)"
kung_food_adrien_0005,"Le Grand Paris dining hall. ""The World's Greatest Chef"" is being filmed.","Marinette: This isn't right, and I'm certain Chloé's got something to do with it
Adrien: I'd like to say you're wrong, but I know her only too well
Marinette: Uncle Cheng? I'm sure it's not your fault. In fact, I know it's not. I'm pretty sure Chloé's behind this. It was actually because of me. I provoked her, and—"
kung_food_adrien_0006,"Le Grand Paris dining hall. ""The World's Greatest Chef"" is being filmed.","Marinette: No! Uncle Cheng!
Adrien: It's horrible to lose face in China. We'll wait for him downstairs
Marinette: Mhm"
kung_food_adrien_0007,Le Grand Paris hallway.,"Adrien: Cheese after the main meal
Adrien: Plagg, claws out! (Adrien transforms into Cat Noir)
Ladybug: Cat Noir?"
kuro_neko_adrien_0001,,"Ladybug: (from TV) Of course not, it's just that... umm, he's a partner like any other! The most important is to pick the best superheroes for each mission, with or without Cat Noir. No matter what, we've got a great team and we'll always be here to save Paris
Adrien: (turns off the TV and sighs) ""A partner like any other...""
Plagg: Oh, don't make a big stink about this, Adrien! Look, people always pretend like camembert is just like all the other cheeses, when they know perfectly well that it's the best of all! Especially when we forget where you put it for a few months, and it gets all runny and moldy—"
kuro_neko_adrien_0002,Rooftops. Cat Noir leaps and looks around.,"Cat Noir: I won't waste your time anymore, I promise. Claws in. (detransforms to Adrien)
Adrien: I'm sorry, Plagg
Plagg: Woah woah woah, hang on!"
kuro_neko_adrien_0003,Adrien's room.,"Plagg: (grabs the ring as the kwamis exclaim) I promise you won't regret it!
Adrien: Plagg? (He opens the window.) If you're here for your cheese it's over there
Plagg: Not at all! I've got a great plan to get us back to- (gasps) No! My favorite old honey tomme cheese! Mushed into fresh goat cheese... well, we'll deal with that later. I'm just gonna blame this on your recent psychological state. Listen, I have Ladybug believing that I found a perfect new holder for Cat Noir. And this new holder is you! (He looks at the screen and sees the character constantly running into a wall. He flies in front of Adrien.) Come on! What do you say to your good old kwami buddy who you thought you'd never see again? (He flings the ring at Adrien, whose depressed expression doesn't change.) Hey, you! Enough with the talking gloomy act! You and me, just like before!
Adrien: I can't be just like before, Plagg. If I become Cat Noir again, Ladybug will just end up rejecting me, over and over
Plagg: I get it. It's hard to be thrown out with the old cheese rinds. But I'm not talking about being the Cat Noir you used to be! (He pulls in a drawing of Cat Noir in a superhero cape and places the ring in Adrien's hands.) You're gonna be the new Cat Noir! Wait until you see how brilliant this is! After all the time I've spent with Ladybug, I know exactly what she's looking for! So you and I are gonna whip up a tailor-made Cat Noir! So perfect that believe me, she'll never forget to call on you for help again!
Adrien: (looking down at the ring) But as soon as I transform into Cat Noir, she'll know it's me
Plagg: (drawing over the board) Nope! Because when your personality changes, your costume changes too! Up until now, whenever you transform into Cat Noir, you didn't think about it, it was natural. And what came out was this Cat Noir. (He crosses out the picture of a goofy Cat Noir.) Not at all what Ladybug wants! But if you focus hard, you can be a completely different Cat Noir!
Adrien: You really think so?
Plagg: Of course! Concentrate"
kwamibuster_adrien_0001,The boys' restroom at Françoise Dupont High School. Adrien is in a stall with Plagg.,"Olga Mendeleiev: You can count on me, Hawk Moth. Soon, I'll be the greatest scientist in the whole world! (laughs evilly as the dark purple ether covers her)
Adrien: You could've been captured! That was so irresponsible of you!
Plagg: Puh-lease, it's impossible to capture a kwami. May I remind you that we can move through matter (and) we can't be filmed or photographed? You're as much of a party pooper as Sugarcube
Adrien: Sugarcube? Who's Sugarcube?
Plagg: Uh, Tikki, Ladybug's kwami. (realises what he said)
Adrien: Wait a second. If Tikki was there, too, then that means she was here at school, which means Ladybug is a student at Françoise Dupont just like me, which means I probably know Ladybug already
Plagg: Uh-oh! (Uh-oh!)"
kwamibuster_adrien_0002,The boys' restroom at Françoise Dupont High School.,"Plagg: Adrien, won't you like, summon me to jump in action or something?
Adrien: Plagg, what if... Marinette were Ladybug?
Plagg: Marinette? Nah! Besides, you shouldn't be trying to find out more, if you discovered Ladybug's true identity, you'd have to give your Miraculous back! So if I were you, I'd act like nothing's going on. That's what I always do when there's a problem, and it's always worked out just fine for me!
Adrien: Maybe for once, I'd better listen to you. Plagg, claws out! (transforms into Cat Noir)"
kwamibuster_adrien_0003,"TVi Tower rooftop. Kwamibuster's machine explodes, releasing the Kwamis, and the Akuma. She turns back into Olga Mendeleiev.","Plagg: I think you better find a way to convince everyone that you're not a student at Françoise Dupont High School
Adrien: You're right, that would be safer. Plagg, claws out! (transforms into Cat Noir)
Cat Noir: Being Cat Noir is much more appealing than being a banana. (tosses the Mr. Banana costume)"
lady_wifi_adrien_0001,Outside Le Grand Paris. The mayor and two police cars are there.,"Ladybug: I'll get you out of there, Cat Noir! (Adrien is shivering while he is trapped)
Adrien: Take your time!
Lady Wifi: (broadcasting) Don't blink, 'cause Ladybug's about to drop the bomb on her real identity!"
lady_wifi_adrien_0002,Outside Le Grand Paris. The mayor and two police cars are there.,"Plagg: That was the chance to find out who the love of your life really is! What were you thinking?
Adrien: That's the thing, Plagg. I wasn't thinking. I was following my heart
Hawk Moth: Your mask will fall one day, Ladybug. You'll have no choice then but to hand over your precious Miraculous!"
ladybug_cat_noir_origins_part_1__adrien_0001,Agreste mansion. Wang Fu is outside with a little box.,"Nathalie: Who was the first president of the 5th French Republic?
Adrien: Everyone thinks it was de Gaulle, but it was actually René Coty before the first elections
Nathalie: Excellent, Adrien"
ladybug_cat_noir_origins_part_1__adrien_0002,Agreste mansion. Wang Fu is outside with a little box.,"Gabriel: (to Adrien) You are NOT going to school. I've already told you
Adrien: But Father
Gabriel: Everything you need is right here where I can keep an eye on you. I will not have you outside in that dangerous world
Adrien: It's not dangerous, Father. I'm always stuck in here by myself. Why can't I go out and make friends just like everybody else?
Gabriel: Because you are not like everyone else! You are my son! Continue"
ladybug_cat_noir_origins_part_1__adrien_0003,Marinette's room. Marinette is cowering on her seat.,"Marinette: I hate first days back at school. (sees a little box) Huh?
Adrien: (sees a little box) Huh?
Marinette and Adrien: (confused) What's this doing here? (they open the little boxes and start glowing)"
ladybug_cat_noir_origins_part_1__adrien_0004,"Adrien's room. Plagg appears, to Adrien's astonishment. Plagg yawns.","Marinette: Ahh! Bug-mouse talks! (throws things at Tikki, which she dodges)
Adrien: (is about to touch Plagg) No way. Like the genie in the lamp!
Plagg: (stops him) I met him once. So he grants wishes. Big deal! I'm way more personable! Plagg. Nice to meet you. Ooh, swanky. (flies off, touching random things)
Adrien: No! Don't touch that! Hey, Come back here!
Plagg: Ooh! So shiny! Can you eat this? (tries to bite the game arcade's joystick) Argh, no, you can't! Ooh, what about this? (flies off)"
ladybug_cat_noir_origins_part_1__adrien_0005,"Adrien's room. Plagg tries to eat the remote controller. Meanwhile Adrien is climbing on his rock wall; when he gets to the highest point, he jumps on Plagg, catching him; Plagg yells in surprise.","Tikki: (muffled) I am a kwami, and my name is Tikki. Now just let me explain
Adrien: I still don't know what you're doing here
Plagg: Look, I'm a kwami. I grant powers. Yours is the power of destruction, got it?
Adrien: (shakes head) Uh-uh
Plagg: (starts looking around) Good. Now, got anything to eat? I'm starving
Adrien: (gets up while still holding Plagg) My dad's pranking me, right? Wait, he couldn't be. He has no sense of humor
Plagg: (flies out of Adrien's hands) Your father must never know that I exist! Or anyone for that matter"
ladybug_cat_noir_origins_part_1__adrien_0006,Adrien's room.,"Tikki: Marinette, you're the chosen one! (Marinette is taken aback)
Adrien: But I'm stuck here! I'm not even allowed to go to school! What good is a superhero who's imprisoned in his own house?
Plagg: (rolling on top of a toilet paper roll) No good. That's why it's all going to change soon. If you're willing to change, that is"
ladybug_cat_noir_origins_part_1__adrien_0007,Adrien's room. Adrien puts on the Cat Miraculous.,"Adrien: Got it
Adrien: Plagg, claws out!
Plagg: No, wait! I haven't finished explaining!--- (enters the ring)"
ladybug_cat_noir_origins_part_1__adrien_0008,Adrien's room. Adrien looks exasperated while he watches Plagg eating Camembert.,"Marinette: I can't! I told you, I'm clumsy! I create disaster all the time! I'll only make things worse for me, for you, for everyone. Cat Noir will be better off without me. I'm quitting
Adrien: So I can't do anything without Ladybug?
Plagg: Only Ladybug can capture akumas and repair damage caused by supervillains"
ladybug_cat_noir_the_movie_adrien_0001,"Interior, Collège Françoise Dupont. Classes are over and so Marinette and Alya walk out the classroom.","Adrien: Are you sure you're alright?
Adrien: Need a hand?
Marinette: Wait, do you think we should— Hello?
Adrien: She's so weird"
ladybug_cat_noir_the_movie_adrien_0002,The Agreste mansion. Nathalie runs over some of Gabriel's upcoming plans to him.,"Adrien: (dejectedly) I know the drill. (goes up the stairs)
Adrien: Happy birthday, Mom
Gabriel: I cannot keep this dark secret anymore"
ladybug_cat_noir_the_movie_adrien_0003,Adrien's bedroom as he looks at the window,"Tom: Haha! Of course! What would I do without my choux-choux-chef? (blows a kiss) Mwah!
Adrien: She's just… incredible. She…
Plagg: (breaks wind)
Adrien: She… (sniffs) stinks? (looks over the couch to find him lying down) Plagg! You're disgusting!
Plagg: Sorry, kid. Love stories… [gulp] give me a tummy ache. [stomach turning] [flatulence] (starts to zoom around the room)
Adrien: Careful! You'll wreck everything
Plagg: [mouth full of cheese] Duh! I'm the Kwami of Destruction! By the way, I found this cheese in the trash. Do you have anything more rotten? [burps again]"
ladybug_cat_noir_the_movie_adrien_0004,Adrien's bedroom,"Tikki: But no one was hurt thanks to you
Adrien: Between us, she really saved my butt out there. Risking her life for me, she was so brave
Marinette: [hyperventilates]"
ladybug_cat_noir_the_movie_adrien_0005,Adrien's bedroom,"Tikki: Post-Traumatic First-Akuma-Fight Shock. Just breathe with me
Adrien: She's probably been doing this for a long time. You can tell she knows her stuff
Tikki: And…"
ladybug_cat_noir_the_movie_adrien_0006,Adrien's bedroom,"Adrien: I mean, when I said, ""The name's Cat Noir,"" she was like, ""Whoa, he's cool.""
Adrien: (fixing collar in mirror) I think she digs my style
Marinette: He's got a bell on his suit!
Adrien: There must be something you can do to help things work out between us"
ladybug_cat_noir_the_movie_adrien_0007,Adrien's bedroom,"Tikki: Besides, once you save the world, you'll never have to see him again
Adrien: What?
Plagg: I don't know, figure it out!"
ladybug_cat_noir_the_movie_adrien_0008,Marinette and Alya are walking to the fair.,"Alya: If you want to be a reporter, you have to get close to the action
Adrien: Have you ever…fallen in love?
Nino: Hm? Are you kidding me? They don't call me Dr. Love for nothing"
ladybug_cat_noir_the_movie_adrien_0009,Nino and Adrien attending the fair.,"Adrien: Marinette, right? We met!
Adrien: That's your dad?
Tom: Wait! I can explain! Don't tell your mother, please!
Adrien: Sorry, my dad's calling"
ladybug_cat_noir_the_movie_adrien_0010,A dejected Adrien returns home to find his father waiting for him,"Gabriel: Adrien. I've been waiting for you. Where have you been?
Adrien: Why do you care?!
Gabriel: You didn't come home last night
Adrien: All of a sudden, you're worried about me?!
Gabriel: Of course, I worry. I'm your father
Adrien: My father?! I lost my dad a long time ago!
Gabriel: Adrien! Wait!
Adrien: The less interested you are, the more they run after you"
ladybug_cat_noir_the_movie_adrien_0011,In the ruins of the Eiffel Tower the trio are inside the akuma swarm.,"Gabriel Agreste: (sadly) Adrien!
Cat Noir/Adrien: Dad, you? All of this because of you?
Gabriel Agreste: (in tears) Look at you! What have I done? My little boy
Cat Noir/Adrien: But why?
Gabriel Agreste: I tried everything to bring her back, son"
ladybug_episode__adrien_0001,"Adrien's room, set before the events of ""Befana"". Plagg is eating Camembert and Adrien shows him a bracelet he made.","Adrien: What do you think, Plagg?
Plagg: (smells it) Ugh, what's the point of giving someone something that can't be eaten and doesn't have a scent? If you gave me that, I'd be seriously offended
Adrien: Maybe I should get a second opinion"
ladybug_episode__adrien_0002,Collège Françoise Dupont. Everyone goes inside the classroom.,"Marinette: Then... she flunked the exam on purpose!
Adrien: Excuse me, Miss Bustier, but everyone here knows it isn't like Marinette to cheat
Alya: He's right!"
ladybug_episode__adrien_0003,Collège Françoise Dupont.,"Adrien: She and I are on the same team, Plagg. We'll help Marinette, but first
Adrien: Plagg, claws out! (transforms into Cat Noir)
Cat Noir: Cat Noir to the rescue, M’lady!"
ladybug_episode__adrien_0004,Canal Saint-Martin. Adrien is driven there by his bodyguard and Nathalie for a photoshoot.,"Nathalie: (gives Gabriel the Peacock Miraculous) If you ever need Mayura again, I'll be here for you
Adrien: (gets out of the car) Thank you
Vincent: Oh, Adriano! ¿Cómo estás?
Adrien: I'm good. Thanks, Giuseppe. (notices Lila from afar) Lila?
Vincent: Do you know each other? Oh my, your papa's new muse is incredible! She's been all around the world, she knows all the celebrities, and she's Italian, just like me!"
ladybug_as_seen_by_adrien_adrien_0001,,"Adrien: ""Dear Ladybug""
Miss Bustier: Can anyone tell us why
Adrien: Or maybe ""Bugaboo"""
ladybug_as_seen_by_adrien_adrien_0002,,"Ladybug: (Stop playing around and calling me Bugaboo! This is really serious!)
Adrien: No, no, that's not right! She doesn't like it when I call her that. ""My Lady"", perhaps
Ladybug: (... But we've gotta capture Timebreaker's akuma! Your life depends on it!)"
ladybug_as_seen_by_adrien_adrien_0003,,"Ladybug: (Mh, I’m serious!...)
Adrien: Which makes no sense because my puns are on point. I find them to be extremely funny!
Ladybug: (If I told you, it wouldn’t be a secret!)
Adrien: ""...I wish I could tell you who I really am. Who knows? Maybe we already know each other; without even knowing!"
lies_adrien_0001,Adrien's room.,"Marinette: (sighs and smiles) What a fascinating life
Adrien: (sighs) What a boring day
Plagg: Without even a lunch break. Ridiculous!
Adrien: (plays piano music from his phone to make it seem like he's practicing) Finally! Free at last! Plagg, claws out!
Plagg: (holding a piece of Camembert) What? Oh no! (gets sucked into the ring)"
lies_adrien_0002,"Both Kagami and Adrien in their cars, headed to Collège Françoise Dupont for their fencing practice.","Kagami: (weakly) Yes, mother
Adrien: (weakly) Yes, father
Mr. Haprèle: Kagami? Adrien? Your fencing class doesn't start for an hour. And Mr. D'Argencourt hasn't arrived yet"
lies_adrien_0003,Adrien and Kagami enter the Art Room where Kagami shows Adrien her drawings.,"Adrien: What are you up to this time?
Adrien: The arts and crafts room? What are you planning to do in here?
Kagami: (unzips her bag and pulls out a sketchbook) I've never told this to anyone but… I love to draw. I always have. (flips through pages of her art) Drawings never lie. The poses that people make are always a reflection of their personality. (Adrien gasps, surprised and impressed) But my mother won't let me do it, according to her, I'm not good enough…
Adrien: You're super talented Kagami!
Kagami: You really think so?
Adrien: Mmhm
Kagami: (takes his hand and directs him to the platform in the room) Pose for me, I want to sketch you
Adrien: How do you want me to pose?
Kagami: However makes you comfortable. (Adrien does one of his model poses. She starts drawing) I really admire Toulouse Lautrec. I'd like to draw you just like the characters he painted. Did you know he often signed his drawings with a monogram like many Japanese artists did? (looks at her drawing, unsatisfied) This isn't right, it's not you. (tears paper from sketchpad)
Adrien: Can I see it?
Kagami: (crumples paper and tosses it in the trash) Try a different pose. It should be easy to do a beautiful sketch of you because you're so handsome but what I want is to capture the real you inside. (Adrien tries another pose. Kagami starts drawing but stops) No, still not good. Change again (throws it away and Adrien attempts another pose) These are all modeling poses! (throws another away) Try something that's more natural, more you
Adrien: Hmm, what about (MEOW)! ((strikes Cat Noir pose, Kagami looks unimpressed) Uhh… (awkwardly) I mean (now)? (laughs nervously)
Kagami: No, you're not at all natural
Adrien: (earnestly) Yes, I am. I promise, this is me!
Kagami: NO! ((stands up, slamming sketchpad on table) That's you when you're being silly!
Adrien: (conflicted) What if when I'm being silly, I'm really me?
Kagami: (Kagami stares then walks towards Adrien. She takes his hand and moves it to his chest then pushes him back to the wall) There. This is really you
Adrien: (timidly) Do you really think?…
Kagami: Yes, you're, perfect. (Kagami tries to kiss him but gets interrupted by the alert on both their phones)
Adrien: (checks his phone. Kagami does the same) Now it's really time for our fencing class. (Both he and Kagami smile)"
lies_adrien_0004,Fencing class in the school gym.,"Kagami: (they fence, then Kagami takes off her mask and kisses Adrien's) Touché
Adrien: (Adrien takes off his mask and tries to kiss her) En garde. (sees Ladybug pass the school, chasing Mr. Pigeon's pigeon plane) Uh… sorry. (backing away) I forgot something in the locker room… (he leaves and Kagami gives a small smile)
Cat Noir: (Ladybug listening to Cat Noir's message on her phone) —Just like always. It's time for our weekly patrol. I hope you haven't forgotten! ((sneaking up behind Ladybug while she is completely distracted) Buga-Boo! (Ladybug reflexively throws him) waaah!"
lies_adrien_0005,"From ""Truth"" — In front of Françoise Dupont. Adrien receives message from Kagami.","Adrien: (runs to meet Kagami) Kagami! (Takes ice cream but sees Ladybug fighting Lollipop Boy so he gives it to Kagami) I gotta get going my father's probably worried. (leaves, Kagami looks down, disappointed)
Adrien: (to his classmates) Bye guys! (Adrien gets into his car, Kagami's pulls up beside it. They roll down their windows and attempt to kiss but he sees Ladybug) Uh… forgot something in my classroom, (opens car door and runs back inside) call ya later!)
Kagami: (frustrated, sighs) Tatsu, let's go!"
lies_adrien_0006,"The Liberty. Adrien and the rest of Kitty Section perform the end of the song they started in ""Truth"".","Nino: (runs over to Adrien, showing him his phone) I got it all on video dude! You guys were awesome!
Adrien: (critical of himself) I wasn't Nino. I messed up the intro
Ivan: We can go over it again if you want, Adrien?"
lies_adrien_0007,"Just outside the Liberty, both wait to be picked up while Kagami tries to talk to Adrien.","Adrien: Well… I'll be better next time, I promise. See you guys. (Kagami takes his hand, he drops his bag in shock. Kagami helps him with it. They walk off the boat. Unaware Marinette's bracelet fell out of his pocket, Kagami notices and grabs it)
Adrien: Our cars aren't here yet. That's too bad; we could have played the song again
Kagami: But this way we have a little time together
Adrien: (not understanding) We'll have plenty of time together when we go to Prince Ali's birthday
Kagami: Together (takes his hand) just the two of us, I mean. I'm so happy when I'm with you. (Adrien sees Ladybug and gets distracted) I have a feeling we're a lot alike. Do you feel the same way? Do you also- (realizes Adrien isn't paying attention, turns around to see what he was looking at) Huh?
Adrien: Sorry, I thought I saw a wasp
Kagami: (softly) Do you love... me too?
Adrien: (still distracted) Excuse me?
Kagami: (becoming upset) Adrien what's going on?
Adrien: I… forgot something on the barge, when my bag fell. Don't wait up for me. Let's meet up at Prince Ali's birthday. (leaves)
Kagami: (car pulls up and Kagami gets in, upset) Tatsu, take me to the city hall"
lies_adrien_0008,"Inside City Hall. The akuma infects Marinette's bracelet, in Kagami's hand.","Adrien: (opens door, sees the akumatized bracelet) No!… (closes door; Lies starts creating a sphere) This is all my fault. I've gotta save Kagami!
Adrien: Plagg, claws out!
Jagged Stone: ♫ Oh Prince Ali you're one year older but to us you're still a real rock and roller ♫"
lies_adrien_0009,An alley. Cat Noir detransforms.,"Cat Noir: Claws in
Adrien: (sighs, dreamily) Ladybug
Plagg: Oh how romantic! I get it, even if I do love every cheese on the plate, I always come back to my favorite, Camembert. (Adrien takes out a wedge of Camembert, Plagg takes and eats it)"
malediktator_adrien_0001,"Collège Françoise Dupont, courtyard. Another party is ongoing. Marinette and Chloé arrive.","Chloé: (smiles) All right, all right, let me go. I wanna show you the diamond phone case Daddy gave me. (pulls out the glowing phone case as she is suddenly wearing sunglasses; everyone is shielding their eyes from the bright light) Your) daddy wouldn't be able to buy you one of these, would he?
Adrien: (to Marinette) It was really cool of you to put this party together for Chloé
Marinette: Well, she (did) save Paris, so… she just may be able to save herself, too. Am I right?"
marinette_as_seen_by_chlo__adrien_0001,,"Chloé: (narrates) Like those thoughtful presents she gives everyone
Adrien: (in flashback) Hey
Chloé: (narrates) I bet she spends (hours) making them"
mayura_heroes_day_part_2__adrien_0001,Sewers. Ladybug and Cat Noir are running.,"Cat Noir: Claws in! (detransforms into Adrien)
Adrien: (pulls out a piece of cheese from his pocket) Enjoy it, but don't take too long. We don't have much time
Plagg: Let's share it. (splits the cheese in half) You're gonna need it, too
Adrien: Thank you, Plagg. (takes the cheese)"
mega_leech_adrien_0001,Place des Vosges.,"Mayor Bourgeois: I'm trying to help you people! (infuriated) Ah, you're all being ridiculous!
Adrien: (walks over to Marinette) Sorry, Mayor Bourgeois, but we can't let you do this. (He holds Marinette's hand. Marinette suddenly blushes.)
Wayhem: (with his Adrien cutout) Adrien wants to save the trees, we're gonna save the trees! (everyone cheers)"
mega_leech_adrien_0002,Place des Vosges. Mayor Bourgeois is devastated when the akuma and amok enter to his sash.,"Adrien: Come on!
Adrien: Plagg, claws out!
Mini-Malediktator: Oh, I forbid you to touch me, my fellow citizen!"
migration_adrien_0001,On the deck of the Liberty. Anarka throws a screaming Bob overboard and he falls into the Seine. She turns around to join Kitty Section.,"Bob: All mine!
Adrien: And you can’t even start another band together?
Bob: Course not, that’d be unfair competition! EVERYTHING belongs to me! Everything you are, everything you say, everything that’s in your hearts belongs to me! I own E-VE-RYTHING!!!"
miraculer_adrien_0001,Collège Françoise Dupont.,"Lila: Good morning, everyone!
Adrien, Nino, and Alya: Hey, Lila!
Marinette: (glares at Lila) Yeah, let's go study for that test. (grabs Alya by her arm and they leave)"
miraculer_adrien_0002,"Agreste car. Adrien and his bodyguard spot the sentimonster, therefore the bodyguard carries Adrien to his room.","Chloé: Move, Jean-Gasphard! (pushes him out of the way)
Adrien: Thank you, I'll be safe now. (bodyguard leaves)
Plagg: You're right. It's nice and safe in here! How about we just hang and wait for a Camembert monster instead?
Adrien: If we end up running into one, I promise I'll save you a big chunk. Come on!"
miraculer_adrien_0003,"Agreste car. Adrien and his bodyguard spot the sentimonster, therefore the bodyguard carries Adrien to his room.","Adrien: If we end up running into one, I promise I'll save you a big chunk. Come on!
Adrien: Plagg, claws out! (transforms into Cat Noir)
Cat Noir: Look out, M’lady! Lollipops are bad for your teeth"
miraculous_london_adrien_0001,Adrien's prison room as Adrien looks up upon hearing the door open and sees Bug Noire and Placide walk in.,"Bug Noire: The truth is... Monarch was forcing your father and Mrs. Tsurugi to work for him. He forced them to design the Alliance rings in order to turn the entire world against me and Cat Noir. If they said no, Monarch threatened to go after you and Kagami
Adrien: But I saw your ladybugs fly by, which means you defeated Monarch
Bug Noire: I (did) face him, in your home, he... he had taken Nathalie and your father hostage and I fought as hard as I could but he was too mighty and Monarch had too many powers, too many Miraculous. He severely injured me. I couldn't stop him from taking the Miraculous of the Ladybug and the Black Cat. Monarch was about to make a wish and that's when your father... that's when your father become a hero. (Adrien breaks down, sobbing) At the last minute, your father pounced on Monarch, seized the Miraculous and made a wish in his place. He saved Nathalie's life and mine in exchange for Monarch's life and his own. (approaches him to try and console him)
Adrien: (angrily through tears as he swats her hand away) Why didn't you (save) him?! And even if something had happened to him, aren't your magically ladybugs supposed to repair everything?! This is impossible, you have to be wrong!
Bug Noire: I swear I tried everything
Adrien: (looks at Bug Noire's hand and sees the Black Cat Miraculous and Turtle Miraculous Alliance Ring) If he hadn't locked me in here, (I) could've saved him
Bug Noire: Believe me, there's nothing (you) could've done
Adrien: (through sobs) Dad
Bug Noire: That's why your father had sent you and Kagami to London, to protect you. (Kagami walks over to him while hugging and consoling him) I'm so sorry, there was no good way of telling you all of this. I wanted to be the one to say it before you found out some other way. I'm... (voice breaking) I'm... so... so sorry, Adrien. I-"
miraculous_london_adrien_0002,"In the evening at the Gard du Nord, as Nathalie and Tomoe can both be seen waiting for the train to arrive.","Interviewer: Ladybug!, LADYBU-!
Adrien: (cries when the train doors open, running up to Nathalie and hugging her)
Kagami: (walks up to Tomoe as she walks off without saying a word as she follows her)
Adrien: (sees Marinette as he runs up to her and they embrace in a hug)"
miraculous_new_york_adrien_0001,Outside Collège Françoise Dupont.,"Nino: Something wrong, buddy?
Adrien: My father isn't going to let me go -- as usual
Lila: (leans back) I'm stuck in Paris too! I have obligations because of my charity work, but we could (see each other, if you'd like.)
Adrien: (chuckles nervously) Thanks, Lila!"
miraculous_new_york_adrien_0002,Outside Collège Françoise Dupont.,"Rose: And (we're) coming with you!
Adrien: Thank you, Marinette. But my father's a difficult man to convince
Marinette: I will ("
miraculous_new_york_adrien_0003,Locker room.,"Kagami: What's wrong, Adrien?
Adrien: My whole class is going to New York tomorrow. I wish I could be going with them
Kagami: I'm sad for you, but happy for us. This'll give us more time to practice. When you're as weak as you were today, the pleasure of beating you is lessened. (kisses him) I'll see you tomorrow
Adrien: See you tomorrow, Kagami. (sighs)"
miraculous_new_york_adrien_0004,Agreste mansion dining room by morning.,"Cat Noir: Have I ever struck you as the funny kind? I'm as serious as they get! (presses button again)
Adrien: I... I can go to New York? Really??
Gabriel: You can thank your friend Marinette for convincing me
Adrien: But... Actually, I hadn't planned on... What about my fencing lessons? And Chinese?
Gabriel: Nathalie has already packed your bags. Your bodyguard will go with you. You take off this afternoon
Adrien: Uh... Yes, very well, Father"
miraculous_new_york_adrien_0005,Adrien's room. Adrien sadly heads to his couch.,"Adrien: That way, she'll (never) be disappointed!
Plagg and Adrien: (they fist bump) POUND IT!
Gabriel: My love, being far away from you will be (nothing) short of torture. But I (may) have found a piece of jewellery in New York, (places a red rose on her glass coffin) which might enable me to beat ("
miraculous_new_york_adrien_0006,The plane.,"Marinette: He's a friend. Just a friend. (He's just a friend. (sits down while breathing heavily)
Adrien: Um, everything OK?
Marinette: Oh, yeah, yeah, great! WOO-HOO! It's a little hot in here, isn't it! (giggles nervously) I just-
Adrien: Here. Let me help you"
miraculous_new_york_adrien_0007,The plane.,"Adrien: Here. Let me help you
Adrien: Oh, sorry!
Marinette: (No, I'm fine!!)
Adrien: Are you feeling cooler now?
Marinette: Gee! No! Not at all! It must be the seat! It's a warming seat, right? Ooh! It's burning hot!
Adrien: Um... No... It's a regular seat. But you can have mine if you like. Come on, let's switch!"
miraculous_new_york_adrien_0008,The plane.,"Adrien: Sorry, Marinette
Adrien: My father told me everything. The only reason I can enjoy this beautiful sunset is you. I thought it would be impossible, but you believed in it. You're always willing to take a chance on something or someone, even when no one else is. You've got something, Marinette
Marinette: Some- something?
Adrien: Yeah, there. In your hair. (plucks what looks to be toilet paper out of Marinette's hair; Marinette gasps.)"
miraculous_new_york_adrien_0009,The plane.,"Marinette: Wow! That all happened so fast! I didn't have time to transform or help out! (Tikki whimpers)
Adrien: Good thing the American superheroes were here. I couldn't have transformed here. I'm supposed to be in Paris!
Plagg: Relax, Adrien! Let the local superheroes handle their own problems
Adrien: (checking his phone) So far, nothing to report from Paris"
miraculous_new_york_adrien_0010,New York. The camera moves to New York City.,"Nino: Forget about Paris, dude! You're in New York now! Your old man's not here, and when the cat's away, the mice will play! Open your eyes, know what I mean? Take it all in!
Adrien: It is beautiful
Sparrow: (deep voice) The Little Croissants are en route"
miraculous_new_york_adrien_0011,Hotel hallway. Alya and Marinette look for their room as Jess and Aeon peek out their door.,"Ms. Mendeleiev: What's that noise?!
Adrien: Oh sorry! We're so sorry!
Marinette: Uh- hi! I'm Marinette and this is my very good friend Adrien, who's just a friend! (Aeon leans into Jess)"
miraculous_new_york_adrien_0012,Rooftop. People stop dancing to see Hotdog Dan in the sky.,"Marinette: It's all yours, Adrien, my pleasure as your friend. (she hands him the hotdog as he pushes it back)
Adrien: No, take it Marinette. (Nino steps in.)
Nino: C'mon now, one hotdog for two, coming up!"
miraculous_new_york_adrien_0013,Inside the museum. Marinette bangs herself in the door again. Jess groans in disgust. Alya and Nino smile knowingly.,"Marinette: (waving crazily) Tough luck, right? We (always) end up together! I mean, stuck together. Haha! (sighs in relief)
Adrien: I don't mind being stuck somewhere with a friend like you
Marinette: Right! Uh- As friends! Uh- It's (all) good!"
miraculous_new_york_adrien_0014,The Museum.,"Marinette: Huh? Uh...? A-Adrien?
Adrien: Marinette?
Marinette: (gasps) What's happening?!
Adrien: (pulls at the doors) That's strange!"
miraculous_new_york_adrien_0015,The sewer. Ladybug and Cat Noir are running.,"Cat Noir: Then there's no longer a chance for repairs? (Ladybug continues sobbing. Realizing this is all his fault, Cat Noir groans and walks away) It's all my fault. You were perfect as always. Knightowl was right to want to confiscate my Miraculous. I left Paris without telling you. I ruined everything! And if Uncanny Valley hadn't been a robot, I would've caused irreparable harm
Adrien: Please forgive me, my friend
Plagg: (gasps) No!
Adrien: I renounce you, Plagg. (takes off his ring)"
miraculous_new_york_adrien_0016,Hotel.,"Adrien: I have to go. I'm sorry, Marinette. You fought so hard for me to be here. I wouldn't have minded being stuck here a little longer with a (friend) like you
Adrien: My father's right. I should've never come to New York
Alya: (upset) What is (wrong) with you, Marinette? Couldn't you see that he was just (waiting) for you to tell him to (stay?)"
miraculous_new_york_adrien_0017,Hotel.,"Marinette: (
ADRIEN! STAY!: ) I've (already) lost Cat Noir, I can't lose Adrien too! (her phone dies just as she hits the call button) (
NO!: ) (she grabs a bike and helmet and starts pedaling quickly) Come back!"
miraculous_new_york_adrien_0018,The plane. Adrien looks out at the window somberly when he sees Uncanny Valley. Adrien hears a crash.,"Uncanny Valley: Who are you talking to?
Adrien: My kwami!
Plagg: Kwamis can't be detected by technology, which means your robobuddy can't see or hear me. (makes funny noises, waves in Uncanny's face and flies around her head)
Adrien: There's no time to lose. We have to get back on this plane before it lands!"
miraculous_paris_adrien_0001,Sewers. Ladybug and Cat Noir are on either side about to detransform.,"Betterfly: In my universe ordinary people don't even know about the Miraculous, it's a secret. They all belong to The Supreme who uses them only to perpetuate his own power
Adrien: ""The Supreme""?
Betterfly: The name of the evil being who rules the world where I come from
Adrien: How did you find out about the Miraculous if it's a secret?
Betterfly: Sometimes, he entrusts them to the powerful of my world, all of whom have sworn loyalty to him. I too was a part of this corrupt system in order to get something I wanted more than anything. I stole two.. but I misused them (Facepalms in shame) .. and hurt the people I loved. To redeem myself, I became Betterfly because like a moth I have no choice but to fly in the shadows in order to give people hope. Someone has to show them that we must revolt, that a better world is possible, provided that power is shared between all"
miraculous_paris_adrien_0002,Sewers. Betterfly continues his speech,"Betterfly: I hold onto the one thing I have, hope. The hope for a better world, the hope that people can evolve. For a single decision that can change an entire lifetime!
Adrien: Plagg, do you think that the other holder of my Miraculous could be that other world's me?
Plagg: Well y'know, when two cheeses are made from the same milk, they can taste very different depending on how matured they are! So, I guess thats a possibility, yes"
miraculous_paris_adrien_0003,Marinette's room. Shadybug knows Claw Noir's identity.,"Shadybug: (She wipes away some makeup from Adrien's face revealing some black veins from his use of the Miraculous) Ugh, makeup. Obviously, I should've guessed. (She places the Cat Miraculous on her right ring finger and turns around while Adrien looks on curiously.) Blots Off. (Detransforms back into Marinette, much to Adrien's surprise.)
Re-Verse Adrien: Ah.. (Now that Adrien knows Shadybug's identity, he remembers watching her from his car outside the bakery, not taking his eyes off of her even when his food was given to him by his bodyguard.)
Re-Verse Marinette: (seeing Adrien smiling at her, dryly) You, know me?
Re-Verse Adrien: (stutters in embarrassment, blushes and ends up just shrugging his shoulders)
Re-Verse Marinette: Nevermind. (She reads the instructions before commanding) Tikki, Plagg, reveal yourselves! (The two kwamis with a magical seal on their mouths hug each other in fear before obeying the command.)"
miraculous_paris_adrien_0004,Sewers. Marinette and Adrien finish recharging,"Marinette: Tikki, Spots On! (transforms into Ladybug)
Adrien: Plagg, Claws Out! (transforms into Cat Noir)
Ladybug: We'll try to help you Betterfly"
miraculous_shanghai_adrien_0001,Agreste private plane.,"Gabriel: The opening of this store is essential for the future of the Agreste family, Adrien. Opening it much sooner than expected is very good news. ((He puts his hand on Adrien's shoulder.)) There will be other fun times with your friends
Adrien: You're right. Besides, I'm glad I get to spend some time with you, father
Gabriel: I'm looking forward to it, too. ((Gets up.)) But before that I still have to sort out some organizational details. ((Leaves.))"
miraculous_shanghai_adrien_0002,Shanghai. Palace Hotel’s Hotel room.,"Marinette: The Chengs have traditional songs?
Adrien: ((admiring the view of Shanghai)) The Bund district is so impressive, father! Have you ever spent time in Shanghai outside of work?
Gabriel: ((checking a clipboard)) Of course I have
Adrien: Then there must be some places you could show me. It would be great to see them together!
Gabriel: I... suppose. But before we do, I have some details to work out for tomorrow's opening night
Adrien: ((saddened)) I guess I'll just stay at the hotel and wait for you
Gabriel: ((puts hand on Adrien's shoulder)) On the contrary, take advantage of this beautiful day to walk around. I'll join you in the early afternoon. ((Adrien smiles.))"
miraculous_shanghai_adrien_0003,Adrien walks along the Bund district with his bodyguard.,"Kang: ((shows phone)) 我可以跟你拍張照片嗎？((Speaks Mandarin): Can I take a photo with you?) ((Placide I.T. steps forward menacingly, but Adrien stops him.))
Adrien: Please, let them, I don't mind. 我很樂意這是我的榮幸 ((Speaks Mandarin): I would be happy to, it is my pleasure). ((The boys run over to him enthusiastically and start making selfies. Placide I.T. looks around and notices a stand with superhero action figures. He sneaks away and takes some. He realizes that Adrien sees him so he hides the figures. Adrien smiles.))
Lian: Hey! ((He points at the river. They continue making selfies together.))"
miraculous_shanghai_adrien_0004,Fei walks from an alleyway to the Bund district.,"Elderly lady: 谢谢。 ((Speaks Mandarin): Thank you.) ((Fei disappears after another car passes by.))
Adrien: ((after the boys leave, his phone rings, and he picks up)) Father? You're done?.. Ah, yes, of course, I understand... Later? Yeah, sure! As you wish. See you later then. ((Hangs up, disappointed.))
Plagg: Your father won't ever change. You can depend on the consistency in a soft cheese, but in a human being? ((He groans.)) What I wouldn't give for something to eat
Adrien: ((thinks a bit and realizes)) I've got what you need, Plagg! Remember Wang Shifu, Marinette's uncle? His Thousand Delights restaurant is in this town! ((Plagg gets excited. Adrien turns to his bodyguard.)) There's a place I'd like to go. Do you mind?"
miraculous_shanghai_adrien_0005,Thousand Delights restaurant.,"TIKKI!!!: ((She falls to the ground and starts crying.))
Adrien: Marinette is in Shanghai? What an incredible coincidence!
Wang: Or fate"
miraculous_shanghai_adrien_0006,Thousand Delights restaurant.,"Wang: ((nervously checking the clock)) Is Marinette often late?
Adrien: Marinette? Yeah, all the time. It would actually be unusual for her to be (on time)!
Wang: ((looks at the clock again)) I'll call her anyway. ((Dials Marinette.))"
miraculous_shanghai_adrien_0007,Alleyway.,"Adrien: She can't be very far. And I do speak Mandarin! ((To his bodyguard)) Stay here, I won't be very long
Adrien: It'll be much easier to find Marinette as Cat Noir
Plagg: And how will you explain Cat Noir's presence in Shanghai?
Adrien: I'll figure something out"
miraculous_shanghai_adrien_0008,Alleyway.,"Adrien: I'll figure something out
Adrien: Plagg, claws out! ((Adrien transforms into Cat Noir.))
Fei: I think we're okay now. Why were you alone in Shanghai?"
miraculous_shanghai_adrien_0009,Astro Cat lands and de-transforms. Thousand Delights restaurant.,"Fei: It's too embarrassing to translate, Marinette
Adrien: If you want, when we go back to Paris I can teach you some Mandarin
Marinette: Badly- I mean gladly! Amazesome! ((Groans.))"
miraculous_tokyo_adrien_0001,Marinette's room at night. She is talking with Adrien through her phone.,"Marinette: I miss you so much, Adrien. It's hard, you being so far away
Adrien: I miss you too Marinette. I'm only staying in New York for a few days. I'm coming back to you soon
Marinette: Oh, I wish I was there with you. We could be dancing together like we did on our school trip, remember?
Adrien: Hold on... (Adrien types something)
Marinette: What is it?
Adrien: Click on the link and you'll see
Marinette: (She does it, and music begins to play) Ah! It's our song!
Adrien: Care to dance?
Marinette: I'm sorry, I gotta go. I promised my parents I'd read them a bedtime story tonight
Adrien: (Confused)You read bedtime stories to your-?
Marinette: Gotta go, talk soon! (Ends the call)"
mister_agreste_adrien_0001,Liberty. Marinette runs through the ship.,"Marinette: I don't know how much longer I can do this! I lied to everyone, Luka! I told them that Gabriel Agreste was a hero, but the truth is he was the supervillain! He was Monarch!
Adrien: What? My father was Monarch?! How could you hide this from me Marinette?! You lied to me!! You and I are over!!!
Marinette: NOOOOO!!!!!"
mister_agreste_adrien_0002,"Hôtel de Ville, mayor's office. There is a model of city hall with a large Gabriel statue in front of it.","Théo: Upon reconsideration, the first statue at the Place des Vosges square didn't do justice to your father's presence. This one will be erected right outside city hall, and will be more than ten meters high!
Adrien: Ten meters? That sounds pretty high, don't you think?
Théo: Of course not! Nothing's too high to illustrate the greatness of your father, Adrien! A man who was able to combine talent, presence, and courage!
Adrien: You knew my father?
Théo: Of course! I worked with him on several occasions. He was like a mentor to me. A man who defeated evil and poor taste with his nimble fingers! A man who—
Adrien: Tried to stop me from loving Marinette
Théo: Sorry?
Adrien: My father might've been a hero, but I think you're seeing him as greater than he really was"
mister_agreste_adrien_0003,"Exterior of Agreste mansion. Placide I.T. opens the door for Adrien, while Marinette kisses him goodbye.","Marinette: If you want, I can cancel my liar lesson—I MEAN—guitar lesson!
Adrien: No, no. Go ahead. Say ""hi"" to Luka for me
Marinette: I can't take it anymore! We have to tell Adrien the truth!"
mister_agreste_adrien_0004,"Exterior of Agreste mansion. Placide I.T. opens the door for Adrien, while Marinette kisses him goodbye.","Nathalie: And let him figure out that I was Monarch's accomplice? We (have) determined a truth. We're sticking to it. You need to grin and bare it, Marinette. It's too late to go back!
Adrien: Everything okay, Nathalie?
Nathalie: Yes. Marinette simply thought she lost the keys to her scooter"
mister_agreste_adrien_0005,Agreste mansion. Nathalie's room. Nathalie is sitting at her desk on her laptop before Adrien knocks and opens the door.,"Irupé: I'm sure you'll get there eventually
Adrien: Nathalie, I've thought about it. And I think I'd feel more comfortable if there were no statue
Nathalie: Understood. I'll take care of it, Adrien"
mister_agreste_adrien_0006,Hôtel de Ville. Cat Noir hits the building and falls to the ground.,"Ladybug: No, no, no!
Adrien: Leave her alone! (He picks up a metal pipe and starts hitting Mister Agreste's foot with it.)
Mister Agreste: Adrien!"
mister_agreste_adrien_0007,Hôtel de Ville. Cat Noir hits the building and falls to the ground.,"Chrysalis: (voice) Education first, I understand. But remember that we have a deal
Adrien: If you were such a good father then why didn't you want me to have any friends?!
Mister Agreste: (starts cracking) Huh? You don't know what you're saying, you ungrateful son"
mister_agreste_adrien_0008,Hôtel de Ville. Cat Noir hits the building and falls to the ground.,"Adrien: Why were you always traveling around the world instead of staying with mom when she was sick?!
Adrien: Why didn't you want me to meet my grandparents?
Mister Agreste: (continues to break apart while in disbelief) I... I didn't... he couldn't be like that
Adrien: Why didn't you want me to go to school like everyone else? Why didn't you want me to be in love with Marinette?!
Mister Agreste: (continuing to break apart, with Théo's voice also being able to be heard.) You're lying, you're talking nonsense!
Adrien: Why did you stop being Papa-corn and become...this! (Mister Agreste breaks apart more.) A cold...(Mister Agreste breaks even more) ...heartless... (Mister Agreste falls to his knees.) ...(statue)!"
mister_agreste_adrien_0009,Dupain-Cheng residence. Marinette's balcony. Ladybug lands on her balcony.,"Marinette: I saw what happened at your place. Are you okay?
Adrien: Everything's back in order, Marinette. I'm fine, thank you
Marinette: Are you sure? I mean, seeing your father again, it must've been
Adrien: It was just an akumatized villain. I'm going to be fine, really
Marinette: Okay. Then, good night?
Adrien: Good night, Marinette. (hangs up the call. Marinette starts to tear up.)"
mr_pigeon_72_adrien_0001,Swimming pool.,"Bob Roth: Dove! They're doves!
Adrien: Hang on, I'm allergic to pigeons. If they get too close-
Bob Roth: Nothing is gonna happen because they're doves!"
mr_pigeon_72_adrien_0002,Swimming pool.,"Bob Roth: This cannot be happening. How complicated is it to deliver a rose in mid-flight to a model in mid-dive?!
Adrien: It's my fault. I thought, I saw one of my friends from school. (Adrien and Bob Roth look in the direction where Marinette and Kagami were, but they hid somewhere else)
Bob Roth: Well, I don't see anyone, except a stupid bird that's incapable of doing what it's been asked to do and that's gonna get banned from all of Paris, if it continues to ruin the rehearsals for my commercial!"
mr_pigeon_72_adrien_0003,Swimming pool.,"Marinette: Love is crazy! So, stop thinking too much and dive in!
Adrien: Marinette?
Mr. Ramier: Edgar!
Adrien: Marinette, what on earth are you doing here?!"
mr_pigeon_72_adrien_0004,Swimming pool.,"Bob Roth: You know what?! I'm going to tell the mayor to ban those flying rats and tamers like you now and forever!
Adrien: Mr. Ramier
Mr. Ramier: (sadly) I failed"
mr_pigeon_72_adrien_0005,Swimming pool.,"Plagg: Happy to see you again, Adrien. So still allergic to pigeons? (a feather lands on his shoulder, and he sneezes)
Adrien: Just as always, Plagg
Mr. Ramier: (disappointed) Oh no, I was the victim of Shadow Moth again, wasn't I!?"
mr_pigeon_72_adrien_0006,Swimming pool.,"Ladybug and Rena Rouge: Pound it!
Adrien: (amazed) That girl is truly Miraculous
Kagami: You know, Marinette? That whole heart-beating, tingling, knees trembling thing? I felt all that (she taps Marinette's chest) from you. You're the one blushing and stuttering and saying silly things every time that you see Adrien. You're the one who knows his schedule by heart for the next three years. You're right, Marinette. Adrien is perfect. He's perfect - for you"
mr_pigeon_adrien_0001,Collège Françoise Dupont. Everyone is getting ready to present their hats. Alya calls Marinette but she doesn't respond.,"Gabriel: Very exquisite creation. You definitely have the laboring hands of a hat maker, Miss
Adrien: Marinette. (Adrien puts his hand on Marinette's shoulder)
Gabriel: Congratulations on your demonstration, Miss Marinette. You're the winner. (she looks at Alya and gasps)"
mr_pigeon_adrien_0002,Collège Françoise Dupont. Everyone is getting ready to present their hats. Alya calls Marinette but she doesn't respond.,"Adrien: Awesome job, Marinette. (Marinette is blushing. Adrien begins to put on the derby hat but he starts to sneeze)
Adrien: A-achoo! (wipes his nose with his hand.) Uh-- sorry, I'm allergic to feathers. (sneezes)
Marinette: (looks surprised, then smiles.) Gesundheit!
Adrien: (sneezes again and waves) Thanks. (Alya and Marinette look at each other)
Marinette: Whoo hoo! (laughing)"
nathalie_as_seen_by_gabriel_adrien_0001,,"Gabriel: (via video chat) Nathalie has offered to organize your new schedule. (Adrien looks at her.) You'll be continuing your music, Chinese and fencing classes, and your photo shoots
Adrien: Thank you, Nathalie! Thank you, father!
Gabriel (narrating): With her, I make a more powerful Hawk Moth than ever"
noe_adrien_0001,Île aux Cygnes. Sunny day.,"Adrien: That's what I call a day spent with you
Adrien: Hm?
Marinette: (Sits up) Something wrong?
Adrien: It's from Nathalie. Someone wants to meet with me to talk about my father's legacy
Marinette: Oh, here I am talking about how great everything is when you're dealing with so much, I'm so sorry
Adrien: (Shakes his head smiling) Don't worry about it, Marinette. I get sad when I think about my parents no longer being here obviously, but I'm also ready to move on. (Kisses Marinette's cheek) And I'm here for you. Hey! How about some ice cream to make this the perfect day even more perfect?
Marinette: Ugh"
noe_adrien_0002,The Agreste mansion. Dining room. Noé Luxus and Adrien are having a meeting.,"Noé: As you can see, the Agreste brand would be joining our group. It would be the jewel at our core. Dear Adrien, your father was my role model. His demise has devastated me. (Opens a briefcase) So I can only imagine your grief, (Adrien looks down) but I know how much the fashion world weighed on you. (Noé shows Adrien a contract) If you did me the honor of selling me the brand, I would make it my utmost duty to assume responsibility for his legacy
Adrien: (Grabs the contract) Thank you. What do you think, Nathalie?
Nathalie: Hm, I think this is... (Glares at a smiling Noé) an opportunity that deserves some thought. (Gives the contract back to Adrien and continues glaring at Noé)"
noe_adrien_0003,"Adrien's room. Adrien is sitting on his futon, feeling down, with the Papa Corn plush in his hand.","Marinette: Adrien! How'd it go?
Adrien: To be honest, I'm not sure... Can I come over?
Manon: YES!"
noe_adrien_0004,Marinette's room. Adrien is resting his head on Marinette's lap while she reads Noé's contract.,"Marinette: (Angry) If I were Ladybug, I'd be outraged
Adrien: (Angry) If I were Cat Noir, I'd want to Cataclysm that script
Nadja: No one will believe it's the truth. (to Manon) Honey, it's just a movie"
noe_adrien_0005,Haprèle apartment. Living room.,"Mr. Banana: Finally, some peachy news!
Adrien: That's the man who wants to buy my father's brand! (Picks up the script from the table in front of him and notices the same (L Corp) logo.)( Looks like he also owns the company that's producing this movie
Marinette: So, he's responsible for that script full of lies"
noe_adrien_0006,Haprèle apartment. Hallway. Fred heard Mylène and thinks she's talking to him.,"Marinette: (Gasps) I'll go with him! He might need help!
Adrien: I'm coming with you!
Marinette: Ow!
Adrien: Are you okay, Marinette?
Marinette: I'll be fine. Go on Adrien, catch up with Fred. That's what's most important right now"
oblivio_adrien_0001,"We're at the floor of an elevator. Ladybug is on the ground. She opens her eyes, gasps, and looks around. There's drawing in red on the wall of the elevator of a phone and an arrow pointing right towards a turtle. She's holding a tube of lipstick. She and Cat Noir did not know who is attacking them, brainwashing them of losing their memories and making them forgotten.","Cat Noir: I'd be surprised if we weren't
Adrien: Woah
Marinette: Ahh! (hiding behind Adrien) There are giant bugs! Mice? (shakes Adrien frantically) Bug-mice!"
oblivio_adrien_0002,"We're at the floor of an elevator. Ladybug is on the ground. She opens her eyes, gasps, and looks around. There's drawing in red on the wall of the elevator of a phone and an arrow pointing right towards a turtle. She's holding a tube of lipstick. She and Cat Noir did not know who is attacking them, brainwashing them of losing their memories and making them forgotten.","Marinette: (picks Tikki up and tickles her) Aw, poor little… no thing! (Tikki laughs)
Adrien: (standing up) Okay everyone we're gonna keep our cool here. We've all lost our memories and we don't know why but we'll find— (the elevator lurches downwards)
Marinette: What is it this time? (The lights flicker. Something begins to dent the ceiling.) We can't stay here
Adrien: Couldn't agree more"
oblivio_adrien_0003,"Lobby. They burst through the door and walk towards the exit. The whole room is in disorder. Lights, chairs and scaffolding are blocking the way out. Huge cracks adorn the walls and ceiling.","Adrien: Let's get out of here!
Adrien: Ah, the exit is blocked
Marinette: (they look at each other) We’re gonna have to find another way out. (They hear a banging noise and turn around. Something is trying to get out of the elevator by smashing the door from the inside.) Fast!
Adrien: Over there! (takes her hand and they run)
Marinette: Ah!"
oblivio_adrien_0004,A bathroom. Marinette shuts the door behind her.,"Marinette: (takes out her national identity card and gasps) Marinette! My name is Marinette Dupain-Cheng!
Adrien: (bowing) Pleased to meet you, Marinette. (Marinette giggles. He takes his card out of his back pocket and looks at it.) Adrien Agreste
Marinette: Super nice to meet you too, Adrien. (she curtsies; he laughs) Of course! (takes her phone out of her purse) We still got our phones!
Adrien: (takes his phone out of his pocket) Brilliant!"
oblivio_adrien_0005,A bathroom. Marinette shuts the door behind her.,"Adrien: And we will. Until then… (They both go to lock the door. Their hands touch, they look at each other and blush.)
Adrien: What do we do—?
Marinette: Shh! (puts a finger to both their lips)"
oblivio_adrien_0006,"A stairwell. Adrien opens the vent and looks around. He climbs out and helps Marinette, but they fall on top of each other. Shocked, they separate.","Both: Ah! Sorry. (the kwamis fly in)
Adrien: Okay. I suggest we go upstairs
Marinette: (running up the stairs following Adrien) But there's no way up there. We're gonna get trapped again!
Adrien: We can hide out here while we signal for help
Marinette: Good idea! (they run inside. Marinette goes to a window. She looks out while pressing with her hands.) Ugh! No handle! And the glass is tinted. (turning to Adrien) They won't be able to see us
Adrien: (runs to a desk and tries the phone) Phone lines are down. (looking at his phone) If only I could remember how to unlock my phone
Marinette: Wait! (takes his phone and blows on it, revealing the passcode pattern)
Adrien: Nice work, Marinette! (unlocks his phone) Uh oh. But, who should we call?
Marinette: (unlocks her phone as well) I'm almost out of battery
Adrien: (looks at his phone) Me too. We should call our parents first. (enters his contacts and scrolls through them) Gabriel Agreste. Probably… my dad. (calls him)"
oblivio_adrien_0007,Adrien opens the door to an office. They peek in.,"Marinette: Sure, Mom, I will. Love you! (hangs up)
Adrien: Why didn't you ask her for help?
Marinette: (gesturing) I have both good news and bad news. The good news is: there are superheroes in the tower that will stop that supervillain. The bad news is: (we're) the superheroes! And the thing that's chasing us is the supervillain! And we're supposed to be defeating it with superpowers we (no longer have)!
Adrien: (looking worried) Eh"
oblivio_adrien_0008,"The office. Marinette and Adrien are sitting in front of the movie poster, leaning against a column.","Marinette: If my own mother doesn't know that I'm Ladybug, then nobody must know
Adrien: What about us? Do you think… we know?
Marinette: Hm. (looking at a photo of Adrien as her phone's background) I feel like we're more than just a superhero team
Adrien: (scrolling through images of Ladybug on his phone) Do you think we're…
Marinette: Looks like it
Adrien: Then we must have told each other everything. I couldn't hide my identity from the girl I love
Marinette: So, if we're the superheroes, then what are they? (gestures towards the kwamis by the window)
Adrien: I have no idea"
oblivio_adrien_0009,"The office. Marinette and Adrien are sitting in front of the movie poster, leaning against a column.","Plagg: Me, a coward? (goes to her) I am not a coward! I—I'm a free spirit, so don't come if you don't want to, but I'm out of here! (phases through the window)
Adrien: (arriving with Marinette) Did he go to get help?
Tikki: I don't think we should hold our breath"
oblivio_adrien_0010,"The stairwell. Marinette nodds at Tikki, who flies down the stairs with the coffee cup. Marinette and Adrien run up the stairs and sit. Oblivio enters and looks at the trail of coffee leading downstairs.","Marinette: You saved our lives! Thank you. (hugs Tikki)
Adrien: (takes Marinette's hand and leads her downstairs) Let's head back to where we were. It's the last place he'll think of looking for us
Plagg: Pfft, a coward, me? Whatever! Huh? (sees a billboard for Adrien's perfume ad) Adrien? (flies off) I may not remember my own name, but I know for a fact that I'm brave and (sees another billboard) I… am… (looks around the city and sees several more forms of the ad; screaming towards the tower) This is called psychological harassment!"
oblivio_adrien_0011,The office.,"Nadja: Me? What do (I) do? (gets handed a tablet and proceeds to read) Uh, don't be bemused, it's just the news. Since early this afternoon, a supervillain by the name of Oblivio has been erasing the memories of everyone he comes across. Ladybug and Cat Noir are tracking him down inside Montparnasse Tower
Adrien: Well, right now, (he's) the one tracking (us) down
Hawk Moth: (from his lair) Ladybug and Cat Noir are toying with you Oblivio. If you can't manage to find them…"
oblivio_adrien_0012,The office. Marinette and Adrien are holding Marinette's phone while watching news clips with Tikki from earlier in the day.,"Marinette: The drawing! There was a drawing on the elevator wall! I remember now. It was a turtle. I saw it earlier when I was looking for my mom's number. (She scrolls through her contacts) There it is! (she shows Adrien)
Adrien: You left yourself a message! So smart
Master Fu: Hello?"
oblivio_adrien_0013,The office. Marinette and Adrien are holding Marinette's phone while watching news clips with Tikki from earlier in the day.,"Fu: You two know your true identities, then. (they look at each other)
Adrien: We're not supposed to?
Fu: That's okay, the Miraculous Ladybugs will repair everything anyway. (Adrien shrugs)"
oblivio_adrien_0014,The office. Marinette and Adrien are holding Marinette's phone while watching news clips with Tikki from earlier in the day.,"Fu: Okay. Listen carefully, the red kwami's name is Tikki. (Tikki flies closer) She gives you your powers (Tikki and Marinette look at each other) Say, ""Tikki, spots on,"" and you'll transform into Ladybug. You'll find an emergency user's guide in your bug phone. Adrien, your kwami's the black one. His name is Plagg. (Marinette looks at Adrien) Tell him, ""Plagg, claws out,"" and you'll become Cat Noir again. The rest is in your cat phone
Adrien: But, my kwami took off
Fu: You won't be able to transform without him— (The phone turns black. Marinette squeals and they look at each other worriedly. They hear a rumbling and look up out the window at the growing bubble.)"
oblivio_adrien_0015,The office. They turn away from the window.,"Marinette: It's time to bring Ladybug back
Adrien: Wow, that was amazing!
Ladybug: (looking at herself) Thanks, but I don't feel like a superhero at all
Adrien: You've already proven that you are one, with or without a costume. (Ladybug smiles and shakes her head)
Ladybug: (looking at her yo-yo) Okay, there seems to be a kind of button here. (presses on the lid and it opens) User's guide? (several icons pop up around a question mark; she scrolls) ""Yo-yo's features, capturing the akuma, one-time power, Lucky Charm…"" wha— (her call out activates the superpower) Aaah! (she throws the yo-yo on the floor) Ee–! (She receives a teapot and catches it) Uh! What am I supposed to do with this? Make (tea)?
Adrien: Maybe it's part of a puzzle, or a riddle?
Ladybug: You're right, it must just be (one) part of the solution, but, how am I gonna find (the) solution?
Adrien: Don't worry, you always have the right idea at the right time, you got this!
Ladybug: (nodding) Mm hm. (She jogs in place and inhales) Hoo. It's time for action!
Adrien: (reaches for her) Marinette, I want to fight beside you. (picks up a white pipe) If we're a couple, then we'll be stronger together
Ladybug: But you don't have your kwami (or) your superpowers. And without your costume, the villain would know your true identity. (Adrien looks down dejectedly and sighs. She grabs the hand he's holding the pipe with.) But most of all, I wouldn't want anything to happen to you. I'm starting to understand how much you mean to me, Adrien. (kisses him on the cheek) Please, stay there. Ladybug is here to protect you! (runs off)
Adrien: (touching his cheek) Whoa. I don't need any memory to know that I love that girl
Ladybug: ""The Miraculous enhances all physical abilities."" Well, that'll come in handy"
oblivio_adrien_0016,The roof. Ladybug is running away from Oblivio's blasts. She trips on her yo-yo and falls to the ground.,"Oblivio: (laughs evilly and jumps in front of her) You've forgotten your reflexes, huh? (walks towards her) Now we're gonna make sure you forget everything else, including your Miraculous!
Adrien: Attacking m'lady on the ground, did you forget your manners?
Ladybug: Adri—(covers her mouth)"
oblivio_adrien_0017,"The street outside Montparnasse Tower. Ms. Bustier, Alya, and Nino get on the class bus. People are chatting.","Chloé: Hey!
Adrien: (as Nino sits next to him) I haven't played it yet, but it looks fun
Alya: (to Adrien) All you need is to find the right partner. (She turns) Right Marinette?"
oblivio_adrien_0018,Adrien's room. Adrien is also looking at the photo on the Ladyblog.,"Tikki: Who knows? Maybe you still have some things to learn about him
Adrien: I can't believe it, Plagg. She finally fell in love with me, and I've forgotten all about it! (pounds his head on the desk repeatedly, then stops)
Plagg: (eating Camembert) You're right, that's really unlucky. (throws a wedge into his mouth and makes eating noises)
Adrien: You know what? (sits up) It doesn't matter. If it happened once, it can happen again. At least now, (leans down) I know my dream can come true"
oni_chan_adrien_0001,Agreste mansion. Lila and Adrien get out of the car and walk up the mansion stairs where Nathalie is standing while Marinette spies on them through the gate.,"Nathalie: Mr. Agreste is busy designing and must not be disturbed for any reason
Adrien: I told you so
Lila: Oh, Adrien. I so wanted to help you make up all the schoolwork you missed due to all the modeling you've been doing lately. What will your father think if he finds out about your lower grades, Adrien? Who will he believe?"
oni_chan_adrien_0002,Agreste mansion. Lila and Adrien are walking to Adrien's room.,"Lila: See? You never know until you ask nicely
Adrien: You didn't ask nicely. You lied, Lila
Lila: You told me yourself that your A- in math is your lowest grade, didn't you?"
oni_chan_adrien_0003,Adrien's room. Lila notices a picture of Adrien and Kagami.,"Lila: This girl in red is pretty. Who is she?
Adrien: That's Kagami. We take fencing classes together
Lila: She looks so nice. You'll have to introduce me to her sometime. Did you know I lived in Japan for a few years?
Adrien: Lila, didn't you want me to help you with your homework?"
oni_chan_adrien_0004,Adrien's room.,"Plagg: (obviously disliking Lila) Why are you so nice to that girl? She lies with every breath and snoops through your drawers as soon as your back's turned
Adrien: You snoop through my drawers too, Plagg
Plagg: Yeah, but we both know I'm only looking for cheese. But she... well, we have no idea what she's looking for
Adrien: Perhaps she's just looking to be a little less lonely
Plagg: (shrugs and starts counting his cheese) One, two, three, four, five"
oni_chan_adrien_0005,"Adrien's room. Adrien is typing on his computer when Kagami shows up. She becomes white oni like creature, named Oni-Chan.","Adrien: (annoyed) I don't have any girlfriends!
Adrien: Plagg, claws out! (transforms into Cat Noir)
Oni-Chan: Lila. (A spooked Lila runs and hides) Lila Rossi!"
oni_chan_adrien_0006,Collège Françoise Dupont.,"Marinette: I trust him, Alya. Adrien could never love a girl like Lila, not in a million years
Adrien: Sorry, I’ve got fencing. Besides, I think you’re already light years ahead of me when it comes to calculus
Lila: Actually, I have memory loss after all this traveling I’ve done. I need to learn everything again from scratch
Adrien: (angrily) Nathalie and my bodyguard got reprimanded last time because of you
Lila: I’m sorry, Adrien. Please, I didn’t mean to
Adrien: Lila, you can always count on me. But not if you hurt the people I love. (walks away)
Lila: (receives a call from an unknown number, which she answers) Hello?"
optigami_adrien_0001,Stage,"Kagami: Go, Adrien! Run!
Adrien: Kagami, NO!
Style Queen: (her arm returns) Since you want to play the hero, you'll be the first to get fired! (blasts her staff at Kagami, turning her into a pile of glitter. Adrien and Chloé run away.)"
optigami_adrien_0002,"Lift. Adrien goes inside the lift, with Plagg flying out of his shirt, so he can transform into Cat Noir.","Shadow Moth: We must find the others before Ladybug shows up
Adrien: Plagg, cl-
Marinette: Tik- (noticing Adrien, she panics) -ki!! Tik! Tik! Tik! Tik! Tok! Tik! It's time to get out of here!
Adrien: Uh, yeah! I was about to go and get some help. (press a button on the elevator)
Marinette: How gorgeous of you- I mean, how brave of you!"
optigami_adrien_0003,Stage. Alya reads Marinette's new message.,"Marinette: (voiceover) Yeah!
Adrien: (voiceover) I'm stuck in an elevator with Marinette
Nino: (smiles, and turns to Alya) This is so cool! Marinette and Adrien are stuck together"
optigami_adrien_0004,"Nathalie's room. She also hears a voice in the elevator, so she sends Optigami into the elevator to see who is in there.","Marinette: No no, not prehistoric times! (looks at Adrien, smiling at him)
Adrien: Shh!
Barkk: Hello? Hello? Hello? She's in trouble for sure, what are we gonna do?"
optigami_adrien_0005,"Nathalie's room. She also hears a voice in the elevator, so she sends Optigami into the elevator to see who is in there.","Style Queen: Ha ha!
Adrien: Argh, I
Marinette: I"
party_crasher_adrien_0001,Adrien's room. Adrien is talking to Wayhem through a video chat.,"Adrien: I'm really sorry, Wayhem, but I've got a casting this afternoon and then a private fencing lesson. (notices Wayhem tearing up) But we will hang out soon. You're my number one fan after all. (Wayhem dries his tears) My father never lets me hang out. I never have friends over, either
Wayhem: Seriously? You never have friends over? (Adrien shake his head) That's harsh. One of these days, I'm gonna come over and change your dad's mind and we'll have a rocking good time. For real!
Adrien: My father doesn't change his mind very easily, but I appreciate the thought. Okay, gotta go finish my homework before the shoot. See you, Wayhem
Wayhem: Bye, Adrien. (hangs up)"
party_crasher_adrien_0002,Adrien’s room. Adrien types on his computer until the boys show up with the bodyguard.,"Max: So we’ve come up with a plan to right this injustice
Adrien: That’s really cool of you all. But my father would never allow this. It’d be best if you... (notices the guys’ disappointment) Uh, but hey! As long as it’s not for very long and he never, ever finds out about it
Boys: Hang out time! (look around Adrien’s room)"
party_crasher_adrien_0003,Adrien’s room. Adrien types on his computer until the boys show up with the bodyguard.,"Nino: Man, you’ve got the coolest stuff!
Adrien: You ain’t seen nothing yet. (throws a basketball into his basketball hoop and his piano emerges from the ground)
Boys: Awesome!"
party_crasher_adrien_0004,Adrien’s room.,"Marinette: Proves my point. They’re all together. And I may have an idea of where they could be. (checks phone) Adrien’s dad left town for Tokyo’s fashion week. While the cat’s away, the mice will play
Adrien: Why can’t we just answer Marinette?
Nino: Because… you don’t want to get distracted from your only chance to hang out with your guys
Adrien: But isn’t Marinette... one of my guys?
Nino: Yes... but no. Right now, she’s with her guys, so we aren’t going to go and disturb her and her guys. Otherwise we wouldn’t be the good guys. Get it?
Adrien: This whole guy thing’s super complicated
Nino: Okay... music! (Adrien opens one of his drawers) Woah! These can’t be your awesome old records
Adrien: They were my mother's
Nino: Uh, wait a sec. Is this as loud as it gets? Hey, Max and Markov! Can you do something to turn it up?"
party_crasher_adrien_0005,Adrien’s room. The bodyguard lets Nathaniel and Marc inside.,"Max: (to Adrien) Woah! Your house has an insane power supply, Adrien. It could compete with a nuclear power station
Adrien: My father always has to own the biggest and the best
Nino: Cool! Give me the biggest and the best. (Max redirects all the power to the speakers, increasing the volume so much that it knocks away Marinette, who was about to ring the doorbell, and several cars)"
party_crasher_adrien_0006,Adrien's room. More party guests begin to enter.,"Mr. Banana: (swings from the ceiling) Stay peachy!
Adrien: Is hang out time always like this?
Nino: No, but it should be"
party_crasher_adrien_0007,"Adrien's room. Mr. D'Argencourt, André, Janel, Roger, Hessenpy, and Marinette are doing the Stationation dance when Marinette trips and her disguise comes off. Everyone is shocked.","Party Crasher: (bursts into the room) So, Adrien? Too busy for your number one fan? Well I'll make sure you never forget to invite me to one of your parties again. (They all laugh at him, until he begins absorbing them all, then they flee) Adrien! Where are you, Adrien!?
Adrien: (while running from Party Crasher) Marinette, run and hide! (runs into the dining room) Plagg, let's boogy!
Marinette: (hides behind a chair) Tikki, spots on! (She transforms into Ladybug. In Adrien's room, Party Crasher absorbs Marcov, disconnecting him from the computer.)"
party_crasher_adrien_0008,Adrien's room. Everyone is cleaning.,"Nino: Scrub harder, guys! Any trace of our awesome hang out time must be long gone before Mr. Agreste gets back
Adrien: I'm sorry, Wayhem. I swear I had no idea my friends were gonna surprise me
Wayhem: What matters is that you great time, with or without me. And now I get to clean house with my idol. This is the best day of my life!"
penalteam_adrien_0001,Stade des Princes,"Plagg: Ah, for pity's sake anything but soccer please! (In the arena's bathrooms)
Adrien: Sorry, but Ladybug and I are a team. Plagg, Claws Out! (A flash of green light appears from inside the stall)
Didier Roustan: (From inside his yellow ball) Just when it seemed all hope was lost, Ladybug enters the field!"
pixelator_adrien_0001,Le Grand Paris. Jagged Stone sees the shades Marinette bought. But they aren't the right shades.,"Chloé: Chloé, of course
Adrien: Look out, Chloé!
Pixelator: Look into the lens, miss!
Adrien: What the"
pixelator_adrien_0002,Dupain-Cheng House. Marinette's room. Marinette tries to find something.,"Chloé: Ugh! I still can't get through to Daddy! How can there be no cell reception here? Ridiculous!
Adrien: It just goes on forever. No doors, no walls, no nothing
Chloé: You mean we're stuck here? Just... (getting soft) just the two of us?
Adrien: Uh, no. There's gotta be a way out somewhere. (Sees Chloé hugging him) I hope"
pixelator_adrien_0003,The streets. Adrien hides under a billboard.,"Adrien: I think you're right. But where's the akuma?
Adrien: Plagg, claws out! (Adrien transforms into Cat Noir)
Pixelator: I've kept my part of the deal, Ladybug, now bring me Jagged Stone!"
pixelator_adrien_0004,Jagged Stone's concert.,"Jagged Stone: Good evening, Paris! (everyone cheers and makes loud noises)
Adrien: (to Marinette) It's my first live concert, ever! It's amazing!
Marinette: (grins) Yeah, amazing!"
plagg_webisode__adrien_0001,Outside the Agreste mansion,"Adrien: Hi guys! It's me, Adrien. And that's my kwami, Plagg. My life hasn't been the same since I met him
Gabriel: Everything you need is right here, where I can keep an eye on you. I will not have you outside in that dangerous world
Adrien: And then, Plagg showed up"
plagg_webisode__adrien_0002,Outside the Agreste mansion,"Adrien: Plagg, claws out! (Adrien transforms into Cat Noir)
Adrien: Cat Noir can go wherever he wants, whenever he wants
Cat Noir: Can I hitch a ride?
Adrien: And he gets to fight supervillains with the strong, the incredible, the miraculous, Ladybug"
plagg_webisode__adrien_0003,Outside the Agreste mansion,"Adrien: Plagg goes everywhere with me. School, fencing classes, photoshoots. We can't be separated for long, in case I need to transform. And that's the problem, you see, Plagg is kind of a special kwami. He's out of control, arrogant-
Adrien: way! you're like the Genie in the Lamp!
Plagg: I met him once. So he grants wishes, big deal! I'm way more personable
Adrien: He even pretended that he caused the extinction of the dinosaurs! And most importantly, he's completely obsessed with cheese! The smellier the better, if you ask Plagg. His guilty pleasure is camembert, he'd do anything for camembert. Also, he's super lazy. Every time we have to go on a mission, it's the same. It's the only time I get to be myself, meet Ladybug, and save Paris with her! But Plagg always comes up with an excuse not to move a muscle"
plagg_webisode__adrien_0004,Outside the Agreste mansion,"Adrien: He even pretended that he caused the extinction of the dinosaurs! And most importantly, he's completely obsessed with cheese! The smellier the better, if you ask Plagg. His guilty pleasure is camembert, he'd do anything for camembert. Also, he's super lazy. Every time we have to go on a mission, it's the same. It's the only time I get to be myself, meet Ladybug, and save Paris with her! But Plagg always comes up with an excuse not to move a muscle
Adrien: We got to transform now, Plagg
Plagg: I thought I was going to be a spectator, not a performer
Adrien: If I listened to him, we'd spent our days eating camembert and watching TV. But in spite of his flaws, I'm glad to have him in my life. Plagg is always here when things get tough
Plagg: You okay?
Adrien: He's the only one I can tell about my double life or talk to about Ladybug
Plagg: How can you possibly be in love with Ladybug? You don't even know who she really is!
Adrien: He loves teasing me about it. Deep down, I know he's right. Ladybug and I must keep our identities secret, it's part of being a superhero. But a boy can dream, right? Anyway, I don't know why was chosen to become Cat Noir, or why Plagg came to me. But I can't picture my life without him anymore. He's allowing me to live my life to the fullest, all nine of them!
Plagg: Come on, let's have a little fun while your father's away!
Adrien: Alright, I'm going to try to find a nice piece of camembert for him. I think his birthday is coming soon. I wonder what a kwami's birthday looks like. Don't worry, I'll tell you all about it. See you later!"
protection_adrien_0001,"Jardin des Tuileries. The gang form two groups to formulate a plan for Adrien and Marinette's date, starting of with Marc's group for Adrien's part.","Nathaniel: The (moment) will be magical!
Adrien: But I'm allergic to pigeons!
Marc: There's no risk since you'll be in a pod! A pod streaming Kitty Section's romantic music LIVE!"
protection_adrien_0002,"Interior, the Agreste mansion, in the kitchen. Adrien and Kagami are seen behind Gorilla who is preparing a meal.","Gabriel: (painfully breaking free from Tomoe's hold) Because I don't have much time left. (slightly rolls up his sleeve to show his cataclysmed arm)
Adrien: I've always seen Marinette acting funny in my presence. I thought that was just the way she was. I thought it was sweet. I thought it was just her charm. But now that I know it's because she loves me and she freaks out about telling me, I feel bad. Because it means that this whole time she's been uncomfortable around me, and I haven't done anything to help her
Kagami: But you didn't know
Adrien: It doesn't take away from her suffering. I just wish she could feel more at ease when she's with me. Otherwise, one day, it'll be too late and she'll give up
Kagami: What can I do to help, Adrien?
Adrien: Thanks, but it's not up to you or anyone else to help. (I'm) the one who's gotta do something"
protection_adrien_0003,"Interior, the Agreste mansion, in the kitchen. Adrien and Kagami are seen behind Gorilla who is preparing a meal.","Adrien: Thanks, but it's not up to you or anyone else to help. (I'm) the one who's gotta do something
Adrien: I know everyone wants to see us happy together but it's putting a lot of pressure on us. With or without kissing, With or without kissing, the important thing is that we feel good when we're together, right? I'd do anything to make that happen! (rubs the back of his head)
Kagami: Looks like your doubts are finally gone
Adrien: Yes, Kagami. I'm ready"
protection_adrien_0004,"Interior, the Agreste mansion, in the kitchen. Gabriel and Tomoe enters the room.","Gabriel: (to Adrien) I didn't know that you and Kagami weren't seeing each other anymore. You were such a... (perfect) couple. It's a shame
Adrien: Kagami's perfect, but... not perfect for me
Gabriel: You underestimate yourself. You and Kagami are... of the same design
Adrien: I just feel better with Marinette
Gabriel: You're clinging to Marinette because her mediocrity allows you to shine with less effort. But you're better than that
Adrien: There's no one better than Marinette, Dad! If only you knew her! She's generous, funny, creative, brave! Mom told me about how you met. You too came from two different worlds, but that didn't stop you from loving each other! Why shouldn't it be the same for Marinette and me?
Gabriel: (starts fidgeting with his ring from behind) Adrien, I'm your father. I know what's best for you better than you do. That is why I'm forbidding you to have any relationship with Marinette Dupain-Cheng"
protection_adrien_0005,"Interior, the Agreste mansion, in Nathalie's room. Nathalie is seen on her computer while Adrien sits beside her, looking lost in thought.","Marinette: It's probably because his father wouldn't allow it again. That's okay, we'll see each other some other time. Nothing to worry about at all. You have to take things as they are, don't you?
Adrien: (sighs heavily) Father forbids to have any relationship with Marinette. But how am I supposed to do that when we're in the same class?
Nathalie: Adrien, listen to me. When it comes to your love life, you’re free to decide whatever you want to do. Don’t let anyone else tell you how to act. Not now, not ever
Adrien: You're right, Nathalie. I don't know what came over me. (brings out his phone again, opening it to message Marinette once more)"
protection_adrien_0006,"Interior, the Agreste mansion, in the foyer. As the two enters the mansion, Adrien hushes down Marinette so no one could catch him sneaking her in. They make a run to the kitchen to get the wicker basket from Gorilla.","Adrien: (after grabbing the wicker basket from Gorilla) Thank you
Adrien: I, uh, forgot something. (gives Marinette the basket) Don't go anywhere. (He runs to the door, leaving Marinette in the kitchen, puzzled. He comes back a few seconds later, changed in his pajamas as well...) It's better this way. (...to which Marinette smiles.)
Marinette: (leaning on the stone fence) Wow!"
protection_adrien_0007,"Exterior, the Agreste mansion, in the courtyard. Adrien and Marinette are lying on the picnic blanket, staring at the clouds.","Adrien: A horse! (He points at one of the clouds, too.) How about that one?
Adrien: Are you sure you're ready?
Marinette: Yes
Adrien: I've never admired the clouds in my pajamas with anyone before....is it always this amazing?
Marinette: Adrien, I"
protection_adrien_0008,"Exterior, the Agreste mansion, in the courtyard. Adrien and Marinette are lying on the picnic blanket, staring at the clouds.","Riposte Prime: No, I am Riposte Prime!! (leaps down to attack them with her sword as Marinette and Adrien are able to evade it) Adrien! Move away from that liar right now!
Adrien: Kagami, we've talked about this! Marinette's finally less afraid now!
Riposte Prime: You pathetic, naïve fool! You were too weak to take the initiative when it came to loving me, but now you're ready and willing! Would you have gone this far if it weren't for her little act??"
protection_adrien_0009,"Interior, the Agreste mansion, in Adrien's room. Adrien brings Marinette in and locks his door.","Riposte Prime: You're good. You almost had me fooled again! (strikes to attack Marinette, only to be blocked by Adrien with his saber)
Adrien: Run, Marinette!
Riposte Prime: (pointing her sword at Adrien) Stay here, my sweet Adrien. I'm going to take care of Marinette and stop her from hurting everyone else around her! (touches Adrien with her sword and confines him inside the indestructible sphere, freeing Gorilla in the courtyard) And then, we can finally be happy again. You and me
Adrien: No!!
Riposte Prime: You really are a great actress!"
protection_adrien_0010,Place du Châtelet. Riposte Prime prevents Marinette from escaping.,"Riposte Prime: Never again! (touches Marinette with her sword and captures her in a sphere, setting Adrien free in his room)
Adrien: We gotta bring Kagami to her senses! Plagg. claws out! (transforms into Cat Noir)
Riposte Prime: In here, your little puppy eyes won't fool anyone anymore!"
protection_adrien_0011,Place du Châtelet. Riposte Prime prevents Marinette from escaping.,"Kagami: She warned me that you'd always manipulate your way out with lies
Adrien: Then, maybe you'll listen to (me.) Marinette's not a liar nor a manipulator. (walks towards them) She's brave, generous. She listens to others. Unlike Lila, her actions prove it every day. And that's why I love her. I'm sure deep down, you can feel it, too
Kagami: I'm sorry. I let my emotions get the better of me again and cloud my judgment. I'm so weak. Please forgive me"
protection_adrien_0012,"Exterior, the Agreste mansion, in the courtyard. Adrien and Marinette are lying again on the picnic blanket. This time, with crestfallen faces.","Kagami: (sobbing) It's not your fault
Adrien: Want to try again?
Marinette: I... I'm going to head home. You're not mad, right?
Adrien: I understand. It's alright. You have all the time in the world"
psycomedian_adrien_0001,"Flashback from ""The Bubbler"". Outside the school.","Marinette: Aaah! (She stops right in front of Adrien.) Um, haha! Hey! (She waves nervously as she holds her gift behind her back.)
Adrien: (sharing a surprised look with Nino) Hey
Alya: (placing her hand on Marinette's shoulder) One of your best Marinette moments ever, no doubt"
psycomedian_adrien_0002,"Flashback from ""Gigantitan"". Trocadéro.","Alix: Like that time you were amazing at the Trocadéro?
Adrien: But we can take you home if you want it
Rose: Whew"
psycomedian_adrien_0003,"Flashback from ""Gigantitan"". Trocadéro.","Marinette: No, it's okay! I'll take a coleslaw home. Thanks!
Adrien: Okay... Enjoy your meal, then. (gets in the car) See you at school tomorrow! (He closes the car door, and the car drives off.)
Marinette: Fine. So I've made zero progress"
psycomedian_adrien_0004,"Collège Françoise Dupont courtyard. Marinette paces up and down in front of her friends, thinking of a new strategy.","Nino: See, dude? I told you! Hilarious, right?
Adrien: Uh... (laughs nervously) Right! Really funny, Nino
Nino: I gotta show you his other sketches. It's insane that you don't know Harry Clown! (laughs)"
psycomedian_adrien_0005,"Grand Palais, outside, front.","Marinette: (laughs) Yee-haw!
Adrien: Marinette?
Marinette: Oh! Adrien! You like Harry Clown too?
Adrien: Uh, I've been invited, but I
Marinette: You think he'll do his sketch on the clumsy sheriff?
Adrien: Uh... the clumsy who?
Marinette: Ohhh! Oh, where did my hat go?
Adrien: Uh... right there
Marinette: Yee-haw!"
psycomedian_adrien_0006,Grand Palais. Harry walks off and sees Marinette sobbing.,"Adrien: Talk about dark comedy
Adrien: Plagg, claws out! (Adrien transforms into Cat Noir.)
Bob: Forty years in the business and I've never seen this. A comedian who doesn't wanna do comedy! Can you believe that!"
psycomedian_adrien_0007,"Back at the sewers, the heroes are about to de-transform to feed their kwamis.","Psycomedian: Wanna bet? Boo-hoo-hoo! (face turns into sadness, causing Bob to cry) Unless you want to spend your whole life crying, agree to do my film!
Adrien: Feeling any... better, m'lady—?
Marinette: ("
psycomedian_adrien_0008,"Back at the sewers, the heroes are about to de-transform to feed their kwamis.","Tikki: You think I'm having fun?! I'VE BEEN DOING THIS FOR THOUSANDS OF YEARS, YOU KNOW! (angrily eats her macaroon)
Adrien: (sighs) Maybe she'll calm down once she transforms again?
Plagg: (mumbles ""I don't know"")"
queen_banana_adrien_0001,Jardin des Tuileries. Outside the van.,"Marinette: Thanks, Adrien. It's really gorgeous of you—I mean, generous of you—to come help us
Adrien: Happy to, Marinette. My father said it was for the good of the film. (Marinette nods and raises her hand, and the cage gets lifted by a helicopter.)
Chloé: At least (he) is worth saving"
queen_wasp_queen_s_battle_part_2__adrien_0001,"Grand Palais, interview area. Nadja Chamack is live on television.","Audrey: (puts the hat back on Adrien's head) Then come to New York with me! I'll make you the biggest name in fashion! I'm sure you'll even upstage Gabriel!
Adrien: I'll be able to model for you! (smiles looking at Marinette)
Sabine: (Marinette looks at her parents) We'll be here for you honey, no matter what you decide!"
queen_wasp_queen_s_battle_part_2__adrien_0002,Adrien's car. Gabriel and Adrien are in the car driving back home.,"Tom: Let's go back home. (walks out of the Grand Palais with Marinette and Sabine)
Adrien: I hope Chloé doesn't do anything foolish. (Adrien looks at his father)
Gabriel: I'm sure Ladybug and Cat Noir will deal with her. (Nathalie looks back at Gabriel through the car's rearview mirror as Adrien sighs, annoyed)"
reflekdoll_adrien_0001,Collège Françoise Dupont. Marinette and her friends are chatting in the courtyard.,"Alya: (to Adrien) I was wondering if you could help us out with a fashion shoot
Adrien: I'd love to Alya, but I have to get home or else my father
Alya: I know, (but) you were supposed to be in Olga Mendeleiev's class today, and since she's not here, you (technically) don't have to be home for another, entire (hour.) Your dad won't know any different!"
reflekdoll_adrien_0002,Marinette's room. The girls and Adrien prep for the photo shoot.,"Alya: (videotaping them on her phone, whispers to Marinette) Psst! This is totally your chance to ask him to the movies! (Marinette squeaks)
Adrien: Alix, could you shine the light a bit more on Juleka's shoulders, please? I want her to stand out. (Alix does so, and chuckles triumphantly) Does that work for you, Marinette?
Marinette: Huh? Uh, sure! You're perfect— I mean, it's perfect!
Adrien: (takes the hair clip from her) This one! It'll compliment the suit really well
Marinette: I thought the same thing, Madrien, ah—! (shouts) Adrien! (chuckles nervously)"
reflekdoll_adrien_0003,Marinette's room. The girls and Adrien prep for the photo shoot.,"Alya: Of course! Awesome idea, Marinette! The coolest thing about your designs is that they work just as well with guys, as with girls. A guy? A girl? Same suits? What do you think Adrien, are you in?
Adrien: If it helps
Alya: See? This is gonna be awesome! Give Marinette your suit, Juleka— and Marinette, grab another suit for Adrien! (Juleka groans. The girls set up folding screens for them to change. Alya hands Adrien some jewelry.) Here are your accessories, created by the one and only Marinette Dupain-Cheng! (whispers to Marinette) Just bought you some extra time to ask him out! You're welcome"
reflekdoll_adrien_0004,Marinette's room. The girls and Adrien prep for the photo shoot.,"Rose: I love the outside!
Adrien: (getting pulled out by Mylène) Heeey!
Alix: C'mon, let's go! (Marinette sighs)"
reflekdoll_adrien_0005,Outside the Bakery. Marinette and friends are getting into The Gorilla's car.,"Alya: To the Eiffel Tower, please!
Adrien: Thanks for coming to fetch us
The Gorilla: (grunts disapprovingly)
Adrien: We've got a little time before school's officially over! (lowers his voice) Doing this to help my friends out"
reflekdoll_adrien_0006,"The Trocadéro. The friends are in the middle of the photo shoot, laughing as they do so.","Tikki: Eww
Adrien: Hide in the car!
Marinette: What about you?
Adrien: I'll uh"
reflekdoll_adrien_0007,Paris rooftops. Lady Noire and Mister Bug bound across them.,"Mister Bug: Spots off! (He detransforms. Tikki lands in his hands, and he gives her a bite of camembert. He begins taking off the earrings, which appear flat and silver.)
Adrien: See you again, soon, Tikki
Tikki: Goodbye, Adrien! (takes the miraculous, which turn round and polka-dotted when she grabs them, and flies away)"
reflekta_adrien_0001,Collège Françoise Dupont.,"Vincent: The rest of you boys, go stand in the middle row
Adrien: It's no big deal Chloé! As long as we're all in the same photo, right?
Vincent: Perfect! You guys are awesome! Now stop squirming and let's get this photo shot!"
reflekta_adrien_0002,Collège Françoise Dupont.,"Chloé: Hey! Nobody asked you loudmouth!
Adrien: This isn't gym class, you know Chlo!
Vincent: You, over here, you here, and you here. (everyone changes spots) There, perfect!"
reflekta_adrien_0003,Court of the school.,"Marinette: Hey! What are you doing? Where's Juleka!
Adrien: How'd you get here?
Chloé: Urgh, who cares? At last, I'm in the right spot!"
reflekta_adrien_0004,Collège Françoise Dupont. Marinette and Tikki watch Principal's office from the stairs.,"Adrien: (sees the damage) Time to transform!
Adrien: Plagg, claws out! (Adrien transforms into Cat Noir)
Cat Noir: (runs to the school main entrance) It's blocked!"
representation_adrien_0001,In a hotel room in London. The television is tuned in a news broadcast.,"Adrien: (from the broadcast) Kagami is the greatest love of my life. You only love once — the first time, and it's forever
Adrien: How did I get into this mess?
Plagg: (while smudging his foot on the plastic covering an English cheese) By letting your father decide your future and selling your life story through a fake narrative, as usual! (Adrien deeply sighs.) Forgive me, I was a bit harsh"
representation_adrien_0002,"Exterior, Dupain-Cheng Residence. Cat Noir lands on the balcony railing as he stares at the trapdoor to Marinette's room.","Plagg: ﻿What's happening, Adrien?
Adrien: (pants) ﻿Ladybug didn't perform a Miraculous Ladybug. ﻿The nightmare's still here!
Tikki: That was one sad fairy tale, Marinette"
revelation_adrien_0001,"Interior, Collège Françoise Dupont, in Art classroom.","Alliance Adrien: From now on, we will be the ones making your daily life easier
Alliance Kagami and Adrien: Because together, we're always stronger!
Lila: Oh, right! The update! I actually wanted to tell you today. Taking this class has been an eye-opener for me. I'm tired of the fame and all my superficial connections to people in the world. I suggested this avatar change. This way, I'll be able to fully dedicate myself to my passion for my painting, among real friends! Thank you, Sabine! (embraces Sabine) You're like a mother to me"
revelation_adrien_0002,"Interior, Collège Françoise Dupont, courtyard. Adrien and Marinette walk inside the school grounds together, hand-in-hand, and are greeted by students gossiping about the new Alliance avatar update.","Marinette: Did you know about that update?
Adrien: No
Rose: Hey, Adrien? Doesn't your father know that you and Kagami broke up? And that now, you're about to live the most romantic love story ever with Marinette?
Adrien: Yeah. He knows
Rose: But then... what he's doing, presenting these avatars as a couple, is a lie?
Adrien: Doesn't matter. These avatars are just images, Rose. They're not really us"
revelation_adrien_0003,"Interior, Collège Françoise Dupont, in Ms. Bustier's classroom. Hoaxer continues to spread lies through her widespread Alliance transmission.","Ivan: Come on, Adrien! (pulls Adrien up)
Adrien: I have to find Marinette before they do!
Mylène: We'll help you!
Adrien: Oh... Okay. You guys check the nurse's office, I'll check the library!"
revelator_adrien_0001,Île aux Cygnes. Alya and Marinette are watching a video from the Ladyblog sitting under an umbrella on a carpet on the sand.,"Adrien: Yes. Yeah. People are nice but sometimes I just wish I had a simple life where everyone didn't stare at me or everyone didn't know every single thing going on in my life
Nino and Adrien: Hey girls! (extend ice-cream towards them but it melts and falls down. Adrien looks at the ice-cream, sad)
Marinette: You see, these cones are just like me. They immediately start melting when they are around you (Adrien smiles and they both kiss)"
revelator_adrien_0002,"Agreste mansion, Adrien's room","Marinette: That's impossible Alya. Why would he try to hurt us? We didn't do anything to him
Adrien: We don't even know him
Alya: He's not trying to hurt you. He doesn't care if he does. All he wants is to create buzz for his channel"
revelator_adrien_0003,"Café Crème, exterior","Vincent: See? You don't know exactly
Adrien: You also said that Marinette had bewitched me
Vincent: It just means that you're under her spell. Is that not true? You two seem very much in love, aren't you?
Adrien: Uh, we are but-"
revelator_adrien_0004,"Café Crème, interior","Marinette: At first I thought, 'I hate this guy' because I assumed he was best friends with Chloé, the girl who bullied me at school
Adrien: And I didn't understand why she didn't like me
Marinette: I thought Adrien had stuck gum to my seat but he was actually trying to peel off Chloé's gum
Adrien: But things got better
Marinette: Thanks to the umbrella"
revelator_adrien_0005,"Café Crème, interior","Marinette: Oh! No. No
Adrien: I thought I had made a new friend
Marinette: And I thought there was no way he'd ever fall in love with a girl like me"
revelator_adrien_0006,"Café Crème, interior","Marinette: I was clumsy, always stammering, tripping over stuff. He never knew, what I was going to do. I don't know. How could you ever fall in love with me?
Adrien: It's because you're so... unique
Vincent): (claps) There! This is love. True love. Pure love. You two are so cute, people are going to love it"
revelator_adrien_0007,"Cinema, interior","Girl: How can you still be with her after what she said about you?
Adrien: What are you talking about?
Girl: Well, she did say that she hates you"
revelator_adrien_0008,"Cinema, interior","Girl: So you actually did say such a thing
Adrien: This has to be taken out of context
Girl: You really need to stop making excuses for her Adrien. It's obvious she's manipulating you"
reverser_adrien_0001,School Art Room. Marinette is sitting at a table with Marc's book.,"Marinette: Look at his face, of course he does
Adrien: It's rude to spy on people
Marinette: Eh.. (quickly spins around) No! It's not what you think at all! It's just that... it's gonna be... eh... Nathaniel's birthday soon and, ehm, Marc and I wanted... to give him a disguise... I mean, surprise!
Adrien: (not paying it) Cool! (winks) Very typical of you, Marinette. Well, if you need any help with that, let me know
Marinette: Sure won't! (higher pitched voice from embarrassment) Sure will. (slumps)"
reverser_adrien_0002,"Somewhere else in Paris. Adrien is sitting in his car, listening to the news.","Ladybug: (from the paper airplane) AAAAA... (she flies past Adrien's car window) ...AAAAHHH!
Adrien: (to The Gorilla from outside) I forgot my fencing gloves, since traffic's so bad, I'll go get them and catch up with you on foot. (he leaves the car but the bodyguard wants him to stay)
Hawk Moth: (from his lair) Be clever, Reverser. A writer must never be short of ideas"
revolution_adrien_0001,"Interior, the Agreste mansion, in Adrien's room. Adrien looks at a photo of Marinette in his phone","Man 2: (from the broadcast) Besides, it won't be for long anyway. She said there'll be a ""decromatic"" election
Adrien: Don't worry, Marinette. This won't last long. Someone's bound to do something. I need to tell you—
Marinette: (on-call) Yes, you're right. (We) gotta do something. But what? I'm going to call everyone. We'll figure out (that) something together. Whoever comes up with an idea first calls the other one back. (hangs up)
Adrien: It'll be the right time another time"
revolution_adrien_0002,"Exterior, in front of Collège Françoise Dupont. Adrien is seen standing before the school","Adrien: Today's the day, Plagg. I'm going to tell Marinette everything
Adrien: Woah
Nino: This was an idea from Marinette, Alya and Mylène. Those girls got skills, dude!
Adrien: That's for sure, Nino"
revolution_adrien_0003,"Pont des Arts. Adrien walks, filled with determination once more, towards Marinette, who is buying an ice cream from André","Ladybug: Well, it's ugly, but Monarch had nothing to do with it
Adrien: Today's the day. I'm going to tell Marinette (everything.)
Marinette: Adrien! Your father knows the Bourgeois family well. You could ask him to do something to stop Chloé
Adrien: Talking to my father won't solve anything. Because right now
Marinette: Is something wrong with him?
Adrien: Well, my father is—"
revolution_adrien_0004,"Interior, City Hall. Adrien angerly barges in the Mayor's office","Adrien: Chloé!
Adrien: What have you done?!
Queen Mayor: Adri-nothing! It took you long enough! Oh, I know what you're going to say. (mocks Adrien) ""Meanie Chloé, I hope you didn't do anything to the baker girl!"" Oh, I'm so terrified! I'll get punished! (blinks innocently and cackles) Kidding! I couldn't care less, and there's nothing Adri-traitor can do! Otherwise, I'll tell Dupain-Cheng that he's been lying to her, that he didn't tell her he was going to London to obey his daddy like a nice little puppet!"
revolution_adrien_0005,"Queen Mayor's ""detention"". Adrien is de-immobilzed in a white arena that switches from being bathed with red to white light depending on the surrounding screens","Queen Mayor: (from the screen, now red again) Ridiculous! You'll always be ridiculous!
Adrien: How did Chloé pull this off? (runs around) Marinette? Marinette!
Queen Mayor: (from the screens, white again) I will always be there for you; you can count on me
Adrien: (off-screen) Marinette!"
revolution_adrien_0006,"Exterior, the Agreste mansion. Adrien runs towards the mansion's main doors and opens them, only to be stopped by his father who was already waiting for him inside","Gabriel: Go pack your bags. The plane to London leaves in an hour
Adrien: Dad, tonight's the end-of-the-school-year dance—
Gabriel: Adrien, I am your father, and I refuse to hear another word!"
revolution_adrien_0007,Marinette's room. Marinette is holding her phone and Tikki watches her with sadness in her eyes as well,"Adrien: I have to leave Paris. (his voice breaks) I'm not worthy of your love. I feel terrible for hurting you
Adrien: (on-call) I'm sorry
Marinette: (crying) I made you a promise, Adrien, remember? Well, I'm going to keep it! I'll never abandon you! (runs off, with Tikki flying behind her)"
riposte_adrien_0001,Collège Françoise Dupont. Mr. D'Argencourt paces between two lines of students.,"Armand: (Gestures with his arm to his students.) Get into position
Adrien: Seems like you're looking for someone?
Marinette: Yeah, I thought Adrien was here. You know, a boy this tall (she gestures to about Adrien's height then puts her hand to her cheek.), blond, nice, super handsome?
Adrien: (lifts up his helmet to reveal his face.) Thanks for the compliments!"
riposte_adrien_0002,Collège Françoise Dupont. Mr. D'Argencourt paces between two lines of students.,"Adrien: (lifts up his helmet to reveal his face.) Thanks for the compliments!
Adrien: I didn't know you were into fencing, Marinette
Marinette: A-Adrien! Nice to fencing, I'm totally into you! Uhh, I mean, nice to see you! Yeah, I'm totally into fencing
Adrien: (Chuckles gently and smiles.)"
riposte_adrien_0003,Collège Françoise Dupont. Mr. D'Argencourt paces between two lines of students.,"Marinette: (She awkwardly puts her helmet on, glances at Adrien, and holds her saber upright).)
Adrien: Bend your knees, then stretch your left foot back, turned outwards. (Marinette does so.) Perfect! (He moves to her side, putting his arm around her to have her lean forward, using his other hand to guide hers so her saber is pointing out.) Now, put your saber forward, like this
Marinette: (Blushes and giggles again.)"
riposte_adrien_0004,Collège Françoise Dupont. Mr. D'Argencourt paces between two lines of students.,"Marinette: (she pushes up her helmet.) Thanks!
Adrien: (He also pushes his helmet up.) All I did was lunge. You've got good reflexes! (He puts his helmet down again and readies himself again) En garde!
Marinette: (She puts her helmet back down and likewise gets into position.)
Adrien: Prêt, allez!"
riposte_adrien_0005,Collège Françoise Dupont. Mr. D'Argencourt paces between two lines of students.,"Adrien: Prêt, allez!
Adrien: Attack, parry, riposte, counterattack. The point goes to you, Marinette
Marinette: (Once more pushes her helmet up.) I don't get it. You hit me first
Adrien: (He also pushes his helmet up.) With saber fencing, the attacker doesn't necessarily win the point even though he touched his opponent first. You took the initiative, so we say that you had priority. I can only parry or riposte, so I lose
Marinette: But everything's happening so fast, I mean, how can you know who won the point?
Adrien: We don't always know for sure. That's why you can also abstain. Shall we continue? (He lowers his helmet.)"
riposte_adrien_0006,Collège Françoise Dupont. Mr. D'Argencourt paces between two lines of students.,"Armand: Adrien, please give our visitor a lesson in chivalry
Adrien: (smirks and lowers his helmet.) I shall, Master
Marinette: (Gasps and looks down at the ground.) Great. There goes any chance I had of making the team. This guy's obviously better than everyone"
riposte_adrien_0007,Collège Françoise Dupont. Mr. D'Argencourt paces between two lines of students.,"Armand: Adrien?
Adrien: Fine with me. (He unplugs his body cord.)
Marinette: (to the student on her right.) But how will we know who touched the other one first?"
riposte_adrien_0008,"Collège, outside the library.","Adrien: I'm going to offer him a decisive match. (He goes running after Kagami, grabbing her saber from the ground as he goes. Kagami is about to get into her car when Adrien catches up to her) Hey! Wait! Your saber!
Adrien: (Momentarily stunned by her appearance.) Let's do a... decisive match? (As he speaks, he notices Kagami's ring.)
Kagami: What's the point? You won. There's no such thing as a second chance in my family. Goodbye. (She gets into her car, which drives off.)
Adrien: H-Hey! What's your name?!"
riposte_adrien_0009,Adrien's car.,"Kagami: On my honor, Hawk Moth, I shall be victorious! (She transforms into Ripsote, slicing open a new sun roof into her car and leaving.)
Adrien: She's the only daughter belonging to a family of prestigious fencers. Her mother and grandfather were both world champions. I've read about them before! She and her mother just moved to Paris! How incredible!
Riposte: I'm taking you up on your offer of a decisive match!
Adrien: I- I can't fight you like this! You're not... yourself
Riposte: Fight!"
riposte_adrien_0010,Adrien's car.,"Riposte: Give me a moment, Adrien. I must finish her off, first! But don't worry- I haven't forgotten about you! I won't be long
Adrien: Don't let her close in on you! Fight back!
Ladybug: Thank you, but now get out of here. She doesn't deserve you. (She moves in to attack Riposte, but is knocked flat on her back)
Adrien: Watch out Ladybug! (He dives at her and they roll out of danger right before Riposte could skewer Ladybug.) Ouch! (Adrien holds his hurt ankle.)
Ladybug: Are you hurt?
Adrien: I'm fine
Ladybug: I need to get you as far away from that girl as possible
Adrien: Sounds like a plan
Ladybug: What kind of fencing was that?
Adrien: Nothing like I've ever seen before
Ladybug: It's going to be hard for me to fight and protect you at the same time. (attempts to call Cat Noir) Where are you, Cat Noir?
Adrien: Maybe he's busy?"
riposte_adrien_0011,Adrien's car.,"Riposte: (growls angrily and glares at them.)
Adrien: I'm sure Marinette wasn't trying to humiliate you
Ladybug: (offended) Of course not!
Adrien: Uhh... (looks at her questioningly.)
Ladybug: (Laughs nervously.) I mean, I'm sure that was the case"
riposte_adrien_0012,Adrien's car.,"Adrien: Don't really have a choice do I? Ladybug needs me
Adrien: Plagg, c-!
Ladybug: Adrien, you okay? (She leans around the chimney.)
Adrien: Uhh, yeah, and you?
Ladybug: I'll feel better once your safe, far away from that girl. Come on, let's go"
riposte_adrien_0013,King Tut exhibit.,"Ladybug: I won't let you lay a hand on him!
Adrien: It's time we went and joined Ladybug
Plagg: Didn't you hear what she said? She said to wait here! You can't disobey her!
Adrien: I've gotta help her!"
riposte_adrien_0014,King Tut exhibit.,"Ladybug: Where could he have gone?
Adrien: (Steps out into sight.) Ladybug?
Ladybug: (Sighs in relief.) There you are!
Adrien: Yeah, I'm sorry. I figured it would be better to escape before Riposte came along. Besides, I... (He scratches the back of his head awkwardly) ... hate to be locked up. (He looks at her sheepishly)
Ladybug: (gasps) I'm so sorry! You did the right thing. (She shakes her head in shame)
Adrien: (He moves as if to say something, then seemingly opts to say something else.) S-so, uh... So Cat Noir finally turned up, huh?
Ladybug: Yes, thankfully! Between you and me, he's much better at fencing! (She mimes fencing.)
Adrien: (chuckles) And... Riposte?
Ladybug: The girl is safe. (Her earrings beep.) Oh no! I'm about to change back! (She glances between Adrien and Kagami's saber, then resigns herself and points to it) You should be the one to return that"
riposte_adrien_0015,Outside the Louvre.,"Tikki: That sounds like a good start to me!
Adrien: Please, take it. (He again holds out Kagami's saber to her.)
Kagami: (She glances between Adrien and her saber for a moment before taking it back) I'll be happy to get to know your friend Marinette! (She and Adrien bow to each other. She and Adrien look at each other for a moment before Adrien holds out his hand.)
Adrien: My name's Adrien. What's yours?
Kagami: Kagami. (She takes Adrien's proffered hand and shakes it, then walks to her car. She looks back at Adrien.) Get ready for that decisive match!
Adrien: I can't wait, Kagami"
risk_shadow_moth_s_final_attack_part_1__adrien_0001,"Gabriel's atelier. Lila Rossi, Bob Roth, and Vincent are present.","Adrien: I'm willing to take that risk!
Adrien: (angrily) Father, I need to talk to you!
Gabriel: (angrily) Now's not the time, Adrien! Go change into the clothes you're supposed to be wearing!
Adrien: Yes, Father"
risk_shadow_moth_s_final_attack_part_1__adrien_0002,Gabriel's atelier,"Gabriel: There will be no pasteboard backdrops, Bob. I want sincerity! I want truth! This shoot will last several months all over the world. Adrien and Lila are leaving this afternoon
Adrien: What? I can't leave Paris!
Gabriel: Is there a problem, Adrien?"
risk_shadow_moth_s_final_attack_part_1__adrien_0003,"Collège Françoise Dupont, Courtyard","Adrien: That's what my father's decided
Adrien: If only you knew how sick I am of all of it, the photos, the film shoots, all these people fawning over me who don't even know me! These ads that don't make any sense? And now I'm expected to just leave my friends and travel to the end of the world for I don't know how long, with Lila??
Marinette: Why don't you tell them all that you don't wanna do this?
Adrien: No one would understand my complaining. They all think it's amazing what's happening to me
Marinette: I understand you
Adrien: (smiles) Well, you're the only one
Marinette: You've gotta talk to your father, Adrien
Adrien: I've tried but I can't. I don't know why. He's my father, though, I love him! I know he loves me! It's all so... frustrating! Has there ever been something you wanted to tell someone but you just couldn't do it, as if some kind of invisible force was holding you back?
Marinette: All the time"
risk_shadow_moth_s_final_attack_part_1__adrien_0004,"Collège Françoise Dupont, Courtyard","Mr. D'Argencourt: You so richly deserve to finally see the beauty of this world!
Adrien: You're right, I am lucky, and I'm gonna miss you all so much
Lila: We're not leaving alone, friends, we're bringing every single one of you with us in our hearts"
risk_shadow_moth_s_final_attack_part_1__adrien_0005,"Adrien’s room. Adrien goes to pack his things sadly but to his surprise, he sees Félix sitting on top of his luggage.","Max: That's why I brought my ducky!
Adrien: (gasps in shock and surprise) Félix?
Félix: Hi there, my favorite cousin
Adrien: How did you get in?
Félix: (mockingly imitates Adrien) Oh, Nathalie! There was a problem with the car so I walked home but I forgot my keys!
Adrien: (angrily) That's not how I talk!
Félix: (rudely) You're right, you sound even more pathetic
Adrien: (coldly) Why are you here this time? To mock me or ruin my reputation with my friends?
Félix: (smiling) Neither. I'm here to save you
Adrien: (bluntly) I'm doing just fine, thank you
Félix: (sarcastically) Oh yeah, I can see how happy you look. (he reveals his phone which shows Nadja's broadcast that morning, and zooms into Adrien, who looks sad) You don't expect me to believe that leaving Paris and your super cool, super nice friends behind is really what you want, do you?
Adrien: (furiously throws his clothes) I don't know what I want
Félix: I know, and that's why the second I saw your face on TV this morning, I left London to get you out of this mess. Freedom is something you make Adrien. For starters, you gotta stop doing everything your father tells you to
Adrien: I can't disobey him
Félix: (rebelliously) You can't, but I can. Remember how we'd pretended to be each other when we were little? We're gonna do the same thing. Because unlike you, I can say no to your father
Adrien: I know my father. He'll never give in
Félix: Or maybe your fear keeps you from seeing a hidden side of him. If I succeed, you get to go back to your school and your super nice friends tomorrow. So? Do you want to take that risk and try it?
Adrien: You're right! But what am I gonna do in the meantime?
Félix: For once, whatever you want. You only have one life, Adrien"
risk_shadow_moth_s_final_attack_part_1__adrien_0006,"Place des Vosges. Adrien, dressed as Félix, is having conversation with Plagg.","Adrien: No! Félix is gonna call me any second
Adrien: Kagami?
Kagami: (angrily) Adrien, I saw you on TV this morning, and I know that you (don't) want to leave. Once again, you let your (father) decide for you! (harshly) How long are you going to remain (his puppet), Adrien?
Adrien: (shocked) But... my cousin is gonna talk to him, and-
Kagami: (annoyed) This just keeps getting better. You're letting your COUSIN do things for you now? Who's pulling the strings of your life? Your cousin? Your father? Me, when we were together? It's never YOU! You're only good at doing what people tell you to do! Dare to cut your strings, Adrien! (stops and contemplates for a moment, then genuinely apologizes for her harsh manner) ...Forgive me if I hurt you. (hangs up sadly)"
risk_shadow_moth_s_final_attack_part_1__adrien_0007,Agreste mansion. Gabriel bids 'Adrien' goodbye.,"Félix: Thank you, Father
Adrien (v.o.): ""Félix, stop everything. I'm on my way.""
Ladybug: Oh, no! I'm too late!"
risk_shadow_moth_s_final_attack_part_1__adrien_0008,Agreste mansion. Gabriel bids 'Adrien' goodbye.,"Ladybug: Oh, no! I'm too late!
Adrien: I should've known... he's tricked me again! It's time to end this game! I'm gonna talk to my father!
Ladybug: Adrien! Adrien, you can't leave, I need you!"
risk_shadow_moth_s_final_attack_part_1__adrien_0009,"Gabriel's atelier. Adrien enters, searching frantically for his father... but to no avail.","Ladybug: Adrien!
Adrien: Father... father?
Nathalie: Your son is safe, sir"
robostus_adrien_0001,Science classroom. Marinette and Max enter and go to their seats while Olga Mendeleiev is asking Denis Damoclès for help with her laptop.,"Nino: Dude, that's so cool!
Adrien: Max is a real genius!
Rose: He's so cute!"
robostus_adrien_0002,The boys' bathroom. Adrien runs into a stall so he can be hidden.,"Adrien: You really are something
Adrien: Plagg, claws out! (Adrien transforms into Cat Noir.)
Fred: (gesturing the students to hide in a room) Come on! Hurry! Over there!"
rocketear_adrien_0001,Boiler room. The akuma flies over Adrien and Nino.,"Adrien: I can't leave Nino like that!
Adrien: (unhappy) Plagg, claws out!
Alya: And that's why he showed up in the middle of the night, because of this video I post on the Ladyblog. He thought I was in love with him.(laughs)"
rocketear_adrien_0002,"Adrien's room. Adrien is looking at a post of him with Ladybug, Rena Rouge and Carapace at Ladyblog on his computer.","Ladybug: (fistbumps) Pound it!
Adrien: I still can't believe Ladybug entrusted Alya and Nino with those Miraculous
Plagg: (while eating camembert) Of course she did. She's the Guardian
Adrien: But they're a couple and they know each other's secret identities
Plagg: So...? (eats the camembert)
Adrien: So, why does she make it a rule that we can't know each other's identities but it's okay for them?
Plagg: She's the Guardian, the Grandmaster Cheese Ripener, and you and I are just cheese on the platter. She decides what's on the menu"
rogercop_adrien_0001,"Street. Olga Mendeleiev throws a piece of litter on the floor, and Rogercop grabs the litter. He flies to where Olga Mendeleiev is.","Fred: Wait! I can't control my arm! What are you--
Adrien: What do you mean I can't transform?
Plagg: If you transform, the bracelet will get absorbed with me and damage your powers!
Adrien: Ahhhh...(He is irritated and groaning then he walks to the locker room while carrying Plagg)"
rogercop_adrien_0002,Locker room. Adrien tries to remove the bracelet from Plagg's head.,"Plagg: I-I thought it was a Camembert box! Anyone can make a mistake!
Adrien: You're always thinking with your stomach! Wait... hmm. (he takes a piece of Camembert and he spices it with pepper) A bit of pepper
Plagg: (he sniffs the Camembert and sneezed) Ah, ah, Ah-CHOO! (then flies off, the bracelet is removed from his head)
Adrien: Gesundheit!"
rogercop_adrien_0003,Locker room. Adrien tries to remove the bracelet from Plagg's head.,"Adrien: Gesundheit!
Adrien: Plagg, claws out! (Adrien transforms into Cat Noir)
Mr. Bourgeois: I'm warning you! If you don't find my daughter's bracelet by this evening, I'll cut off all your city funds for the school. Understood?"
sandboy_adrien_0001,"Marinette's room. Marinette is lying in bed, she talks in her sleep.","Marinette: He must be bringing nightmares to life
Nightmare Adrien: One day, Chloé and I will have a house together (pokes his head out of the hatch) and we'll have a hamster named (Marinette)
Marinette: (closes the hatch) Ssh!"
sandboy_adrien_0002,"Marinette's room. Marinette is lying in bed, she talks in her sleep.","Marinette: Tikki, spots on! Oh, no! I forgot! It's... I've gotta find Tikki!
Nightmare Adrien: (Marinette). The prettiest and smartest one of all is (Chloé)!
Tom: ♪ The little grain of wheat goes to bed and wakes up as some lovely bread. ♪ (Sleeping sand falls around him) Hmm?"
sandboy_adrien_0003,Adrien's room. Adrien is still studying. Sleeping sand falls around him. Iron bars appear in front of all doors and windows.,"Tom: Ahhh! What kind of nightmare is (this)?
Adrien: What's going on?! Plagg! Wake up! (Adrien pulls sheets off of his bed and he sees the sock-puppet; he gasps) Plagg! No! Who turned you into a sock?
Sass: My friends, the time has come. (all kwamis go to their own spot) Fellow kwamis, tonight, as you know, we have a special opportunity to create a connection with Nooroo. But we must put our voices together in order to achieve this. Kwamis, sing!"
sandboy_adrien_0004,"Adrien's room. Adrien is running, but wherever he goes, iron bars appear in front of him, closing him in slowly.","Nightmare Adrien: Marinette. I'm in love with Chloé!
Adrien: Nathalie! Father! Can anybody hear me?!
Tikki: (gasps; she and Plagg fly over to Sass) We won't make it, Sass"
sandboy_adrien_0005,"Fu's massage shop. Wayzz, Tikki and Plagg emerge from the phonograph to see Master Fu being chased by ghosts and Marinette using a pillow to defend herself against Nightmare Adrien.","Plagg: Of course not! Flowers? Pwah! (green bubbles come out of his mouth) No way! The real one talks nonsense but it's never (this) bad
Nightmare Adrien: Hortensias, roses and (Chloés). (Marinette shrieks)
Plagg: I'd better go find him. I just hope he's not living a nightmare without me around. Ooh. (sounds concerned and flies through the window)"
sandboy_adrien_0006,Adrien's room. Adrien is still struggling to get out of the iron-bar-prison he's trapped in.,"Plagg: Adrien! Are you okay?
Adrien: Plagg! I'm so relieved you're not a sock, but you better have a good excuse
Plagg: Good to see you've managed to survive your nightmare
Adrien: Quick! Plagg, claws out! (Adrien transforms into Cat Noir)"
sandboy_adrien_0007,Parisian streets. People are still running and screaming everywhere. Cat Noir lands on a roof and watches the chaos below.,"Ladybug: Miraculous Ladybug! (throws the sword-tip into the air and the Ladybugs return everything to normal; Nightmare Ladybug is struggling to get her sword out of the chimney, and then vanishes thanks to the Ladybugs)
Nightmare Adrien: (is walking through the streets) Marinette! (vanishes)
Ladybug and Cat Noir: Pound it! (they fist-bump)"
sandboy_adrien_0008,"Fu's massage shop. Master Fu looks agitated, crossing his arms.","Plagg: (sees Marinette's and Tikki's snuggles and groans) Hmph. (Plagg floats to Adrien in his room and hugs him; the latter is surprised) Thank you, Adrien!
Adrien: Plagg! Something wrong?
Plagg: No. Just... thanks for letting me do whatever I want. Almost all the time
Adrien: I know what it's like to have your freedom restricted, Plagg. You don't need to pretend to be a sock
Plagg: (hugs Adrien) You're the best Cat Noir I've ever had, Adrien! (lets go) But, let's not get too cheesy about it now, huh? (Adrien snickers)"
santa_claws_adrien_0001,Agreste mansion. Adrien and Nathalie are decorating the Christmas tree.,"Adrien: Check it out, Nathalie. Do you think he will like all the decorations?
Adrien: He should be down here already. Did you call him?
Nathalie: Perhaps we should give him... a few more minutes
Adrien: What's the point? He's not coming. (Adrien walks and his bodyguard gives him Marinette's present.) Thank you. (Adrien walks up to his room.) Merry Christmas both of you"
santa_claws_adrien_0002,Adrien's room. Adrien is seen complaining about his father.,"Adrien: (full of fury and hatred towards to his father) He's still only thinking of himself! I just want this terrible day to be over and done with! I hate Christmas!
Adrien: (unhappily) Plagg, claws out! (Adrien transforms into Cat Noir)
Cat Noir: (♫ It's Christmas in Paris, all is cheery and bright! But I'm all alone tonight. (Marinette and her parents are seen having a Christmas dinner.) Families are together, with their gifts by their side. Only Cat Noir's alone tonight. (Chloé and her father are seen having a Christmas dinner.) There's no warmth for me, no tenderness for me. I'm alone like a cat in the night! I'm a sad lonely kitty! won't anyone take pity? Cat Noir is alone tonight! Cat Noir is alone tonight! ♫)"
santa_claws_adrien_0003,Streets of Paris. Adrien walks in the cold. He talks to Plagg.,"Boy: Yeah! Totally. No way you're the real Santa Claus!
Adrien: Hey! What's wrong with you? Even if he's not the real one, what would Santa think of your behavior?
Man: The young man's absolutely right. Kids, say sorry right now"
santa_claws_adrien_0004,"Outside the Agreste mansion. Adrien rings the doorbell while Santa is behind him, Gabriel answers.","Gabriel: Really now? That would make me the Easter Bunny. You're here for money, I suppose? I'll get my bodyguard to deal with you
Adrien: No, you're wrong, father!
Ladybug: (confronts them, angrily) No, he's not. Your father's got the right idea. He's a supervillain under Hawk Moth's control
Adrien: What?"
santa_claws_adrien_0005,"Outside the Agreste mansion. Adrien rings the doorbell while Santa is behind him, Gabriel answers.","Ladybug: You're safe now. Go on home
Adrien: No wait! Plagg--
Nathalie: Adrien"
santa_claws_adrien_0006,"Agreste mansion, Gabriel's atelier. Gabriel talks to Adrien in front of his mother's portrait.","Nathalie: I think it's for you. (they go to the foyer and open the front door) I informed everyone that Adrien was home, safe and sound, sir. They were all worried about their friend
Adrien: Oh please, father. It's Christmas!
Gabriel: Of course. Come on in"
sapotis_adrien_0001,Adrien's room. Adrien is watching the news.,"Nadja: (on TV) These miniature monsters seem to be attacking more and more people throughout Paris! (Two Sapoti clones attack Nadja) And... Oh!
Adrien: I think we better take care of this, Plagg. Plagg?
Plagg: (hides all of his Camembert in a cupboard) These food thieves are real dangers! (closes the door) What are you waiting for?!"
sentibubbler_adrien_0001,"Agreste mansion, in Adrien's bedroom.","Nadja: (on TV) Keep your distance, Clara. Don't take any risks until Ladybug and Cat Noir get there
Adrien: (worried) Nino! Marinette! (stands up) Plagg?
Plagg: (smiling) Well, good! By the time we're back, maybe this cheese will become edible!
Adrien: Plagg, claws out!"
silencer_adrien_0001,Agreste mansion. Adrien is practicing piano in his room while Plagg flips through channels on the TV until he spots Silencer through the window.,"Plagg: Adrien, come see this
Adrien: What is it? (sees Ladybug through the window) Ladybug?
Plagg: Looks like we got a problem
Adrien: Plagg, claws out! (transforms into Cat Noir)"
simon_says_adrien_0001,TVi Tower.,"Marinette: (shocked) Gimme a break! You're being ridiculous
Adrien: (shocked) No! It's okay!
Alec: Victory! Challenge conquered by Nino. You moved your head to the beat, Mayor Bourgeois! That counts as dancing!"
simon_says_adrien_0002,TVi Tower.,"Alec: Relieving an itch to the beat counts as dancing, too! Nino, congratulations. You'll return in one week to meet your next challenge! And now, for our next contestant, welcome Simon Grimault!
Adrien: (To Nino, who comes back from the stage) Awesome, dude!
Alec: Mr. Grimault, you are a hypnotist. You use cards to hypnotize people to get what you want from them!"
simon_says_adrien_0003,TVi Tower.,"Alec: Huh?
Adrien: That's my dad, all right
Alec: Looks like Mr. Agreste has turned on your challenge. Game over!"
simon_says_adrien_0004,"Outside the studio. A group of people are waiting for the elevator, but Simon Says comes out of it.","Cat Noir: Uh... you're right. Maybe he's hiding. I'll leave you to look for him. Let's meet up at Gabriel Agreste's place later on. (closes the door) Finding Adrien will be a piece of cake! (turns back into Adrien)
Adrien: Plagg, hide. (Meets Ladybug and Nino) Nino!
Nino: Adrien! Dude, you okay?
Adrien: I'm fine. (sees Ladybug; timidly) ...Hello?"
simon_says_adrien_0005,Agreste mansion.,"Gabriel: Good evening, Ladybug
Adrien: Father, you've gotta get outta here. The hypnotist Simon Says is coming after you!
Gabriel: What? And be dictated by a madman? Certainly not
Adrien: But father, he's dangerous! Who knows what he'll do?
Gabriel: Head up to your room now. You've had enough excitement for today. Nathalie, make sure they stay there. I have to apologize for my son, Ladybug. He's like his mother. Way too overly dramatic"
simon_says_adrien_0006,Agreste mansion.,"Adrien: What can I say? It's the model in me! (enters the shower; to Plagg) Why doesn't my father ever listen to me?
Adrien: Plagg, claws out! (Adrien transforms into Cat Noir)
Gabriel: Isn't he flawless?"
simon_says_adrien_0007,Agreste mansion. Ladybug and Nathalie enter Adrien's room.,"Ladybug: Take Nino to the atrium. I'll take care of Adrien. Leave the remote control with me. (Nathalie gives her the remote control; Ladybug knocks on the bathroom door) A--drien? Adrien?! (Cat Noir enters the bathroom and hears her. He turns the shower on.) Uh, Adrien? Uh, Eeee!
Adrien: (Pokes his head around the corner) Yeah?
Ladybug: Uhh! He he. Must... it-eh, to go! Too dangerous... to leave!
Adrien: Can I put on my clothes first?
Ladybug: Sure! If you must... I-I mean, of course you can. (shuts the bathroom door)"
simon_says_adrien_0008,Adrien's room. Ladybug sees there is a picture of Mrs. Agreste on the computer.,"Adrien: Gotta help her!
Adrien: Plagg, claws out!
Plagg: Not again!"
simpleman_adrien_0001,"Interior, Marinette's room. Inside the Miracle Box, Ziggy, Sass, and Barkk look terrified.","Marinette: Of course, I am! I'm answering, and speaking to him! Very normally. (press the button from her phone and calls) Adri-mine? Uh! Adrien, how are you? You need me to do you a... favor?
Adrien: (from the Eiffel Tower, calling Marinette) There's no one here on the set to repair it. And since I know how talented you are with sewing, I was hoping you could come and give me a hand
Marinette: In marriage? I'd love to! I didn't mean that first part or the second part. I mean, I'd love to help you, not marry you. Heh-heh! (declines) Operation Adrien's Rescue is a go. I'm jumping directly from level 2, ""talking to him"", to level 48, ""doing Adrien a favor""! And once I've helped him out, since he's so nice, polite, and grateful... He'll ask me"
simpleman_adrien_0002,Under the Eiffel Tower.,"Adrien: No, Plagg! The simplest thing is to do as Ladybug does. She's always right and I love her. So I'll just do what she does!
Adrien: Plagg, claws out!
Pilot: Thank you, Cat Noir!"
simpleman_adrien_0003,Eiffel Tower. Marinette is lowering the fishing rod.,"Marinette: Adrien!
Adrien: Marinette?
Marinette: The ice cream umbrella likes sewing perfume angels! Ah! No! What I'm trying to say is that ice cream will eat your wings to sew them back up in a song. Ah! Uh! Do you like fishing?
Adrien: I don't know, I've never tried it
Marinette: Me neither! Well, I'm not gonna keep you any longer, okay? Now that you've got your wings back"
sole_crusher_adrien_0001,"Adrien's room. Adrien is playing video games, and Plagg is eating a wheel of camembert, both sitting on Adrien's couch. Kaalki teleports through and splats on Adrien's window. The open portal takes Plagg's wheel of camembert, its container, Adrien's history textbook, an Ultimate Mecha Strike III DVD box, and Adrien's foosball table before the portal closes.","Kaalki: (frantically)There's a villain in Paris and the Guardian can't take care of it right now! (slower) Sorry, Mr. Noir. About your room
Adrien: Don't worry, Kaalki. Ladybug will fix everything later. (off-screen transformation) Plagg, claws out! (green light glows from his window)
Sole Crusher: (singing) Chloé!"
sole_crusher_adrien_0002,"The Liberty. Alya walks up to Zoé, standing next to Marinette","Marinette: Let me introduce you to everyone. Guys. (the music stops) This is Zoé. She just arrived here from New York
Adrien: Hi
Luka: Hi"
startrain_adrien_0001,Outside Collège Françoise Dupont.,"Master Fu: Ladybug definitely deserves a bit of fun, just like all young people her age
Adrien: See you tonight! (he walks towards the school, but as soon as the car drives away, he runs to the train station) Hawk Moth already struck last night, so there's no chance there'll be another Akumatization today
Plagg: A day of vacation, finally! Far from Paris and those annoying akumas. Good idea, Adrien"
startrain_adrien_0002,Gare du Nord.,"Nino: (also just arriving) Adrien, whoa! What are you doing here?
Adrien: I'm tired of my father keeping me from going on school field trips
Nino: You're disobeying him, dude?
Adrien: Technically not, because I didn't tell him about this one!
Nino: That's sneaky smart, my dude. (chuckles)"
startrain_adrien_0003,Passenger car in the Startrain.,"Sabrina: Oh! (puts on Chloé's mask for her, then backs away with her head down.)
Adrien: (showing Myléne his tablet) It's Big Ben!
Marinette: (groans) That was so embarrassing"
startrain_adrien_0004,Passenger car.,"Alya: Would you mind swapping seats, Adrien? I wanna chat with Nino
Adrien: Sure! (He sits next to Marinette, and puts his headphones in.)
Adrien's Headphones: Lesson Three"
stoneheart_origins_part_2__adrien_0001,Inside the school.,"Chloé: Look out, she's angry! She's going to split her underwear and turn into a huge muscly monster! (Alya huffs and walks off)
Adrien: Hey, Chloé!
Chloé: Adrikins! You came!"
stoneheart_origins_part_2__adrien_0002,Literature classroom. Adrien and Chloé enter after he was signing autographs in the hallway.,"Chloé: Wow. This is your seat, Adrikins. I saved it for you. Right in front of (me)!
Adrien: Thanks, Chloé. (sees Nino) Uh. Hey! Adrien. (offers his hand to Nino for a handshake)
Nino: You're friends with Chloé, then, huh?
Adrien: (sees Chloé and Sabrina putting gum on a seat) Hey! What's (that) all about?"
stoneheart_origins_part_2__adrien_0003,Literature classroom. Marinette and Alya enter the classroom. Marinette sees Adrien picking at the gum in her seat.,"Nino: Why didn't you tell them it was Chloé's idea?
Adrien: I've known Chloé since I was a little kid. I know she's not perfect, but I can't throw her under the bus. She's like my only friend
Nino: I'm Nino, and it's time for you to make some (new) friends, dude. (offers hand to Adrien for handshake; Adrien accepts)"
stoneheart_origins_part_2__adrien_0004,"The locker room, at Adrien's open locker.","Marinette: Wait! Your bag! (runs after Alya)
Adrien: My first day at school and I don't even make it past roll call
Plagg: A day off? Now that's what I'm talking about!
Adrien: Oh, no, no, no, no. We've got homework to do"
stoneheart_origins_part_2__adrien_0005,"The locker room, at Adrien's open locker.","Adrien: Oh, no, no, no, no. We've got homework to do
Adrien: Plagg, claws out! (Adrien transforms into Cat Noir)
Chloé: You have no idea who you're dealing with. My daddy, the mayor, will bring in the police, the army, the entire cavalry!"
stoneheart_origins_part_2__adrien_0006,Literature classroom.,"Nino: Dude, you wanna make friends, right? Well, go talk to Marinette. You know, about the chewing gum
Adrien: But what should I say to her?
Nino: Just be yourself
Adrien: Hey. (Marinette still ignores him; he opens his umbrella) I just wanted you to know that I was only trying to take the chewing gum off your seat. I swear. I've never been to school before. I've never had friends. It's all sort of new to me"
stoneheart_origins_part_2__adrien_0007,Outside the school. It is raining.,"Adrien: Hey. (Marinette still ignores him; he opens his umbrella) I just wanted you to know that I was only trying to take the chewing gum off your seat. I swear. I've never been to school before. I've never had friends. It's all sort of new to me
Adrien: See you tomorrow. (walks down the stairs)
Marinette: Uh-huh! See you to... mo... tomo.. Haha! Whoa, why am I stammering?"
stoneheart_origins_part_2__adrien_0008,Outside the school. It is raining.,"Plagg: (peeks out of Adrien's shirt and looks at him) First day of school and we already have two lovebirds
Adrien: Pfft. Whatever, she's just a friend. Oh, a friend... (smiles and blushes then he enters the car and goes home)
Wayzz: Excellent choice, Master"
stormy_weather_2_adrien_0001,Flashback ends from Gorizilla; Flashback from Gamer begins: Marinette and Adrien are playing video games together.,"Marinette: (Oh! Hahaha. Sorry.)
Adrien: (No, you go.)
Both: (I'll use the other one. (both take each other's hands) Ah! (each take their controllers)"
stormy_weather_2_adrien_0002,Flashback ends from Riposte; Flashback begins from Befana: Adrien giving Marinette her birthday present.,"Adrien: (he holds out his gift to Marinette) You never got a chance to open it with all that was going on.)
Adrien: (I always carry the lucky charm you gave me with me wherever I go, and I think it works pretty well. So... I figured it was my turn to make one for you.)
Marinette: (You're so wonderful... Oh, uh- it's wonderful, what a charm! Uh... luck charm! I-I'll wear the charm um, with luck! Basically, um... thank you.)"
stormy_weather_2_adrien_0003,Flashback ends: Agreste mansion. Nathalie begins coughing and falls to the floor.,"Gabriel: I feel a strong negative emotion. We’ll finish this later. (reaches the buttons to his lair)
Adrien: (bursts in) I have to tell you how amazing this photoshoot was, Dad. (notices that his father is glaring at him) I'm sorry, Father. It was very interesting
Gabriel: You’ll tell me all about it later, Adrien. I'm busy at the moment
Adrien: In that case, can I go out and meet up with my friends?
Gabriel: You'll see them at school tomorrow. (Nathalie escorts Adrien out)"
stormy_weather_2_adrien_0004,Adrien's room.,"Aurore: All right, Hawk Moth. (transforms into Stormy Weather II)
Adrien: (lies down on his bed and sighs) My father will never change
Plagg: I like people who never change. That way you always know what to expect"
stormy_weather_2_adrien_0005,Flashback ends: Flashback from The Bubbler begins.,"Adrien: And for once, his birthday gift to me was amazing
Adrien: (to Nino) Hey, dude!)
Alya: (Yo! Nice scarf, Adrien. Off the chain.)
Adrien: (Yeah, can you believe my dad got this for me? (Marinette looks surprised) It's so awesome. He's given me the same lame pen for three years in a row.)"
stormy_weather_2_adrien_0006,Flashback ends: Adrien's room.,"Plagg: Your father's like one of those wheels of cheese with a very thick rind. Once you manage to sink your teeth into it, you realize it's all soft inside. Or slightly rotten
Adrien: Plagg, you're really gross. But you're right. Thank you. (he and Plagg then hear a loud shake)
Plagg: It's not me! I swear I didn't use my Cataclysm!
Adrien: (looks outside and sees a giant volcano) What is that?!"
stormy_weather_2_adrien_0007,Flashback ends: Adrien's room.,"Adrien: (looks outside and sees a giant volcano) What is that?!
Adrien: Plagg, claws out! (Adrien transforms into Cat Noir)
Stormy Weather II: I'm going to use this volcano to move the Earth away from the sun. Soon the world will plunge into a perpetual winter, and Earthlings will be nothing but frozen food. Then you'll realize just how powerful I really am. (laughs evilly and creates lightning)"
stormy_weather_2_adrien_0008,Flashback ends: Flashback from Antibug.,"Adrien: She has always been that way. She never changes
Adrien: She's just so Ladybug
Plagg: You mean like the time she stood you up after you invited her on a romantic date on a Paris rooftop, or when she told you that she was in love with someone else?"
stormy_weather_2_adrien_0009,Flashback from Dark Cupid.,"Adrien: I'd never noticed, Marinette's writing. Remember this unsigned card I got on Valentine's Day?
Adrien: (he sees the card and he is surprised that someone responded to his poem while he is sitting on his bed) Whoa, hold up! Someone answered my poem? But I threw it away! (he starts to read the poem) ""Your hair shines like the sun, your eyes are gorgeous green, I look at you and wonder your innermost thoughts and dreams. Yes, your Valentine I will be, our love will be so true, together for eternity, my heart belongs to you."" (he gasps)
Plagg: (Aww, well, anyone who writes as sickeningly sweet as you must be your soulmate.)
Adrien: Of course, it couldn't have been from Ladybug. It had to have been from someone at school, but Marinette?"
stormy_weather_adrien_0001,The Place des Vosges.,"Civilians: Oh no! Ahh!
Adrien: Uh? (runs to a tree and opens his bag, but it's empty) Plagg? Plagg!
Plagg: I'm not here! I'm sleeping!"
stormy_weather_adrien_0002,The Place des Vosges.,"Adrien: Great, but there's no time to talk cheese
Adrien: Plagg, claws out! (Adrien transforms into Cat Noir)
Ladybug: Why did I leave Manon? I should have never done that! No. Alya's right. She's in good hands. I must trust her. (to Alya and Manon) I'll get you out of there! Let's wire-cut this icy cake!"
strikeback_shadow_moth_s_final_attack_part_2__adrien_0001,Adrien's room.,"Adrien: I'll have to talk to my father later! (runs off)
Adrien: Plagg, claws out! (transforms into Cat Noir and leaps away)
Ladybug: (moans sadly) Spots off. (de-transforms into Marinette)"
strikeback_shadow_moth_s_final_attack_part_2__adrien_0002,Adrien's room. Ladybug starts hyperventilating as her anxiety gets worse and worse.,"Gabriel: (laughs maniacally) My greatest wish will finally come true!!!
Adrien: (crouches down) Ladybug, try to keep calm. Think! There must be a way to get your yo-yo back
Ladybug: Yes…maybe if I transform back and then—
Adrien: Go ahead, (opens the door to his bathroom, and Ladybug walks inside) you'll be safe here
Ladybug: I-I don't know anymore!! I— What if this is a trap?? What if you're Félix?!
Adrien: If you're gonna trust me once, please let it be this time!!! (closes the door)
Ladybug: (pants and falls dejectedly on the floor) Spots off… (de-transforms)"
strikeback_shadow_moth_s_final_attack_part_2__adrien_0003,Adrien's bathroom. Tikki finishes eating her macaron.,"Ladybug: No! There's nothing left!!
Adrien: (from the other side of the door) Ladybug?
Ladybug: (sobbing) I've lost...!"
style_queen_queen_s_battle_part_1__adrien_0001,Dressing room. Adrien is looking at himself in the mirror and fixing something about his jacket.,"Marinette: (chuckles) You got that catwalk down!
Adrien: (scratches the back of his head) Really? Thank you
Nathalie: (tired of their flirting) Ahem! We have to go. (starts to leave)"
style_queen_queen_s_battle_part_1__adrien_0002,"Grand Palais, catwalk. Adrien is showcasing Marinette's hat. Many pictures are taken. Marinette is shaking out of nervousness.","Style Queen: Where is that ungrateful Gabriel Agreste? I demand that he kneels before me!
Adrien: My father isn't here!
Style Queen: Well, then, if fashion-disaster daddy isn't here, I'll just have to settle for Agreste Junior! You're fired!"
style_queen_queen_s_battle_part_1__adrien_0003,"Grand Palais, outside, front. Ladybug and Adrien land in front of the Grand Palais, where people are going to the fashion show again.","Gabriel: If only I could tell Adrien why I'm doing this. (looks at the picture of Émilie Agreste) He would understand
Adrien: (puts his hand on Ladybug's shoulder) Thank you, Ladybug. (Ladybug gasps) For the lift and also… for saving my life
Ladybug: Well… uhm… not a mall. I mean! Not at all. (hear earrings beep) I— uh… I have to go. Bye"
sublimation_episode__adrien_0001,Greek classroom,"Adrien: No, it's time to help Ladybug
Adrien: Plagg, claws out!
Bob: Drive!"
syren_adrien_0001,"Adrien's room. He is lying on his couch, playing with Ladybug and Cat Noir action figures.","Master Fu: When fed with a specific blend of ingredients, the kwamis can grant special power. Each power's specific mix is listed here, encoded in the Grimoire. I've deciphered most of the ingredients; for example, to trigger aquatic powers you need a branch from the dragon king's garden — that's seaweed; then secret kept in a shell — that's an oyster pearl. But the last one still puzzles me: a tear of joy. I can't figure it out, and it's required for almost every blend. Oh! Maybe it could be some dancing ant honeydew. (puts drops from a bottle into his potion with an eyedropper, producing a small blast) I think I may have finally got the right mix. (Marinette smiles.)
Adrien: (imitating Ladybug) Hey, Cat Noir, do you trust me? (as himself) Sure, Ladybug; do you trust me, too? (as Ladybug) Are you kidding? I will (never) trust you! Ha ha ha ha! (normally, to Plagg) You must know what Ladybug's hiding from me, Plagg
Plagg: I'm just a kwami, Adrien, and we kwamis have a right to remain silent
Adrien: Pity. (gets out his phone) Just when I was about to order you some very tasty cheese. Have you ever sampled La Trappe d'Échourgnac? It says here it tastes like walnuts
Plagg: (swallows some Camembert, crosses his arms and turns away) I can't be swayed, sorry!
Adrien: Did you know about the Fourme de Montbrison? Apparently, it's the oldest cheese in the world
Plagg: (nervously) You don't say...!
Adrien: Yes... and do you know why its rind is orange? Because they age it on special boards of spruce wood
Plagg: (snaps out of his trance and flies into the bathroom) There's only one thing in this world that smells as good as cheese!
Adrien: Which one do you prefer, the Tomme de Bouche, or the Saintignon? (Plagg screams.)"
syren_adrien_0002,"Outside Collège Françoise Dupont, flashback. Adrien is running up to the entrance, when Nathalie gets out of the Agreste limousine at the curb.","Nathalie: Adrien, please reconsider! You know what your father wants!
Adrien: This is what (I) wanna do!
Master Fu: Thank you, young man
Adrien: (gaping at Master Fu, shocked) You! You're the man who—
Master Fu: (holds up a vial of bright green potion) I'll explain everything, I promise. But right now, you must go and help Ladybug! (He gives the vial to Adrien and he takes it)"
the_bubbler_adrien_0001,Adrien's bathroom. Adrien is brushing his teeth.,"Plagg: Happy birthday, Adrien! (brings a piece of Camembert cheese wrapped with a red bow.)
Adrien: (disgusted) Ugh, Plagg! Get that filthy piece of Camembert out of my face! (plugs his nose)
Plagg: Huh? (eats the cheese.) Mmm"
the_bubbler_adrien_0002,"Outside of school. Adrien and Nino are talking. Meanwhile, Alya and Marinette are hiding nearby out of sight. Chloé and Sabrina are in the school but near enough to see what's happening.","Marinette: Ah! (she stops right in front of Adrien.) Um, he-- Hey! (she gets nervous as she holds her gift behind her back.)
Adrien: (surprised, shyly) Hey
Chloé: (as she watches what's happening outside) Wait! Am I seeing what I think I'm seeing? Don't tell me it's Adrien's birthday?!"
the_bubbler_adrien_0003,"Outside of school. Adrien and Nino are talking. Meanwhile, Alya and Marinette are hiding nearby out of sight. Chloé and Sabrina are in the school but near enough to see what's happening.","Chloé: (yawns while Marinette is talking and then shoves her away) Out of the way. (she acts sweet.) Happy birthday, Adrien! (throws herself onto him and gives him a kiss on the cheek.) Mwah!
Adrien: (surprised) Yeah, thanks Chlo
Marinette: (on the ground, to herself) Dummy"
the_bubbler_adrien_0004,"Outside of school. Adrien and Nino are talking. Meanwhile, Alya and Marinette are hiding nearby out of sight. Chloé and Sabrina are in the school but near enough to see what's happening.","Marinette: (looking determined) Hm!
Adrien: (to Nino) Gotta go. Photoshoot. (he gets into the limo and leaves.)
Marinette: (to herself, next to Alya) Why can't I just mean what I say?"
the_bubbler_adrien_0005,"Inside the Agreste Mansion. Nino and Nathalie are standing in the foyer, waiting.","Nino: That's messed up. (Adrien enters without anyone noticing.) He never screws up in class, he always does whatever you tell him: photoshoots, fencing, Chinese, piano--
Adrien: Nino? You're here
Nino: (to Adrien) Anything for my best bud. (to Mr. Agreste.) Show some awesomeness, du-I mean, sir, please. (Mr. Agreste looks at him angrily.)
Adrien: Forget it, Nino. Really, it's fine"
the_bubbler_adrien_0006,Agreste Mansion. Adrien eats lunch alone in the mansion's dining room.,"Bubbler: (standing on top of a bubble) Hey, hey, hey, birthday boy. Guess what? Daddy's gone. While the cat's away, the mice will play. (Adrien looks at the Bubbler with a strange expression until he realizes who he is.)
Adrien: Nino?!
Bubbler: The Bubbler's brought all yo homies together for one single-sole purpose, to ce-le-brate!"
the_bubbler_adrien_0007,Rooftops. Ladybug is running towards the fireworks.,"Bubbler: OH! You know it, girl. (he changes the music to a slow dance. People pair up and keep dancing and looking sad. Chloé walks up to Adrien.)
Adrien: Is it me, or does everyone seem a bit weird?
Chloé: Forget about (them), let's go dance! C'mon!"
the_bubbler_adrien_0008,Rooftops. Ladybug is running towards the fireworks.,"Adrien: Hey, Paris, how you doing?
Adrien: Ladybug?
Ladybug: Sorry, Bubbler, but the party is over"
the_bubbler_adrien_0009,Rooftops. Ladybug is running towards the fireworks.,"Adrien: I think I've been a complete idiot
Adrien: Plagg, claws out! (Adrien transforms into Cat Noir)
Cat Noir: Looks like I made it just in time"
the_bubbler_adrien_0010,Nathalie Sancoeur's Office.,"Nathalie: (she despairs, looks around, and takes Marinette's gift. She sighs, and crumples and throws Marinette's post-it note in the garbage. She goes to the dining room where Adrien is eating.) A birthday present, from your father
Adrien: Thank you. I mean, please say thank you to my father for me. (Nathalie nods. Adrien looks happily at the gift.)
Chloé: (screaming at Sabrina) What do you mean not for a week?!"
the_collector_adrien_0001,Adrien's room. Nathalie shows CCTV images of Adrien stealing the Miraculous book from Gabriel's safe.,"Gabriel: Why did you take the book?
Adrien: I... I just wanted to know what you were hiding behind that portrait that was so important. You.. you never told me about those things. I was intending to give it back to you, I swear! But then... I lost it
Gabriel: How can I possibly trust you again, Adrien?
Adrien: Sorry... I'll get you another copy
Gabriel: It's one of a kind! The book's the source of my inspiration
Adrien: I didn't know that. I hardly know anything about you, Father
Gabriel: You won't be returning to school. You'll be home-schooled again...with Nathalie"
the_collector_adrien_0002,Adrien's room. Adrien is listening to music and playing around with the Foosball table.,"Plagg: Look on the bright side. Your father could've found out about me! It's a good thing we kwamis can never be filmed or photographed. Ah, those photographers have no idea what they're missing!
Adrien: I've gotta find that book, or I'll never be allowed to return to school
Plagg: Return to school?! Are you crazy?! No more homework, no more alarm clocks! We should be celebrating! Hey, I know! (flies off, only to return carrying a huge jar of Camembert) I named this piece (El Plaggo). It's been maturing for nine hundred and ninety-nine days!
Adrien: What was that?!"
the_collector_adrien_0003,"Adrien's room. Adrien uses a remote to open his window, planning to evacuate his room.","Adrien: Adrien is, but Cat Noir isn't
Adrien: Plagg, claws out!
Plagg: Oh my!"
the_dark_castle_adrien_0001,Françoise Dupont cafeteria. The students are getting lunch.,"Marinette: They will defeat them!
Adrien: Alix will come back
Jalil: I miss her so much. I can't even wish her a ""happy birthday!"" It's so unfair!"
the_dark_castle_adrien_0002,"Exterior of the Louvre. Armand D'Argencourt is shown exiting a car and heading toward the Louvre. The scene then shifts to inside, at the Department of Paintings, where Alya and Nino are setting up a ring light and reflector, while Marinette and Adrien are with Alim.","Marinette: We'll post the video on the Zoo rabbit forum. Once it's online, she'll be able to watch from wherever!
Adrien: And (whenever)!
Alim: Excellent idea. I'm sure Alix will be very moved"
the_dark_castle_adrien_0003,Place des Vosges. Alya hears and takes a look at the message sent to her.,"Alya: Hm? Uh, no! Actually, we spoke on the phone, and she's laid up in bed feeling super sick
Adrien: She is? Poor Marinette, I'm going to go keep her company
Alya: No, no, no, no, no, don't do that! It's super contagious you can't go near her
Adrien: (Pulls out his phone) I'll at least check in with her
Alya: No, don't! You'll wake her up! She hasn't slept all night she needs her rest. Sleep is the best medicine, right?
Adrien: Okay...I'll just leave her a voice message then so she can listen to it when she wakes up"
the_dark_castle_adrien_0004,Place des Vosges. Adrien receives the signal alert from Ladybug and gasps.,"Adrien: You can't stay like that, Jalil. I'll go get something to clean you up
Adrien: Sorry Plagg, picnic's over
Plagg: There wasn't a single piece of cheese anyway. Picnic might as well not even have started
Adrien: Plagg, claws out!"
the_dark_castle_adrien_0005,Tom &amp; Sabine Boulangerie Patisserie. A burrow portal opens in front of the second-floor door and Marinette comes out.,"Alix: Fluff, clockwise. (transforms into Bunnyx.)
Adrien: (recording) Alya told me that you were sick. I hope it's not too serious. When you wake up, let me know if you need anything and I'll come right over
Marinette: (happy squeal) Thanks Adrien, I just woke up, and I think I'm still a bit contagious. But um, I super appreciate your message and I'm sure that thanks to you, I'll feel one hundred percent tomorrow morning"
the_dark_castle_adrien_0006,Tom &amp; Sabine Boulangerie Patisserie. A burrow portal opens in front of the second-floor door and Marinette comes out.,"Bunnybug: Pound it!
Adrien: (recording) See you tomorrow morning, Marinette. I love you
Marinette: I love you, Adrien. See you tomorrow morning"
the_dark_owl_adrien_0001,Collège Françoise Dupont. The students are leaving to go home from school.,"Mr. Damoclès: ((claps his hands to Nino and Adrien)) Come on! Chop-chop! Hurry along now! ((Adrien facepalms))
Adrien: I forgot I got Chinese class
Nino: Again? But we haven't played all week
Adrien: I'm sorry, Nino"
the_dark_owl_adrien_0002,Marinette's room.,"Marinette: Tikki, I think we've got
Adrien: a serious problem
Dark Owl: And if anyone should be 'tempt to come and save the animals, beware! It is all rig! Liquid nitrogen will automatically douse the feet of the Eiffel Tower, freezing them to -700 degree, and making them more fragile than glass! They will collapse! And the bus will flatten our cute kitten friend! (laughs evilly)"
the_evillustrator_adrien_0001,College.,"Sabrina: I know, right! Chloé lent it to me. She really is my BFF! Chloé! Your geography homework's ready!
Adrien: Hey!
Marinette: Wahhhh!
Adrien: I heard about your adventures with Cat Noir yesterday. Were you scared?
Marinette: Me, scared? Pfft, it was a dream. I mean, you're a dream. I mean, in your dreams! Huh? Oh, this is a nightmare
Adrien: Okay... So, what do you think about Cat Noir? Was he awesome?
Marinette: I mean, sure! Yeah, but not as awesome as you, of course. Because, who could be? You're the most awesome of awesome
Adrien: So, that's a yes? (the bell rings, and he pats Marinette on the shoulder. Marinette watches Adrien walk out she puts her hands onto her chest, she feels her heart skip a beat as Tikki came out)"
the_illustrhater_adrien_0001,"Bus stop. Nino and Adrien are waiting there, and Alya walks to Nino.","Adrien: Hello, Marinette
Adrien: (looks at her) Are you okay?
Marinette: (smiling) Yes- yeah, I'm good, hehe. You, are you good?
Adrien: (smiling) I am, thanks"
the_illustrhater_adrien_0002,"Bus stop. Nino and Adrien are waiting there, and Alya walks to Nino.","Marinette: What?! No, you're not!
Adrien: Marinette, they have to. They're superheroes
Marinette: (looking back) Yeah, yeah, I know, (glares at Alya, a little angry) but, careful, okay?"
the_illustrhater_adrien_0003,"Bus stop. Nino and Adrien are waiting there, and Alya walks to Nino.","Adrien: (holds Marinette's hands) We don't need to be superheroes to be a super couple
Adrien: Even with superpowers, this must be hard
Carapace: Unshield! (shield disappears)"
the_illustrhater_adrien_0004,Exterior of Le Sorbonne. Marinette and Adrien are waiting in line.,"Adrien: (gets concerned) You okay? (Marinette groans; Adrien notices Ryuko running on a building) Whoa, Ryuko! She's probably gonna use her rain powers to put out a fire. We're so lucky to have all these superheroes in Paris. Don't you think, Marinette?
Adrien: Hm, Marinette?
Marinette: Tikki, spots--"
the_illustrhater_adrien_0005,"Exterior of Le Sorbonne. Adrien is leaning aganist the wall, waiting for Marinette. Marinette peeks from a wall.","Ryuko: Be my guest
Adrien: Marinette! I bought the tickets! But, the movie's almost over. Where were you?
Marinette: (glancing around nervously) I... I went for... drinks! B-But they were out of them. Drinks. But that's okay, let's just... (notices a cafe, and drags Adrien along) Let's get a drink at that cafe!
Adrien: Whooaaa!"
the_illustrhater_adrien_0006,"Le Café, exterior.","Marinette: Sorry, sorry, sorry! I didn't mean to do that. I wanted to... not do that, at least, uh. I'm sorry
Adrien: Don't worry about it. But, are you sure everything's alright?
Marinette: Why wouldn't it be? We're here together, doing it on our own. It's amazing!
Adrien: Oh, look, Marinette! It's Miss Hound!"
the_illustrhater_adrien_0007,"Le Café, exterior.","Adrien: Oh, look, Marinette! It's Miss Hound!
Adrien: Uh, Marinette?
Marinette: Tikki, spots--"
the_illustrhater_adrien_0008,"Le Sorbonne, movie theater. Marinette and Adrien are sitting together, but Adrien is visibly depressed, which Marinette notices.","Marinette: Everything okay, Adrien?
Adrien: I'm sorry I'm not doing things the way you need me to, Marinette. If you no longer wanna be my girlfriend, I'll understand
Marinette: Oh, no. No, no, no. No, I'm so, so happy we're together. I'm sorry if I... (sigh) I think I'm afraid. I don't really know how you're supposed to behave when you're a loving couple. I'm afraid of messing things up when I'm with you, so I try to control everything, but... I'm just ruining everything
Adrien: This is all brand new to me, too. But we can figure it out together, okay?"
the_mime_adrien_0001,The streets. Adrien is in his car with Nathalie and the Gorilla. Nathalie is talking to Gabriel on the phone.,"Nathalie: Yes, sir. Understood, sir. I'm, sure he'll understand, sir
Adrien: My dad's flaking, isn't he? Let me guess. Something came up?
Nathalie: Yes, but he has reserved the best seats in the house for you, Adrien. Front row
Adrien: As usual. The best money can buy"
the_mime_adrien_0002,The streets. Adrien is in his car with Nathalie and the Gorilla. Nathalie is talking to Gabriel on the phone.,"Adrien: No time
Adrien: Plagg, claws out! (Adrien transforms into Cat Noir)
Hawk Moth: Grab her Miraculous, the earrings! Now!"
the_mime_adrien_0003,Eiffel Tower. The Mime show is about to start. Adrien sees Marinette and Alya and takes a seat. Marinette starts looking at him with a big smile.,"Marinette: Got it!
Adrien: (waving) Ah, hey, you're here too, cool. Thought I was gonna end up sitting by myself
Alya: Hey, did you bring my phone?"
the_pharaoh_adrien_0001,Adrien's room. Adrien Agreste is watching the same video from the Ladyblog shown earlier.,"Alya: Hang on, 'cause we're going for a ride. Freak out! What you got here is no ordinary book, it's a tenth grade history book. And I should know, 'cause I've got this (very) same book. Could our very own Ladybug be a high school student, in real life?
Adrien: That's crazy! What are the odds that we have the same textbook? Maybe we even go to the same school!
Plagg: Don't you think you know her then? (eats his cheese) Why bother yourself with ladies when you could be enjoying this?
Adrien: For one, ladies smell about a thousand times better than that cheese. And they're much better-looking
Plagg: Suit yourself. Your loss
Adrien: My only loss is my appetite"
the_pharaoh_adrien_0002,Adrien's room. Adrien and Plagg are watching Alya's video. Adrien is shocked.,"Adrien: Time to transform!
Adrien: Plagg, claws out! (Adrien transforms into Cat Noir)
Ladybug: You know that's considered stealing"
the_pharaoh_adrien_0003,Louvre. Pharaoh steals the scepter and the papyrus.,"Adrien: You have no respect. Your batteries are charged up enough!
Adrien: Plagg, claws out! (Adrien transforms into Cat Noir)
Ladybug: Whoa! (Cat Noir catches her)"
the_puppeteer_2_adrien_0001,Adrien's room. Adrien is playing his piano with Plagg when there's a knock at the door.,"Nathalie: (walks in) Ready to go, Adrien?
Adrien: (sighs) Nathalie, since this is gonna take a while, can I bring a friend?
Nathalie: (nods) Hmm"
the_puppeteer_2_adrien_0002,Adrien's room.,"Nino: Uh, you could... stare at the statues together! Marinette loves the... she loves statues! Which is perfect since the wax museum is, uh, full of them! (chuckles nervously, Alya facepalms)
Adrien: Can we make that... three?
Nathalie: (rolls her eyes, but nods) Mhmm"
the_puppeteer_2_adrien_0003,"Césaire apartment. Alya looks at Nino, and Nino looks at Adrien. The Scene switches to Adrien's room.","Marinette: Sorry, guys. I'm looking after Manon this afternoon. Go ahead without me
Adrien: Would four work? Actually, more like three and a half
Nathalie: I'll see what I can do"
the_puppeteer_2_adrien_0004,Agreste car. Placide I.T. drives all five of them.,"Nino: Nothing! It's got nothing to do with us leaving you and Adrien alo... (Alya elbows him) Uh...! To... look at the statues as, uh, just friends, of course. (laughs nervously, Marinette gasps)
Adrien: Don't worry, Manon. It's just that Alya and Nino are boyfriend and girlfriend, and they probably wanna spend some time alone together. Without us. (Marinette sighs with relief.)
Manon: Really? But I thought (you) and (Marinette) were boyfriend and girlfriend. (Marinette squeaks) She has lots of photos of you all over her bedroom
Adrien: (laughs) That's because she loves fashion and I'm a fashion model
Manon: But then why are there so many hearts drawn on them?"
the_puppeteer_2_adrien_0005,"The Grévin Wax Museum. Adrien steps out of the car, where a woman waits for him.","Marinette, Nino, &amp; Alya: Nothing
Adrien: Hi, Véronique
Véronique: Thanks for coming on such short notice, Adrien. I'm sorry, but a piece of your statue went missing yet again! (takes Adrien and his friends inside the museum) Just goes to show how popular you are"
the_puppeteer_2_adrien_0006,"The Grévin Wax Museum. Adrien steps out of the car, where a woman waits for him.","Véronique: (leads them further into the museum) The museum opened in 1882. We have about 200 wax statues on exhibition at any one time. We bring new celebrities in on a regular basis, the most recent one being Adrien!
Adrien: (to Nino) So if I've got this right, you and Alya wanna spend some alone time together, yeah?
Flashback Alya: So no matter what Adrien asks you, just (deny.)"
the_puppeteer_2_adrien_0007,The Workshop.,"Théo: (places a timer next to Adrien) It'll ding when it's over. We'll be back as soon as possible
Adrien: Take your time. (Véronique and Théo leave.)
Manon: (looks at a row of statues, that Nino poses next to) Oh! I didn't know Nino was a famous person, too!"
the_puppeteer_2_adrien_0008,The Workshop.,"Marinette: Uh, what? But I—! No! Don't leave me alone with him! (They shut the door before she can leave. Adrien looks down at the floor.) I mean— That's not what I meant to say... I just... I
Adrien: Are you mad at me, Marinette?
Marinette: (knocks over a bucket of fake eye balls, picks them up) No! Of course not. Why would you say that?
Adrien: Because, Nino told me
Marinette: I have no idea what Nino told you, but whatever he said, it's totally not true
Adrien: Oh, so that means you like me, right? I was afraid you didn't like me
Marinette: Of course I like you... Well, like, uh, (like!) But, not like (that!) (chuckles nervously) What I mean is, you're not exactly a( 'good friend,' )you know?
Adrien: (saddened) Uh, okay... (Marinette groans) But then, if I'm not a good friend, what am I to you?
Marinette: You're... (struggles to get the words out) (Toilets!) I— I really gotta go to the toilet now. Eee! (runs out)
Adrien: See you later"
the_puppeteer_2_adrien_0009,The Workshop.,"Adrien: (smiling) Stop pranking, Plagg. Put that head back down before you cataclysm it. (Plagg does so, then floats back over to him, laughing mischievously)
Adrien: (chuckles, then frowns) I'm sure I did something to mess up our friendship by accident. I'm so (clueless) about these things!
Plagg: (hears the timer go off) Huh?
Adrien: (releases his hand, stands up) I gotta make it up to her. (heads out)"
the_puppeteer_2_adrien_0010,Statue Room with Parisian Celebrities.,"Puppeteer: (flies over to the still statues) I'm gonna play with you, (taps Evillustrator with her wand) you... (taps Gamer) And you, (taps Cat Noir) and (you! (taps Ladybug, who steps off the podium)
Adrien: Were you serious when you were talking to the statue? I mean... (me) as a statue?
Marinette: Serious? Me? (fake laughs) You gotta be kidding! I'm the queen of pranks! (fake laughs) I knew you were playing a prank on me, so (I) just wanted to get you back! (Gotcha!) (laughs forcefully)
Adrien: (slowly) So you didn't really mean all the things you just said?
Marinette: Of course not, I was role playing! I was in love with a statue, not with you! (stands) If I'd feel anything for you, it wouldn't be like for that statue, rather like, for a... regular human being! (fake laughs)
Adrien: Okay... So, as I (am) a human being, you must still like me a (bit) then, right?
Marinette: (finger guns) That's right, I like you a little bit, just like a regular human being! (laughs forcefully, then turns her back to him) Can somebody throw me into a vat of wax right now, please? (They gasp, spotting a Hawk Moth statue across the room.)"
the_puppeteer_2_adrien_0011,Streets of Paris. Placide I.T. drops everybody off back home. Alya and Nino wave goodbye as the car departs.,"Manon: (Boo!) (They scream, Manon laughs.) Gotcha! (They all laugh.)
Adrien: (to his bodyguard) To Manon's place, please! (Cut to Marinette hugging Manon goodbye. Manon hugs her mom and they wave goodbye as Adrien and Marinette get back in the car.) To Marinette's?
Adrien &amp; Marinette: I'm sorr—!"
the_puppeteer_adrien_0001,Subway.,"Marinette: (Marinette runs after Lady Wifi.) Manon! This isn't a game!
Adrien: Excuse me sir, there's a...uhm...cat loose on the train!
Train Manager: What? Thanks kiddo! (he runs off as Plagg comes out)"
the_puppeteer_adrien_0002,Behind a pole. Plagg is eating cheese.,"Plagg: What? I'm savoring my cheese!
Adrien: Would you mind savoring it a little faster? Plagg, claws out!
Ladybug: She's still here in the building! I need you all outside!"
the_ruler_adrien_0001,Collège Françoise Dupont. Art classroom Marinette's class is looking at a painting of Jagged Stone.,"Rose: The latest issue was so awesome!
Adrien: We all can't wait to find out what happens next!
Marinette: Can we read it? (quickly pulls away) No! Wait! I don't want to spoil the pleasure for myself. I'd rather wait until Nath has drawn it"
the_ruler_adrien_0002,Collège Françoise Dupont. Art classroom The printer releases a color proof of the Sun-Heart and Rain-Piercer comic,"Nathaniel: Yes. What we've done is genuine. And when my mom reads it, she'll see how beautiful our story is. (he holds Marc's hand.) Beautiful and important to us
Adrien: Uh, are you still smelling something awful?
Marinette: Um, yeah! Aren't you? (she pinches her nose and pretends to fan the smell away from her) Ugh, it's disgusting like some old cheese running in a dirty sock. Oh, look! The proofs are done!"
the_ruler_adrien_0003,Dupain-Cheng residence. Marinette's balcony. Marinette is writing in her diary when Adrien comes out of the trapdoor covered in pink flowery effects,"Caprikid: Pound it!
Adrien: Marinette, good news. You won't be bothered by the bad smell again!
Marinette: (pinches her nose) Woah-! What happened to you? Did somebody pour an entire bottle of perfume on you?!
Adrien: Three bottles to be exact!
Marinette: Three bottles!? But why did you do that?
Adrien: You've been avoiding me for several days now because it seems I smell like cheese, so
Marinette: No, Adrien, you don't smell like cheese it's just
Adrien: What? You know you can tell me anything, don't you?
Marinette: The truth is...(holding in her sneeze) I can't blow my nose in front of you!
Adrien: Huh? Why not?
Marinette: Because I'm very loud!
Adrien: I don't care about that! You blow your nose anytime you need too
Marinette: You'll still love me, right?
Adrien: Of course!
Marinette: Aah! Are you okay? Do- do you still love me?!
Adrien: (speaking loudly)What did you say?
Marinette: Oh no! I'm so ashamed!
Adrien: (laughs) I'm teasing you. I love you just the way you are Marinette Dupain-Cheng, so please don't try to be someone else, especially someone with a quieter nose"
timebreaker_adrien_0001,Tom &amp; Sabine Boulangerie Patisserie. Marinette is in her room doing homework.,"Marinette: But... she asked you to look after it. I gotta hold up the banner!
Adrien: Need any help?
Marinette: Uh... yup! Thanks. Gotta be careful! Even if you (are) amazing
Adrien: Uh?
Marinette: At... holding things! In your hands. (Everyone is cheering)"
timebreaker_adrien_0002,Tom &amp; Sabine Boulangerie Patisserie. Marinette is in her room doing homework.,"Chloé: (Adrikins), whatcha got there? Some super old case or something?
Adrien: Careful, it's Alix's!
Chloé: If it's Alix's, it's probably worthless"
timebreaker_adrien_0003,The Trocadéro.,"Tom: She was listening to music
Adrien: Run!
Marinette: Stop, Alix! What are you doing?!"
timebreaker_adrien_0004,The Trocadéro.,"Adrien: (hidden behind a tree) Time to transform!
Adrien: Plagg, claws out! (Adrien transforms into Cat Noir)
Timebreaker: One and a half minutes. You won't be able to stop me where I'm going, Ladybug!"
timetagger_adrien_0001,"Louvre, inside. Ladybug and Cat Noir seek shelter in the lavatories. They arrive just in time before their transformation falls.","Plagg: Look on the bright side, Adrien. In the future, you and Ladybug still know each other
Adrien: Yeah, but if I want a chance to see that future, we're gonna have to defeat Timetagger today
Alix: Crazy! So the message was for real"
transmission_the_kwamis_choice_part_1__adrien_0001,"Exterior, Collège Françoise Dupont. Adrien walks to Marinette’s house.","Adrien: Yes, of course. (takes the folder from Ms. Bustier)
Adrien: I’m sure Cat Noir’s the reason Marinette’s feeling bad
Plagg: Uhh, you do know that (you’re) Cat Noir, right?
Adrien: I do, but Marinette doesn’t. She has no idea
Plagg: Well, that’s what happens when superheroes flirt. Poor Marinette fell in love with Cat Noir and got her heart broken
Adrien: Yeah, that was terrible of me
Plagg: It was
Adrien: I have to do everything I can to cheer her up. Hide, Plagg!"
transmission_the_kwamis_choice_part_1__adrien_0002,"Interior, the Dupain-Cheng’s Residence, in Marinette’s room. Marinette is still seen lying on her bed.","Marinette: Tell Alya I’m contagious. She’ll catch my weakness
Adrien: (off-screen) I caught it a while ago, Marinette, so I’m safe
Marinette: Adrien?"
transmission_the_kwamis_choice_part_1__adrien_0003,"Interior, the Dupain-Cheng’s Residence, in Marinette’s room. Marinette is still seen lying on her bed.","Marinette: I can’t let anyone love me... and I never will! Even if he were nice, sweet and generous, and handsome, and brave— even if he were you! (sits up on her bed and cries)
Adrien: I’m sure I can understand if you would… just explain things to me
Plagg: (to Tikki) Oh, we have to step in!"
transmission_the_kwamis_choice_part_1__adrien_0004,"Interior, the Dupain-Cheng’s Residence, in Marinette’s room. Marinette is still seen lying on her bed.","Marinette: No one can understand what I’m going through!
Adrien: (stands up from the swivel chair) Marinette, you can tell me anything. Before anything else, I will always be your friend!
Marinette: And I… before anything else, (looks at one of her earrings in her hand) I’ll always be…"
transmission_the_kwamis_choice_part_1__adrien_0005,"Interior, the Dupain-Cheng’s Residence. Back in Marinette’s room, Adrien stands up from the swivel chair and prepares to leave. Plagg phases in his bag immediately right before Adrien grabs it.","Alya: Trust me. This is it this time! (Nora calls her on her Alliance ring, but declines it instead) Come on, party with us!
Adrien: I feel like we’ve missed out on something, don’t you?
Marinette: Maybe
Adrien: You think we’ll get another chance… one day?
Marinette: (looks at the earring in her hand again) No"
transmission_the_kwamis_choice_part_1__adrien_0006,"Interior, the Dupain-Cheng’s Residence, at the stairs heading down from their main house to the bakery. Adrien makes his way to leave the house, heartbroken.","Adrien: (dejected) Not now, Plagg
Adrien: (bitterly) I’m sorry
Monarch: The despair of a boy who has just discovered love, only to find he has already lost it!"
transmission_the_kwamis_choice_part_1__adrien_0007,"Interior, the Agreste mansion, in Adrien’s room. Nathalie notices Nino calling Adrien’s phone.","Gabriel: I’m not a monster. I’m just here to comfort him. I’m his father, am I not?
Adrien: I’m sorry I’m not at school
Gabriel: I’m not here to reprimand you, Adrien. I know what it’s like to have a broken heart"
transmission_the_kwamis_choice_part_1__adrien_0008,"Interior, the Agreste mansion, in Adrien’s room. Nathalie notices Nino calling Adrien’s phone.","Adrien: Thank you, Dad
Adrien: Alliance, please turn off the app. (removes his Alliance ring and places it beside him as he lies down again and begins to cry)
Tikki: (heavy-hearted) Marinette Dupain-Cheng, you have been an exemplary holder of the Miraculous of the Ladybug. You’ve always used the power of Creation for the greater good"
transmission_the_kwamis_choice_part_1__adrien_0009,"Interior, the Agreste mansion, in Adrien’s room. Adrien and Plagg continue to bid each other farewell.","Tikki: The task you were performing so well has become too much of a burden, crushing you. Your mission is now over
Adrien: But Monarch—
Plagg: Someone will succeed you. You won’t have to hide anything anymore from the ones you love. You can finally be yourself"
transmission_the_kwamis_choice_part_1__adrien_0010,"Outside Place des Vosges. Adrien is seen to be in a rush, running excitedly towards Marinette’s place. Meanwhile in her room, as Marinette sticks her photos of Adrien back on her walls, Adrien enters her trapdoor, which causes her to fumble over.","Monarch: What a powerful negative emotion! Let’s take a closer look! (opens up a portal to see who seems to be a boxing colleague of Nora, yelling in anger) So much anger in one single person! With five Alliances to boot? (the megakuma flies to Kouki’s location) Rejoice, dear Kwamis! Five Alliances enables as many Miraculous powers to transfer at the same time! This villain promises to be exceptional! (laughs sinisterly)
Adrien: I… uh… forgot to give you your homework. (proceeds to enter her room)
Marinette: (while trying hard to cover all her photos of Adrien on her wall) Uh… you know, earlier, I… I didn’t mean what I said. I was feeling down. I told you horrible things because I just wanted to be alone
Adrien: So, when you said that you used to love me, that wasn’t true?
Marinette: No, no, of course I lo— I love… I love… (aggressively) I love… I— GAH!
Adrien: Are you okay?
Marinette: No, no, wait, wait! I can do this. I… (shivers) I lo… I… GAH! I can’t do this! What is wrong with me??
Adrien: You don’t have to tell me anything if you can’t. Hold on, I have an idea. (brings down his bag) I’m gonna ask you some questions. Raise your right hand for “yes”, (raises his right hand) and your left hand for “no”. (raises his left hand)"
transmission_the_kwamis_choice_part_1__adrien_0011,"Outside Place des Vosges. Adrien is seen to be in a rush, running excitedly towards Marinette’s place. Meanwhile in her room, as Marinette sticks her photos of Adrien back on her walls, Adrien enters her trapdoor, which causes her to fumble over.","Adrien: Did you ever love me?
Adrien: You also said that you no longer love me. If that wasn’t true, does that mean that… you still love me?
Marinette: No, wait! (puts down her left hand and titters nervously) I always confuse my left and right. (chuckles)
Adrien: If you need more time… (Marinette raises her right hand abruptly) more time… with me? (Marinette raises her right hand once again and puts it down)
Marinette: Thanks for bringing my homework. (walks closer towards Adrien)
Adrien: I’m really glad that I did"
transmission_the_kwamis_choice_part_1__adrien_0012,"Interior, the Dupain-Cheng’s Residence, in Marinette’s room. Adrien and Marinette stare at one another, lovesick. The two avert their eyes on each other shyly shortly after.","Alya: (fixes her glasses) Then, if it means my BFF can be happy, I accept!
Adrien: (while rubbing the back of his neck) Right, so… I guess I’ll go?
Marinette: Oh! Sure— AH!"
transmission_the_kwamis_choice_part_1__adrien_0013,"At the Dupain-Cheng’s Residence, on Marinette’s balcony. As the Miraculous Ladybugs continue to put the city back in place, Marinette is still seen holding onto Adrien’s arm. Upon realizing it, she lets go of his arm immediately.","Marinette: Oh! (titters nervously) Sorry
Adrien: (rubs the back of his neck) That’s okay. (leans on the rail) I don’t know what happened to the other Ladybug and Cat Noir, but these two heroes seem to be amazing, don’t you think?
Marinette: So, it’s safe now?
Adrien: Yeah. The coast is clear
Marinette: (bitterly) Oh. That means… you can head home
Adrien: Yeah. But I’ll see you tomorrow at school?
Marinette: Yes"
troublemaker_adrien_0001,"Adrien's room. Adrien and Plagg watch the broadcast, where Tom and Jagged are singing together to the tune of ""Smoke on the Water"".","Plagg: (gulping a piece of Camembert) Oh, come on! Are you going to finally put cheese on that bread or what? Since when do you have any interest in (this) show?
Adrien: The show's being shot at Marinette's
Tom and Jagged: ♫ This is the baker's rock 'n' roll! ♫"
troublemaker_adrien_0002,Adrien's room. Adrien and Plagg have seen the mayhem on TV.,"Adrien: You're just a floating stomach!
Adrien: Plagg, claws out! (Adrien transforms into Cat Noir.)
Troublemaker: Here comes trouble again, Jagged! (starts toward Jagged)"
truth_adrien_0001,"In front of Collège Françoise Dupont, Marinette waves to Alya, Nino, and Adrien before getting on Luka's bike","Alya: Bye!
Adrien: (receives message from Kagami) Bye guys! (hurries to car waiting for him)
Marinette: (sees an akuma) Luka, stop! (gets off bike, handing him her helmet) Sorry, I just remembered that I promised I would help a friend! I'll call you later! (disappears into the subway entrance, reappears on the other side as Ladybug)"
vampigami_adrien_0001,"Agreste mansion. Front Hall. The doorbell rings, Nathalie, hunched over, in her pajamas and with her hair in disarray, slowly walks toward the door.","Marinette: (Laughs) No no no. It's not the same thing at all. Yesterday we had croissants, the day before was Pain Au Chocolat, but today (Puts the giant bag full of Chouquettes on the dining room table), I brought Chouquettes!
Adrien: (Walks over to Marinette) Not to mention the orange juice is already pressed,(Marinette seeing him squeals and both hug each other) and the eggs are already scrambled and the-!
Nathalie: (Tiredly) And the alarm clock hasn't gone off yet"
vampigami_adrien_0002,"Agreste mansion. Front Hall. The doorbell rings, Nathalie, hunched over, in her pajamas and with her hair in disarray, slowly walks toward the door.","Johnny: Magnifique! We'll pick you up at 6:00 p.m. (Closes the video call)
Adrien: Do you really like horror movies now?
Marinette: (Voice break) Love 'em! Don't you?"
vampigami_adrien_0003,"School Bathroom. Alya, Tikki and Trixx are inside with Marinette.","Alya: And what did he say?
Adrien: (Flashback): I don't know Marinette. I've never even watched a horror movie, but it sounds like fun. I'm curious to find out with you
Marinette: And now, I'm done for!"
vampigami_adrien_0004,Collège Françoise Dupont. Cafeteria,"Nelson: Of course not, I really mean it. What do you say?
Adrien: First you should apologize
Aglaé: And repay Prem for what you've done!"
volpina_adrien_0001,Collège Françoise Dupont library. Marinette sees Adrien sitting at a table alone. Marinette hides behind a nearby bookshelf.,"Lila: Ladybug!
Adrien: (sighing) She's amazing
Lila: A girl doesn't need to wear a costume to be amazing, you know. (scoots her seat closer to Adrien)
Adrien: Uh, I don't know—I mean, I—
Lila: So you've got a little soft spot for the bug, huh?
Adrien: Me? Oh, no! Not at all!
Lila: You know I actually happen to be very close friends with Ladybug
Adrien: Really?!
Lila: We can chat about it if you want. Not here though. Why don't we meet at the park after school and I'll tell you everything
Adrien: (gets an alert from his phone) I gotta go! I've got a lesson in 58 seconds. (Lila causes Adrien to drop his bag on the floor)
Lila: So, the park? (pushes the superhero book on the floor away from Adrien's bag with her foot)
Adrien: Uh sure! (runs out)
Lila: (picks up the book) A vixen superheroine? Hmm, interesting... (leaves the library)"
volpina_adrien_0002,The Place des Vosges. Marinette hides behind a tree. Lila is sitting on a bench.,"Marinette: Tikki! (runs after her hiding behind the trash canister)
Adrien: So you do know Ladybug, for real?
Tikki: (carrying the book) This is the book Marinette! (Marinette grabs the book)"
volpina_adrien_0003,"Paris. A meteor appears in the sky, hurtling down toward the city. Adrien is just getting home, and upon seeing the meteor, runs to his room.","Lila: It would be my pleasure, Hawk Moth. (transforms into Volpina and uses her new power to change the poster of Ladybug into one of Volpina and Adrien)
Adrien: Plagg, claws out! (Adrien transforms into Cat Noir.)
Ladybug: Code Red!"
volpina_adrien_0004,Adrien's room. Cat Noir arrives and detransforms.,"Volpina: See what I mean! She's jealous of me, of you, of us, but this time you aren't going to ruin our date Ladybug
Adrien: Mm excuse me, but it wasn't really quite a date, per say. (Volpina turns to him angrily) I mean- what I meant was it could've become one right? No need to get bent out of shape!
Ladybug: (to Adrien) Excuse us, but I need to have a chat with super liar. (to Volpina) You!) Stop thinking your illusions are reality!"
volpina_adrien_0005,Adrien's room. Adrien is looking through his bag.,"Tikki: The Great Guardian. And I think the time has come for you to finally meet him
Adrien: Did you take my father's book, Plagg?
Plagg: (mouth stuffed with cheese) Of course not!
Adrien: If he finds out it's missing, I'll have something worse than Hawk Moth to deal with"
werepapas_adrien_0001,"Agreste mansion, Émilie and Gabriel's bedroom. Flashback from the past.","Adrien: So this mean you have a daddy and a mommy too?
Émilie: Yes and they're your grandpa and grandma
Adrien: Where are they?
Émilie: Far away
Adrien: Where is far away? Can we go there?
Émilie: You know, Adrien, being a daddy or a mommy means loving your children more than anything in the world, and there are things that my daddy and my mommy… love more than me. (Adrien looks sad.) Things that sometimes make them… (Wipes tears.) not so good. That's why we never see them
Adrien: Does that mean that daddy doesn't love me?
Émilie: Why would you say that?
Adrien: Because we never see daddy. He's never here
Émilie: (Puts her hand on her son's chin.) No, no, it's just that daddy travels a lot. He goes around the world with Nathalie looking for important things. One day, they'll find them and I'll get better, then we'll all stay home. Together"
werepapas_adrien_0002,"Dupain-Cheng residence, Marinette's room; Agreste mansion, kitchen.","Marinette: Then… okay! (Takes out her phone and calls Adrien. Runs off upstairs to her bedroom.)
Adrien: (Picks up.) Ah, Marinette
Marinette: Hello, Adrien. (Marinette's entire family peeks inside through the door. The girl gestures at them to hide.) Are you free for lunch on Sunday?
Adrien: I… no, I… already have something planned
Marinette: Oh… is it something… important?
Adrien: I'm meeting my grandparents
Marinette: Woah, that's amazing! (Adrien doesn't answer. He looks sad.) What?
Adrien: I'm not sure. I don't know them. I never even met them before
Marinette: Seriously?
Adrien: My mom's parents… she didn't want us to see them
Marinette: Huh? But… why not?
Adrien: She said they were mean. As for my father, he never even told me about his parents
Marinette: Wow…
Adrien: And now, all of a sudden they're determined to see me. I don't know what to do. You know how much I'd love to spend Sunday with you
Marinette: Me too. But, you know what? Since you can't come to my place, (Stands up.) I'll come to yours! I'm an expert at grandparents. I'm sure they're not that bad. And if they really are mean, then I'll protect you! Because you're family– well, not yet– uh, I mean, almost? (Facepalms.) What do you say?
Adrien: If that's possible, then… I think I'd like you to be there with me, yes
Marinette: Of course it's possible! You'll see, give me Nathalie"
werepapas_adrien_0003,"Agreste mansion, dining room.","Marinette: Hence, the uniform. (Spins around.)
Adrien: (whispers to his girlfriend) The shellfish cracker goes to the right of the fish fork
Marinette: (Swaps the utensils' placement.) Oops. (Giggles awkwardly.)"
werepapas_adrien_0004,"Agreste mansion, dining room.","Nathalie: I'm counting on the two of you to let me know how it went
Adrien: What do you mean? You– you're not having lunch with us?
Nathalie: I'm (not) part of the family"
werepapas_adrien_0005,"Agreste mansion, entrance hall.","Emil: You're (not) having us. May I remind you this estate used to be our pied-à-terre in Paris before we allowed our daughter and her dressmaker husband to live here? (Looks over at Adrien.) Now, at least they produced a half-decent-looking child
Adrien: Grandfather. (Nods.) Grandmother. (Nods.)
Emil: ""Lord Graham"", please"
werepapas_adrien_0006,"Agreste mansion, dining room.","Adrien: Thank you! (Runs into the kitchen)
Adrien: (Runs in) (whispers) Plagg? Plagg! (Looks under the table. The door opens, surprising Adrien, making him accidentally slam his head into the table)
Marinette: Adrien?
Adrien: Marinette!
Marinette: (Runs up to him) I know this must be hard, but everything's gonna be okay. (Grabs his hands, then hugs him)
Adrien: You're right, it'll be okay. (Pats her on the back)"
werepapas_adrien_0007,"Agreste mansion, dining room.","Marinette: (whispers to Adrien) Let me handle this
Adrien: (whispers) Marinette, no!
Emil: Oh, Milly, (Slams his hands down on the table) are you actually going to taste this horror?!"
werepapas_adrien_0008,"Agreste mansion, dining room.","Emil: Milly, be a dear and suffer in silence as you're used to doing so well. (Milly's mood worsens) As I was saying, it's time Adrien and the twin ring came back to– (Notices the ring isn't where Adrien set it down anymore. Marinette gasps in shock upon seeing it herself) Adrien, where is the twin ring?!
Adrien: I… I gave it to you, Lord Graham
Emil: (Looks around the table for the family heirloom. He sets his eyes on Johnny, sitting in front of him) You…"
werepapas_adrien_0009,"Agreste mansion, entrance hall.","Emil: Milly, get back in this instant! MILLY! (Tries to open the door) MILLY! MILLY!
Adrien: (Tries to calm his Kwami down) Plagg, get a hold of yourself!
Plagg: I can't! Maroilles' too delicious!"
werepapas_adrien_0010,"Agreste mansion, entrance hall.","Ringmaster: On the contrary, (stay), since this fight is for you! (Throws her bowtie at Adrien. It encloses him inside a giant, golden trophy)
Adrien: Marinette, get somewhere safe!
Marinette: Nathalie, take care of Gabrielle! I'll go get help!"
werepapas_adrien_0011,Ringmaster's boxing ring.,"Plagg: Just transform and use your power to destroy the whole thing!
Adrien: But then everyone would know that I'm Cat Noir
Plagg: In that case, relax and take this chance to enjoy a ballotine with me. (Pulls out one he stored from the meal and eats it)"
werepapas_adrien_0012,"Agreste mansion, entrance hall.","Milly: Bye-bye, Ladybug!
Adrien: Where is Marinette? (Runs into the kitchen.) Marinette? (Checks his dad's office) Marinette!
Ladybug: (Sneaks in through the window) Spots off! (Detransforms. Marinette hides behind a couch)
Adrien: (Enters and searches) Marinette? Marinette!"
werepapas_adrien_0013,"Agreste mansion, dining room.","Milly: (Slips the twin rings off her finger) This ring belongs to Adrien. (Places it on the table) (He) should decide his own future
Adrien: (Puts the rings back on) Thank you. But… I don't know what I want
Marinette: (Walks over to the door. Opens it and drags Nathalie inside) I'm still just a teenager, Nathalie, and I'm only Adrien's girlfriend (Gabrielle, Johnny and Milly smile at her), and I (can't) decide for him or stop his grandparents from fighting for his custody, but (you) are an adult and more importantly, (you're) the one who's been taking care of him since his parents disappeared. If there's one thing I know for sure, it's that to Adrien, you're like a mother now"
werepapas_adrien_0014,"Agreste mansion, dining room.","Adrien: (Hugs Nathalie) My life is here in Paris, with Marinette, my friends and (you)
Adrien: (to his grandparents) I'll come visit you for the holidays. We'll get to know each other better, if you'd like that of course
Gabrielle: Of course, we'd love that!"
wishmaker_adrien_0001,"Exterior, Île aux Cygnes. Luka continues to play the violin while Marinette and Adrien watch him play.","Toy Vendor: (as Santa Claus) Merry Christmas, everyone! (continues to drop gift boxes)
Adrien: This is a nightmare, right?
Robo Tech Ultimate Destructor: I will turn you into mush!"
wishmaker_adrien_0002,On the streets of Paris. Cat Noir and Wishmaker continue to battle.,"Wishmaker: Live your childhood dream!
Adrien: When I was a kid, I always wanted to be what my parents wanted me to be!
Shadow Moth: (gasps in shock after discovering Adrien is Cat Noir) My son?!"
wishmaker_adrien_0003,"Exterior, Île aux Cygnes. Ladybug returns to the portalet where Luka hid her.","Luka: Uh- It was nothing, Marinette! You know you can always count on me!
Adrien: (runs to join Luka and Marinette) You guys are okay!
Luka: We're all okay, thanks to Ladybug and Cat Noir
Adrien: I may not remember my childhood dreams, but that's okay! It's time to focus on the future and find my inner music, like Luka said! Plagg? What are you doing?"
wreckless_driver_adrien_0001,Collège Françoise Dupont. Cafeteria. Aglaé is sitting down while her friends listen across from her.,"Max: When it comes to phobias or fears seeing a specialist is most recommended. I myself see a psychiatrist because I'm on the autism spectrum
Adrien: The autism spectrum? What's that?
Max: It means I see things in a different way than you do"
wreckless_driver_adrien_0002,"Collège Françoise Dupont. Dr. Psiquat's office, the waiting room. Everyone is sitting and waiting for Aglaé to finish her session.","Alya: I worked it out a long time ago. I don't even think about it anymore
Adrien: Do you think I could talk to Dr. Psiquat about... my father?
Marinette: Your father? Why? You can talk to me about him, right?
Adrien: Yes, of course, you're right"
wreckless_driver_adrien_0003,"Paris street, outside Collège Françoise Dupont. The group run out the door and find Aglaé on a bike.","Plagg: Don't tell me, you want to play Cat Noir and rescue your girlfriend
Adrien: Precisely! Plagg, claws out! (transforms into Cat Noir.)
Wreckless Driver: Hm, quite significant. You do have a phobia of insects, and more specifically these awful butterflies. I'll fix it for you"
yaksi_gozen_adrien_0001,Outside of Agreste Mansion. Adrien goes up to a birdhouse that's in a tree.,"Adrien: And a bird whistle... I've got it!
Adrien: Hello, pretty dove
Marinette: Have a good day, I love you! Marinette
Adrien: (Chuckles and takes out his phone to record a message) Thanks for the surprise, Marinette. I love you too"
yaksi_gozen_adrien_0002,Marinette's room. Marinette is listening to Adrien's message on her phone.,"Adrien: (Chuckles and takes out his phone to record a message) Thanks for the surprise, Marinette. I love you too
Adrien: (recording) Thanks for the surprise, Marinette. I love you too
Tikki: You really are the superhero of surprises
Adrien: Marinette is so wonderful. She always does amazingly creative things for me like this surprise while... the only thing I can do is send her a voice message"
yaksi_gozen_adrien_0003,Adrien's room. He's attempting to knit a T-shirt while watching a tutorial video.,"Plagg: If I had mentioned mechanics would you have built her a moped?
Adrien: No, Plagg, I chose knitting because Marinette is passionate about fashion design, and I'm sure she won't be expecting this surprise
Marinette: Mm... Oh, it's a towel! A hand towel?
Adrien: Uhh... No, Marinette, actually it's a... a t-shirt
Marinette: Oh, right, of course it's a t-shirt! These bigger holes are for arms. This is so surprising, Adrien, that's so nice of you. Thank you"
yaksi_gozen_adrien_0004,Street close to Place des Vosges. Adrien is walking while holding a huge beef rib.,"Dog: Woof woof!
Adrien: U-Uh?! Hey! (The dog jumps over the park's fence, fleeing with the ribs) I think I'm going to need another idea
Plagg: Or just another beef rib"
yaksi_gozen_adrien_0005,Marinette's room. Marinette is hanging up Adrien's attempt of a T-shirt.,"Félix: (awkwardly) You know we have these old family rings, (Adrien nods) and Kagami and I thought these old rings... Uh
Adrien: You thought that...?
Félix: That we'd ask Marinette to help us hide them
Adrien: Hide them? But why would you want to hide them?"
yaksi_gozen_adrien_0006,Marinette's room. Marinette is hanging up Adrien's attempt of a T-shirt.,"Adrien: I watched a magic tutorial online!
Adrien: Not bad, huh?
Kagami: What about (my) ring!?
Adrien: Félix, open your hand.(Félix does as asked and Kagami's ring appears in his palm) TA-DA!"
yaksi_gozen_adrien_0007,Interior chamber of Yaksi Gozen. A paralyzed Félix is approached by Chrysalis.,"Yaksi Gozen: Adrien Agreste you too won't be going anywhere near Kagami ever again!
Adrien: No! No! Ms. Tsurugi, you're mistaken! Kagami is just a friend, I'm in love with Marinette!
Yaksi Gozen: I'm not taking any risks believing in Agreste!"
yaksi_gozen_adrien_0008,"Inside the Dupain-Cheng kitchen. Adrien, Marinette, Tom and Sabine are eating cutlets in the table.","Tom: And it's not true that you don't do anything special for Marinette, Adrien. If it weren't for your cutlets, we wouldn't be sitting at this table together tonight. You're already a part of the family, kid!
Adrien: Oh!
Plagg: See, Sugarcube? A good meal is always a success!"
zombizou_adrien_0001,Literature classroom,"Zombizou: I'm not Miss Bustier anymore! (pulls on Ladybug's yo-yo, throwing her against the wall) I am Zombizou!
Adrien: Get out, quick!
Sabrina: I...feel... It's suddenly gotten very warm in here. (sits down, holding her chest) I don't know what's happening, I"
zombizou_adrien_0002,"Collège Françoise Dupont courtyard. Miss Bustier's students run down the stairs, except Sabrina weakly limps down, trailing behind the rest.)","Chloé: Ugh! Get away from me!
Adrien: Look out!
Sabrina: (jumps on Mylène) Kissou"
zombizou_adrien_0003,"Collège Françoise Dupont courtyard. Miss Bustier's students run down the stairs, except Sabrina weakly limps down, trailing behind the rest.)","Mylène: (shows a kiss mark on her cheek) I feel...feverish... I can't— (The mark disappears, and her eyes glow purple) Kissou
Adrien: (eyes going wide) They're contagious! Don't let yourselves get kissed!
Mylène: Kissou!"
zombizou_adrien_0004,Collège Françoise Dupont locker room,"Ladybug: Adrien?
Adrien: (sleepily) Kissy-boo
Alya: Oh, man. He must've gotten kissed on the stairs when he was saving Chloé"
