id,scene,conversation
action_cat_noir_0001,"Exterior, Le Grand Paris. Ladybug is keeping vigilant when Cat Noir comes in on his Staff.","Cat Noir: No!
Cat Noir: (spins his staff, rushes in to attack) Didn't you see the news? Plastic's going out of fashion! (clashes with King of Plastic)
King of Plastic: (fights back) This is all Gabriel Agreste's fault! He's gonna pay for that! (knocks Cat Noir on top of the car. Ladybug goes in to attack. King of Plastic tries to paralyze her, but she dodges. She then throws her Yo-yo at him, which latches on his lance. Ladybug is shocked. King of Plastic grins and raises his lance high, causing Ladybug to be thrown up in the air and slam down on the car.)
Cat Noir: (helps Ladybug up as she rubs her head) Ladybug, is everything okay?"
action_cat_noir_0002,"Exterior, Agreste mansion. King of Plastic jumps down to attack Ladybug and Cat Noir.","King of Plastic: (gets back up) And renounce my throne? Never! (jumps up to the gate and escapes)
Cat Noir: Didn't you want to take revenge on Gabriel Agreste?
Ladybug: He probably has more than one enemy. (goes after him with Cat Noir following)"
action_cat_noir_0003,Engine room. Cat Noir runs in.,"Ladybug: (kicks King of Plastic) Cat Noir, they're going to need you in the hold! (Cat Noir begins to run below the deck)
Cat Noir: Cataclysm! (touches engine as it starts to breakdown and overload)
Ladybug: No more evil-doing for you, Megakuma! (opens her yo-yo) Time to de-evilize! (captures the Megakuma) Gotcha! (frees the purified butterfly) Bye-bye, little butterfly!"
action_cat_noir_0004,The Liberty. Smoke starts to come out from the Liberty as Ladybug is fighting King of Plastic.,"Ladybug: (as the others walk up) This is exactly what millions of sea animals are going through around the world!
Cat Noir: And they don't always have superheroes to offer a helping hand and save them
Bertrand: Ok, maybe plastic isn't always so fantastic
Cat Noir: In the future, make the products you manufacture are reusable or recyclable and made from things that decompose! (Ladybug and Cat Noir place their hands on their hips)
Bertrand: (picks off a Morpho fan) Alright, I think I haven't realized until now what plastic pollution really is"
adoration_cat_noir_0001,At the Eiffel Tower. All the people that Marinette and Zoé have collaborated with are gathered with them at the venue.,"Ladybug: (about Zoé) This young girl is innocent. She was framed... by Vanisher
Cat Noir: With Chloé's help
Ladybug and Cat Noir: (fist bump) Pound it!"
adrien_s_double_life_cat_noir_0001,,"Adrien: And the day is saved! Being Cat Noir's awesome. I can finally do whatever I wanna do and say whatever comes to mind!
Cat Noir: What do you say we wrap this up?
Adrien: Plus, I get to save Paris with Ladybug. In short, it's a great break from my life at home. When I’m Cat Noir, I really have a blast"
anansi_cat_noir_0001,"Place de la Concorde, Ferris wheel. Marinette, Alya and Nino are in the Ferris wheel, watching the fireworks show. Marinette is holding her phone so Adrien can see, too.","Anansi: Nora's not here to protect you anymore. I am Anansi, super-spider. (picks up the cabin they were riding in, jumps down from the Ferris wheel and throws the cabin on the ground)
Cat Noir: (to Anansi) All those arms, that's convenient, but you destroyed my scratching post
Anansi: Need a hand, kitty cat? (leaps down and begins fighting Cat Noir)"
anansi_cat_noir_0002,"Place de la Concorde, Ferris wheel. Marinette, Alya and Nino are in the Ferris wheel, watching the fireworks show. Marinette is holding her phone so Adrien can see, too.","Ladybug: Are you okay? (extends hand for Cat Noir to grab)
Cat Noir: Everything except my pride
Ladybug: The Akuma must be in her headgear
Cat Noir: Yeah, but she's so strong we can't even get near her
Ladybug: Okay, change of plan. I take care of Anansi, you release the prisoner; it'll distract her enough to drop her guard
Cat Noir: Look out! (embraces Ladybug to push her out of the way of a flying car; they land on the ground in an embrace)"
anansi_cat_noir_0003,"Place de la Concorde, Ferris wheel. Marinette, Alya and Nino are in the Ferris wheel, watching the fireworks show. Marinette is holding her phone so Adrien can see, too.","FIGHT!: (hurls the car at the heroes, who leap separately out of the way)
Cat Noir: Huh? Seriously? (tries to pull himself loose, succeeds but gets hopelessly stuck against his back thanks to the recoil) Oh… uh… M'Lady? I think I got myself into a sticky situation
Anansi: Looks like I've already got a"
anansi_cat_noir_0004,"Place de la Concorde, Ferris wheel. Marinette, Alya and Nino are in the Ferris wheel, watching the fireworks show. Marinette is holding her phone so Adrien can see, too.","Anansi: Looks like I've already got a
cat: ch. You'll be next, beetle
Ladybug: I don't think so! (attacks with her yo-yo, but it gets caught and she gets flung across the street; she finds her foot stuck on a piece of cobweb)"
anansi_cat_noir_0005,Arc de Triomphe. Nino is still fighting Anansi using Cat Noir's staff.,"Nino: You shouldn't have underestimated me, legs. (charges again)
Cat Noir: (to Alya) Your friend's good at this
Alya: Yeah, but I sure hope Ladybug comes back before he gets bad at it"
anansi_cat_noir_0006,Arc de Triomphe. Nino is still fighting Anansi using Cat Noir's staff.,"Anansi: (crawling up to Cat Noir and grabbing his ring-wielding hand with her left hand while bracing herself with her right, and reaching for his ring with another left hand, to Cat Noir's alarm) It's just you and me, kitty cat
Cat Noir: Hey, spider, guess what. Cataclysm!
Hawk Moth: (from his lair) No! Don't touch his ring; it's charged with destructive energy!"
anansi_cat_noir_0007,Arc de Triomphe. Nino is still fighting Anansi using Cat Noir's staff.,"Anansi: (uninterestedly) Whatever, if you say so. (leans back to rest against the web upside-down and wait)
Cat Noir: (to no one in particular) Hurry up, Ladybug
Ladybug: (to Nino) I'm gonna need your help again. Do you still wanna save your friend?"
anansi_cat_noir_0008,Arc de Triomphe. Nino is still fighting Anansi using Cat Noir's staff.,"Carapace: At your service, dude— (Alya looks surprised, then suspicious) Uh, Ladybug. (holds up his shield) Shell-ter! Shiaaah!
Cat Noir: (to Ladybug) You're not really replacing me with a turtle, are you? (he pouts)
Ladybug: Not now, kitty. (hurls Cat Noir toward Anansi) Throw like a ladybug, scratch like a cat!"
anansi_cat_noir_0009,Arc de Triomphe. Nino is still fighting Anansi using Cat Noir's staff.,"Nora: The Beetle and Mister Whiskers? What's going on here?
Cat Noir: Uh, sorry, guys, but I've gotta split. (starts to run off)
Ladybug: Cat Noir! (Cat Noir stops) You know you're irreplaceable
Cat Noir: (smiles and nods) Mm-hmm. (runs off)"
animaestro_cat_noir_0001,Event. Adrien is peeling gum off Kagami's shoe.,"Animaestro: You haven't even seen the movie and you're already slamming it?
Cat Noir: He does have a point, you know
Ladybug: I wasn't slamming it. It's called constructive criticism! (Ladybug throws her yo-yo and it wraps around Animaestro. Civilians cheer at the potential defeat of Animaestro)
Cat Noir: Nice work, M’lady"
animaestro_cat_noir_0002,Event. Adrien is peeling gum off Kagami's shoe.,"Ladybug: How about you fear the power of the Lucky Charm! (Lucky Charm gives Ladybug a Camera) A camera?
Cat Noir: Of course! Who better to make a movie about Cat Noir and Ladybug, than Ladybug and Cat Noir?
Animaestro: YEAH! (shoots a laser out of his eyes which opens a hole below the heroes)
Cat Noir: He really doesn't take kindly to competition"
animaestro_cat_noir_0003,Parisian streets,"Ladybug: Wah!
Cat Noir: Cataclysm!
Animaestro: Everybody must watch ANIMATION! (fires an explosion at Ladybug and Cat Noir)
Cat Noir: Funny, cause I think we're the last ones"
animaestro_cat_noir_0004,Parisian streets.,"Ladybug: Shut your eyes tight, Cat Noir
Cat Noir: You know I trust you blindly
Ladybug: (opens her eyes) No more evildoing for you, little akuma! Time to de-evilize! (she captures the akuma in her yo-yo) Gotcha! (she presses the button at the top of her yo-yo and releases the purified akuma) Bye-bye, little butterfly. (she throws the camera in the air) Miraculous Ladybug! (grabs the ID as Animaestro is consumed by energy and turned back into Thomas)"
animaestro_cat_noir_0005,Parisian streets.,"Ladybug: (hands over ID) In the flesh
Cat Noir: You're about to transform back, M’lady
Ladybug: Bug out!"
animan_cat_noir_0001,The akuma flies and infects Otis' bracelet.,"Ladybug: And what do (you) think about ladybugs?
Cat Noir: And another black cat?
Animan: I think I'm higher on the food chain"
animan_cat_noir_0002,The akuma flies and infects Otis' bracelet.,"Ladybug: There are too many of them! We can't capture them all
Cat Noir: Well, what are we gonna do then?
Ladybug: Back to Plan A. If we can destroy his bracelet, I can capture the akuma. Everything will go back to normal!
Cat Noir: Sounds like a good idea!
Ladybug: But... it's unbreakable!
Cat Noir: He didn't actually break it. (squats down and he gives the yo-yo back to Ladybug)
Ladybug: Then how did he get away?
Cat Noir: I don't know, but we better find Kim... I mean, that boy, before he does"
animan_cat_noir_0003,The akuma flies and infects Otis' bracelet.,"Cat Noir: I don't know, but we better find Kim... I mean, that boy, before he does
Cat Noir: Over there!
Ladybug: (sees Animan about to approach Kim)"
animan_cat_noir_0004,The akuma flies and infects Otis' bracelet.,"Ladybug: You're not getting away (this) time!
Cat Noir: (to Kim) Quick, go and hide in the first building you come to. (places a tracker on Kim’s back before he runs off)
Animan: You'll never get me! (transforms into an eagle and flies away)
Cat Noir: Now we know how we got away earlier"
animan_cat_noir_0005,The TVi Newsflash is on the air.,"Ladybug: Come on, Cat Noir. Make sure you lock all the doors and windows
Cat Noir: We'll take care of the rest. You won't be in danger
Ladybug: Thanks Da-- uh, sir, for all your help"
animan_cat_noir_0006,Cat Noir sees the animals are rampaging. Ladybug sprays an air freshener on him.,"Ladybug: Et voila
Cat Noir: Whoa! What's that stuff?
Ladybug: Air freshener! It'll cover up our scent so he can't smell us
Cat Noir: Thanks. (He sniffs himself) I've always wanted to smell like... Ocean summer breeze? (he sees a small box) Couldn't we capture him inside something like this?
Ladybug: Only until he transforms into something bigger. (sees a bus) Would that make a big enough cage?
Cat Noir: Definitely. But how could we get him inside there? (hears Animan coming) He's coming
Ladybug: It's working. He's sniffing out Kim! (Cat Noir sniffs her and he gasps and he giggles. She is unamused) Follow me"
animan_cat_noir_0007,Animan is flying. He senses the smell and goes directly to the Bakery while Ladybug and Cat Noir hide behind the door.,"Ladybug: All these transformations seem to be tiring him out
Cat Noir: Then just let him wear himself out. It'll make it easier to capture his akuma. Cataclysm! (uses his Cataclysm to make all the buttons work. Ladybug and Cat Noir escape the bus, but Animan is trapped inside it.)
Ladybug: It's not exactly a cage, but... it'll do. (Animan morphs into a bear)
Cat Noir: I don't think he can (bear) to listen to that noise
Ladybug: You around is too much to bear. Now we wait
Cat Noir: Ready to free the akuma?
Ladybug: It's working!
Cat Noir: Hey! Since when do extinct animals count?
Ladybug: The T-Rex might have disappeared a long time ago, but technically it's.. still an animal. (The T-Rex roars and the two slowly back up)
Cat Noir: Well, I know of some other animals that will soon be extinct... The cat and the ladybug! (Ladybug and Cat Noir escape and hide on the side of a car)
Ladybug: Lucky Charm! (throws the yo-yo into the air and a car jack appears.) Huh? A car jack?
Cat Noir: Too bad Animan doesn't have any flat tires
Ladybug: Look how small his front arms are
Cat Noir: So it won't be great at basketball. What are you getting at?
Ladybug: You climb on top of him where he can't swipe at you, and while you're distracting him, I'll floor him!
Cat Noir: Sounds like a good plan. I can be very distracting"
animan_cat_noir_0008,Animan is flying. He senses the smell and goes directly to the Bakery while Ladybug and Cat Noir hide behind the door.,"Cat Noir: Sounds like a good plan. I can be very distracting
Cat Noir: It's gonna be tight. (while Animan chases them, Cat Noir stands on top of him. Ladybug pulls him with her yo-yo.)
Ladybug: Well, that's weird, we didn't have to use this. What does it mean?
Cat Noir: Well, I guess that only means we rock as a team
Ladybug: Cat Noir, wait! (Animan roars) I know what to do. (She starts running towards Animan)
Cat Noir: Ladybug!
Ladybug: Enjoy your meal!
Cat Noir: No! (spins his staff) You're so gonna pay for this!
Ladybug: No more evil doing for you, little akuma. Time to de-evilize! (capturess the akuma with her yo-yo) Gotcha! (releases a purified butterfly) Bye bye, little butterfly. Miraculous Ladybug! (throws the Lucky Charm into the air, its energy turns everything back to normal. Animan is turned back into Otis.) Pound it? (Cat Noir hugs her)
Cat Noir: Ladybug! That was a wild ride. (his Miraculous beeps) Whoops! Better take my whiskers and run! (Ladybug looks at him as he leaves)
Ladybug: See you next time, Cat Noir"
antibug_cat_noir_0001,Le Grand Paris. André Bourgeois is a giving a press conference.,"Chloé: (tackles Ladybug into a hug again) I'm sure you'll make my life perfect again! Just like it was before!
Cat Noir: Is something up? You seem…
Ladybug: She's hiding something"
antibug_cat_noir_0002,Le Grand Paris hotel lobby. Ladybug is asking Armand what he knows about Chloé and Sabrina.,"Armand: One of Mademoiselle's ideas. Big Mustachio want all Parisians to be deface with heinous mustaches
Cat Noir: Wow, what a hairy situation. (chuckles)
Ladybug: (sighs) Please go on. (flashbacks continued, this time at the dining hall. ""Big Mustachio"" gets out of the elevator to that floor)"
antibug_cat_noir_0003,Le Grand Paris hotel lobby. Ladybug is asking Armand what he knows about Chloé and Sabrina.,"Ladybug: This invisible person, it's obviously Sabrina
Cat Noir: Who's been akumatized by Hawk Moth
Chloé: Impossible! (sits on her chair from her room) She's too weak to do something so bold, especially to me. You're wrong!"
antibug_cat_noir_0004,Le Grand Paris hotel foyer. Ladybug dismisses Jean and talks to Cat Noir.,"Vanisher: They'll never see me coming, Hawk Moth. (the glow disappears and Vanisher drops the rose on the ground. Cat Noir and Ladybug turn around and see the rose)
Cat Noir: Huh?
Ladybug: Huh?
Cat Noir: Uh, the flower. It– (Cat Noir notices Vanisher is trying to take Ladybug's earrings) Look out Ladybug! (they jump into action and use their weapons as shields in front of them)"
antibug_cat_noir_0005,Le Grand Paris hotel foyer. Ladybug dismisses Jean and talks to Cat Noir.,"Ladybug: Can you handle this, Cat Noir?
Cat Noir: With pleasure my lady. (Cat Noir restrains Vanisher and Ladybug wraps Chloé in her yo-yo, then she leaves her inside the elevator)
Chloé: But wait! The akuma has to be in the designer pin I bought her. She's wearing it on her sweater. Such an unfortunate ugly sweater. It was a gift from me"
antibug_cat_noir_0006,Le Grand Paris hotel foyer. Ladybug dismisses Jean and talks to Cat Noir.,"Sabrina: Uh, wh-what happened? What am I doing here? Oh no! It's the brooch Chloé gave me! (picks up the pin)
Cat Noir: (to Ladybug) Why didn't you listen to Chloé? She was only trying to help
Ladybug: First, because that girl put us in danger. And second, she completely lied to us earlier. I was not gonna listen to a liar"
antibug_cat_noir_0007,"Outside Le Grand Paris. Reporters swarm Ladybug, but her transformation is about to run out.","Ladybug: We'll see each other again soon, trust me!
Cat Noir: Looks like it's just you and me now, Antibug
Antibug: I love a good catfight! (Cat Noir and Antibug start fighting)"
antibug_cat_noir_0008,"Outside Le Grand Paris. Reporters swarm Ladybug, but her transformation is about to run out.","Antibug: Team up with (me), Cat Noir!
Cat Noir: Never! Not with a fake like you. Ladybug and I are a team. Let's hope the real deal shows up soon
Antibug: I know you can hear me Lady-brat, wherever you are. You're going to have to choose. If you wanna keep Cat Noir alive, you'll have to give me your Miraculous. And if you refuse, well then take a good look at Cat Noir, because this will be the last you'll ever see of him. I'm going to count to ten! One…!
Cat Noir: Uh… could you make that 20?
Antibug: Two…!"
antibug_cat_noir_0009,"Outside Le Grand Paris. Reporters swarm Ladybug, but her transformation is about to run out.","Antibug: Ladybug…
Cat Noir: Ladybug. (Marinette unties Cat Noir. Meanwhile, Antibug goes off and she finds Marinette's phone)
Ladybug: (video from the phone) ""Cat Noir and I, we're an unstoppable team."""
antibug_cat_noir_0010,"Outside Le Grand Paris. Reporters swarm Ladybug, but her transformation is about to run out.","Antibug: Bad kitty! Come here to get your leash back
Cat Noir: Sorry, but I don't take any orders from a mere copycat. (Antibug throws her yo-yo but Ladybug's yo-yo deflects it)
Ladybug: Nice yo-yo, mine's better!
Cat Noir: What kept you?
Ladybug: I'm thinking the akuma's in the yo-yo
Cat Noir: I'm thinking it's in her earrings
Ladybug: Why?
Cat Noir: She was already wearing them when she was akumatized, and her yo-yo was destroyed
Ladybug: Ah, pretty good advice, for a cat. (rings Cat Noir's bell)
Cat Noir: Thanks
Ladybug: Lucky Charm! (Ladybug's Lucky Charm gives her a bag of marbles)"
antibug_cat_noir_0011,"Outside Le Grand Paris. Reporters swarm Ladybug, but her transformation is about to run out.","Ladybug: See that's your downfall, you're always so quick to judge. (sprints over to Cat Noir, while Antibug charges at her with the sword) Over to you!
Cat Noir: Got it! (Ladybug throws the marbles to Cat Noir and he breaks the bag, spilling the marbles and tripping Antibug, who drops her sword) I'll take that. (uses his staff to throw the sword all the way to the Eiffel Tower, scaring two loving pigeons)
Antibug: See? You're nothing without your Cat Noir!"
antibug_cat_noir_0012,"Outside Le Grand Paris. Reporters swarm Ladybug, but her transformation is about to run out.","Hawk Moth: Take her Miraculous before it's too late!!!
Cat Noir: Cataclysm! (breaks the pool cover causing Antibug to fall gets trapped)
Antibug: Ah! (Ladybug jumps over her and takes her earrings off. She stomps them and the akuma flies off)"
antibug_cat_noir_0013,"Outside Le Grand Paris. Reporters swarm Ladybug, but her transformation is about to run out.","Ladybug: Thanks for your advice Cat Noir
Cat Noir: 'Course. We're a team, aren't we? (Ladybug runs past him)
Ladybug: Unstoppable. Bug out! (leaves)"
backwarder_cat_noir_0001,Jardin des Tuileries. Ladybug and Cat Noir hide behind a statue as Backwarder searches for them.,"Hawk Moth: Then I'll be able to get my hands on not only their Miraculous, but all the other magic jewels as well! (laughs evilly)
Cat Noir: It's time we made a plan!
Ladybug: A little helping hand from fate is in order! Lucky Charm!
Cat Noir: That's incredible! I was just thinking to myself, why don't we redo the fountain's plumbing while we're here?
Ladybug: (looks around; her vision highlights Cat Noir, a kite on the ground and the pipe) Okay, I know what to do, follow me. She's gone away! Quick, let's make the most of it! (cuts the kite string) Take this! (She gives Cat Noir the string, then makes a cross in the sand with the pipe, then places the pipe on the center of the cross.)"
backwarder_cat_noir_0002,Jardin des Tuileries. Ladybug and Cat Noir hide behind a statue as Backwarder searches for them.,"Ladybug: (faces Cat Noir) I'm sorry
Cat Noir: Sorry for what?
Ladybug: For this! (pushes Cat Noir into Backwarder so he gets backwarded, and starts the timer)
Cat Noir: ?tahw rof yrroS"
backwarder_cat_noir_0003,Jardin des Tuileries. Ladybug and Cat Noir hide behind a statue as Backwarder searches for them.,"Backwarder: You'll understand soon enough. He's powerless now, but I want Ladybug! She's my only ticket back to Fu. (Ladybug checks her timer, leading Backwarder to Cat Noir)
Cat Noir: ydal'm, htraE eht fo sdne eht ot uoy wollof ll'I (Cat Noir is back near the cross in the sand)
Ladybug: (stops in front of the cross and fakes a sprained ankle) Ow, my ankle! I think I've sprained it!"
backwarder_cat_noir_0004,Jardin des Tuileries. Ladybug and Cat Noir hide behind a statue as Backwarder searches for them.,"Ladybug &amp; Cat Noir: Pound it!
Cat Noir: Well, at least I think so, 'cause to be honest. I still don't understand what all that was about
Ladybug: (helping Ms. Lenoir get up) That's because we girls are mysterious that way. (looks at Ms. Lenoir)
Cat Noir: (his ring beeps) Oh, oops! Sorry, but I'd better scat, super fast
Ladybug: Why the rush?
Cat Noir: It's a secret, you see, we cats are mysterious too. (He runs away, and Ladybug gently seats Ms. Lenoir on a bench.)"
bakerix_cat_noir_0001,Streets of Paris.,"Ladybug: (lands in a tree) Ah! Oof!
Cat Noir: Don't worry, milady, (extends his stick to her) I'm right here
Ladybug: (jumps out of the tree without his assistance) Thanks Cat Noir, but girls don't always need to be saved by a boy
Cat Noir: You think I'm a tad old-fashioned, don't you?
Ladybug: Oh, I've seen worse than you. Just wait 'til you meet Bakerix. (jumps away, Cat Noir follows)"
bakerix_cat_noir_0002,Outside the Louvre Palace.,"Bakerix: Just like the good ol' days. (sees the Louvre, and trembles with rage) Oh! Oh hoho! An Egyptian pyramid in the King's court! (leaps to attack it) But that's not how it's done! (Cat Noir's stick stops him in midair, and he tumbles onto the pyramid, and then the ground below it)
Cat Noir: A blending of ancient and modern. I personally like this glass pyramid a lot
Ladybug: It's proof that you can be modern, and still respect the past"
bakerix_cat_noir_0003,Outside the Louvre Palace.,"Bakerix: You're out of your league! You don't have enough experience! (throws the pyramid on top of them, trapping them. He leaps away again.)
Cat Noir: Trapped! Cata- !
Ladybug: (grabs his wrist) Save your Cataclysm! We're probably gonna need it. (sees a sewer covering) Emergency exit!
Cat Noir: Good eye. (They enter the sewers.)"
bakerix_cat_noir_0004,The Gare du Nord.,"Ladybug: We've got a train to catch
Cat Noir: Boarding now! (They run inside, where Bakerix is attempting to lift the train.)
Ladybug: (jumps on top of the train) Be reasonable now, Mister Bakerix. There are a lot of people on this train"
bakerix_cat_noir_0005,The Gare du Nord.,"Ladybug: (sees the grate to the wind turbine) Do your thing, Cat Noir!
Cat Noir: Cataclysm! (cataclysms the grate, which Bakerix lands on and breaks, tumbling down)
Ladybug: You're just blown away by this sandwich, aren't you?"
bakerix_cat_noir_0006,The Gare du Nord.,"Roland: I must get home. (Ladybug's earrings beep rapidly)
Cat Noir: I'll take him back, milady. I've got more time left than you
Ladybug: Thank you, Cat Noir. Bug out! (uses her yo-yo to swing away)
Cat Noir: (as Roland climbs on his back) Are you sure you wanna go home on a superhero's back? It's fast, but not very traditional"
bakerix_cat_noir_0007,Roland's House.,"Marinette: You see? I (do) know how it's done
Cat Noir: Well, if it's all good, I'll be on my way. (turns to leave)
Roland: No, wait! We need a judge, to determine which of these loaves is the best
Cat Noir: (his ring beeps) Uh, the thing is, I'm gonna transform back soon, and- whoa! (Roland pushes him toward the bread) You're a real tough cookie, even without your superpowers. (he tries both loaves) Mmm. Both these breads are delicious, d'you have any jam by any chance?"
befana_cat_noir_0001,The Place des Vosges,"Befana: It's rude to leave while Befana's still speaking to you. (her gun's aim is knocked away by Cat Noir's staff and she looks over at him)
Cat Noir: (perched on top of a speaker) Hey, I never knew grandmas could be so nasty
Befana: You would look wonderful in white, my pretty kitty. (she rotates the cylinder of her gun again and fires at Cat Noir, who dodges easily, but barely)
Cat Noir: Eh, not convinced. I'm much more into black- makes my eyes stand out, don't you think? (he dodges more blasts from Befana's gun)
Befana: (to the fairy Sabine) Take care of this pesky pussycat!
Cat Noir: Hey, I thought fairies were supposed to be nice! (Sabine manages to attack him and they go into the treetops)
Befana: (firing coal shots at Marinette) You're not getting away unpunished, Marinetta! (Marinette trips and drops Adrien's present, which is turned to coal) You don't deserve all these presents, you spoiled little brat! Now, for what you really deserve. (she attempts to fire her gun again, but it is empty, forcing her to reload from the bag at her waist) Don't worry. You'll get what's coming to you"
befana_cat_noir_0002,The Place des Vosges,"Marinette: Cat Noir!
Cat Noir: (still trying to fend off the fairy Sabine) Stay put, I'll be right there! (he is attacked again) Uh, soon!
Befana: (turns Marinette's hiding spot into coal) Or do you also lie to your parents and your friends, too?"
befana_cat_noir_0003,Rooftops,"Befana: Is that how you speak to your elders? How rude. (she turns the others into coal, freeing her fairies) Maybe this way you'll learn to keep quiet
Cat Noir: You must be a real cool girl if your friends are protecting you like that. So why's your grandma flipping out?
Marinette: I think she wanted me to spend more time with her
Cat Noir: Don't worry. I promise to get your real grandma back safe. (He bounds to the railing and hops up, then stops, looking back at her) Oh, I almost forgot. Happy birthday, anyway
Marinette: Thank you, Cat Noir"
befana_cat_noir_0004,Rooftops,"Befana: (sings) ♫ La Befana comes at night, on her shaky broom in flight. She gives out candy to those who are dandy. And only gives coal to brats with no soul. ♫ (Suddenly, Befana is knocked off her bike by Cat Noir's staff getting in her way)
Cat Noir: (singing to the same melody as Befana) ♫ Cat Noir comes to, unexpectedly, (he stops singing) Uh, how do you make that rhyme? ♫
Ladybug: (landing beside him and finishes his song) ♫ Fighting evil with his lady! ♫
Cat Noir: Of course! Not bad, Bugaboo!"
befana_cat_noir_0005,Rooftops,"Befana: Much better, Hawk Moth! (she points to Cat Noir) You little thief! Where have you hidden Marinetta?!
Cat Noir: I forgetta
Ladybug: Watch out, or you'll be getting a time out of your own"
befana_cat_noir_0006,Eiffel Tower,"Ladybug: (She looks over her shoulder for her Lucky Charm, and her Lucky Charm vision alights on the elevator doors, the underground fire hydrant, and the tuba) Okay. You win, Befana. (she winks to a shocked Cat Noir)
Cat Noir: I- I did lie, I'm sorry. Your granddaughter is here
Ladybug: Never too late to tell the truth, right?"
befana_cat_noir_0007,Elsewhere on the Eiffel Tower. Cat Noir apprehensively opens a closet door and sighs in relief on seeing the real Marinette isn't inside,"Befana: What is the meaning of this?! She isn't here!
Cat Noir: (shrugging) I guess I'm a compulsive liar?
Befana: (she growls in frustration, then hears the elevator) Huh? (She sees it going down) There you are! Nice try, Marinetta, but you won't get away that easily! Ha! (she jumps over the glass guard wall onto her motorbike, laughing. Meanwhile Ladybug and Cat Noir appear at the guard wall, looking down)"
befana_cat_noir_0008,Eiffel Tower Base,"Ladybug: (throwing her yo-yo to the Lucky Charm tuba) Cat Noir! The fire hydrant!
Cat Noir: My pleasure Cataclysm! (He uses his left hand to pull the cover off the fire hydrant and presses down on the hydrant with Cataclysm, causing a fountain of water to appear)
Befana: Noooo!"
captain_hardrock_cat_noir_0001,On the Liberty,"Ladybug: I hope you've got your sea legs kitty
Cat Noir: I'll be purr-fect, as long as I stay dry
Captain Hardrock: Seize them
Cat Noir: Any idea where the akuma is?"
captain_hardrock_cat_noir_0002,On the Liberty,"Ladybug: We've gotta stop this ship
Cat Noir: It's time we got this vessel anchored. Let's rip this off! (attempts to rip the sails apart) It's no good. (Ladybug tries to turn the wheel)
Ladybug: It's blocked"
captain_hardrock_cat_noir_0003,On the Liberty,"Captain Hardrock: Him again? Fire! (Roger lands in a tree) En garde. (Turns to where Ladybug was) Huh? Where did you go? If you refuse to give me your Miraculous, my next target will be Major Bourgeois and his land lover-in Orchestra. Liberty, next stop City Hall. (Liberty fires at a bridge)
Cat Noir: Thanks my lady, any longer and I would've been fish food
Ladybug: We've got a problem Cat Noir. I couldn't free the prisoners, and I have no idea what I'm supposed to do with this
Cat Noir: It's probably just trying to tell you that you're chained to me, forever
Ladybug: You're pulling my chain Cat Noir. It's time to take the ship, follow me
Cat Noir: Aye aye Captain Ladybug"
captain_hardrock_cat_noir_0004,On the Liberty,"Anarka: What happened?
Cat Noir: Oh not much, you just had a bout of... Seasickness. (his Miraculous beeps) Time to raise the sails my lady. (jumps away)
Ladybug: Miraculous Ladybug! (The Miraculous light fixes all of the damage caused) Enjoy your gig, bug out. (jumps away)"
cat_blanc_cat_noir_0001,Burrow,"Adrien: Plagg, claws out!
Cat Noir: CATACLYSM!!!!!!! (cataclysms the Akuma, destroying it)
Marinette: Adrien!
Cat Noir: You were about to be akumatized. I didn't have a choice, m'lady
Marinette: M'lady? But how did you know? I thought our identities were supposed to remain a secret! (drops umbrella and hugs Cat Noir tearfully)
Cat Noir: Everything will be okay, I promise"
cat_blanc_cat_noir_0002,"Alternate Paris, underwater","Ladybug: You're done, Hawk Moth! Give us back your Miraculous!
Cat Noir: (throws Hawk Moth's cane in the water) You know what they say. The wave of a moth's wing can set off a cataclysm!
Hawk Moth: I would put that Cataclysm away if I were you... ("
cat_blanc_cat_noir_0003,"Alternate Paris, underwater","For us.: )
Cat Noir: Father? (Ladybug looks at him in shock) Why? (Why?) (
WHY?!?!: ) (angrily runs up to Hawk Moth with cataclysm's power increased) Why...?"
cat_blanc_cat_noir_0004,"Alternate Paris, underwater","Hawk Moth: If she really loved you, she'd let you save your mother!!! (points accusingly at Ladybug)
Cat Noir: Stop it!! (Stop it!!!) (
STOP IT!!!!!!!!!!!!!!: )"
cat_blanc_cat_noir_0005,"Alternate Paris, underwater","Obey!!!: )
Cat Noir: (tries to fight back but fails) I'm sorry, Ladybug!
Hawk Moth: Seize her Miraculous, (My Son!!!)"
cat_blanc_cat_noir_0006,Alternate Paris,"Bunnyx: (from her Burrow) Yes, yes! You did it, Minibug!
Cat Noir: Marinette, what happened? (she looks down and closes her eyes, saddened) What's wrong?
Ladybug: You're still calling me Marinette. You're not supposed to know who I am. It means that if I use my Miraculous Ladybug to fix everything now"
cat_blanc_cat_noir_0007,Alternate Paris,"Ladybug: (with her Lucky Vision spots the eraser and the Burrow) Of course! (hugs Cat Noir) I'm gonna fix everything, Cat Noir, I promise!
Cat Noir: (smiles) I know
Ladybug: (jumps in) Bring me back 10 minutes before the moment you came to get me, quick! I don't have much time before I transform back and lose my Lucky Charm. (puts the bowl on top of head) I have to erase my mistake to get things back to normal. This future is a result from something that happened in the past. I must not throw my eraser here and now, I must throw my eraser back then!"
cat_blanc_cat_noir_0008,Rooftops. Cat Noir is seen on the rooftops singing.,"Cat Noir: (singing) Little kitty on a roof, all alone without his lady
Cat Noir: Hey, Bugaboo. So what was that sudden call for?
Ladybug: I did it. (leans on his shoulder)
Cat Noir: (smiles) I have no idea what you're talking about, but I'm perfectly fine with it"
cat_noir_as_seen_by_marinette_cat_noir_0001,Marinette's room.,"Ladybug: (I thought cats always landed on their feet.)
Cat Noir: (Why thanks, miladybug, but I had it covered.)
Marinette: I mean, like, we've been fighting villains together, right? 'Cause there's absolutely nothing between us. He's just my partner—uh, my (teammate) is what I mean. Besides, he’s not my type, he’s a bit too cocky
Cat Noir: (Looks like I made it just in time.)"
cat_noir_as_seen_by_marinette_cat_noir_0002,Marinette's room.,"Marinette: He's always making puns. They’re not even that funny
Cat Noir: (Hey Ice Queen, what's with all the terrorizing? Why don’t you pick on someone your own temperature?)
Marinette: Okay, so it's not always cat bad. I mean, that bad. ((giggles))"
cat_noir_as_seen_by_marinette_cat_noir_0003,Marinette's room.,"Marinette: I'm a little hard on him, I guess, to be honest, I'm glad he's here! I don't think I'd ever manage to defeat all those supervillains without his help! He can use his superpower-
Cat Noir: Cataclysm!
Marinette: -to destroy anything he touches. Comes in handy for slowing enemies down. Actually, Cat Noir and I really do make an awesome team!"
cat_noir_as_seen_by_marinette_cat_noir_0004,Marinette's room.,"Marinette: But I think he's got a bit of a crush on me, you know? Except I love (Adrien)! Cat Noir's not anywhere near as perfect as Adrien. He does have some really cool things about him, though, like, he fights really well
Cat Noir: (to the Bubbler) (Could use a little work!)
Marinette: Besides, I can always count on him
Cat Noir: (to Ladybug) (Thanks for waiting around for me.)
Marinette: Okay, so (maybe) I'd see Cat Noir differently if there was no Adrien. Wait, what? Am I for real, what am I saying? A world without Adrien?! That would be... horrible!"
catalyst_heroes_day_part_1__cat_noir_0001,Rooftop of Palais de Chaillot. The heroes plan their next move.,"Akumatized Ladybug Illusion: It's over my sweet little kitty! Give me your miraculous!
Cat Noir Illusion: If Hawk Moth wants a ring, he can make one himself. (Cat then gets hit by Ladybug's yoyo and is launched to another float)
Parisians: (They gasp after seeing Cat Noir get launched to the Carapace Float)"
catalyst_heroes_day_part_1__cat_noir_0002,Rooftop of Palais de Chaillot. The heroes plan their next move.,"Rena Rouge: No, (I) do
Cat Noir: So, what's the heroes' plan m'lady? (Ladybug looks at Hawk Moth's Army)
TO BE CONTINUED...: )"
chameleon_cat_noir_0001,Trocadéro.,"Ladybug: Found him?
Cat Noir: Ladybug, look out! (intercepts the kiss and gets kissed instead; Chameleon tries to take the Miraculous from the now-sleeping Cat Noir, but Ladybug intervenes)
Chameleon (as Cat Noir): It's down to the two of us, Ladybug. Cataclysm!"
chameleon_cat_noir_0002,Trocadéro.,"Hawk Moth: (from his lair) Good job Chameleon, become Ladybug, then once you put her to sleep you can simply give me her Miraculous
Cat Noir: (wakes up) Ladybug!
Ladybug: (picks up Chameleon (as a clam)) We should be friends, not anemones
Cat Noir: Wow, you certainly got that supervillain to clam up, m'lady. But we're still not out of the woods yet. Where's the akumatized object?
Ladybug: I think I might have an idea. Waiter?"
chameleon_cat_noir_0003,Trocadéro.,"Ladybug: Thank you. We're about to find out what you really look like Chameleon
Cat Noir: You'll see, it's an old acquaintance
Ladybug: (breaks the akumatized object; the akuma flutters out) No more evildoing for you, little akuma. Time to de-evilize! (captures the akuma with her yo-yo) Gotcha! (releases the purified butterfly) Bye, bye, little butterfly. (throws the T-shirt into the air) Miraculous Ladybug!"
christmaster_cat_noir_0001,The ice rink. Cat Noir is looking at the catfish through the window.,"Ladybug: (To Cat Noir) Don't you think this whole thing is kind of strange?
Cat Noir: Stranger than fighting a pharaoh's reincarnation or a pigeon overlord empowered by magical butterflies, you mean? (There's a rumbling and Colonel Woof-Woof and the T-rex bust through the wall. The soldiers infiltrate the rink.)
Colonel Woof-Woof: Aha! Gotcha!"
christmaster_cat_noir_0002,The ice rink. Cat Noir is looking at the catfish through the window.,"Colonel Woof-Woof: My sense of smell has sniffed you out, Santa. Follow me and do not show resistance
Cat Noir: Stay back, Santa!
Colonel Woof-Woof: Christmaster demands his gift"
christmaster_cat_noir_0003,The ice rink. Cat Noir is looking at the catfish through the window.,"Philippe: (He skates towards Santa) And while we're at it, I asked for Super Blades and I could really use them for my upcoming competition
Cat Noir: I kinda like this idea. I asked for—
Santa Claus: Stop! That's not the way it works. (Philippe, Cat Noir, and Colonel Woof-Woof are shown together next to Santa)"
christmaster_cat_noir_0004,The ice rink. Cat Noir is looking at the catfish through the window.,"Santa Claus: Stop! That's not the way it works. (Philippe, Cat Noir, and Colonel Woof-Woof are shown together next to Santa)
Philippe, Colonel Woof-Woof, and Cat Noir: (upset) Aw, why not?
Santa Claus: Christmas rules are very strict. You don't open gifts early. I give them at Christmas, not Easter or Halloween. Otherwise…"
christmaster_cat_noir_0005,The street. Ladybug swings to the police car and grabs the megaphone.,"Bear: He tried to trick us by dressing up as Cat Noir. But he couldn't fool us
Cat Noir: Hee hee
Christmaster: You (were) tricked! That's Cat Noir dressed up as Santa Claus, not the other way around! You're such babies! (Christmaster throws a plastic brick at the bear's face) Keep searching! (They leave. A light halo appears around Christmaster's face.)"
christmaster_cat_noir_0006,The platform.,"Ladybug: Well at least now we know for sure that the akuma is in his snow globe
Cat Noir: And we're gonna have to defeat ourselves!
Toy Ladybug: Lucky charm! (A mace appears)"
christmaster_cat_noir_0007,The platform.,"Toy Ladybug: Lucky charm! (A mace appears)
Toy Cat Noir: Cataclysm! (
Toy Ladybug: Lucky charm! (She receives a club)
Toy Cat Noir: Cataclysm!"
christmaster_cat_noir_0008,The platform.,"Toy Cat Noir: Cataclysm!
Cat Noir: Playtime never ends for these two
Ladybug: (Her earrings beep) Problem is, my playtime is up. I don't have much time left before I transform back
Cat Noir: Watch out! (Toy Cat Noir tries to Cataclysm them. They run.) Then it's time to show them who the real game masters are. (They fight)"
christmaster_cat_noir_0009,The platform.,"Toy Cat Noir: Cataclysm!
Cat Noir: What about using my power to destroy these toys?
Toy Ladybug: Lucky charm! (A giant sword similar to the one Nightmare Ladybug uses in ""Sandboy"" appears.)"
christmaster_cat_noir_0010,The platform.,"Santa Claus: At your service, Ladybug. There's no way I'm letting anything happen to the best-behaved kid in the world! I'll take care of these two!
Cat Noir: The best-behaved kid in the world?
Ladybug: That's me!"
christmaster_cat_noir_0011,The platform.,"Christmaster: Stop Grobotech!
Cat Noir: Cataclysm! (Cat Noir is about to destroy the robot.)
Christmaster: No! Not my toy!"
christmaster_cat_noir_0012,The platform.,"Ladybug: Goodbye Santa Claus
Cat Noir: Goodbye? Why?
Ladybug: (still frowning) Because Santa was brought here by Christmaster's power, so when everything's repaired…"
christmaster_cat_noir_0013,The platform.,"Ladybug: Miraculous Ladybug! (The toys disappear, and Philippe ends up on the sidewalk. The catfish disappear and the Eiffel Tower is back to normal. Cat Noir, Chris, and Ladybug are placed on top of a skyscraper.)
Cat Noir: So big kid, feeling better?
Chris: Yeah, but, I don't remember much"
climatiqueen_cat_noir_0001,"Exterior of the Hôtel de Ville. Climatiqueen is attacking Ladybug with another cyclone, and then blasts her with rays, one of which causing the ground to ice up.","Adrien: Plagg, claws out!
Cat Noir: Is it me, or is the weather taking a turn for the worse, M'Lady?
Ladybug: It is indeed, Kitty Cat. But I forecast it will only be raining on Climatiqueen"
climatiqueen_cat_noir_0002,"Exterior of the Hôtel de Ville. Climatiqueen is attacking Ladybug with another cyclone, and then blasts her with rays, one of which causing the ground to ice up.","Cat Noir: Cataclysm!
Cat Noir: Is that all you got?
Ladybug: Cat Noir, it's best to keep it cool here
Cat Noir: I'm just so excited to be here with you, figuring out where the ultrakuma is, so we can de-evilize this supervillain!
Ladybug: Are you sure you're alright, Cat Noir?
Cat Noir: You bet! Nothing's as simple and passion-worthy as our work as superheroes. I think it's what I like to do most!"
climatiqueen_cat_noir_0003,"The sky. Aurore stops her storm, causing Ladybug to fall and Cat Noir to catch her.","Aurore: Alright!
Cat Noir: So she won, and now she's going home? Just like that?
Ladybug: She's heading to the Eiffel Tower!
Cat Noir: What for?
Ladybug: Lucky Charm!
Cat Noir: Heading to a weather broadcast, M'Lady? Radiobug would sound great!
Ladybug: You know the Eiffel Tower serves as a radio and TV transmitter, right?
Cat Noir: So she could use it like a giant conductive antenna that would send lightning bolts all across Paris!
Ladybug: Forcing everyone to follow her with one strike!
Cat Noir: Including us!"
climatiqueen_cat_noir_0004,"The Eiffel Tower. Ladybug, Cat Noir, and Pegasus land near the top.","Ladybug: Cat Noir, cataclysm the Eiffel Tower before she touches it!
Cat Noir: But what about the visitors that are on it?
Ladybug: We'll take care of them"
climatiqueen_cat_noir_0005,"The Eiffel Tower. Ladybug, Cat Noir, and Pegasus land near the top.","Aurore: I spied on my friends, told lies about them. My quest for popularity has made me forget what I really wanted!
Cat Noir: And what was that exactly?
Aurore: A signed book, written by Claudie Kanté: (Weather From Space.)
Cat Noir: What makes this book so important?
Aurore: It features incredible photos: a storm with its electric arc, beautiful northern lights called aurora borealis, and the magnificent light pillars caused by tiny ice crystals that are suspended in the atmosphere photographed from space by astronaut Claudie Kanté!"
climatiqueen_cat_noir_0006,"The Eiffel Tower. Ladybug, Cat Noir, and Pegasus land near the top.","Aurore: Sorry to bore you with all that. No one's interested in weather phenomena
Cat Noir: Oh no, not all all. You talk about it with such passion!
Ladybug: If weather is your passion, don't let anyone take that away from you. Success doesn't matter. It's the pleasure you take in doing things that counts"
collusion_cat_noir_0001,"Hôtel de Ville, exterior.","Chloé: (to Gabriel) …Alright, wait a second, what's this gift you keep talking about?
Cat Noir: It's almost Bastille Day, m'lady. Do you think this akumatized villain wants to celebrate the French Revolution early?
Ladybug: Mostly I think it's strange that Monarch would support a revolutionary"
collusion_cat_noir_0002,"Hôtel de Ville, exterior.","Ladybug: Terror isn't a solution!
Cat Noir: There are elections to make your voice heard
Miss Sans-Culotte: Or a revolution when everyone is corrupt. Nothing can stop freedom!
Cat Noir: We're all for the big dance and fireworks on July 14th, but don't you think that's a lot, Miss Sans-Culotte?"
collusion_cat_noir_0003,"Hôtel de Ville, the mayor's office.","Ladybug: It's weird, I didn't get to use the crown. The Lucky Charm always indicates the right way to defeat the villain
Cat Noir: But you also use it to repair the damage
Ladybug: Maybe you're right. Miraculous Ladybug!"
collusion_cat_noir_0004,"Hôtel de Ville, the mayor's office.","Ladybug: (sees Chloé and her robots highlighted in her vision) The Lucky Charm wasn't for Miss Sans-Culotte!
Cat Noir: A crown for the queen of brats, of course!
Chloé: (to the reporters) Ladybug and Cat Noir have just helped a supervillain force my father, the mayor of Paris, to resign. They have no right to use their magic powers in that way! Lucky for us all, I'm here to defend my father and protect… demotra– uhh, memocracy–"
collusion_cat_noir_0005,"Hôtel de Ville, the mayor's office.","Cerise: (through the earpiece) Well done!
Cat Noir: What exactly do you think you get to defend? Your father stepped down of his own accord
Chloé: See? Here they go again using their powers against demacro– demicro– uh, DECROMACY! They're not superheroes, they're super(villains)!"
conformation_the_final_day_part_1__cat_noir_0001,"Tom &amp; Sabine Boulangerie Patisserie, living room","Monarch: Proceed to the next phase of the plan
Alliance Cat Noir: So you two think you can do better than us?!
Alliance Ladybug: You think your Perfect Alliance is stronger against Akumas than Cat Noir and Ladybug?!"
confrontation_cat_noir_0001,"Interior, Collége Françoise Dupont, in Ms. Bustier's classroom. The Megakuma teleports in the room. Rose gives Juleka's Magical Charm and places it in her hand.","Ladybug: We better find a solution before the whole city is crawling with Reflektas!
Cat Noir: Reflektas with the Tiger's punch as a bonus — it's not going to be easy!
Ladybug: In that case"
confrontation_cat_noir_0002,"Interior, Tom and Sabine Boulangerie Patisserie. Reflekta enters the bakery and is about to throw fan blades at Tom and Sabine, only to be stopped by Cat Noir who is by the bakery entrance, leaning on his baton.","Cat Noir: Really hope you can get us out of this sticky situation, m'Lady!
Cat Noir: You can't touch these bakers! I love their croissants too much
Reflekta: Together forever!"
confrontation_cat_noir_0003,"Interior, Collège Françoise Dupont, in the principal's office. The Megakuma flies out of a Voyage portal and flies towards Denis Damoclès. Marinette immediately notices the Megakuma and makes a run for it.","Chloé: HEY! (growls and turns to Lila who is already walking out the school) Hey, what's-your-name! Get back here! What's the next part of the plan?! You can't leave me here alone like this! Get back here!! Lee-la!!
Cat Noir: (appearing from behind) What would the owl say if he saw you like this?
Denis Damoclès: Cat Noir?! Oh, even superheroes are going to witness how incompetent I am! I'm worse than a supervillain! (sobs)"
confrontation_cat_noir_0004,"Interior, Collège Françoise Dupont, in the principal's office. The Megakuma flies out of a Voyage portal and flies towards Denis Damoclès. Marinette immediately notices the Megakuma and makes a run for it.","Monarch: NOOOOOOOOOOOOOOO!
Cat Noir: Well done! (jumps out the window)
Gabriel: (throws his glove and reveals his cataclysmed hand) It can't be true! Defeated by a bunch of kids! With or without your Magical Charms, I'm not done with you yet!"
copycat_cat_noir_0001,Dupain-Cheng House. Marinette and Alya are running down the stairs. They go outside and see Cat Noir.,"Adrien: Move, please, so I can check my voicemail. Hmm, don't recognize this number. Oh no, now we're late! Time to transform, Plagg! (His ring flashes.)
Cat Noir: (leaping over a building) Woo-hoo! Yeah-ha-ha! Ha! Hahaha! (lands in front of the statue) Hey, everybody!
Alya: They're unveiling Ladybug and Cat Noir's sculptures today! I totally spaced!"
copycat_cat_noir_0002,The Place des Vosges. The ceremony has just ended.,"Tikki: (She phases through the locker and opens it.) Ta-dah!
Cat Noir: These statues are amazing. One thing's slightly off though— I'm actually taller than Ladybug
Théo: Ladybug didn't show up. I just wanted to express my adoration for her. Let her know that everything I had went into her statue. I'm sure if she took a little time to get to know me, she would see how much we have in common. Our devotion to the things we love
Cat Noir: Hey, don't mean to burst your bubble, but you know, Ladybug and me, we're a thing, you know?
Théo: Really?
Cat Noir: Yeah, we're like this. (crosses his fingers)
Théo: (growls; walks away angrily) What does Ladybug see in him?"
copycat_cat_noir_0003,"Louvre. While the polices were guarding or chatting, they noitced Cat Noir appears, and armed themselves with riot tonfa batons.","Cat Noir: Whoa! Easy, tigers! You've got the wrong cat! That thief's an impostor. I'm the real Cat Noir!
Cat Noir: Let me check out where the robbery took place. I have a knack for finding clues. You know, animal instincts
Roger: Of course. Come with me. Thanks for your help, Cat Noir
Cat Noir: Hey! I'm the real Cat Noir! I'm way slicker than (that) guy
Roger: (speaking into walkie-talkie) Kitty's in the slammer. I repeat, kitty's in the slammer"
copycat_cat_noir_0004,"Louvre. While the polices were guarding or chatting, they noitced Cat Noir appears, and armed themselves with riot tonfa batons.","Ladybug: Hmph!
Cat Noir: Thanks for the warm hospitality, but I gotta split, so...(Jumps up and spins his staff.) I'll just say this one more time. You've got the wrong cat! (He dives in and knocks his way through the police)
Officer: (through walkie-talkie to Roger) Cat Noir is getting away!"
copycat_cat_noir_0005,"Louvre. While the polices were guarding or chatting, they noitced Cat Noir appears, and armed themselves with riot tonfa batons.","Ladybug: Cat Noir, what's going on?
Cat Noir: You know I'm innocent, don't you, Bugaboo?
Ladybug: Stop playing around and calling me Bugaboo. This is really serious!
Cat Noir: I'm gonna find the real culprit and save my tail. I'll get back to—"
copycat_cat_noir_0006,"Louvre. While the polices were guarding or chatting, they noitced Cat Noir appears, and armed themselves with riot tonfa batons.","Cat Noir: I'm gonna find the real culprit and save my tail. I'll get back to—
Cat Noir: Wha!
Ladybug: Huh?"
copycat_cat_noir_0007,Outside Théo's studio.,"Adrien: Ha ha, so funny
Cat Noir: Gotcha, Copycat
Ladybug: Huh? Cat Noir, where are you?
Cat Noir: I found his den
Ladybug: Who?
Cat Noir: My Copycat
Ladybug: I'm not getting you
Cat Noir: If you'd been there this morning, you'd know what I was talking about
Ladybug: Well? Tell me where you are
Cat Noir: No, this is between me and him. I got myself into this mess, so I'm gonna get myself out
Ladybug: Uhh, Cat? Cat! (She checks Cat Noir's location and heads for it.)
Cat Noir: (reading a note) Cat's in the bag?"
copycat_cat_noir_0008,Théo's studio.,"Cat Noir: (reading a note) Cat's in the bag?
Cat Noir: Cataclysm!
Copycat: I don't get what Ladybug sees in you. A fool who so easily falls into my trap"
copycat_cat_noir_0009,Théo's studio.,"Ladybug: I'll be there in thirty seconds
Cat Noir: Don't come here, Ladybug! It's a trap! (Copycat ends the call.)
Copycat: Too late, Cat. Ladybug's on her way, which was my plan all along
Cat Noir: She won't be duped. She knows me too well
Copycat: I know you well too. (looking at his akumatized photo) And from now on, she'll love me, not you!
Cat Noir: Love me? ...You're right! She loves me! That's why she'll be able to reveal your true identity!"
copycat_cat_noir_0010,Théo's studio.,"Copycat: Huh?
Cat Noir: Ha ha!
Copycat: There you are"
copycat_cat_noir_0011,Théo's studio.,"Copycat: Simply amazing, isn't it?
Cat Noir: If you don't believe I'm the real Cat Noir, ask him about our love for each other
Ladybug: Uhh
Cat Noir: Have I ever lied to you, Bugaboo?
Ladybug: (To Copycat) I hope you didn't tell him about us"
copycat_cat_noir_0012,Théo's studio.,"Ladybug: Sorry, but liars are losers. Cat Noir may annoy me to pieces, but he's never lied to me
Cat Noir: Thanks for the compliment. I think
Hawk Moth: (from his lair) Do it now, take his Miraculous!"
copycat_cat_noir_0013,Théo's studio.,"Ladybug: Let's wrap this up! Lucky Charm! (A spoon appears.) A spoon? What am I supposed to do with this?
Cat Noir: Excellent job, my lady
Ladybug: Where's his akuma?
Cat Noir: The photo in his pocket. Let's make it snappy"
copycat_cat_noir_0014,Théo's studio.,"Ladybug: He's pretty good
Cat Noir: Don't need to rub it in!
Copycat: I told you I was better than him"
crocoduel_cat_noir_0001,"Parisian rooftops. Ladybug is being chased by Crocoduel. Captain Hardrock shoots cannonballs at her direction. Ladybug continues to dodge them until she got hit by one of the cannonballs, crashing and tumbling on the rooftop.","Guitar Villain: No! You're going to give your jewels to me, or my Awesome Solo will destroy Par—
Cat Noir: Bugaboo, promise me that we won't be like them when we're an old couple
Ladybug: For that to happen, we'd have to be a couple first, Kitty Cat!"
crocoduel_cat_noir_0002,"Parisian rooftops. Ladybug is being chased by Crocoduel. Captain Hardrock shoots cannonballs at her direction. Ladybug continues to dodge them until she got hit by one of the cannonballs, crashing and tumbling on the rooftop.","Captain Hardrock: Steer a course to the sky! (laughs)
Cat Noir: Hey, no fair! We don't have any wings or a flying pirate ship!
Guitar Villain: So, where were we?"
crocoduel_cat_noir_0003,"Back at the ground, Ladybug and Cat Noir see Captain Hardrock's cannons flying above them and crashing on a building. They run to that direction, saving civilians from the raining cannons. At the docks, a cannon is headed towards Luka and Juleka, but Ladybug and Cat Noir are able to save to them.","Ladybug: (detaches her yo-yo from her waist) Still, it's no reason to stop talking to each other. Lucky Charm!
Cat Noir: Not sure if that's gonna be strong enough to patch things up between them, m'lady
Ladybug: We need someone to listen to!"
crocoduel_cat_noir_0004,"Back on the streets, near a fountain. Cat Noir lands with a civilian in his arms.","Ladybug: Hey, Kitty Cat! You're gonna have to throw us up as high as you can! Can you do that?
Cat Noir: I can sure try! (to Purple Tigress) Hey there! I'm Cat Noir, and you are?
Purple Tigress: I'm... uhh... Purple Tigress!
Cat Noir: Purple Tigress? (goes beside her and snuggles her) Meow! That makes us practically family!"
crocoduel_cat_noir_0005,"Back on the streets, near a fountain. Cat Noir lands with a civilian in his arms.","Cat Noir: Purple Tigress? (goes beside her and snuggles her) Meow! That makes us practically family!
Cat Noir: Here we go! (launches Ladybug and Purple Tigress up to the sky)
Ladybug: (upon landing on Liberty) Ahoy, Captain Hardrock!"
crocoduel_cat_noir_0006,"Back on the streets, near a fountain. Cat Noir lands with a civilian in his arms.","Ladybug: (grabs Anarka's hand and gives her her charm) Anarka, (grabs Jagged's hand and gives him his charm) Jagged, I wish I could help you work things out but that's beyond my powers. However, these magical charms will protect you from Shadow Moth in the future
Cat Noir: Nice right hook, Purple Tigress. (his ring begins to chime and bows) I hope we'll see you again! (jumps away)
Shadow Moth: Ladybug, you and your friends always manage to create harmony. But one day, someone will hit a wrong note, and then I'll be the one making music!"
daddycop_cat_noir_0001,"Ladybug yoyos away from Daddycop's blasts, running across the rooftops as the crowd continues to chase them on the streets.","Ladybug: Emergency evacuation service!
Cat Noir: I feel for you. I have the same problem with my fan club
Daddycop: Give her back!"
daddycop_cat_noir_0002,Back in the skies. Astrocat flies towards Daddycop as the latter continues shooting him.,"Cosmobug: Lucky Charm!
Cat Noir: Thank you, M'lady!
Cosmobug: Go recharge and then head to the Mouleux Auto Repair shop. We're gonna organize a little surprise for Daddycop"
dark_cupid_cat_noir_0001,outside Le Grand Paris. Chloé is complaining to the deliverers of Adrien's portrait.,"Ladybug: Cat Noir, snap out of it!
Cat Noir: (squeezes Ladybug incredibly close to him) You're nothing Ladybug, and nothing to me! (
I hate you!: )"
dark_cupid_cat_noir_0002,"Cat Noir is still being chased by Ladybug and finally, she catches up to him.","Chloé: Ughhh
Cat Noir: No, no!
Ladybug: Don't worry, I'm not looking forward to it either. (tries to kiss him again but he dodges, so she holds his nose to prevent him from dodging a kiss from her) I can't believe I'm doing this
Cat Noir: How you gonna fight both of us now, bug eyes? (Cat Noir and Dark Cupid fist bump each other)"
dark_cupid_cat_noir_0003,"Cat Noir is still being chased by Ladybug and finally, she catches up to him.","Cat Noir: Cataclysm!
Cat Noir: I've often wondered what would happen if I use my Cataclysm on someone
Ladybug: Lucky Charm! (a candy apple appears)"
dark_cupid_cat_noir_0004,"Cat Noir is still being chased by Ladybug and finally, she catches up to him.","Cat Noir: With pleasure! Finally, I'll find out who you are, Ladybug! Your little secret will be out of the bag!
Cat Noir: (he’s confused, his lips turn to normal while the arrow’s effect disappears) Huh? Wh-what am I doing here?
Ladybug: No time! The quiver pin, Cat Noir! Now! (throws Cat Noir, making him scream and he lands on top of Dark Cupid) Grab it! Grab the pin!"
darkblade_cat_noir_0001,Lock Bridge. Cat Noir and Darkblade are still fighting.,"Marinette: Nope, I'm not falling for it. But, I'll consider forgiving you if you vote for me
Cat Noir: Seriously? How did I not see that coming?
Darkblade: Take him!"
darkblade_cat_noir_0002,City Hall. Jagged Stone is still signing autographs. Sabrina arrives to where Chloé is.,"Darkblade: Take him!
Cat Noir: Guys, do you only know heavy metal?
Marinette: Ouch! Cat Noir... Hurry!
Cat Noir: (breaks out from under the pile of knights with his staff) That was a nice warm-up!"
darkblade_cat_noir_0003,"Outside the City Hall. Cat Noir is being surrounded by knights, but Ladybug appears in time.","Ladybug: The akuma must be in his sword!
Cat Noir: How are we gonna get a hold of it?
Ladybug: By getting me close to him!"
darkblade_cat_noir_0004,"Outside the City Hall. Cat Noir is being surrounded by knights, but Ladybug appears in time.","Darkblade: Soon thou shalt join my army, you venomous insect!
Cat Noir: (knocks down the knights who are holding him) Not so fast! En garde!
Hawk Moth: It won't be long before Ladybug and Cat Noir show up to meet their doom! (laughs)
Cat Noir: (Sees the civilians becoming knights) We're about to wind up as knights too!"
darkblade_cat_noir_0005,"Outside the City Hall. Cat Noir is being surrounded by knights, but Ladybug appears in time.","Ladybug: Lucky Charm! (A toy ladybug appears) Uh, okay... (uses her Lucky Vision which highlights part of the City Hall's roof, some edging, and Darkblade's underarm) Let's hope Darkblade's ticklish
Cat Noir: (sees Darkblade pull the same feint he did before) Not this time
Ladybug: No more evil doing for you, little akuma. (opens her yo-yo) Time to de-evilize! (captures the akuma with her yo-yo) Gotcha! (releases the purified akuma.) Bye bye, little butterfly. Miraculous Ladybug! (throws the Lucky Charm into the air, its energy reverting everything back to normal. Darkblade turns back into Mr. D'Argencourt.)"
darkblade_cat_noir_0006,"Outside the City Hall. Cat Noir is being surrounded by knights, but Ladybug appears in time.","Ladybug and Cat Noir: Pound it!
Cat Noir: (looks to his ring) Uh, gotta take off, see ya!
Hawk Moth: Our duel is not over, my dear Ladybug. At the end of our battle, I will rule!"
dearest_family_cat_noir_0001,"Parisian rooftops. Ladybug escapes Dearest Family. She slips her feet and tumbles on the roof, hitting a wall, sending her lying on her back. Her stomach continues to grumble.","Bakerix: Galettes are not to be stolen, but eaten as a family! Miraculous is mine!
Cat Noir: Hey, that looks delicious, m'lady! Save me a piece?
Ladybug: No way, kitty! But thanks for the helping hand! I need you to deal with Bakerix. (puts a few pieces of galette in her hands) I've got an emergency!
Cat Noir: Sure. Piece of cake! (to Bakerix) Don't move or you're toast!
Ladybug: Spots off!"
dearest_family_cat_noir_0002,Parisian streets. Cat Noir is still being chased by Bakerix. He then gets tackled by Weredad from behind.,"Befana: Bravo, my angels! Thanks to you, I'm the one who found Marinetta first!
Cat Noir: Hey! No fair, attacking from behind!
Bakerix: Hey! I was the one about to take his Miraculous!
Cat Noir: (smiles deviously) Ladybug!"
dearest_family_cat_noir_0003,In the sewers. Cat Noir walks feebly. His back slides down the wall and sits down.,"Marinette: (shocked, gasps) Tikki?
Cat Noir: Claws in! (de-transforms into Adrien)
Adrien: Get your strength back, Plagg. We're not out of this yet!"
dearest_family_cat_noir_0004,In the sewers.,"Adrien: Plagg, claws out! (transforms into Cat Noir)
Cat Noir: (upon launching) Power up! (transforms into Astro Cat)
Astro Cat: Cataclysm! (activates his power and touches the giant galette, creating a giant explosion in space as he flies back to Earth)"
deflagration_the_kwamis_choice_part_2__cat_noir_0001,On the rooftops. Ladybug and Cat Noir sit beside each other.,"Ladybug: I feel like there's only one formula that works, kitten
Cat Noir: I guess so. You and me against Monarch
Ladybug: You, me, our Kwamis and the Resistance! Without them, Monarch could have won today. (turns to look at Cat Noir and raises her fist) To our Kwamis!
Cat Noir: And the Resistance! (bumps his fist with Ladybug)"
derision_cat_noir_0001,"Jardin des Tuileries. Victims of Dark Humor begins to wreak havoc, starting with Ondine batting out a kid's paper boat on the fountain.","Dark Humor: Why aren't you laughing? Where's your sense of humor? (shoots arrows at the children and gets blocked right on time by Ladybug and Cat Noir)
Cat Noir: (with immense anger) Can't you pick on someone your own size?! (
Do you have no shame at all?!: ) (attempts to hit Dark Humor with his staff)"
derision_cat_noir_0002,"Jardin des Tuileries. Victims of Dark Humor begins to wreak havoc, starting with Ondine batting out a kid's paper boat on the fountain.","Monarch: (from his lair) This is where your luck runs out, Ladybug!
Cat Noir: (as he continues to scatter tiny balls around the area) Balloon? YAY! Come on, buddy! Let's play ball! (tosses the balloon towards Dark Humor, blocking his sight)
Dark Humor: H-Hey!"
derision_cat_noir_0003,"Jardin des Tuileries. Victims of Dark Humor begins to wreak havoc, starting with Ondine batting out a kid's paper boat on the fountain.","Ladybug: Cat Noir! Yoo-hoo! Here, kitty-kitty! (does multiple attempts to place the toilet bowl on top of Cat Noir's head as a diversion)
Cat Noir: Ew! Are you out of your mind?!
Ladybug: What's wrong? Where's your sense of humor? Would you prefer a litter box? (laughs)"
derision_cat_noir_0004,"Jardin des Tuileries. Victims of Dark Humor begins to wreak havoc, starting with Ondine batting out a kid's paper boat on the fountain.","Ladybug: Hah! That's right! I pretended to be hit. What's the matter? Don't you like my practical joke? You really need a sense of humor
Cat Noir: Over here! Right there! Nope, over here!
Dark Humor: This... isn't funny!"
derision_cat_noir_0005,"Jardin des Tuileries. Victims of Dark Humor begins to wreak havoc, starting with Ondine batting out a kid's paper boat on the fountain.","Ladybug: Monarch used your emotions to manipulate you. (opens her yo-yo and grabs a magical charm) Kim, this is a magical charm. Always keep it with you. May it help you avoid making the same mistakes again
Cat Noir: I'm sorry. I let my emotions get the better of me, too
Ladybug: Don't worry. It can happen to anyone. That's why there's two of us. That way, one of us is always there to help the other"
derision_cat_noir_0006,"Exterior, the swimming pool. Adrien and Marinette are seen standing outside by the door.","Chloé: And what else
is: there to think about? (Losers) and nobodies? The little bees? The planet?
Adrien: (angrily) We will"
despair_bear_cat_noir_0001,Le Grand Paris. Kim is twirling Chloé around the room.,"Chloé: (spits out a ball out of her mouth) About time, what took you so long?
Cat Noir: That's a very slippery dance floor!
Person: Look out!"
despair_bear_cat_noir_0002,Le Grand Paris. Kim is twirling Chloé around the room.,"Ivan: (Grunts) Huh, Cat Noir?
Cat Noir: Huh? Where'd he go?
Ladybug: Uh, what are you doing? (Gasps) Oh, no!"
despair_bear_cat_noir_0003,Cat Noir continues chasing Ladybug until they arrive at the Le Grand Paris rooftop.,"Despair Bear: No! Stop! What's happening?
Cat Noir: Ladybug? What are you doing?
Ladybug: Oh, nothing. Just saving your skin with the help of our new little sidekick"
despair_bear_cat_noir_0004,Cat Noir continues chasing Ladybug until they arrive at the Le Grand Paris rooftop.,"Ladybug: Watch your step, Cat Noir!
Cat Noir: (Despair Bear is yelling.) I've got this guy under control
Ladybug: No more evildoing for you, little akuma. Time to de-evilize! (catches the akuma with her yo-yo) Gotcha! (releases the akuma, turning it into a normal butterfly) Bye bye, little butterfly. Miraculous Ladybug!"
despair_bear_cat_noir_0005,Cat Noir continues chasing Ladybug until they arrive at the Le Grand Paris rooftop.,"Chloé: Well, basically, you turned evil and I saved you. In fact, without me, Ladybug and Cat Noir would never have succeeded. I'm even better than you superheroes. I don't even need a costume
Cat Noir: Gotta get going!
Ladybug: Yeah, me too!"
desperada_cat_noir_0001,"Sewers. Luka, Adrien, and Ladybug are running.","Ladybug: I appreciate it, but when you're dealing with a supervillain, it's better to have a partner with superpowers. Speaking of which
Cat Noir's voice: (Cat got your tongue? Leave a message.)
Ladybug: Okay"
desperada_cat_noir_0002,Sewers. Cat Noir climbs up. Ladybug and Cat Noir fall.,"Marinette: I understand, Master Fu, I know (just) the perfect person. I can't believe I didn't think of him before -- a perfect match
Cat Noir: We must stop running into each other like this, M'lady. Let's take care of this guitarist and her seriously bad music. Uh, you lookin' for something, M'lady?
Ladybug: Phew! Yeah, I have to find Adrien Agreste!
Cat Noir: You wanna entrust (him) with a Miraculous?
Ladybug: You're not supposed to know, but, yeah! He's the perfect guy for this mission
Cat Noir: You know, you can trust me and my incredible nose. If Adrien's down here, I'll find him for you. Adrien's in there
Ladybug: Your incredible nose failed you this time"
desperada_cat_noir_0003,Sewers. Cat Noir climbs up. Ladybug and Cat Noir fall.,"Sass: All you have to say is... ""Sass, scales slither.""
Cat Noir's voice: (Cat got your tongue? Leave a message.)
Ladybug: Cat! I found Adrien. We're gonna go after Desperada. Meet us under Trocadéro square fa--!"
desperada_cat_noir_0004,Sewers. Cat Noir climbs up. Ladybug and Cat Noir fall.,"Ladybug: Cat! I found Adrien. We're gonna go after Desperada. Meet us under Trocadéro square fa--!
Aspik: I hope I don't disappoint you, Ladybug
Ladybug: I know you won't. You're perfect. Uh, perfectly (capable) of defeating Desperada! We need (all) the odds in our favor. Desperada is a fearsome opponent
Aspik: I would have preferred a horseshoe for my first mission
Ladybug: (giggles) I love your sense of humor!
Aspik: Really? Thanks!
Ladybug: If anything goes wrong, the Second Chance allows you to go back in time to the exact moment you activated it
Aspik: Got it
Ladybug: We now have five minutes. Within this time range, you can go back in time as many times as you want. But after that, when the head of the snake goes back in place, you'll detransform. Still no Cat... Come to think of it, we're okay without him. Now that we have (your) power, you and I are gonna make an awesome team"
desperada_cat_noir_0005,Paris.,"Plagg: (indignant) Awesome team, all right!
Aspik: Gimme some time
Ladybug: We now have five minutes--
Aspik: Before I transform back, I know
Ladybug: Did we not make it?
Aspik: No, but I used my power of second chance. No time to wait for Cat Noir -- we're fine without him. You'll see, we're gonna make an awesome team -- Aspik and Ladybug
Ladybug: Aspik? Wow! You've only just started being a superhero and you already seem to have all of this down
Aspik: Guess you made the right choice, Ladybug
Ladybug: Where is she?
Aspik: No, wait. The first time, Desperada's fire came from there"
desperada_cat_noir_0006,Paris.,"Aspik: No, wait. The first time, Desperada's fire came from there
Aspik: Here. As a thank you for choosing me
Ladybug: Oh! Uh, thanks! (Aspik shrugs)"
desperada_cat_noir_0007,Paris.,"Aspik: No, no, no!
Aspik: You know, Ladybug? I'm (actually) also Cat Noir and I've been in love with you since our eyes first met
Ladybug: We now have five minutes. Within this time range, you can go back in time as many times as you want --
Aspik: Sass, scales rest. (detransforms; and catches him in his hands)
Ladybug: But"
desperada_cat_noir_0008,Sewers.,"Ladybug: Thanks. Desperada's at the top of the Eiffel Tower! Let's take her vantage point away from her! We're gonna need your Cataclysm! Our team would be lost without him!
Cat Noir: At your service, m'lady! Here! Cataclysm!
Ladybug: All her weapons come from her guitar case. (to Cat Noir and Viperion) We have to prevent her from using them, (then) destroy the case! Ready?"
el_toro_de_piedra_cat_noir_0001,Streets of Paris. Minotaurox stands over the deakumatized Raul handing him the letter back.,"Ladybug: Miraculous Ladybug!
Cat Noir: Paris looks just fine to me
Roger: But uh...he's still a supervillain and uhh"
ephemeral_cat_noir_0001,The Parisian streets. The battle continues. Ladybug continues to contact Cat Noir but fails.,"Adrien: Next question!
Cat Noir's voicemail: You can (purr) your message after the ""meow""! Meow!
Ladybug: Lucky Charm!"
ephemeral_cat_noir_0002,"On top of the Eiffel Tower, Ladybug waits for Cat Noir.","Ladybug: The countdown has begun. It's 1 am, and we've got just five minutes before you transform back. So we've got to be done by 1:05. You'll rewind on my signal
Cat Noir: (upon landing on top of the Eiffel Tower) I'm sorry, but I really couldn't make it earlier
Ladybug: (waves) Hey, no big deal! That's the good thing about a team. It's not the two of us anymore!
Cat Noir: Oh, yeah! So then, why did you need me exactly?
Ladybug: Well... actually, it's kind of linked to what happened today. I've given it a lot of thought ever since I became guardian, you know? (leans on the fence) And, I've realized that... you were right after all. (turns to Cat Noir) We should tell each other our secret identities
Cat Noir: But, aren't the secrets supposed to protect us?
Ladybug: I thought so. But when you didn't show up today, I didn't know how to locate you because we can't communicate when we're not transformed. If something bad happened to one of us when we're not heroes, we could know about it. It would make us stronger. We'd be able to defeat Shadow Moth quicker!
Cat Noir: (walks towards Ladybug's side) So, we're doing this, for real?
Ladybug: Yes
Cat Noir: Wow. Okay. You go ahead, m'lady. Guardians first!
Ladybug: No, you first
Cat Noir: Let's do it together
Ladybug: No, I mean it. You go first. I'm... feeling kind of... awkward
Cat Noir: Fine. I'm... I'm... Adrien Agreste
Ladybug: (bursts into laughter) And I'm Audrey Bourgeois! (continues laughing) You? Adrien Agreste? There's no way! You two aren't alike (at all!)
Cat Noir: Claws in. (de-transforms into Adrien)"
ephemeral_cat_noir_0003,Arc de Triomphe. The battle between Lollipop Boy ensues.,"Adrien: Right away! Plagg, claws out! (transforms into Cat Noir)
Cat Noir: The usual manouvers, m'lady?
Cat Noir and Ladybug: Pound it
Cat Noir: Claws in!"
ephemeral_cat_noir_0004,On top of the Eiffel Tower. Time is reverted back to when Ladybug starts the countdown while waiting for Cat Noir.,"Ladybug: The countdown has begun. It's 1 am, and we've got just five minutes before you transform back. So we've got to be done by 1:05. You'll rewind on my signal
Cat Noir: (upon landing on top of the Eiffel Tower) I'm sorry, but I really couldn't make it—
Ladybug: What on earth is happening?"
ephemeral_cat_noir_0005,On top of the Eiffel Tower. Time is reverted back to when Ladybug starts the countdown while waiting for Cat Noir.,"Jeanne d'Arc: Hark, what are those voices I hear? Bertrand? Gilles? Fie, what sorcery is this? (groans)
Cat Noir: Time has gone crazy! Or maybe I have
Ladybug: I have a bad feeling about this. Viperion! Viperion, can you hear me? Follow me!"
ephemeral_cat_noir_0006,In the sewers. Viperion is having trouble communicating with Ladybug.,"Sass: I'm not really sure. I just saw a photo of a Lucky Charm, a watch showing 1 am
Cat Noir: Do you understand any of this?
Ladybug: When kwamis use their power without a holder, it always has magical and disastrous consequences. And Sass' power is to turn back time!
Cat Noir: So time has gotten all mixed up!
Ladybug: Stay here, Luka!"
ephemeral_cat_noir_0007,On the streets. Multiple time anomalies appear everywhere.,"Ladybug: Woah, I'm getting major Déjà vu right now!
Cat Noir: It's time to have a genius idea, m'lady!
Ladybug: Lucky Charm!
Cat Noir: Do you think this will be enough to tip the balance of time?
Ladybug: Oh, the International Bureau of Weights and Measures! This organization coordinates the hours of the whole world with its satellite! It's right near Paris!
Cat Noir: Which means the satellite is just above our heads! We fix it, we fix all the connected devices that depend on time to function! How are we going to know the exact time to program into the satellite?
Ladybug: Thanks to this countdown, I still have a way to know what time it is for real. When it gets to the end, that'll mean that it's exactly 1:05 am. That's what we'll program into the satellite. Time to suit up!
Cat Noir: Mmm. But, what's the plan with all the apparitions?
Ladybug: Leave them to my magical ladybugs
Cat Noir: Power up!
Ladybug: Let's sync up our stopwatches"
evolution_cat_noir_0001,"On the Trocadero rooftops, Ladybug and Cat Noir stand before the Parisians.","Gabriel: Silence!
Cat Noir: We will not be forced into silence!
Ladybug: We will not be prisoners to Monarch!"
evolution_cat_noir_0002,On the Trocadero rooftops.,"Bunnyx: Yes— No— I mean, yes, that was you but later versions of you, if all goes well
Cat Noir: Monarch didn't waste any time using his new powers
Ladybug: And of course, he started with the Rabbit Miraculous, the most powerful one!"
evolution_cat_noir_0003,"The Burrow. Ladybug, Cat Noir and Bunnyx rush in to find Monarch in one of the time portals.","Ladybug: You don't look so powerful now!
Cat Noir: Seems like you're about to lose this time, too!
Monarch: (angrily groans) Wind Dragon! (morphs into wind and flies to a nearby time portal)"
evolution_cat_noir_0004,"Rooftops of the Jardins du Trocadéro, right after Monarch's announcement, as seen earlier. A Burrow portal appears behind the two heroes as Monarch steps out feebly from it. He then goes through another one.","Ladybug: The watch! We have to get the Rabbit Miraculous back!
Past Cat Noir: What was that?
Monarch: When am I?"
evolution_cat_noir_0005,"Monarch falls out of a portal to the events of ""Reverser"", on a taxi in which Past Ladybug and Cat Noir are travelling in. The driver sees Monarch in the rear-view mirror and pushes the brakes, causing Monarch to fall onto the road. He saves himself from an incoming car and sees Past Ladybug and Past Cat Noir coming out of the taxi, in front of Collège Françoise Dupont.","Ladybug: (feeling reassured, she uses his lucky vision and sees Young Fu's phonograph lights up) Of course, Bunny Cat, that's the ticket, it's not happening here or now
Past Cat Noir: (timidly steps out of the taxi with a blanket wrapped around him) You drive like a maniac! Uh!
Past Ladybug: (talking to the taxi driver) Sorry about that! He is not quite himself right now. (closes the taxi door, with her yo-yo string stuck in it; she tries to walk away, but gets pulled back to the door)"
evolution_cat_noir_0006,"On the Trocadero rooftops, when Future Bunnyx has just started to brief Ladybug and Cat Noir about the consequences of the Rabbit Miraculous falling into the wrong hands.","Ladybug: (chases after Monarch) No! Not again! (groans in frustration after failing to do so)
Cat Noir: We (were) able to get one of the Miraculous back from him
Ladybug: And at what price?
Cat Noir: We'll get them all back, m'lady, and once we've defeated Monarch for good, Alix will be able to return"
feast_cat_noir_0001,Parisian streets.,"Ladybug: We have to find its Amok!
Cat Noir: Except this Sentimonster isn't carrying any baggage!
Ladybug: Cover me! Lucky Charm! (A metal detector appears) A metal detector? When you created the Sentimonster, you put the Amok inside your staff, right?"
feast_cat_noir_0002,Parisian streets.,"Ladybug: There are only two places where your staff could be. Where the temple was, or
Cat Noir: Hey! Hurry, milady, this thing already swallowed my stick whole! Aah!
Ladybug: Go hide, Master! (Master Fu running and she ties her and Cat Noir to each other with her yo-yo)
Cat Noir: Uh, you sure it's the right time, milady?
Ladybug: Ready to get the staff back?
Cat Noir: Oh no, not the tongue... (Ladybug giggles, Feast swallows them)"
feast_cat_noir_0003,Inside Feast.,"Feast: Mm? Yum yum! Miraculous!
Cat Noir: Wow... It's bigger on the inside. Oh! My stick! (touch the bubble and it breaks into smaller ones) What is that? Is it digesting things or something?
Ladybug: Whatever he swallows gets sealed here forever
Cat Noir: In that case, we'd better hurry up and figure out where the Master's staff is hiding"
feast_cat_noir_0004,Parisian streets.,"Ladybug: I only put your teaching to practice, Master. (The earrings and ring start beeping)
Cat Noir: I know two people who'd better run before they transform back
Ladybug: Goodbye, Master"
frightningale_cat_noir_0001,Outside the Grand Palais,"Frightningale: I won't let you take my akuma away
Cat Noir: (recovers his staff and spins with it) Do you mind if (I) join the dance? (extends his staff to the ground in front of him and rests his chin on it, on his hands)
Frightningale: You're like all the others; but you can't silence me!"
frightningale_cat_noir_0002,Outside the Grand Palais,"Ladybug: Wait! Stay right here and dance
Cat Noir: Yeah, you're right. We have to rhyme
Hawk Moth: (in)(his lair) Nice work. Ladybug and Cat Noir cannot fight back!"
frightningale_cat_noir_0003,Outside the Grand Palais,"Ladybug: (flings her yo-yo, but Frightningale fends it off)
Cat Noir: Dancing fight moves...?
Frightningale: (chuckles) Why is Cat Noir so dumb?
Cat Noir: Yes I do"
frightningale_cat_noir_0004,Outside the Grand Palais,"Frightningale: Huh?
Cat Noir: Your math is crazy
Ladybug: Fifty plus fifty — the sum doesn't rhyme!
Cat Noir: I almost made a serious boo-boo"
frightningale_cat_noir_0005,Outside the Grand Palais,"Ladybug: (to Cat Noir) It's not in our favor at a glance
Cat Noir: Sweet Bugaboo, I agree
Ladybug: Our last weapon can do her harm
Cat Noir: We know we have to stop her
Ladybug: (sees the cuffs, Cat Noir's ring, and her yo-yo)
Cat Noir: I can't find a rhyme
Ladybug: Cat Noir, you're a sweet-talker
Cat Noir: For optimism!
Ladybug: Connected, we're one; our movements are synched"
frightningale_cat_noir_0006,Outside the Grand Palais,"Ladybug: By any chance
Cat Noir: Let's cut a rug
Frightningale: You can't bend the rules!"
frozer_cat_noir_0001,"At the top of cinema, Ladybug and Cat Noir save him and help him land safely.","Ladybug: Cat Noir! (It was revealed it was a daydream from Cat Noir) I can't accept this rose from you. I told you already. I'm in love with someone else
Cat Noir: I know, M'lady. But if he weren't here, would things be different between us?
Ladybug: Well, you know, I can't even begin to imagine him not being here. I'm sorry, Cat Noir. I really gotta get going, and you better do the same. (Swings her yo-yo to head back home; Cat Noir is sad, looking downwards, with one petal of the rose falling.)"
furious_fu_cat_noir_0001,Parisian rooftops. Su-Han follows Ladybug to Cat Noir,"Su-Han: (interrupts) I am Grand Master Su-Han, the Celestial Guardian of the Mother Box
Cat Noir: (surprised) What? Aren't you supposed to be Guardian, M'lady?
Su-Han: (interrupts, shouting) When the lion speaks, the cub listens! First off, you two are going to hand over your Miraculous to me
Cat Noir: What? That's a bad joke. (smiles with Ladybug) And I know all about bad jokes"
furious_fu_cat_noir_0002,Parisian rooftops. Su-Han follows Ladybug to Cat Noir,"Su-Han: I will reassign then to carefully selected appropriate adult holders. Like any rightful responsible Guardian would do
Cat Noir: Wait a minute. We can't just give our Miraculous to some guy who just showed up out of the blue
Ladybug: I... I don't know. The Kwamis confirmed that he's the real original guardian of the Box. Maybe Grand Master Su-Han is right. Maybe Master Fu is wrong. (sadly) Maybe that's the reason why we can't defeat Shadow Moth
Cat Noir: That's ridiculous! You'll always deliver! Trust yourself, Ladybug, like I trust you. If I have to give my Miraculous back then fine, I will. But only if you ask me to. You're the only Guardian here"
furious_fu_cat_noir_0003,Parisian rooftops. Su-Han follows Ladybug to Cat Noir,"Cat Noir: (shocked and sad) Does that mean you won't remember (me)?
Cat Noir: (angrily) You want my ring? Then come and get it!
Su-Han: Fine"
furious_fu_cat_noir_0004,Parisian rooftops. Su-Han follows Ladybug to Cat Noir,"Su-Han: (does several Kung-Fu moves) Why do you think Guardians study for so many years? Just to hand the Miraculous out to whomever? No! We are specially trained to overpower the Miraculous holders who have gone rogue, like YOU! (charges at Cat Noir) Celestial Storm! The Thousand Fists of the Yama bring in the bearings wiped out! (Su-Han starts using all of kung fu moves to make Cat Noir fall and roll over to a chimney. He then jumps on Cat Noir.)
Cat Noir: (weakly) Master Fu was much nicer
Su-Han: And his Mira-Kung Fu was much worse. (grabs Cat Noir's hand, and reaches for the ring)"
furious_fu_cat_noir_0005,Parisian rooftops. Su-Han follows Ladybug to Cat Noir,"Su-Han: What?
Cat Noir: Bye-bye! (kicks him into a wall)
Su-Han: If you challenge the clouds, you will face the (thunder)!"
furious_fu_cat_noir_0006,Stade des Princes. Ladybug and Cat Noir discuss what to do with the Miracle Box.,"Shadow Moth: Furious Fu, bring me that box! (Furious Fu jumps down and runs after it, Ladybug and Cat Noir treat the box as a soccer ball, kicking it around on the field and playing keep away)
Cat Noir: (in an effort to keep the box far from Su-Han and Furious Fu, he kicks it into the goalpost)
Gooaal!!: (Everyone else still chasing after it) Hey! (starts running again)"
furious_fu_cat_noir_0007,Stade des Princes. Ladybug and Cat Noir talk about a plan just off the field.,"Shadow Moth: (annoyed) No! Not his bell! His ring!
Cat Noir: I am not a wingless bat! (about to start fighting again)
Ladybug: Cat Noir, wait. We'll never defeat him
Cat Noir: What?
Ladybug: We just need (him) not to defeat (us) either
Cat Noir: You lost me
Ladybug: I have to make a call, cover me! ((opens her Bug-Phone))
Cat Noir: That I can do"
furious_fu_cat_noir_0008,Stade des Princes. Ladybug and Cat Noir talk about a plan just off the field.,"Cat Noir: (stops Furious Fu by jumping on him from behind) We're not done yet!
Cat Noir: Cataclysm!
Ladybug: (reacting to Cat Noir) No!"
f_lix_cat_noir_0001,Rooftops of Paris.,"Ladybug: Uh, wait, what? No! (He leans in for a kiss, but Ladybug dodges it and gets away, enraged.) Okay, which part of the word (no), did you not (understand?!? (She sucker punches him to the ground.) Gross! You're not Adrien, he would never be so pushy
Cat Noir: (just arriving) That's Félix! Adrien's cousin. I just ran into the real Adrien and he told me everything. You made a lot of enemies in one day, bet you don't have a lot of friends, acting the way you do. Am I wrong? (crosses his arms and smiles. Félix looks down sadly.)
Ladybug: (sees the Trio incoming) Cut it out! There's no time for bickering, they're coming! Lucky Charm! (An aerosol can appears, and she sprays it a bit.)"
f_lix_cat_noir_0002,Rooftops of Paris.,"Félix: You've got yourself a deal. Now I think it's high time Ladybug and Cat Noir were punished. (He holds out the tablet to Lady Wifi.)
Cat Noir: I hope you've learned your lesson. (Félix nods fearfully, and Ladybug pulls him back up.)
Ladybug and Cat Noir: (as they fist bump) Pound it!"
gabriel_agreste_episode__cat_noir_0001,"Outside Agreste mansion. Félix is dodging attacks of Collector. When Félix is about to be hit, Ladybug throws her Yo-yo and drags Félix out of the tablet's path.","Cat Noir: (pulling Félix) I will get him out of here
Cat Noir: What do you got that Collector wants it so badly?
Félix: My ring
Cat Noir: If it's yours, why would he want to take it from you?
Félix: (fegins innocence) I don't know. My uncle is a strange man
Cat Noir: (seeing the statue being absorbed) Whoa! I hope that statue takes up a lot of memory"
gabriel_agreste_episode__cat_noir_0002,"Outside Agreste mansion. Félix is dodging attacks of Collector. When Félix is about to be hit, Ladybug throws her Yo-yo and drags Félix out of the tablet's path.","Ladybug: Cat Noir! Time for a rebound
Cat Noir: (catching back his staff) Dinner's ready!
Collector: (Nooooo!)"
gamer_2_0_cat_noir_0001,Parisian rooftops near Stade des Princes. Ladybug and Cat Noir meet up.,"Gamer 2.0: (on pyra-pod screen) So, Ladybug and Cat Noir? Ready to play? Please enter your pyra-pod
Cat Noir: What if it's a trap, M'lady?
Ladybug: No, I'm sure it's not. He just wants to play. So, let's keep in touch. (puts device into her ear)
Cat Noir: (puts device into his ear)"
gamer_2_0_cat_noir_0002,Gamer 2.0's video game dimension in the Stade des Princes. Ladybug and Cat Noir enter.,"Gamer 2.0: (charges towards The Mime) I'm gonna slice you into sashi(mime!)
Cat Noir: Wouldn't you be better off miming a Cat Noir to come lend you a helping paw, M'lady?
Ladybug: I know what I'm doing! (The Mime's shield disappears)
Cat Noir: Be careful! The Mime's object disappears if you talk
Ladybug: Thank you, Captain Obvious!"
gamer_2_0_cat_noir_0003,Gamer 2.0's video game dimension in the Stade des Princes. Ladybug and Cat Noir enter.,"Game Voice: Ring out! Mime wins!
Cat Noir: Talking on purpose? Miming your own yo-yo? Clever as ever, M'lady
Ladybug: I won, Gamer 2.0. Release us!"
gamer_2_0_cat_noir_0004,Gamer 2.0's video game dimension in the Stade des Princes. Ladybug and Cat Noir enter.,"Ladybug: (groans)
Cat Noir: My turn! My turn! Frightningale, Stormy Weather — Awesome! But a little too awesome for a first battle. Oh, my copycat! Nah, I'd be too good as myself. That'd be too easy
Ladybug: (on earpiece) Hurry up! Choose Copycat and Cataclysm this game away so we can get back home!
Cat Noir: Fine. If we need to hurry this up. (selects Mr. Pigeon)
Ladybug: You've (got) to be kidding me!
Cat Noir: What? I've always wanted to train pigeons"
gamer_2_0_cat_noir_0005,Gamer 2.0's video game dimension in the Stade des Princes. Ladybug and Cat Noir enter.,"Gamer 2.0: More like Mega Flop Phoenix. (laugh) It's gonna be the fastest victory ever! (Mr. Pigeon's pigeon charges towards Dark Cupid at fiery speed and attacks him) Ah! Get away, you flying rat!
Cat Noir: (while Mr. Pigeon grabs onto Dark Cupid and throws him on the arena floor) Double ankle grab and smash! Somersault bum drop! (Mr. Pigeon jumps on top of Dark Cupid) Feathered face wash! (Mr. Pigeon's pigeon slaps Dark Cupid's face while Mr. Pigeon grabs Dark Cupid's pin and throws it across the arena) Volatile's Elbow! (breaks pin)
Game Voice: Mr. Pigeon wins!
Cat Noir: Pound it, Fiery Phoenix"
gamer_2_0_cat_noir_0006,Gamer 2.0's video game dimension in the Stade des Princes. Ladybug and Cat Noir enter.,"Ladybug: Ugh! C'mon now!
Cat Noir: (while Reflekta approaches Rogercop) They see me catwalking. They hatin'. (pushes Rogercop off the arena)
Game Voice: Reflekta wins!"
gamer_2_0_cat_noir_0007,Gamer 2.0's video game dimension in the Stade des Princes. Ladybug and Cat Noir enter.,"Game Voice: Puppeteer wins!
Cat Noir: Ouch... that sure was fast
Gamer 2.0: (laugh) You're the one who wanted to speed things up, and now you're going to lose even faster than you thought, Ladybug"
gamer_2_0_cat_noir_0008,Gamer 2.0's video game dimension in the Stade des Princes. Ladybug and Cat Noir enter.,"Gamer 2.0: Cyclone! (Stormy Weather pushes Anansi with a strong breeze) Haha haha hahaha! (looks down the arena for Anansi)
Cat Noir: Surprise! (Anansi shoots a web at Stormy Weather and knocks her off the arena)
Game Voice: Anansi wins!
Cat Noir: Ha ha! See, M'lady? M'lady? You okay?"
gamer_2_0_cat_noir_0009,Gamer 2.0's video game dimension in the Stade des Princes. Ladybug and Cat Noir enter.,"Ladybug: This is what you call Knight-fall!
Cat Noir: Ah, she's so pawesome!
Ladybug: I— (Gigantitan defeats Sandboy)
Cat Noir: love— (Desperada defeats Pixelator)
Ladybug: this— (Princess Fragrance defeats Prime Queen)
Cat Noir: game! (Despair Bear defeats Santa Claws)"
gamer_2_0_cat_noir_0010,Gamer 2.0's video game dimension in the Stade des Princes. Ladybug and Cat Noir enter.,"Gamer 2.0: (I am) the final boss, but how are we going to figure out who should battle me?
Cat Noir: What do you mean?
Gamer 2.0: Well, I'm sure you'd agree that two against one would be very unfair, so the only way to know which one of you will take me on, is if you two fight... (each other!) (Ladybug and Cat Noir gasp)"
gamer_2_0_cat_noir_0011,Parisian rooftops near Stade des Princes.,"Ladybug: Hey, Cat Noir, between being a superhero and everything else in your life, how do you manage to still have fun? Aren't you scared you'll eventually have to sacrifice everything you love for all of this?
Cat Noir: The times when I have the most fun, my (favorite) moments, are when I'm with (you,) M'lady. And I would give up (everything) for just that. (takes off)
Marinette: Mom? Dad? I know I don't have time to play with you guys these days... but, Max does! And he has a video game he designed which he needs to test! With tons of bugs in it!"
gamer_cat_noir_0001,The Place des Vosges. Marinette and Adrien are eating a snack.,"Gamer: Game over!
Cat Noir: Not yet! Here comes a new challenger!
Marinette: Cat Noir! Hey! Over here!
Cat Noir: I heard Miss Video Game Champion really taked! off the final boss
Marinette: Well it doesn't give him extra points to go transforming everyone. Hey, wait, Cat Noir! I left my friend Adrien at the park! He could be in danger, we have to go back!
Cat Noir: Uh... don't worry. Adrien's not in danger. He'll be fine. You'll be safe here. Just stay put. Don't worry, Cat Noir will take care of everything. Arch, leap, and do a barrel roll!
Marinette: Uh, he's always so over-the-top"
gamer_cat_noir_0002,"The streets. Cat Noir follows the Gamer's robot, and sees he is heading for a bus. Cat Noir goes to where the bus is.","Cat Noir: Get away from here! As far as you can! (sees the robot) Hurry!
Cat Noir: Hey, tin can! Over here!
Gamer: My calculations indicate that your system's about to crash!"
gamer_cat_noir_0003,"The streets. Cat Noir follows the Gamer's robot, and sees he is heading for a bus. Cat Noir goes to where the bus is.","Cat Noir: See? You and me! It was meant to be
Cat Noir: Uh, I think our problem just got a whole lot bigger
Gamer: Level 3. Hahahahahaha!"
gamer_cat_noir_0004,The Stade des Princes Stadium. Ladybug and Cat Noir appear to fight the Gamer.,"Ladybug: Attack the robot with your Cataclysm Power! It might be enough to shock him!
Cat Noir: My pleasure. Two can play this game. Cataclysm! (uses his Cataclysm to destroy the Gamer's robot)
Gamer: Nooooo!"
gamer_cat_noir_0005,The Stade des Princes Stadium. Ladybug and Cat Noir appear to fight the Gamer.,"Cat Noir: Cat Noir Style! Booyah!
Cat Noir: Whoa ha ha! Check out that loot!
Ladybug: System crash, Gamer!"
gamer_cat_noir_0006,The Stade des Princes Stadium. Ladybug and Cat Noir appear to fight the Gamer.,"Cat Noir: (his Miraculous beeps) Okay, but I only got a few minutes left
Cat Noir: I'll man it, you shoot!
Ladybug: Why do you get to man it?
Cat Noir: What do you say we flip for it?"
gamer_cat_noir_0007,The Stade des Princes Stadium. Ladybug and Cat Noir appear to fight the Gamer.,"Cat Noir: What do you say we flip for it?
Cat Noir: Okay, you man it and I'll fire
Ladybug: Look out! Here it comes again"
gamer_cat_noir_0008,The Stade des Princes Stadium. Ladybug and Cat Noir appear to fight the Gamer.,"Ladybug: Forcefield, Cat Noir!
Cat Noir: Got it. Forcefield activated! (activates the robot's forcefield, destroys the missiles) Cat Saber! (takes the robot's tail off and uses it as a saber.)
Gamer: Gamer-Drill! (activates a drill on the robot's arm, and charges on Ladybug and Cat Noir's robot. The two are still charging.)
Cat Noir: This Gamer's way powerful. He just took out our forcefield!"
gamer_cat_noir_0009,The Stade des Princes Stadium. Ladybug and Cat Noir appear to fight the Gamer.,"Ladybug: Lady Helix! (the robot's two shields fly over to the Gamer's robot, but his robot blocks them.)
Cat Noir: Punch! (the robot's two arms fly over to the Gamer's robot, but his robot neutralizes them) Ear Thunder! (uses the robot's two cat ears to make thunder, but the Gamer's robot blocks it with its own thunder.)
Ladybug: He's anticipating all of our attacks!
Cat Noir: Watch out, Ladybug! (the Gamer's robot charges at them, the two robots fight.)"
gamer_cat_noir_0010,The Stade des Princes Stadium. Ladybug and Cat Noir appear to fight the Gamer.,"Ladybug: Shoryubug! (does a Shoryuken at the Gamer's robot)
Cat Noir: Catouken! (fires a blast of energy at the robot, knocking it)
Ladybug: We've gotta get inside his cockpit!
Cat Noir: Go for it. You're in charge!
Ladybug: Take the controls, Cat Noir. I'll be right back
Cat Noir: You'll be right back? Where are you going?!
Ladybug: (goes out of the cockpit) It's just us two now, Gamer!"
gang_of_secrets_cat_noir_0001,At a top of a building. Ladybug and Cat Noir land on the building after finishing a battle while the Miraculous Ladybug power is launched.,"Cat Noir: Wow, you are on fire, bugaboo. We never beat villains so fast. Pound it! (Cat Noir realizes that Ladybug is acting differently) Bugaboo? Something wrong?
Ladybug: (nervously) Uh, pound it - yeah. Hey, why don't we check one more time that everything's okay in Paris? (uses her yo-yo to perch herself to the top of the building) Like, an extra patrol?
Cat Noir: You wanna tell me what's going on? You didn't even scold me when I called you bugaboo
Ladybug: There's nothing going on, everything is super great. I just have some extra time and I really don't feel like chit-chatting
Cat Noir: Then I know the perfect place when there's no talking
Ladybug: I'm all in!"
gang_of_secrets_cat_noir_0002,At the cinema.,"Ladybug: (quietly, but infuriated) You tricked me
Cat Noir: Shh. No talking, you said
Civilian: That's Ladybug and Cat Noir!"
gang_of_secrets_cat_noir_0003,At the cinema.,"Ladybug: (to the movie; furious) Are you kidding me? Don't tell him anything, you fool!
Cat Noir: Could you keep it down, m'lady?
Ladybug: Romantic comedies are lame anyway, and you know why? It's totally not realistic! In real-life, the girl would take forever to tell the guy she loves him without stuttering. Bla-bla-bla! So how can see she know if he loves her back? It's impossible, so then she decides she can never ever be with him, and then BAM! She falls in love with another guy, and everything is so cool. Almost too easy, no stuttering, they hold hands, they get all kissy-kissy, and then, SURPRISE! She has secrets! And him, he hates secrets, of course. So as they break up, and everyone lives un-happily ever after, the end. And that's why romantic comedies are so lame. (Ladybug gets her drink)
Cat Noir: (whispering) So sorry, we'll be going now. (pushes Ladybug as they leave)
Ladybug: Stay AWAY from the romantic comedy, go for heroic heroes instead. Special effects, heroes saving the world, no feelings, no questions, nobody talks because there is NOTHING to say! That is good entertainment for sure
Cat Noir: (laughs nervously) Sorry! (runs quickly to Ladybug)"
gang_of_secrets_cat_noir_0004,Outside the theater.,"Cat Noir: (laughs nervously) Sorry! (runs quickly to Ladybug)
Cat Noir: Listen m'lady, I didn't get everything you said and obviously, I know nothing about your private life, but I do know what heartbreak sounds and feels like, and-
Ladybug: Heartbreak? Me? (laughs nervously) That is not it at all, everything's fine. In fact, I feel like swimming, let's go to the pool! (prepares her yo-yo to transport herself to the swimming pool)"
gang_of_secrets_cat_noir_0005,Parisian rooftops.,"Lady Wifi: She's got to be here somewhere. Let's split up
Cat Noir: Hey there, m'lady. Somebody is having a super villain party and didn't invite us
Ladybug: They're looking for Marinette Dupain-Cheng, one of their classmates
Cat Noir: Haven't we already saved her a bunch of times? Funny you'd think everybody would like her
Ladybug: Well apparently, she's managed to alienate all her friends at once. (struggles to think about the recent event)
Cat Noir: You still there?
Ladybug: Just thinking. With five villians it's not gonna be easy finding the object that has the akuma
Cat Noir: I bet you already have an idea, right?
Ladybug: I'm going to isolate one of the villains from the others and get her to tell me where the akuma is. Meanwhile, you find Timebreaker to stop her from going back in the past, otherwise she could really screw up my plan
Cat Noir: Good luck, M'lady
Ladybug: Thanks, you too
Cat Noir: Hey, it's been awhile. How's it ticking Ms. Time Keeper?"
gang_of_secrets_cat_noir_0006,The Canal Saint-Martin.,"Ladybug and Alya: Pound it
Cat Noir: Ladybug, the Gang of Secrets is looking for you, I'm on it, but I don't know how long I can hold them off all by myself
Shadow Moth: (from his lair) Your friend Lady Wifi has betrayed you, she chose Ladybug's side. Hurry up and seize his Miraculous so you can take care of the bug!"
gang_of_secrets_cat_noir_0007,Inside the swimming pool.,"Rena Rouge: Mirage, Vanish!
Aqua Noir: Cataclysm! (uses to disintegrate the bracelet)
Rose: Thank you, Ladybug"
gigantitan_cat_noir_0001,"The Trocadéro. While Placide I.T. is still looking for him, he crosses paths with August and his mother.","Gigantitan: Lollipop! (He's about to follow the girls when he suddenly hears the sound of a bell, which is shown to be Cat Noir jingling the bell he wears)
Cat Noir: Well, you're the biggest rugrat (I've) ever seen. (leaps up when Gigantitan is about to grab him)
Gigantitan: Kitty!
Cat Noir: Let's go splish-splash, mega-baby. (jumps onto Gigantitan's forehead, and then down to the ground) You can't catch me! (Gigantitan starts to follow him) Let's get our feet nice and wet. But we can't squish anyone, okay?"
gigantitan_cat_noir_0002,"The Trocadéro. While Placide I.T. is still looking for him, he crosses paths with August and his mother.","Ladybug: Hey!
Cat Noir: Over here!
Ladybug: Hey, over here! Big baby!
Cat Noir: This way!
Ladybug: We're losing him, Cat Noir!"
gigantitan_cat_noir_0003,Seine. Ladybug is being pulled by Gigantitan.,"Gigantitan: Lollipop! (He sucks on the fake sign. Disgusted, he throws it away and starts to cry again. He suddenly hears Cat Noir's bell jingling.)
Cat Noir: Who wants a nice tasty lollipop?
Gigantitan: Lollipop! (walks over, pulls up the ""lollipop"" and peels off the wrapping to reveal Ladybug)"
glaciator_2_cat_noir_0001,Place des Vosges. Ladybug and Cat Noir continue to battle with Glaciator.,"Glaciator: Of course, it's always the supervillain's fault. But the mind forgets and the heart remembers! (starts to fire ice creams)
Cat Noir: Maybe he's right, m'lady. After all, he's still André, the Sweethearts' Ice Cream Maker!
Ladybug: (while dodging Glaciator's ice creams) Cat Noir, not now!
Cat Noir: (while spinning his baton) Hey, maybe if we kiss again, our memories would come back!
Ladybug: (annoyed) Ugh, enough! Why don't you take a little cat nap?! (throws Cat Noir into a trash bin, and returns to fight Glaciator, furiously) And as for you, you big two-legged ice cream cone, hand over that akumatized scooper right now!"
glaciator_2_cat_noir_0002,Place des Vosges. Ladybug and Cat Noir continue to battle with Glaciator.,"Ladybug: (releases the akuma) I guess ice cream, just like tabloids, can be wrong sometimes
Cat Noir: I guess I'm not your favorite cat at the moment, am I? (walks towards Ladybug) Can I take you to a movie to make up for it? Or how about a restaurant to celebrate our nomination as Couple of the Year?
Ladybug: (yelling) We're not ""Couple of the Year"", we're not a couple (at all!)
Cat Noir: Sorry! Sorry! I didn't mean to make you so mad. (Ladybug simply looks away from him, still mad.) I get it. You're sick of me. I might sound like a broken record expressing my affection for you over and over. I know I should stop but... I can't help it, you know? I have so many feelings welled up in this heart, and I don't know how to control them
Ladybug: (sighs) I know your heart's in the right place and that you don't mean any harm but—
Cat Noir: (dejectedly) You're right. You shouldn't have to put up with this. I'll stop. I don't know how yet, but I'll figure it out. I promise
Ladybug: (smiles) I'm counting on you
Cat Noir: (frowns) I'll see you later. (vaults away, and Ladybug eventually to the other direction)"
glaciator_2_cat_noir_0003,"The Agreste mansion, in Adrien's room.","Cat Noir: (frowns) I'll see you later. (vaults away, and Ladybug eventually to the other direction)
Cat Noir: Claws in…. (de-transforms into Adrien)
Adrien: Ladybug's right, Plagg. I don't have the right to force my feelings on her. This has to change. (I) have to change! (He deletes his photos of Ladybug in his phone and on his computer, although hesitating before doing so.)"
glaciator_2_cat_noir_0004,"On the rooftops. Cat Noir pounces on a roof, ready to destroy all billboards of him and Ladybug kissing.","Marinette: That's sweet of you, Tikki! I may be imaginative, but I think I'll need at least a human on this one
Cat Noir: Cataclysm! (disintegrates a billboard of him and Ladybug) Claws in! (de-transforms into Adrien)
Plagg: (groans) Have mercy! You know I love cheese, but even I'm starting to get sick of it! (gulps a piece of camembert)"
glaciator_2_cat_noir_0005,"Inside a bus. The two climb aboard. Marinette scans her card, while Cat Noir searches his pocket.","Marinette: Is there a problem?
Cat Noir: Well, actually, I always travel by stick, I don't have change for a ticket
Bus driver: This one's on me, Cat Noir! You've saved us so many times, it's the least I can do
Cat Noir: Thanks! I me-owe you one!
Bus driver: You're welcome!"
glaciator_2_cat_noir_0006,"Interior, Cinema. Marinette and Cat Noir sit beside each other.","Sharktank: (from the movie screen, v.o) Me too, Mechatiger, but it's impossible! We're sworn enemies!
Cat Noir: But they don't even have mouths! How are they supposed to kiss?
Marinette: Uh, it's been written in advance, so everything's planned out. But in real life, you have no idea how it's gonna go. Just because you tell someone you love them doesn't mean the other will love you back just like that!
Cat Noir: Tell me about it. If only love could be so easy
Marinette: That's why it's so scary to tell someone you love them. Even saving the world seems easy comparing to it. Well, I suppose it is. I mean, just look at you! When you have to save the world with Ladybug, you just bulldoze ahead, you don't think about it! A couple of jokes, and bam! Cataclysm, Lucky Charm, Miraculous Ladybug! And everything's back to normal. Easy as pie
Cat Noir: Yeah, that's the short version, but it sounds about right
Marinette: But telling someone you love them? If it doesn't work out, it's your heart that gets cataclysm-ed, and no Miraculous Ladybug can repair that. That's why I never get anywhere with boys. When things are really important to me, I get so scared that it won't work out that I can't help trying to control every possible outcome! I tell myself stories with wedding dresses, and hamsters, and what people see is not Marinette opening her heart up. It's Marinette talking about some ridiculous nonsense she's made up
Cat Noir: I like hamsters, too"
glaciator_2_cat_noir_0007,Outside the Cinema. Cat Noir and Marinette walk out as Cat Noir opens an umbrella from his baton.,"Marinette: You have an umbrella option in your stick?
Cat Noir: Well, yeah! Cats don't like water. (The two of them begin to walk together.) It's funny, you know? I'm kind of the opposite of you. I know that Ladybug is not in love with me, but I can't help telling her how I feel. I wish I could fall in love with someone else, but I can't. She's just so incredible! I'm so afraid I'm not the good person I thought I was, and now I've gone too far, and she hates me
Marinette: (smiles) She doesn't hate you
Cat Noir: She threw me in the trash today
Marinette: You're a good cat. I'm sure you'll figure out what to do"
glaciator_2_cat_noir_0008,"The Dupain-Cheng residence, on the balcony. Marinette and Cat Noir land back safely.","Shadow Moth: Akumatization is like ice cream; once you've tasted it, you'll always come back for more! (creates an akuma and releases it) Fly away, my evil akuma, and bring me back two scoops of despair!
Cat Noir: Thanks for flying Cat Noir Airways. We hope you'll be fe-lying again soon
Marinette: (laughs) Thanks! That was nice
Cat Noir: My pleasure"
glaciator_2_cat_noir_0009,"The Dupain-Cheng residence, on the balcony. Marinette and Cat Noir land back safely.","Cat Noir: My pleasure
Cat Noir: Oh, wait! Your training!
Marinette: Oh, shoot! I forgot about that!
Cat Noir: Quick! Back into position. You can totally do it this time! I just know it!
Marinette: Dear—"
glaciator_2_cat_noir_0010,In the Parisian Streets. Glaciator chases after Cat Noir. The villain kicks a car towards Cat Noir's direction and shortly gets blocked by Ladybug. Glaciator continues to fire ice creams at them as the superheroes run to hide.,"Marinette: Oh, no! I was so annoyed with that whole Couple of the Year thing that I totally forgot to give it to him! Tikki, spots on! (transforms into Ladybug and swings out the alley as well)
Cat Noir: Nice to see you again, my... dear friend whom I respect and for whom I have no other feelings than true platonic friendship
Ladybug: Are you making fun of me?
Cat Noir: Not at all! I'm... just getting my bearings
Ladybug: Lucky Charm! (uses her power as a car drops in front of them)
Cat Noir: Oh, yeah! That lucky charm really revs my engine!
Ladybug: Okay! Take the wheel. I got a plan"
glaciator_2_cat_noir_0011,In the Parisian Streets. Glaciator chases after Cat Noir. The villain kicks a car towards Cat Noir's direction and shortly gets blocked by Ladybug. Glaciator continues to fire ice creams at them as the superheroes run to hide.,"Glaciator: You think you can escape me by attaching me to you?
Cat Noir: Where are we going with this—? I mean, not the two of us. Just... where are we going, like, a direction?
Ladybug: I got it. We're heading to the Gare du Nord. We'll stay in touch. (She continues to drive, escaping Glaciator.) Cat Noir, now!"
glaciator_cat_noir_0001,Parisian streets. Ladybug and Cat Noir are chasing after a runaway bus.,"Cat Noir: I'm always ready, my lady. Who needs brakes when they've got us?
Cat Noir: So, uh, Ladybug? What would you say if you and I met up tonight for a little dinner? Rooftop style?
Ladybug: For dinner? As superheroes?
Cat Noir: Well, uh, yeah. That's right. We're only together when we're saving Paris. I mean, wouldn't you actually like to get to know one another?
Ladybug: I... That's so thoughtful of you, but I can't. I have to, uh, I already have plans with some friends"
glaciator_cat_noir_0002,Marinette's balcony.,"Cat Noir: She loves me. (blows out a candle) She loves me not. (blows out a candle) She loves me. (blows out a candle) She loves me
Cat Noir: Hello
Marinette: (gasps) Cat Noir?
Cat Noir: Sorry. (sits on the balcony railing) I didn't mean to frighten you
Marinette: What are you doing here? Don't you have like superhero-y things to do?
Cat Noir: No, I don't feel like being a superhero tonight. And I also don't feel like being alone tonight. Would you mind if I hung out here for a little while? (Marinette smiles and nods at him) Marinette, right? We've bumped into each other before
Marinette: Yeah, a bunch of times. I mean- yes! We have. One time a super villain fell in love with me. Talk about bad luck
Cat Noir: Seriously. I seem to have bad luck in the love department myself
Marinette: Really? What kind?
Cat Noir: Well, tonight, I had this special surprise all planned for Ladybug
Marinette: You're in love with Ladybug?! (whispers to herself) For real? (Marinette leans on the balcony railing next to Cat Noir. They look at each other and then the view.) So what was this special surprise?
Cat Noir: (sighs) It doesn't really matter. 'Cause she never showed
Marinette: Sounds like you and I both need a bit of cheering up tonight
Cat Noir: You? You've gotten your heart broken too?
Marinette: Yup. (Cat Noir smiles at her before he stands up next to her) Huh?
Cat Noir: (holds his hand out to Marinette) Hey, come with me. (Marinette stares and him and his hand in shock) Close your eyes and hold on tight, okay? (Marinette holds on, eyes shut, smiling. Cat Noir carries her to the balcony where he set up his dinner for Ladybug)"
glaciator_cat_noir_0003,Random balcony,"Cat Noir: (holds his hand out to Marinette) Hey, come with me. (Marinette stares and him and his hand in shock) Close your eyes and hold on tight, okay? (Marinette holds on, eyes shut, smiling. Cat Noir carries her to the balcony where he set up his dinner for Ladybug)
Cat Noir: Just give me a minute. (sets Marinette down and lights up the candles) Alright, you can open your eyes now
Marinette: (looks around in awe) Wow! Cat Noir, this is... beautiful! (notices Cat Noir looking glum) I'm so sorry
Cat Noir: Why? It's not your fault
Marinette: No— Yeah— I mean— What I mean is I'm very sorry for you because, um, you prepared all of this and then... she didn't show
Cat Noir: She told me she might not make it but I had my fingers crossed. I really wanted her to come
Marinette: (walks over next to him) Maybe she had a really good reason for not coming. Like, a problem or something
Cat Noir: You're only saying that to make me feel better
Marinette: Yeah. I mean— No! I mean— (immediately notices Glaciator is aiming at her) Look out!"
glaciator_cat_noir_0004,The streets of Paris,"Ladybug: Hello, Kitty. Did the bad guys leave you cold?
Cat Noir: (harsh and enraged) How was your (amazing) evening with your (""friends"")?
Glaciator: I've never tasted superhero flavor before. I can't wait to serve myself a double scoop!"
glaciator_cat_noir_0005,The streets of Paris,"Ladybug: That's weird. It looks like he's leaving the couples alone
Cat Noir: Too bad for us
Ladybug: You don't understand. We know he doesn't attack couples so we could pretend—
Cat Noir: Pretend?
Ladybug: To be in love!
Cat Noir: Sorry, Ladybug, it's not cool to play with people's feelings
Ladybug: Are you mad at me because I didn't show up?
Cat Noir: (furious) What do you think?
Ladybug: I didn't mean to hurt you
Cat Noir: And I also had a surprise for you, too!
Ladybug: I really am sorry
Cat Noir: No... I'm the one who's sorry. Maybe another time"
glaciator_cat_noir_0006,The streets of Paris,"Ladybug: Now! (throws her yoyo inside Glaciator) I've hit something inside. André hasn't turned into the monster, he's inside the monster! (Glaciator is about to attack her)
Cat Noir: (grabs his staff) Look out! (slices Glaciator's feet)
Glaciator: This isn't... over! (Ladybug and Cat Noir hide behind a building)
Cat Noir: What should we do now?"
glaciator_cat_noir_0007,The streets of Paris,"Cat Noir: Cataclysm! (disintegrates bus)
Cat Noir: Faster! (Ladybug makes the motorcycle go faster)
Glaciator: Wuah! Ah! Whaaaa!"
glaciator_cat_noir_0008,Random Balcony. Ladybug looks at the surprise Cat Noir set up.,"Ladybug: It's beautiful, Cat Noir
Cat Noir: Aren't you glad you finally came?
Ladybug: Listen, I don't wanna play around with your feelings. It would be the same as lying to you. I don't wanna do that. You're more than a partner, Cat Noir. You're my friend. And I'd (never) wanna lie to a friend
Cat Noir: Why do you think it'd be lying?
Ladybug: Because there's this boy I
Cat Noir: There's a boy? Who is...?
Ladybug: It's— I can't tell you who it is. We can't know anything about each other. Our identities must remain a secret. We're both superheroes, Cat Noir. We don't have a choice
Cat Noir: I get it, Ladybug. Your friendship means everything to me. (kisses her cheek) You can keep the rose. It goes with your costume"
gorizilla_cat_noir_0001,"Streets of Paris. Ladybug carries Adrien, still wearing his helmet, up to a rooftop.","Wayhem: Over here!
Cat Noir: Why don't you pick on someone your own size? (Gorizilla tries to grab him, but Cat Noir jumps down to the ground) Don't worry, ""Adrien"", I won't let him touch a hair on your head!
Hawk Moth: (from his lair) Adrien and Cat Noir side by side. So I was wrong.(Closing his eyes in releif.) Just as well. (to Gorizilla) Gorizilla, grab Cat Noir's Miraculous and be done with him!
Cat Noir: Missed me! Missed me! Missed me again! That's it, big guy. Come on, just a little more. (runs underneath Gorizilla to where he's directly above the Métro station) There! Cataclysm! (touches the pavement, causing it to cave in and trap Gorizilla in the destroyed road; then calls Ladybug on his staff) This is Cat Noir Express Deliveries. Did you order a giant beast, M'Lady?"
grendiaper_cat_noir_0001,Tram Station. Pegasus is showing Ladybug and Cat Noir a video of what he saw with his weapon.,"Pegasus: The driver wouldn't let us out and this person... Uh, this superhero... showed up!
Cat Noir: But where did they take the driver?
Ladybug: Alerts are coming from all over the city!"
grendiaper_cat_noir_0002,Paris Street,"Ladybug: Seems like our little buddy is also looking for someone!
Cat Noir: Think it could be the same mysterious masked figure we're after?
Ladybug: Better find out before he has a full-blown tantrum, Kitty Cat!"
grendiaper_cat_noir_0003,Paris Street,"Miss Hound: (Stops covering her ears) Hmm? (Sees a phone on Grendiaper's chest) Where have I seen that phone before?
Cat Noir: (Rough landing) Urgh! Ugh! Woo! That baby robot is solid steel!
Ladybug: Yes, we need a little toy to keep him busy. Lucky Charm!
Cat Noir: You shouldn't let babies play with phones, M'lady. Am I right?
Ladybug: You're right, Kitty Cat. Especially if the phone's got an Ultrakuma inside. (Touches her earring) Miss Hound, you're up!"
grendiaper_cat_noir_0004,Paris Street,"Grendiaper: I don't like ladybugs!
Cat Noir: I'm coming, Bugaboo! Cataclysm!
Pegasus: Voyage!"
grendiaper_cat_noir_0005,Paris Street,"Cat Noir: Cataclysm!
Cat Noir: No Ultrakuma?
Ladybug: How is that possible?"
grendiaper_cat_noir_0006,Paris Street,"Pegasus: (Follows after Grendiaper) Urgh! Voyage! Voyage! Ugh! Voyage!
Cat Noir: Huh? What should we do, M'Lady?
Ladybug: It's pointless to chase him until we figure out how to defeat him"
grendiaper_cat_noir_0007,Paris Street,"Maya: (Video): (Angry) But (you're) being a baby right now! (Closes the door)
Cat Noir: That's how he got akumatized!
Ladybug: Yes, and now we know for sure that he's after the same person as we are"
grendiaper_cat_noir_0008,Paris Street,"Ladybug: Except humiliation and harassment have nothing to do with justice
Cat Noir: Since it wasn't his phone, where's the akumatized object?
Rena Rouge: That's all he has on him"
grendiaper_cat_noir_0009,"Paris Streets. The present Miraculers gather on a rooftop with a view of Grendiaper, and Vesperia joins them.","Ladybug: And we'll step in!
Cat Noir: (Bows) Still as brilliant as ever, M'Lady
Miss Hound: (Lands next to a chimney close to Grediaper) Yoohoo! Look what I found! (Points to the illusion of Fury)"
grendiaper_cat_noir_0010,"Paris Streets. The present Miraculers gather on a rooftop with a view of Grendiaper, and Vesperia joins them.","Cat Noir: Cataclysm!
Cat Noir: So, kiddo, you need a babysitter?
Grendiaper: Leave me alone!
Cat Noir: Cataclysm"
guiltrip_cat_noir_0001,Inside of Guiltrip.,"Cat Noir: Look out! (Pops the bubble)
Cat Noir: It's like being inside a giant pinball machine
Ladybug: Yeah. But I think it's in multi-ball mode"
guiltrip_cat_noir_0002,Inside of Guiltrip.,"Ladybug: The sentimonster is contaminating everyone with these purple balls
Cat Noir: It's not gonna be easy finding the real Reflekta with everyone looking like her
Kim: (as a clone of Reflekta) If only I had worn my competition swimsuit, I would have been faster"
guiltrip_cat_noir_0003,Inside of Guiltrip.,"Ladybug: (smiling) Of course, she's fighting her negative thoughts with positive thinking! That's what stops her from turning into Reflekta! We have to do the same. Cat Noir you can do this, you have to think positive, you're the greatest partner anyone could have!
Cat Noir: Ladybug, do you really mean that?
Ladybug: Yes, I probably don't tell you this enough, but I couldn't do this without you. And it'd be a lot less fun too
Cat Noir: Why, that's a (meowvulous) thing to say! (floats towards Ladybug) And you're just about (purr-fect) yourself, m'lady
Ladybug: (laughs and playfully shoves him) Nice to have you back, kitty cat
Cat Noir: (Removes the bubble on his hand) You really think that we'll be able to get out of this one huh?
Ladybug: Of course don't forget that I still have my.. Lucky Charm!"
guiltrip_cat_noir_0004,Inside of Guiltrip.,"Pigella: (uses her skill) Gift!
Cat Noir: Uh... that's her superpower?
Ladybug: Pigella's power shows the person it affects their heart's greatest desire"
guiltrip_cat_noir_0005,Inside of Guiltrip.,"Juleka: In the trash
Cat Noir: You threw it in the trash?! (his ring begins to beep)
Ivan: You can tell yourself all the lies you want! (Shoots a beam)"
guiltrip_cat_noir_0006,Inside of Guiltrip.,"Pigella: Yes you can! (She deflects numerous beams with her tambourine.) You just gotta change the music!
Cat Noir: Great job, Pigella! (starts to deflect the beams)
Pigella: It's not the problems that matter but how you get though them that counts!"
guitar_villain_cat_noir_0001,Inside Le Grand Paris. Chloé and Adrien are waiting for the elevator.,"Ladybug: Cat Noir, you okay?
Cat Noir: Good to see you, my lady
Ladybug: Cat Noir, your stick!"
guitar_villain_cat_noir_0002,Inside Le Grand Paris. Chloé and Adrien are waiting for the elevator.,"Ladybug: Come on, we gotta follow them! (jumps onto a roof with Cat Noir) His power comes from playing his guitar. We've got to keep him from performing
Cat Noir: Well, I won't let you do this solo
Guitar Villain: You're an insult to the music world, XY! (tries to punch XY only to discover that XY is a hologram.) An hologram?!"
guitar_villain_cat_noir_0003,TVi Tower entrance. Alec escorts XY out of the studio.,"Ladybug and Cat Noir: Yeah!
Cat Noir: Once we catch Guitar Villain, we'll get you to the Eiffel Tower, just in time for your live performance
XY: Pff! Who even cares? My roadies can just project my image on stage. Live concerts are so ten minutes ago—"
guitar_villain_cat_noir_0004,Parisian rooftops.,"XY: NOOOO!
Cat Noir: Back to square one
Ladybug: I get the feeling we'll in for quite a concert. You ready?
Cat Noir: To rockin' riff, baby!"
guitar_villain_cat_noir_0005,Eiffel Tower at night. Fang is circling around the Eiffel Tower.,"Ladybug: We only rock the (real) Jagged Stone! (she made Fang dodge the purple energy) (to Cat Noir) The akuma must be in his guitar!
Cat Noir: How we gonna get to that?
Ladybug: Let's go backstage!"
hack_san_cat_noir_0001,In an alley. A panting Alya stops running to get some air.,"Cat Noir: We'd better recharge our kwamis, (Scarabella)
Cat Noir: Claws in! (de-transforms into Adrien)
Scarabella: Spots off! (de-transforms into Alya)"
hack_san_cat_noir_0002,"On the roofs, Scarabella and Cat Noir get a call from Markov and declines it.","Scarabella: This way! C'mon! (leaps away)
Cat Noir: Uh, the real Ladybug would think twice before jumping in to this!
Scarabella: Oh yeah? And the real Cat Noir is acting like a real scaredy-cat!"
hack_san_cat_noir_0003,"On the roofs, Scarabella and Cat Noir get a call from Markov and declines it.","Cat Noir: (lands atop a lamppost) No kidding
Cat Noir: C'mon!
Scarabella: They're coming from everywhere!
Cat Noir: Here!"
hack_san_cat_noir_0004,"Interior, Musée Grévin. The two superheroes placed huge objects to block the main door from the virus-infected Parisians.","Cat Noir: That should hold them off for a while!
Cat Noir: So... you and Ladybug know each other? Are you like, friends?
Scarabella: (subtly panics) Friends? Ladybug and me? Nah, that would be a stretch
Cat Noir: You know her secret identity?
Scarabella: Oh, well, uh, look. I really can't talk about it. These are questions you should ask Ladybug"
hack_san_cat_noir_0005,"Interior, Musée Grévin. The two superheroes placed huge objects to block the main door from the virus-infected Parisians.","Scarabella: This is just wrong! I need a better name
Cat Noir: A shorter one, maybe?
Scarabella: Scarabella! That was better, wasn't it?
Cat Noir: (struggles fighting with André and Jagged) Now may not be the time!
Scarabella: Fine. (kicks an infected Nadja away) Lucky Charm!"
hack_san_cat_noir_0006,"Interior, Musée Grévin. The two superheroes placed huge objects to block the main door from the virus-infected Parisians.","Scarabella: Hmm, so that 0.02% must be where Cat Noir cataclysms my Miraculous, then Shadow Moth won't get his hands on what's most valuable to him. And then, you won't actually have won! Am I correct?
Cat Noir: Yeah, brilliant! Cataclysm! (activates his power and points it to Scarabella's earrings)
Shadow Moth: (from his lair) Watch out, Robustus! This substitute Ladybug might not be as incompetent as she seems!"
hack_san_cat_noir_0007,"Interior, Musée Grévin. The two superheroes placed huge objects to block the main door from the virus-infected Parisians.","Scarabella: Fine. I'll hand myself over first, then you release everything you've captured
Cat Noir: And only then will I give myself up
Robustus: (his face turns into a loading screen) There's a 92% chance it's a trap"
hack_san_cat_noir_0008,"Interior, Musée Grévin. The two superheroes placed huge objects to block the main door from the virus-infected Parisians.","Shadow Moth: (gasps, from his lair) What's going on?
Cat Noir: (with a cauldron on his head) Did someone turn off the light?
Scarabella: No more evil-doing for you, little akuma! (swipes her yo-yo open and swings it) Time to de-evilize! (captures the akuma) Gotcha! Bye bye, little butterfly!"
hack_san_cat_noir_0009,"Interior, Musée Grévin. Robustus is de-akumatized, and reverts back to his normal self, Markov.","Scarabella: Umm
Cat Noir: Nope, but you were lucky enough to have been saved by the one and only Scarabella, in person. I don't you understand how you solved all of this, but... (raises his fist)
Scarabella and Cat Noir: Pound it!"
heart_hunter_the_battle_of_the_miraculous_part_1__cat_noir_0001,"Continuing narration: Ladybug and Cat Noir sitting together, in view of the Eiffel Tower.","Ladybug: (looks at him, smiling) Really? That's so awesome
Cat Noir: (drops his head) No it's not awesome at all. I just said that to make you jealous
Ladybug: I can't be in love with you Cat Noir, you know that
Cat Noir: Yeah yeah I get it.. ((gets up, activating his staff) but it still hurts. ((leaves))"
heart_hunter_the_battle_of_the_miraculous_part_1__cat_noir_0002,"Ladybug, Ryuko, and Cat Noir fight Heart Hunter","Chloé: ((notices Ladybug, gasps and smiles, sees both Ladybug and Ryuko leave, gets upset)) What about me?! You were supposed to give me a Miraculous! This is ridiculous, utterly ridiculous! They're my parents, you know. So I should be the one to save them!
Cat Noir: ((joins them)) Ladybug, how nice of you to bring a guest! Ryuko, as amazing and daring as I remember!
Ryuko: Nice to see you again too, Cat Noir"
heart_hunter_the_battle_of_the_miraculous_part_1__cat_noir_0003,"Ladybug, Ryuko, and Cat Noir fight Heart Hunter","Ladybug: ((stops directing as she witnesses the akuma leave Heart Hunter and André and Audrey falling, quickly catches Audrey while Cat Noir catches André))
Cat Noir: ((asking Ladybug)) Uh, was I dreaming, or did Heart Hunter just get deakumatized all by itself?
Ladybug: Why would Hawk Moth do that? I'll ask Master Fu. ((throws rolling pin in the air)) Miraculous Ladybug! ((All couples and people Heart Hunter zapped are placed back where they were))"
horrificator_cat_noir_0001,Principal's office. Alya looks for Mr. Damocles.,"Ladybug: We've got to calmly evacuate the building, okay everyone? (Cat Noir appears at the door)
Cat Noir: Uh-uh, easier said than done, Ladybug!
Nino: Double legit!
Cat Noir: I tried to cut through the goo, but it's no good. Totally indestructible. So, looks like we're trapped inside the school for now. Just stay put and try to relax, guys. (to Ladybug) Shall we take a stroll, my lady? (between them) We both know that Hawk Moth's taken another innocent victim somewhere in school"
horrificator_cat_noir_0002,"Court. Ladybug, Cat Noir and the other students try to find Max and Kim.","Ladybug: The more scared people are of it, the more powerful it gets! By defeating fear, we defeat it!
Cat Noir: Okay, but first we gotta get out of this sticky situation quickly before it dries. (uses his staff to make a crack in the court Ladybug is trapped in, and it breaks. Ladybug uses her yo-yo to get Cat Noir out of the goo.)
Ladybug: Did you see how it just left Ivan alone?
Cat Noir: Yeah, what's that all about?
Ladybug: (gasps) I think the monster... is Mylène!"
horrificator_cat_noir_0003,Science classroom. Sabrina locks the door with a locker.,"Nino: I'm so amped!
Cat Noir: Turn your amp down to about 4, will ya?
Nino: My bad"
horrificator_cat_noir_0004,Science classroom. Sabrina locks the door with a locker.,"Ladybug: Is everyone here? Mr. Damocles? Alix? Nathaniel? Adrien! Adrien?!
Cat Noir: (hides behind a goo pod) ...Yeah yeah, I'm fine! What about Marinette?
Ladybug: Yeah, we've got everyone! Ugh, they won't budge!"
horrificator_cat_noir_0005,Science classroom. Sabrina locks the door with a locker.,"Everyone: (singing)Smelly wolf, smelly wolf, I'm gonna kick your
Cat Noir: Wow, it's working!
Ivan: That's the same button I gave Mylène!"
ikari_gozen_cat_noir_0001,Place de la Concorde. Cat Noir is still fighting Ikari Gozen.,"Cat Noir: A box of bath bombs?
Cat Noir: You really think it's time to take a bath?
Ladybug: Not me. Kagami is gonna use it. Get ready, kitty. (with her yo-yo she retrieves the scooter storage compartment and puts the bath bombs with the box with the dragon miraculous inside) So, Ikari Gozen, how would you like to become friends?"
ikari_gozen_cat_noir_0002,Place de la Concorde. Cat Noir is still fighting Ikari Gozen.,"Ryuko: No, stay behind with Cat Noir. This is a personal matter between a mother and a daughter
Cat Noir: Watch out! (gets hit and swallowed whole)
Ryuko: No!
Cat Noir: (gets stuck just like Kagami was) Cataclysm! (a seatbelt wraps around his wrist)"
ikari_gozen_cat_noir_0003,Place de la Concorde. Cat Noir is still fighting Ikari Gozen.,"Ryuko: (falls beside Cat Noir) Hold your breath. Aim at the bokken
Cat Noir: Wow, you're a fast learner
Ryuko: I have good teachers. Water dragon! (Ryuko morphs into water and Ikari Gozen starts to fill up with water; the water spills out of Ikari Gozen; she spits out Cat Noir, who cataclysms the bokken; Ladybug kicks the disintegrated object and releases the Akuma)"
intuition_cat_noir_0001,,"Ladybug: Guess he wasn't saved by the bell!
Cat Noir: Hope he'll warm up to it!
Monarch: (from his lair) Don't be so hard on Glaciator. He deserves a (second chance!)"
intuition_cat_noir_0002,,"Monarch: (from his lair) Not this way! They're hiding behind that building!
Cat Noir: Glaciator, you win! I'll give you my Miraculous!
Glaciator: What’s going on? I cannot see anything!"
intuition_cat_noir_0003,"Interior, the Agreste mansion, in Nathalie's room. Gabriel rants to Nathalie about his failed attempts on taking Ladybug and Cat Noir's Miraculous with the power of Second Chance.","Gabriel: I've tried that before
Cat Noir: Sorry you have to (bounce) so soon!
Ladybug: Lucky Charm! (receives a piping bag)"
intuition_cat_noir_0004,"Interior, the Agreste mansion, in Nathalie's room. Gabriel rants to Nathalie about his failed attempts on taking Ladybug and Cat Noir's Miraculous with the power of Second Chance.","Monarch: (from his lair) This is where your luck runs out, Ladybug!
Cat Noir: (as he continues to scatter tiny balls around the area) Balloon... YAY! Come on, buddy! Let's play ball! (tosses the balloon towards Dark Humor, blocking his sight)
Dark Humor: Hey!"
kagami_as_seen_by_adrien_cat_noir_0001,"From Frozer. On a rooftop in Paris, Cat Noir gets on one knee and offers a rose to Ladybug.","Ladybug: I can't accept this rose from (you.) I told you already. I'm in love with someone else
Cat Noir: I know m'lady, but—
Adrien: (narrates) Even though she doesn't know about Ladybug, maybe Kagami's right"
kung_food_cat_noir_0001,Le Grand Paris lobby.,"Ladybug: Cat Noir?
Cat Noir: Ladybug! I don't know about you, m'lady, but I'm a bit hungry
Ladybug: Let's go eat then. Shall we?"
kung_food_cat_noir_0002,Le Grand Paris lobby.,"Kung Food: Don't worry, you will be let down soon enough. Hahahaha!
Cat Noir: (trying the elevator) Ugh! It's jammed!
Kung Food: (from a projector) Ladybug! Cat Noir! You soon have privilege to be ingredients in Kung Food's soup. But first — you taste my special of the day!"
kung_food_cat_noir_0003,Le Grand Paris lobby.,"Ladybug: Jagged Stone!
Cat Noir: Seafood? This scampi happening. Let's see if you can carry a tuna!
Ladybug: Look out! (they jump backwards after Jagged Stone swings at them)
Cat Noir: That's not very ""rock and roll"" of you, Jagged Stone.)"
kung_food_cat_noir_0004,The Elevator.,"Ladybug: You spoke too soon!
Cat Noir: (tries the buttons and fails) I think the electricity between us short-circuited the elevator
Ladybug: You wish. More like (us) getting ourselves into a sticky situation. (the elevator door opens)"
kung_food_cat_noir_0005,The Elevator.,"Ladybug: Looks like a food fight is coming our way
Cat Noir: I prefer my sausages with mashed potatoes.(
Mayor Bourgeois: Welcome to the world famous Suite 36 of this hotel"
kung_food_cat_noir_0006,Le Grand Paris dining hall.,"Alec: Watch the spectacular demonstration of the famous thousand flying cakes! (Marlena charges the heroes) Oh ho! Our guests seem to have a few tricks up their sleeves, but how will they fare against the blinding stinging cheese bombs! (shoots several cheese bombs, Cat Noir hits one of them with his staff and releases it's smoke)
Cat Noir: Ow, he's right. The cheese really does sting your eyes
Alec: (to Cat Noir) Ha-ha! You're no match for my... (gets interrupted Ladybug, who accidentally goes near him and touches in order to escape arrows. Marlena accidentally shoots at Alec, making him drop one of the cheese bomb and exploding in front of Marlena)"
kung_food_cat_noir_0007,The Le Grand Paris rooftop pool. Chloé hangs over worriedly.,"Ladybug: Cat Noir! The akuma must be in his chef's hat! Try to grab it!
Cat Noir: (gets hit with powder) Ow! It burns!
Kung Food: Haha! Like it spicy?"
kuro_neko_cat_noir_0001,Rooftops. Cat Noir leaps and looks around.,"Polymouse, King Monkey and Purple Tigress: Hey!
Cat Noir: Hey, guys!
King Monkey: How's it going, dude?"
kuro_neko_cat_noir_0002,Adrien's room.,"Adrien: Plagg, claws out! (He transforms into Cat Noir.)
Cat Noir: (groans) Claws in
Plagg: Okay... we've got some work to do"
kuro_neko_cat_noir_0003,Ladybug sits on a rooftop in front of the Eiffel Tower.,"Plagg: (flies over to him) You're not Cat Noir, but you're not Adrien either. You're both. You're the perfect son who's extremely successful in everything he does. But you're also Cat Noir, who just wants to enjoy life and have fun. One can't exist without the other. And I sure am glad to have both of you back!
Cat Noir: (lands next to her) I've been a really temperamental kitty, m'lady. I didn't realize how much trouble I'd make for you by giving back my Miraculous
Ladybug: (sits closer to him) Just because I don't need you all the time doesn't mean that I don't need you at all, Cat Noir. No one could ever replace you"
kwamibuster_cat_noir_0001,TVi Tower rooftop.,"Alec: (Ladybug releases him) Ah, ah! Thanks, Ladybug! Ladybug saved me!
Cat Noir: (arrives) There you have it, the answer was true. Ladybug defies the laws of science
Kwamibuster: I'm going to capture your Kwamis and prove to everyone that these magic creatures really do exist! True or false?"
kwamibuster_cat_noir_0002,TVi Tower rooftop.,"Hawk Moth: (from his lair) You can find out who Ladybug is and take her Miraculous from her, she's powerless now that she's lost her Kwami
Cat Noir: Cataclysm! (destroys the building's huge sign once again after Stormy Weather, which falls and gives Marinette a chance to slip away)
Kwamibuster: (as Cat Noir dodges her beam) Now I'm going to seize your Kwami, cat. True or false! Gotcha! (captures Plagg, Cat Noir jumps into a construction container before detransforming into Adrien)"
kwamibuster_cat_noir_0003,"TVi Tower rooftop. Kwamibuster's machine explodes, releasing the Kwamis, and the Akuma. She turns back into Olga Mendeleiev.","Ladybug Illusion: I'm sorry, but now your identity is no longer a secret. I won't be able you give you a Miraculous again. I'll take Marinette back, Cat Noir. You take care of Ms. Mendeleiev
Cat Noir: Ladybug, wait! I wanted to apologize for my Kwami. I don't know what he was doing in that elementary school
Ladybug Illusion: It was a high school
Cat Noir: High school, right! I'll promise it'll never happen again
Ladybug Illusion: Bug out! (She leaves with the Marinette Illusion)"
lady_wifi_cat_noir_0001,The city. Cat Noir runs in the ceiling and sees the hotel. He takes his staff and sees Chloé dressed as Ladybug.,"Adrien: Plagg, claws out! (Adrien transforms into Cat Noir)
Cat Noir: What? This can't be!
Ladybug: Who's being a sneaky kitty now?
Cat Noir: Oh, Ladybug. But--
Ladybug: Come on, you don't actually believe she's the real Ladybug
Cat Noir: Yeah, of course not
Ladybug: And besides, who would believe that (she's) the original Ladybug? She's obviously just a die-hard fan. A copycat?
Cat Noir: Right"
lady_wifi_cat_noir_0002,"Chloé's room. Chloé dressed as Ladybug, is trying to untie herself, when her cell phone rings.","Lady Wifi: (puts a camera icon above Chloé) Well, well... So my hunch was correct in window. (from screens) Everyone thinks the girl beneath the Ladybug costume is a little angel. Think again, people! The real Ladybug is... (tears off her mask) Chloé Bourgeois, everyone! (Ladybug and Cat Noir enter the hotel) Who are you?
Cat Noir: Uhhh... (poses in front of them)
Lady Wifi: (looks at Chloé) But I thought (you) were Ladybug!
Cat Noir: Sorry to bust your news story. Next time, double-check your facts
Lady Wifi: You'll be sorry. (uses her cellphone to delete the pink icons, releasing Chloé. Chloé trips and falls)"
lady_wifi_cat_noir_0003,"Chloé's room. Chloé dressed as Ladybug, is trying to untie herself, when her cell phone rings.","Ladybug: Follow me!
Cat Noir: So what's the plan?
Ladybug: She gets her powers from her phone, so let's lead her to the basement, where there isn't any service!
Cat Noir: No service, no power. Nice one, my lady!
Ladybug: We've gotta go lower!"
lady_wifi_cat_noir_0004,"Chloé's room. Chloé dressed as Ladybug, is trying to untie herself, when her cell phone rings.","Ladybug: Get ready!
Cat Noir: So, what do you do when you're not Ladybug?
Ladybug: (looks shocked, then recovers) Can't you see we're a little bit busy right now? (sees that Lady Wifi is no longer above them) She's gone back into the hotel!
Cat Noir: (sees that pink lock icons have been put on all the doors) She locked all the doors! Hey, you realize we might actually know each other in normal life
Ladybug: Doubt it. It's locked!
Cat Noir: She's left this one open
Ladybug: Get ready for an ambush on 3. 1, 2, 3!
Cat Noir: Ahhh... So much for the ambush
Ladybug: Follow me. Where is she hiding? And what's up with all these phones?
Cat Noir: How now, brown cow? I thought it was you she was after!"
lady_wifi_cat_noir_0005,"Chloé's room. Chloé dressed as Ladybug, is trying to untie herself, when her cell phone rings.","Ladybug: Yes I can. (starts breaking all the phones with her yo-yo. Lady Wifi runs into the kitchen. When Ladybug follows her in, Lady Wifi locks the door behind her)
Cat Noir: No, no, no... Hold on in there, Ladybug! (checks the hotel map in his staff) Of course! The service elevator!
Lady Wifi: (from a projection in the sky) Who is Ladybug? Is she a superhero or a super-weirdo? How can we trust the girl when we have no idea who she really is? We have the right to know! (tries to remove Ladybug's mask, but it won't come off) Why doesn't it come off?"
lady_wifi_cat_noir_0006,"Chloé's room. Chloé dressed as Ladybug, is trying to untie herself, when her cell phone rings.","Ladybug: I am not his love bug!
Cat Noir: We'll come back to that later
Adrien: My ring!"
lady_wifi_cat_noir_0007,Outside Le Grand Paris. The mayor and two police cars are there.,"Lady Wifi: Right!
Cat Noir: (gets in the service elevator) I'll go and jam the wi-fi antenna
Ladybug: Good luck!
Cat Noir: (sees the wi-fi antenna) Here you are!"
lady_wifi_cat_noir_0008,Outside Le Grand Paris. The mayor and two police cars are there.,"Cat Noir: (sees the wi-fi antenna) Here you are!
Cat Noir: Cataclysm!
Lady Wifi: Nice idea, kitty cat, but I'm not gonna let you cut me off so easily! (starts firing pink pause symbols at him)"
lady_wifi_cat_noir_0009,Outside Le Grand Paris. The mayor and two police cars are there.,"Alya: Ladybug! Wow! And Cat Noir! Can I get a quick interview? Just let me grab my phone!
Cat Noir: (his Miraculous beeps) Uhh... gotta go. You've only got a minute
Alya: So-- oh, no! Where did they go?
Cat Noir: Stay! (his Miraculous beeps) I won't tell anyone who you are. Cat's honor"
ladybug_cat_noir_origins_part_1__cat_noir_0001,Adrien's room. Adrien puts on the Cat Miraculous.,"Plagg: No, wait! I haven't finished explaining!--- (enters the ring)
Cat Noir: Too cool!
Ladybug: (groans) How does this thing come off? Tikki, if you can hear me, I want my normal clothes back. I'm not going anywhere! (sees the news)"
ladybug_cat_noir_origins_part_1__cat_noir_0002,"Marinette's room. Marinette, now as Ladybug, is still confused with her suit.","Cat Noir: (while tightrope walking over his staff) I'm starting to get the hang of this. (sees Ladybug falling onto him. They both fall and get hung by the yo-yo which is attached to Cat Noir's staff)
Cat Noir: Well, hey there. Nice of you to drop in
Ladybug: Oh, I'm sorry, I didn't do it on purpose
Cat Noir: I bet you're the partner my kwami told me about. I'm... Cat Noir. Yeah, Cat Noir. And you?
Ladybug: I'm Ma... err... Mar... uhh... (pulls the yo-yo and it hits Cat Noir's head) Madly Clumsy. I'm so clumsy
Cat Noir: No sweat, clumsy girl. I'm learning the ropes too
Ladybug: Hey! Wait, where are you going?
Cat Noir: To save Paris, right?
Ladybug: Ugh. (to herself) Trust yourself, trust yourself. (uses the yo-yo to swing around and follows Cat Noir)"
ladybug_cat_noir_origins_part_1__cat_noir_0003,Stade des Princes. The students are done with P.E. But then Stoneheart appears.,"Ladybug: Sorry it took so long, Cat Noir
Cat Noir: It's cool, Wonderbug. Now, let's kick his rocky behind!
Ladybug: Wait! (grabs his tail) Haven't you noticed? He gets bigger and stronger with every attack. We have to do something different
Cat Noir: Different how?
Ladybug: Uhhh... I don't know
Cat Noir: Okay then. Let's use our powers. Cataclysm! Apparently I destroy whatever I touch
Ladybug: I don't need a superpower to destroy everything
Cat Noir: (uses his Cataclysm to destroy the field goal)
Ladybug: No, don't do that!
Cat Noir: Cool. It's just you and me now! Time to rumble, soon-to-be rubble!
Ladybug: Cat Noir! Wait!
Cat Noir: Uh-oh. I guess I only get one shot to use my power. (waves sheepishly; Stoneheart kicks him away)
Ladybug: And you only have five minutes before you transform back. Didn't your kwami explain anything to you?
Cat Noir: I guess I was a little excited about my new life
Ladybug: Well, up to me. Lucky Charm! (A suit appears)
Cat Noir: Super power?
Ladybug: My kwami told me I have to break the object where the whatchama-call-it, er, the akuma is hiding
Cat Noir: Well, he's made entirely out of stone
Ladybug: His right hand, it's still closed. He never opens it. It's like the Russian dolls. The object isn't on him, it's hidden in his fist!
Cat Noir: So what's your plan?
Ladybug: Hmmm. (looking around, she spots Stoneheart's right arm, Alya and a hose) This! (grabs the hose and ties it to the suit. Then ties Cat Noir's feet with her yo-yo.) Don't resist. Trust me
Cat Noir: This girl's crazy! (gets thrown and Stoneheart gets him)
Ladybug: Catch me if you can! (Stoneheart drops the akumatized object and grabs Ladybug)"
ladybug_cat_noir_origins_part_1__cat_noir_0004,Stade des Princes. The students are done with P.E. But then Stoneheart appears.,"Ladybug: You should get going. Our identities must remain secret
Cat Noir: Farewell, m'lady. Let's do this again soon, okay?
Ladybug: Uh-huh. Not too soon, I hope. (sees Ivan, grabs the paper and reads it) ""You haven't even got the guts to tell Mylène you love her, wuss."" Aw"
ladybug_cat_noir_the_movie_cat_noir_0001,Inside the Notre Dame,"Cat Noir: RUN!
Cat Noir: Yelp, not on the first date
Ladybug: It looks like you guys have it off pretty well
Cat Noir: I've got this, sidekick! (ducks and the gargoyle crashes into it)"
ladybug_cat_noir_the_movie_cat_noir_0002,Inside the Notre Dame,"Cat Noir: (standing up chuckling) And the winner is (vocalizing) Cat Noir!
Cat Noir: (Hanging on) Sidekick! What are you doing back there? Help me! It's my first time
Ladybug: What?"
ladybug_cat_noir_the_movie_cat_noir_0003,Inside the Notre Dame,"Male tourist: Is that a watermelon?
Cat Noir: Told ya
Ladybug: For a so-called cat you don't seem to land on your feet
Cat Noir: That's music to my ears!"
ladybug_cat_noir_the_movie_cat_noir_0004,In the Paris skies,"Cat Noir: That's music to my ears!
Cat Noir: Cannonball!
Alya: I'm reporting live from the Notre Dame attack"
ladybug_cat_noir_the_movie_cat_noir_0005,In the Paris skies,"Ladybug: I've think we've hit rock bottom
Cat Noir: At least the fish is fresh
Ladybug: Are you Ok?"
ladybug_cat_noir_the_movie_cat_noir_0006,A boat on the Seine,"Ladybug: (Screams as they fly out of the river) Sorry!
Cat Noir: Bon appétit!
Ladybug: (Screams as it echoes) Ah!
Cat Noir: Wait for me! Don't wait for me!"
ladybug_cat_noir_the_movie_cat_noir_0007,In the metro,"Loudspeaker: Please mind the gap between the train-
Cat Noir: Woo! Gotcha! Who's the hero now? [deep breath] That's two for Cat Noir… and zero for Gargoyle!
Gargoyle: (starts scaring the people away as they run off, screaming and tries to fly only to hit the ceiling as sparks fly before falling and getting back up whilst looking at Cat Noir)
Cat Noir: Stay! (Gargoyle starts to approaching him) Huh? Huh… Huh? Fetch! (throws his staff but the Gargoyle turns back to look at him) I take it back! Ah! Don't fetch! Don't fetch! (starts running away)"
ladybug_cat_noir_the_movie_cat_noir_0008,Cat Noir regains consciousness,"Ladybug: Cat? I'm glad you're all right. Not bad for a sidekick, huh?
Cat Noir: Whoa… (suddenly several police cars arrive)
Police officer: (blows whistle) Find them!
Cat Noir: [shudders as the two watch from below]"
ladybug_cat_noir_the_movie_cat_noir_0009,The heroes meet Master Fu in a tree grove,"Master Fu: Stop them and capture their akumas
Cat Noir: Yeah, easy. I got this covered
Master Fu: No! Stronger together! It's the only way to reach the perfect balance of heart and mind, or you will not defeat Hawk Moth. (turns behind tree and disappears)"
ladybug_cat_noir_the_movie_cat_noir_0010,The Tuileries Funfair,"Magician: I'll squish you like a bug
Cat Noir: Did you need me?
Ladybug: Oh no. You again?
Cat Noir: A dream come true!"
ladybug_cat_noir_the_movie_cat_noir_0011,The Tuileries Funfair,"Badoom: Badoom!
Cat Noir: The wheel!
Ladybug: The coaster!
Cat Noir: Let's roll!"
ladybug_cat_noir_the_movie_cat_noir_0012,The Paris Streets,"Badoom: Badoom!
Cat Noir: Wait! Wrong way! (Jumps up and lands hands first on a car as his ring beeps and leaps off.) Ooo shiny
Ladybug: Needing a helping hand?
Cat Noir: (Face-planting on Chloe and Sabrina's cart on the wheel.) Talk about a helping hand"
ladybug_cat_noir_the_movie_cat_noir_0013,The Paris Streets,"Cat Noir: Your pulling my leg right?
Cat Noir: Wait!
Chloe: Get away!
Cat Noir: I'm the good guy. Cut it out"
ladybug_cat_noir_the_movie_cat_noir_0014,The Paris Streets,"Cat Noir: How do we burst this hot airhead?
Cat Noir: Long time, no speak
Badoom: Badoom! (Hits the ferris wheel causing it to spin around and Chloe to hang on the cart's edge.)"
ladybug_cat_noir_the_movie_cat_noir_0015,Ladybug and Cat Noir sitting on the paris rooftops together while enjoying ice cream.,"Cat Noir: Pound it
Cat Noir: Paris is safe, and we did that
Ladybug: (chuckling) It's hard to believe
Cat Noir: You know what watermelon?
Ladybug: I'm all ears, fleabag
Cat Noir: Don't take it personally, you've got a great style, but I believe you could uh... punch a little faster
Ladybug: Really? (scoffs) Interesting
Cat Noir: Slow, but pretty strong for a watermelon
Ladybug: You call that a kick? Aw, what a cute kitten"
ladybug_cat_noir_the_movie_cat_noir_0016,Ladybug and Cat Noir sitting on the paris rooftops together while enjoying ice cream.,"Cat Noir: Do you wanna fight?
Cat Noir: Let's see if you can stop this!
Ladybug: You call that a punch?
Cat Noir: More like a light scratch
Ladybug: Careful not to break a claw
Cat Noir: Would that bug you?
Ladybug: How do you manage to annoy me so much?"
ladybug_cat_noir_the_movie_cat_noir_0017,Ladybug and Cat Noir sitting on the paris rooftops together while enjoying ice cream.,"Cat Noir: Don't
Cat Noir: Who are you, Ladybug?
Marinette: Seriously, Alya, you think Adrien would say yes?"
ladybug_cat_noir_the_movie_cat_noir_0018,Rooftop of an old performance theater.,"Cat Noir: (then slides down to her eye level) We'll see about that
Cat Noir: Follow me
Ladybug: Wow!"
ladybug_cat_noir_the_movie_cat_noir_0019,Inside the theather.,"Cat Noir: Don't be. I'm not sad anymore… since I met you
Cat Noir: I prepared a little something. But I'm not sure. I don't want to mess it up
Ladybug: You know, someone once told me that failure is not your enemy, your fears are
Cat Noir: That's right. So, I'm prepared to make a fool of myself
Ladybug: And you need a piano for that?
Cat Noir: A gift. For you"
ladybug_cat_noir_the_movie_cat_noir_0020,"Cat Noir begins to play the piano as he sings ""Stronger Together""","Cat Noir: A gift. For you
Cat Noir: Woah!
Ladybug: I'm sorry
Cat Noir: How could I ever think she'd fall for me? Behind this mask, there's just an empty heart"
ladybug_episode__cat_noir_0001,Top of the Arc de Triomphe.,"Sentimonster Ladybug: AAAAAH!
Cat Noir: M'lady, no! (rushes to Ladybug's aid)
Visitor 1: Ladybug's fighting a peacock villain at the Arc de Triomphe!"
ladybug_episode__cat_noir_0002,Top of the Arc de Triomphe.,"Tom: No need, sweetie. Don't worry, a good baker is never afraid to get dirty. You can change after you're done decorating these gingerbread men
Cat Noir: You okay?
Sentimonster Ladybug: Don't worry about me. Go after Mayura. Ow! Cat Noir, I don't feel so good
Cat Noir: There's something wrong, we're supposed to be nearly invulnerable!"
ladybug_episode__cat_noir_0003,Top of the Arc de Triomphe.,"Sentimonster Ladybug: Cat Noir, don't leave me
Cat Noir: What? What's going on?
Sentimonster Ladybug: (Mayura provides the voice of the sentimonster) I've always gone out of my way to hide my true feelings for you, but I just can't do it anymore
Cat Noir: But I thought you said you love somebody else!
Sentimonster Ladybug: It's... it's over. After all this time, I've realized that you're always here for me, even when I keep rejecting you. Your feelings haven't changed, and mine are growing stronger every day. I can't pretending anymore"
ladybug_episode__cat_noir_0004,Top of the Arc de Triomphe.,"Ladybug: Watch it, Cat Noir! You're confusing fantasy with reality!
Cat Noir: You're not Ladybug?
Sentimonster Ladybug: No, she's not me!"
ladybug_episode__cat_noir_0005,Top of the Arc de Triomphe.,"Ladybug: No, listen to your brain!
Cat Noir: You're just an illusion! (throws his stick to Ladybug and she catches it)
Ladybug: See, I'm real enough! (throws it back)
Cat Noir: Impossible! There can't be two Ladybugs!"
ladybug_episode__cat_noir_0006,Top of the Arc de Triomphe.,"Mayura: What? Why does she-
Cat Noir: You wanna bet?
Sentimonster Ladybug: Over to you, Cat Noir! (ties Ladybug up while Cat Noir lunges at her)"
ladybug_episode__cat_noir_0007,Top of the Arc de Triomphe.,"Ladybug: Hello, Mayura!
Cat Noir: Mayura? But... she looks so real!
Ladybug: Things aren't always what they seem to be at first sight
Cat Noir: This Ladybug isn't an illusion or an akumatized person!
Ladybug: Uh-huh, she's a sentimonster
Cat Noir: But she's so much more elaborate than any of those we've faced before! She's so perfect, there's nothing monstrous about her at all!
Ladybug: Sorry kitty, but you should have known. I'm nowhere near as perfect as her
Cat Noir: I love you just the way you are, M'lady
Ladybug: Got a hint of where the amok is? Look at what Mayura is holding!"
ladybug_episode__cat_noir_0008,"Arc de Troimphe. Sentimonster Ladybug continues to fire her sticky blaster. Ladybug notices Mayura, whose health is declining. Suddenly, Cat Noir pushes her out of the way of a sticky blast.","Sentimonster Ladybug: Thank you, Ladybug. I will help you
Cat Noir: Are we cool, or are we cool? We could call ourselves Cat Noir and his Ladybugs
Ladybug: I prefer the Bugettes and Kitty cat. What do you think?"
ladybug_episode__cat_noir_0009,"Arc de Troimphe. Sentimonster Ladybug continues to fire her sticky blaster. Ladybug notices Mayura, whose health is declining. Suddenly, Cat Noir pushes her out of the way of a sticky blast.","Ladybug: Hawk Moth!
Cat Noir: You're the real monster!
Hawk Moth: Oh, that? You'll find out very soon
Cat Noir: We've missed you, Grandpa! You don't mind me calling you Grandpa, right?
Hawk Moth: You won't be joking around when I take your Miraculous!"
ladybug_episode__cat_noir_0010,"Arc de Troimphe. Sentimonster Ladybug continues to fire her sticky blaster. Ladybug notices Mayura, whose health is declining. Suddenly, Cat Noir pushes her out of the way of a sticky blast.","Ladybug: No!
Cat Noir: Cataclysm!
Ladybug: Good move, Kitty. Now all I have to do is grab Mayura's Miraculous and it's over. Checkmate, Hawk Moth. You better surrender"
ladybug_episode__cat_noir_0011,"Arc de Troimphe. Sentimonster Ladybug continues to fire her sticky blaster. Ladybug notices Mayura, whose health is declining. Suddenly, Cat Noir pushes her out of the way of a sticky blast.","Cat Noir: Don't listen to him
Cat Noir: You had Mayura right where you wanted her. I could've managed by myself. Why'd you do that?
Ladybug: (notices Hawk Moth carrying Mayura away) Because we're Ladybug and Cat Noir. Ladybug by itself doesn't sound half as cool
Cat Noir: You shouldn't say things like that to me. (leans in for a kiss but Ladybug stops him)
Ladybug: But the real Ladybug's heart still belongs to someone else
Cat Noir: I should've guessed that, too
Ladybug: Miraculous Ladybug! (The magic ladybugs repair all the damage)
Cat Noir: I guess even your Miraculous Ladybug can't bring our Bugette back
Ladybug: The Peacock's superpower can be so cruel when wrongly used. Even more than the Butterfly's one"
ladybug_as_seen_by_adrien_cat_noir_0001,,"Adrien: Or maybe ""Bugaboo""
Cat Noir: (Don't you, Bugaboo?)
Ladybug: (Stop playing around and calling me Bugaboo! This is really serious!)"
ladybug_as_seen_by_adrien_cat_noir_0002,,"Ladybug: (... But we've gotta capture Timebreaker's akuma! Your life depends on it!)
Cat Noir: (Which life? I've got nine...)
Ladybug: (Mh, I’m serious!...)"
ladybug_as_seen_by_adrien_cat_noir_0003,,"Adrien: Not even the one I love
Cat Noir: (tries to kiss Ladybug) Mmmmh...)
Ladybug: (drops him)
Cat Noir: (Ow!)"
lies_cat_noir_0001,"Cat Noir on patrol, waiting for Ladybug.","Plagg: (holding a piece of Camembert) What? Oh no! (gets sucked into the ring)
Cat Noir: (using his staff to travel) Haha, Woohoo! Haha! (looks around) Bugaboo? (checks his phone)
Ladybug: (voicemail) Hi! It's Ladybug, leave a message!
Cat Noir: (leaving message) Hey, Bugaboo. Well here I am, your faithful companion at our rendezvous point just like always. It's time for our daily patrol, I hope you haven't forgotten. (waits awhile for Ladybug to show but she never does)"
lies_cat_noir_0002,Le Grand Paris Hotel. Cat Noir drinking milk while watching Chloé berate Sabrina.,"Armand: (placing glass on a coaster) A glass of milk as usual, Mr. Cat Noir?
Cat Noir: (nods head weakly) Mhm
Armand: How is Ms. Ladybug? (starts pouring milk into glass) I haven't seen her for a while?
Cat Noir: (takes the milk and downs it) It's… been a little quiet recently"
lies_cat_noir_0003,Le Grand Paris Hotel. Cat Noir drinking milk while watching Chloé berate Sabrina.,"Chloé: (puts her finger over Sabrina's mouth) Zip it! And don't even look at me either! Hands over your eyes! (Sabrina gasps, upset, and uses her hands to cover her eyes)
Cat Noir: (hopeful) Something tells me an akuma is going to show up!
Chloé: Hmm? (notices she's wearing her purse) Oh my purse! (to Sabrina) You dingbat! (hits Sabrina with the purse) You could have told me that I was wearing it!"
lies_cat_noir_0004,Le Grand Paris Hotel. Cat Noir drinking milk while watching Chloé berate Sabrina.,"Chloé: Shh! (walks away, Sabrina follows her)
Cat Noir: (sighs, disappointed. Turns back to counter) Make that (pushes empty glass towards Jean) a large milk pal. (Jean gets out a pitcher and fills it with milk)
Plagg: (from phone, frustrated) No messages. Don't forget my— (Cat Noir clicks away before he finishes)"
lies_cat_noir_0005,Adrien's room. Cat Noir arrives and detransforms.,"Cat Noir: (watching with a smile, leaving message) Patrol's over, Bugaboo! (closes phone and heads back to his room)
Cat Noir: Claws in
Plagg: (over a picture of Adrien's fencing class where Kagami stands out in her red uniform) So your favorite cheese is missing from the plate and it's as if the others don't exist? Try another type, you might be surprised how much you like it!"
lies_cat_noir_0006,"From ""Truth"" — In front of Françoise Dupont. Adrien receives message from Kagami.","Kagami: (frustrated, sighs) Tatsu, let's go!
Cat Noir: (appears from the roof, launches himself with his staff) Wee!
Rose: (Finishing a song) Yeah!"
lies_cat_noir_0007,Adrien hides in an alley and transforms.,"Ladybug: I… am…
Cat Noir: (interrupts and pushes Ladybug into the water) A super swimmer!
André: (shaking hands with Prince Ali) Dear Prince Ali, on behalf of the city of Paris we all wish you a very happy birthday"
lies_cat_noir_0008,Ladybug and Cat Noir talking after just defeating Truth.,"Kagami: Oh um… he's here mother. A journalist's interviewing him outside. I'll go and find him. (leaves room)
Cat Noir: Woo hoo! (sighs) M'lady, it's been awhile since I've had that much fun
Ladybug: (laughs) If battling a supervillian with three eyes and a giant monster buddy is your idea of fun, I can't imagine what your other days are like…
Cat Noir: A baddie, a sentimonster, and Shadow Moth. It's even more exciting with his new name don't ya think?
Ladybug: He can change his name as often as he likes, he'll still never win
Cat Noir: You can count on me and my jokes, Bugaboo
Ladybug: Well… you don't have to overdo it
Cat Noir: Truth is, I only ever have this much fun with you. Catch ya later! ((vaults away)) Wee!"
lies_cat_noir_0009,Kagami confronts Adrien outside the City Hall.,"Cat Noir: Truth is, I only ever have this much fun with you. Catch ya later! ((vaults away)) Wee!
Cat Noir: Claws in. (detransforms)
Adrien: (runs to meet up with Kagami) Kagami. I hope I didn't keep you waiting too long"
lies_cat_noir_0010,"Streets of Paris. The drone and Fang pass by paralyzed Parisians. Ladybug follows it, past the Arc de Triomphe and the Montparnasse Tower.","Ladybug: But if Lies sees him coming we're toast!
Cat Noir: There are only two liars left in Paris and one of them knows the ultimate way to catch her attention
Ladybug: No way! Don't do it! What if I fail?!
Cat Noir: You know what? I trust you
Ladybug: Cat Noir no! You're completely crazy!
Cat Noir: Crazy about you, M'lady
Ladybug: No, just plain crazy… reckless…"
lies_cat_noir_0011,Streets of Paris.,"Ladybug: (yo-yos over to Cat Noir, frustrated) Seriously, you've got to stop doing this to me!
Cat Noir: (teasing) Yeah, but I can't resist this angry little pout of yours when you bring me back. (Ladybug's frustration subsides)
Ladybug and Cat Noir: Pound it
Cat Noir: Claws in"
lies_cat_noir_0012,Ladybug and Cat Noir sitting on a ledge in view of the Effiel Tower.,"Kagami: How can you trust someone who's lied to you? (hands him his charm) When I'm ready to see you again, I'll let you know. (she leaves; Adrien stares down at the charm, sadly)
Cat Noir: You know the difference between us and the rest of the world M'Lady? We can't be completely honest with each other. We keep secrets and… sometimes we (have) to lie
Ladybug and Cat Noir: But we always trust each other. (they pound it)"
malediktator_cat_noir_0001,"Collège Françoise Dupont, courtyard. Nino has his mixing table and two large speakers set up on the floor above, while the party is still ongoing. Everyone is dancing except for Adrien, sitting in a corner, and Marinette, sitting on the stairs. Alya walks up to Marinette.","Malediktator: By the power vested in me, I declare that your Miraculous are my property! (creates two orbs and sends them after Ladybug and Cat Noir, who dodge them; however, the orbs keep up their pursuit and the heroes flee to the roof)
Cat Noir: It’s time we impeach him and declare him powerless!
Ladybug: The akuma (has) to be in his sash"
malediktator_cat_noir_0002,In front of the Hôtel de Ville. Officer Roger is standing in front of the City Hall with a bunch of heavily armed policemen around him. He is shouting through a megaphone.,"Audrey: (her old self again) Wha—? What are we doing here?! What have you done this time, André?
Cat Noir: Ah, bummer; don't tell me I missed out on the party
Ladybug: Yep, you missed Queen Bee and Ladybug saving Paris, for real this time"
mayura_heroes_day_part_2__cat_noir_0001,Eiffel Tower.,"Stormy Weather: There's bad weather on the way! (attacks Ladybug, who blocks the attacks with her yo-yo)
Cat Noir: (extends his staff on the ground so that Queen Bee can stand on it) Your forecast was wrong, Ice Queen! (flings Queen Bee, who uses her foot to break Stormy Weather's parasol and release the akuma) Gotcha! (catches a falling Aurore)
Rena Rouge: (throws her flute at Rogercop's whistle, breaking it and releasing the akuma)"
mayura_heroes_day_part_2__cat_noir_0002,Eiffel Tower.,"Ladybug: Huh? (notices the scarlet akumas) Watch out!
Cat Noir: Oh no
Prime Queen: (as the superheroes battle the akumas) Now watch Scarlet Moth's relentless plan to get rid of your precious protectors. Mwahahahaha!"
mayura_heroes_day_part_2__cat_noir_0003,Eiffel Tower.,"Scarlet Moth: Game, set, and match, Ladybug
Cat Noir: I don't see how we're going to get out of this one, M’lady
Ladybug: We can't lose hope, or we'll get akumatized, too
Cat Noir: Pretty cataclysmic situation, huh?
Ladybug: (gasps) Cataclysm! That's it! Beneath us, Cat Noir!
Cat Noir: Of course. Cataclysm! (uses Cataclysm on the ground below them, allowing him and Ladybug to escape)"
mayura_heroes_day_part_2__cat_noir_0004,Sewers.,"Aqua Noir: Better get fishing. (swims towards Syren while Aquabug swims towards Animan)
Aqua Noir: It's gonna take a lot of time to de-akumatize all these villains one by one
Aquabug: Which is exactly why we have to take on Hawk Moth directly. He's using his cane to re-akumatize his victims. If we can destroy it, he won't have an army fighting for him anymore. (gasps upon finding that the sewer water is starting to freeze; she and Aqua Noir retreat)"
mayura_heroes_day_part_2__cat_noir_0005,Streets of Paris. The duo proceeds to run from the Scarlet Army.,"Cat Noir: Couldn't agree more, M’lady
Cat Noir: Any miraculous ideas, M’lady?
Ladybug: Besides running and surviving you mean?"
mayura_heroes_day_part_2__cat_noir_0006,Ladybug and Cat Noir are running on top of building rooftops.,"Gigantitan: Car... Vroom! Vroom!
Cat Noir: People are amazing!
Ladybug: That’s precisely why you should never give up hope, kitty!"
mayura_heroes_day_part_2__cat_noir_0007,Eiffel Tower.,"Ladybug: It's down to the three of us, Hawk Moth!
Cat Noir: Cataclysm!
Ladybug: Lucky Charm! (receives a miniature Miraculous box) It's a sign, Hawk Moth. A sign that your Miraculous will wind up inside this box!"
mayura_heroes_day_part_2__cat_noir_0008,Eiffel Tower.,"Ladybug: You're such a coward, Hawk Moth!
Cat Noir: But there's no hiding this time!
Hawk Moth: No!"
mega_leech_cat_noir_0001,Place des Vosges. Mayor Bourgeois is devastated when the akuma and amok enter to his sash.,"Mini-Malediktator: Oh, I forbid you to touch me, my fellow citizen!
Cat Noir: And I forbid you to forbid me, Mr. Mini-Mayor! (slingshots the clone away)
Alya: (a clone enters) Get Cat Noir, my fellow citizens! (Ivan, Kim, and Max chase him after.)"
mega_leech_cat_noir_0002,Place de la Concorde. Cat Noir runs away and climbs to the Ferris wheel. He prevents the clones from entering him when a yoyo ties his staff and pulls him up.,"Marinette: (opens her purse) How am I gonna do this? Oh, I know! (pretends) Oh, no! A Mini-Malediktator! Get away, Mylène! (screams) I made up! Help us to de-pollute Paris, my fellow citizens! (Mylène runs away in fright. Tikki appears.) I know, that wasn't very cool, but I had no choice. Come on, Tikki, we need Ladybug! (runs behind) Spots on! (Ladybug exits through the manhole.)
Cat Noir: M'lady! Thanks for dropping by. (grabs a clone)
Ladybug: That was a close one"
mega_leech_cat_noir_0003,Place de la Concorde. Cat Noir runs away and climbs to the Ferris wheel. He prevents the clones from entering him when a yoyo ties his staff and pulls him up.,"Mini-Malediktator: Release me! You must respect my authority, my fellow citizen! I demand that you stop! (Using her Lucky Vision, she sees his sash and the metal blades under the ice skate. She uses the blades to tear his sash apart causing the akuma and amok to be released. The clone detransforms into tiny Mayor Bourgeois.)
Cat Noir: You make it look so simple, m'lady
Ladybug: No more evil-doing for you, little akuma. Time to de-evilize! (captures the akuma and the amok) Gotcha! (releases the butterfly and the feather) Bye, bye! (about to throw the ice skate into the air) Miraculous-
Cat Noir: Ladybug, look! It didn't work.(They see people who are still controlled by the clones and Mega Leech continues to release more clones.)"
mega_leech_cat_noir_0004,Place de la Concorde. Cat Noir runs away and climbs to the Ferris wheel. He prevents the clones from entering him when a yoyo ties his staff and pulls him up.,"Ladybug: The akumas and the amoks must have multiplied at the same time as the Malediktators, capturing just one doesn't solve the problem. There are millions of them!
Cat Noir: So what's the miracle solution, m'lady?
Ladybug: The thing is there's no one miracle solution. What we need are lots of small solutions that can all tackle the problem at the same time. That's why there has to be a lot of us all working together. And I know who can help us! Buy us some time, Kitty Cat
Cat Noir: How come I'm always the one who has to buy some time? Catch you later! Woohoo! (He starts to distract them on top of Obélisque de Louxor) So you want my Miraculous, fellow citizens? Then come and get it! )(Ladybug starts to run away.)( )
Ladybug: (appears) Mylène?"
mega_leech_cat_noir_0005,Place de la Concorde. Cat Noir distracts the people onto the van while Ladybug swings onto it.,"Ladybug: It's all good. We've got some backup now. (Cat Noir grabs her wrist and Ladybug notices that he is already possessed.)
Cat Noir: I've got her, my fellow citizens!
Shadow Moth: (from his lair) Bravo, Malediktator! Take her Miraculous! (A clone of Polymouse jumps into Cat Noir's ear.)"
migration_cat_noir_0001,"Les Olympiades. Cat Noir lands on the ground, followed by Gold Record who teleports after him. Gold Record throws the gold disc at him, but he is able to dodge it.","Cat Noir: (evades the gold disc) Missed! You're as terrible a villain as you are a music producer. (leaps out the boat)
Cat Noir: Hey, it's starting to look like (your) record's broken. (attacks Gold Record with his staff) It's your turn to dance now!
Gold Record: Voyage! (escapes to a teleport and appears on Cat Noir's blind side, catching his gold disc and escapes again)
Cat Noir: I really hate the powers of the Miraculous when a supervillain is using them
Gold Record: Here, kitty, kitty!
Cat Noir: Hey, no fair! I can't play both cat (and) mouse!"
migration_cat_noir_0002,"On the rooftops. Cat Noir shifts his head side by side on a look out for Gold Record as he may appear anywhere at any time. A portal opens in front of him with Gold Record's disc coming out of it, causing Cat Noir to lose balance and falls off to a lower building.","Cat Noir: Don't worry, m'lady, we're getting along like cats and dogs!
Cat Noir: (sighs) It's not gonna work if I say ""time out""?
Ladybug: Lucky Charm!"
migration_cat_noir_0003,On the rooftops. Gold Record and Cat Noir continue fighting.,"Gold Record: NO!!
Cat Noir: Cataclysm! (breaks the gold disc as the Megakuma flies out)
Monarch: (from his lair) NOOO!!"
migration_cat_noir_0004,Liberty. Ladybug gives a Magical Charm to Bob.,"Bob: You think I'm afraid of you when we got two superheroes whose job is to protect Paris' citizens? (cackles) Dream on! You can't touch me! I got the law on my side and I can do whatever I want!
Cat Noir: (with a hint of sarcasm) Oh no, m'lady, I'm afraid I'm about to transform back. I've gotta run!
Ladybug: (sarcastic) Dear me, so am I! Such a shame. Oh, well... bug out!
Cat Noir: Woohooo!"
miracle_queen_the_battle_of_the_miraculous_part_2__cat_noir_0001,Seine. Aqua Cat Noir and Aqua Ladybug are in the water.,"Hawk Moth: Destroy the shield! (the sentimonster than began to attack Jade Turtle's Shell-ter as Jade Turtle must keep the sentimonster from cracking it.)
Aqua Noir: Ladybug!
Aquabug: Cat Noir!
Aqua Noir: There's something wrong. What did Fu say to you when you gave him back the Dragon Miraculous?
Aquabug: I wasn't able to give it back
Aqua Noir: (shocked) What?
Aquabug: Master Fu has disappeared! I worry something happened to him!
Aqua Noir: Huh! You're right! (Aquabug covers her mouth in fear) They found Master Fu and the Miracle Box! It's a catastrophe! And I just happen to be an expert in cat things! (Aqua Noir looks back as Aquabug)
Aquabug: It's... It's my fault. I didn't transform back before I went to find him
Aqua Noir: What?
Aquabug: I was... confused. I'm sorry. I'm such a failure. (puts her head in her hands. Aqua Noir swims closer to her, putting a hand on her shoulder)
Aqua Noir: Hey! The important thing is to save Master Fu before the sentimonster destroys his shield. And we'll need a focused Ladybug for that. Forget what happened, okay? (Aquabug stares at Aqua Noir before hugging him tightly)
Aquabug: Thanks, Cat! You're always here for me! (he smiles and hugs her back)
Aqua Noir: Always, Little Bug. (they pull away from each other)
Aquabug: Okay! We have to free our friends from Miracle Queen. Then we can defeat Mayura, Hawk Moth, and his sentimonster. But first, we gotta neutralize those wasps so we can get out of the water. If we get stung, it's all over
Aqua Noir: Sounds easy when you say it!
Aquabug: Yes! We're gonna make it easier! (puts on the Dragon Miraculous)
Aqua Noir: No! It's too dangerous! Too many powers at the same time!
Aquabug: We don't have a choice!"
miracle_queen_the_battle_of_the_miraculous_part_2__cat_noir_0002,Seine. Aqua Cat Noir and Aqua Ladybug are in the water.,"Jade Turtle: He's trying to divide you! Don't listen to him! I chose you both for a reason! Stay united!
Cat Noir: It's us against the world!
Dragon Bug: As always!
Cat Noir: Ladybug and I never fight each other! We fight together!
Dragon Bug: Welcome to your Doomsday, Hawk Moth!"
miracle_queen_the_battle_of_the_miraculous_part_2__cat_noir_0003,Trocadéro.,"Dragon Bug: Viperion is by far the most dangerous! You focus on him! Be careful, Cat!
Cat Noir: Got it! Cataclysm! (activating his special ability, they both charge forward as the others do as well. With Dragon Bug fighting her own battle, Cat Noir takes on Viperion. Cat Noir kicks Viperion to the ground)
Viperion: Second Chance!
Cat Noir: Got it! Cataclysm! (they charged once again, Viperion blocks Cat Noir's kick, but gets punched by Cat Noir, failing once more)
Viperion: Second Chance!
Cat Noir: Got it! Cataclysm! (fighting again, Viperion locks Cat Noir in place)"
miracle_queen_the_battle_of_the_miraculous_part_2__cat_noir_0004,Trocadéro.,"Dragon Bug: Cat Noir! It's your turn! (Dragon Bug throws the Snake Miraculous to him, he catches it. Putting on the Miraculous, Sass appears exhausted but Cat Noir feeds him)
Cat Noir: Sass, Plagg, Unify! (Cat Noir then transforms into Snake Noir.)
Snake Noir: Second Chance! (activates his Miraculous)"
miracle_queen_the_battle_of_the_miraculous_part_2__cat_noir_0005,Trocadéro.,"Snake Noir: Dragon Bug! They're illusions! (Snake Noir then falls into Pegasus' portal, falling towards the sun in space. Holding his breath, he uses his ability again)
Snake Noir: Dragon Bug! They're illusions! (he dodges Pegasus' portal, and grabs King Monkey's arm) Dragon Bug! Opening! There! (Dragon Bug makes an opening in the water shield. Snake Noir kicks King Monkey's staff through the opened hole, sailing towards Miracle Queen, only she catches it with one hand with ease, and laughs evilly)
Miracle Queen: Pathetic! Is that honestly how you think you- Ew!(the stuffed frog smacks Miracle Queen in the face, turning her weapon into a disco ball, and her wasps into confetti. Dragon Bug releases the water shield, and wraps her yo-yo around Miracle Queen, pulling her forward)"
miracle_queen_the_battle_of_the_miraculous_part_2__cat_noir_0006,Trocadéro.,"Ladybug: I can't figure it out!
Cat Noir: Focus! You can do it! (Ladybug continues to look for clues but stops at the sight of Jade Turtle struggling, she turns back to Cat Noir)
Ladybug: (laments) I'm sorry! I'm so useless! If I hadn't forgotten to de-transform myself to go see Master Fu-
Cat Noir: Ladybug, no!
Ladybug: (still laments) -Hawk Moth wouldn't have taken him hostage. He wouldn't have taken the Miracle Box.(hugs Cat Noir, while crying) I'm the worst Ladybug that has ever existed!"
miracle_queen_the_battle_of_the_miraculous_part_2__cat_noir_0007,Trocadéro.,"Hawk Moth: How disappointing. (He picks up Mayura, then jumps onto the Sentimonster, flying away)
Cat Noir: I'll take care of them, you take care of the box! (Queen Bee tries to escape, but Ladybug trips her with her yo-yo)
Ladybug: Sorry, but I think this belongs to me now. (Ladybug picks up the Miracle Box)"
miracle_queen_the_battle_of_the_miraculous_part_2__cat_noir_0008,"Rooftop of Palais de Chaillot with Ladybug, Cat Noir, and Master Fu.","Master Fu: Oh! Such pretty costumes! Who are you?
Cat Noir: Has he... lost his memory?
Wayzz: (sadly) It's the rule of the Guardians. Their memory gets erased when they pass on the box, to protect the secret identities of the Miraculous holders"
miracle_queen_the_battle_of_the_miraculous_part_2__cat_noir_0009,"Rooftop of Palais de Chaillot with Ladybug, Cat Noir, and Master Fu.","Ladybug: (saddened) Yes, of course
Cat Noir: What happened to him has nothing to do with the damages caused by Chloé
Ladybug: So my magical ladybugs couldn't do anything"
miraculer_cat_noir_0001,Eiffel Tower. Ladybug joins Cat Noir.,"Ladybug: (turns around and throws her yo-yo) Thank you, see you next time. (swings away)
Cat Noir: Still haven't spoken to her, huh?
Ladybug: You know how dangerous it is to use Chloé. Everybody knows that she was Queen Bee, everyone including Hawk Moth. He can use it to trap us. That's why our identities must remain a secret
Cat Noir: And the best kept secrets are the ones you don't share, yeah-yeah, I know. I don't think Chloé knows that her time as Queen Bee is over, though
Ladybug: I know, I just haven't time to tell her and... (her Miraculous beeps) ...and I won't today either, I'm about to transform back! (spins her yo-yo)
Cat Noir: M'lady... promise me you'll go talk to her. It's the right thing to do
Ladybug: Yeah, sure. (takes off)"
miraculer_cat_noir_0002,Place des Vosges.,"Ladybug: What have you done?
Cat Noir: She's swiped your power! That little copycat! Get backup, I'll take care of her. Cataclysm!
Miraculer: What's the phrase again? Oh! Cataclysm! (hits Cat Noir in the ribs, causing him to fly backwards into a fence) Oh, Chloé's gonna love our powers!"
miraculer_cat_noir_0003,Building roof. Ladybug shows Cat Noir the Bee Miraculous.,"Marinette: (picks up the Bee Miraculous) This akumatized person is her best friend. If anyone can help us, it's Chloé
Cat Noir: You sure?
Ladybug: This might be her last mission, but we definitely need her this time. (gives Cat Noir the Bee Miraculous)
Cat Noir: (prepares to take off on his staff but falls)
Ladybug: Cat Noir, are you okay?
Cat Noir: (gets back up) Oh, it's nothing. I just got Cataclysmed in the ribs. I'll be fine
Ladybug: I promise you we'll get our powers back, Cat Noir. And I'll heal you
Cat Noir: I can't wait. (takes off)"
miraculer_cat_noir_0004,Le Grand Paris rooftop. Mayura spies on Chloé behind a nearby statue.,"Chloé: Not like this! You are so far off the mark! I don't wanna be Ladybug, there's only one Ladybug, and she isn't me. I am-
Cat Noir: Queen Bee. (presents the Bee Miraculous to Chloé)
Chloé: Ugh! About time, too!"
miraculer_cat_noir_0005,Le Grand Paris rooftop. Cat Noir continues to battle Miraculer while Chloé hides.,"Chloé: We wouldn't be in this situation if you and Ladybug had gotten me sooner
Cat Noir: (sarcastically) Thanks, Chloé. That's super helpful
Chloé: If I had my Bee Miraculous, I could've helped you. I'd have floored those two by now. (is secretly pulled away by Ladybug, Rena Rouge, and Carapace) Finally!"
miraculer_cat_noir_0006,Le Grand Paris rooftop.,"Ladybug: (notices her Miraculous beeping)) Thank you, Chloé. Let's go. (takes off with Rena Rouge and Carapace)
Cat Noir: Ladies. (bows and takes off)
Sabrina: (to Chloé) I guess you'll never wanna play with me again now"
miraculous_london_cat_noir_0001,"Rooftops of the Jardins du Trocadéro, Ladybug is sitting all by herself.","Plagg: Gladly, Ladybug. Things are way too sappy in here for my taste. (flies away with his Miraculous, but stops at the window to turn back at her, hugs her, and flies out of window)
Cat Noir: (joins her and retracts staff) Well done, M'Lady. We've... I mean, you have... I mean, Gabriel Agreste has
Ladybug: (gestures for Cat Noir to sit next to her as he does so)
Cat Noir: How did it go?
Ladybug: It's... complicated. Cat Noir, do you know what it's like to go so far, almost too far in order to protect someone you love?
Cat Noir: You mean like sacrificing oneself?
Ladybug: More like... say... keeping a huge secret? A secret so heavy that you really wanna share right this minute because it's too much and you feel like crying and you just need someone to comfort you?
Cat Noir: Yes... I'm familiar. (the two embrace in a hug) I should've been there, I'm so sorry
Ladybug: No, I'm the one who's sorry. And I can't even tell you about it
Cat Noir: It doesn't matter. All that matters is that Monarch was defeated
Ladybug: But I let go of the Butterfly Miraculous
Cat Noir: We'll get it back again. You and me, like old times. (puts fist out for a fist bump)
Ladybug: (wipes tears but fist bumps him) Like old times. (rests head on his shoulder as he rests his on hers)"
miraculous_new_york_cat_noir_0001,Away from the Eiffel Tower.,"Marinette: All taken care of, my Tikki!
Cat Noir: You're (going
away?!: )"
miraculous_new_york_cat_noir_0002,The Museum.,"Adrien: Marinette's in danger!
Cat Noir: Ladybug?
Ladybug: Cat Noir?"
miraculous_new_york_cat_noir_0003,The Museum.,"Sparrow: (deep voice) You've come all the way from Paris to help us out?
Cat Noir: Yeah! We thought it'd be friendly to give you a hand in honor of French American Friendship Week!
Sparrow: (deep voice) See that?! They don't need (anyone's) permission to take action!"
miraculous_new_york_cat_noir_0004,The Museum.,"Ladybug: Why didn't you tell me that you were leaving?!
Cat Noir: I was afraid you'd get angry!
Ladybug: And you were right, because as you can see, I (AM) angry!!"
miraculous_paris_cat_noir_0001,The Eiffel Tower. Betterfly leaps to the tower's staircase and gently puts down Marinette.,"Claw Noir: (mockingly) Oh no, I'm so scared! (He uses his nunchucks to bat the Lucky Charm over to himself.) Cataclysm! (He then dissolves the Lucky Charm object)
Cat Noir: (He lands next to Ladybug.) Why do these akumatized heroes get all the magical powers and we don't? It's not fair!
Ladybug: They're not akumatized
Cat Noir: Then what are they?"
miraculous_paris_cat_noir_0002,The Eiffel Tower. Betterfly leaps to the tower's staircase and gently puts down Marinette.,"Ladybug: Watch out Cat Noir!
Cat Noir: (telepathically, shocked) Hey! What're you-
Betterfly: Celesticat, I am Betterfly
Cat Noir: (understandably scared) No, get out of my head!
Betterfly: I'm not your enemy, I only want to entrust you with the power to save us
Cat Noir: (telepathically) How do I know you're telling the truth? I don't know you
Betterfly: I only work for the greater good, like you Celesticat. Do you accept this gift I am offering you for the greater good?
Cat Noir: (telepathically) I do. (Cat Noir is then fully kamikotized into Celesticat, his suit shining a bright white light which blinds Shadybug and Claw Noir.)"
miraculous_paris_cat_noir_0003,Sewers. Ladybug and Cat Noir are on either side about to detransform.,"Shadybug: Ugh!
Cat Noir: Claws In! (detransforms into Adrien and feeds Plagg some camembert.)
Ladybug: Spots Off! (detransforms into Marinette and feeds Tikki a macaroon.)"
miraculous_paris_cat_noir_0004,"The Eiffel Tower, the top of the tower","Betterfly: What a holder of the Butterfly Miraculous has done, another can undo. (Betterfly hides behind some chimneys and snaps his fingers at the Giant Shadybug, however nothing happens) They're not akumatized villains!
Cat Noir: You think Monarch could've lent them a Miraculous?
Ladybug: If that's true, we'll never defeat them!"
miraculous_paris_cat_noir_0005,"The Eiffel Tower, the top of the tower","Alya: And she's confirmed with me that she's okay. (gives Ladybug a knowing look.)
Cat Noir: So the two giants out there are illusions?
Alya: Created to trap you by forcing you two to split up!"
miraculous_paris_cat_noir_0006,"The Eiffel Tower, the top of the tower","Ladybug: Okay.. so first of all, the Miraculous of the Butterfly has a limited range, past a certain distance he can't keep in touch with the akumas or the people he akumatized! We'll need to get far enough away from Paris to be out of Monarch's reach, so Betterfly can turn Alya into Ubiquity again!
Cat Noir: As long as we're far away, he won't be able to remove her power!
Ladybug: Thats right Cat Noir! Next, Betterfly will lend me the Butterfly Miraculous, this way I'll create a second superhero with a specially crafted superpower designed to protect Cat Noir and I!. Next we'll hide the object into which the kamiko will have landed into the parallel world!
Cat Noir: Where it will be inaccessible to Monarch!
Ladybug: That way Monarch won't be able to remove your powers during the battle"
miraculous_paris_cat_noir_0007,"The Eiffel Tower, the top of the tower","Ladyfly: (she turns around towards Shadybug who appeared behind her) Ladyfly actually, nice to meet you! I love surprises
Cat Noir: (Cat Noir then uses his staff to propel himself in the air and lands on the Giant Claw Noir, causing the illusion to disappear as he lands on the ground) Oh! Could it be that, it's just an illusion?
Monarch: Voyage! (he creates a portal for Claw Noir to jump through)"
miraculous_paris_cat_noir_0008,"The Eiffel Tower, the top of the tower","Claw Noir: (Claw Noir appears in front of Cat Noir, jumping on top of him and pinning him down) I hope you like a paw-sitively claw-some cat fight! (He activates his cataclysm, however Cat Noir extends his staff, throwing Claw Noir off of him and then kicking him into a sign)
Cat Noir: Are you kitten me? The only thing worse than your fighting is your claw-ful puns
Claw Noir: With the right cat-itude anything is possible! (he brandishes his nunchucks again as they battle each other)
Cat Noir: I litter-ally can't believe we're the holders of the same Miraculous!
Claw Noir: You're a sly cat! (appears behind Cat Noir, activates his Cataclysm and hits him, however Cat Noir ducked at the right time, making Claw Noir hit his fake cat ear with the earpiece, cutting off his communication with Ladyfly)
Cat Noir: Ladybug?!"
miraculous_paris_cat_noir_0009,In front of the swimming pool,"Ladyfly: You're wrong. (Ladyfly dissolves the Lucky Charm) Reverse morphosis. (Ladyfly de-transforms back into Marinette as she looks at Shadybug, smiling while Shadybug looks at Marinette in tears)
Cat Noir: You know it's just a legend, right? (Cat Noir hits Claw Noir with his staff as he flies backwards and runs into the swimming pool)
Claw Noir: (Claw Noir runs into the swimming pool, chasing after Cat Noir) YES I KNOW! I KNOW, I KNOW I'M A LEGEND!
Cat Noir: I meant the one about cats not liking water! (Cat Noir kicks Claw Noir into the drained swimming pool)
Claw Noir: (Claw Noir stands up) Cats don't like water. (runs to where Cat Noir is)
Cat Noir: (Cat Noir is sitting on the lifeguard's chair) Well that's not true. (Claw Noir jumps to where Cat Noir is but Cat Noir jumps just in time) Some cats like myself are excellent swimmers. (Claw Noir throws his staff in Cat Noir's direction but misses as it hits a wall instead) I even have an aquatic version of my suit. (Claw Noir jumps and tries to get his staff out) Don't you? (Cat Noir uses his staff to go to the next level)
Claw Noir: I hate water and swimming pools. And conceded cats. (Claw Noir cataclysms the floor and jumps up to the level where Cat Noir is. Claw Noir kicks down a locker door but doesn't find Cat Noir inside. He sees the row of locker doors across the hallway and activates his Cataclysm)
Cat Noir: (Cat Noir is hidden in one of the lockers as Claw Noir walks towards him) Conceded cats, conceded cats. Hmmm... Hey now, I don't hear a pun there. (Claw Noir is cataclysming every locker door, looking for Cat Noir inside any of the lockers inside and walks off to the next door when he finds out Cat Noir isn't in the lockers) That's purr-etty unusual coming from you. (Claw Noir puts his ear closer to a locker door and determines Cat Noir is in the locker, cataclysming it. He looks up, seeing Cat Noir hiding up there thanks to his staff. Cat Noir jumps down, putting a lifebuoy on Claw Noir)
Claw Noir: You wanna pun?! (Claw Noir breaks free from the lifebuoy and destroys it and runs towards Cat Noir.) Brace yourself because until I get your Miraculous, I promise to dog your footsteps relentlessly! (Claw Noir jumps on Cat Noir's staff before jumping back, hitting Cat Noir with his own staff as he falls off the diving board, jumping after Cat Noir and attempting to hit him before missing.)
Cat Noir: Why do you have to have a Miraculous that you already hold? (Cat Noir misses Claw Noir as he jumps towards him.)
Claw Noir: Don't you know?! (Claw Noir chases after Cat Noir as Cat Noir hides behind a wall) We can make a wish by merging it with The Cockroach's! (Claw Noir swings his staff around while Cat Noir steps out with a pool noodle and charges towards Claw Noir from behind and starts to attack him with the pool noodle.)
Cat Noir: So you need Ladybug's Miraculous, not mine!
Claw Noir: It doesn't work with our own but with yours... (Claw Noir is on a slide)
Cat Noir: You have no idea! (Cat Noir charges towards Claw Noir and traps him on the slide by pushing him down and by using his own staff.) Merging these two Miraculous's too powerful! There would be a great price to pay!
Claw Noir: (Claw Noir frees himself from the slide as Cat Noir flies and hits a nearby wall.) Nothing is too powerful! There's no price too high to pay if it would bring my mother back! (Claw Noir grabs his staff)
Cat Noir: (Cat Noir gets up.) Your mother?
Claw Noir: She's gone! (Claw Noir destroys some lounge chairs with his staff as he goes towards Cat Noir) And my father doesn't care, he's too busy designing dresses and costumes, busy creating things (Claw Noir hits Cat Noir as he flies into the pool) like he's already moved on! But he has no idea how much I miss her
Cat Noir: (Sadly) I know"
miraculous_paris_cat_noir_0010,Near the Eiffel Tower,"Claw Noir: Can I?
Cat Noir: You're the one who chooses your costume. What do you want the new Claw Noir to look like?
Furry Paw: (Furry Paw grunts while concentrating and gains a new outfit) Me-ow! And now I'll be called Furry Paw or The Wonderwhiskers or Mane of Justice or awww, I just can't pick one. (Ladybug, Re-Verse Ladybug, Cat Noir, Betterfly and Alya all laugh.)"
miraculous_paris_cat_noir_0011,Near the Eiffel Tower,"Ladybug: Remember that you have friends here. (They hug) (Furry Paw and Cat Noir hug before letting go)
Cat Noir: And that more friends are waiting for you on the other side. (Ubiquity levitates as Betterfly, Re-Verse Ladybug and Furry Paw are walking towards Ubiquity)
Ladybug: Wait! (The three heroes stop and turn around, looking at Ladybug) In our world, we always to a little something when things end well"
miraculous_shanghai_cat_noir_0001,Street.,"Marinette: I'm Marinette. ((Hugs Fei.)) I'm so lucky I ran into you! ((Fei looks back guiltily.))
Cat Noir: 你好! ((Speaks Mandarin): Hello!) Don't worry, I'm Cat Noir, Paris' superhero
Passerby: Paris? What are you doing here?
Cat Noir: ((shows the screen of his stick)) I'm looking for a French girl who went missing in Shanghai
Passerby: ((adjusts glasses)) French superheroes deal with lost tourists?
Cat Noir: Uh... yes, among other things! Part of our public service
Passerby: Sorry, I haven't seen her. Good luck finding your citizen! ((He walks away, and Cat Noir uses his stick to continue searching.))"
miraculous_shanghai_cat_noir_0002,Rooftops of Shanghai.,"Fei: He- he doesn't know what he's talking about! ((The security men head to fight the boys, who await them in battle positions.)) Run! ((Fei and Marinette escape. The men try to go after them but are held back by the boys. While running, Fei looks up at the moon.))
Cat Noir: ((looks around and sighs)) This city is too big. I can't do this alone... ((Gets an idea: he dials Ladybug.)) M'lady, a French girl we both know, Marinette Dupain-Cheng, has gone missing in Shanghai. I'm already there. If you get this message, meet me, I need your help. ((Hangs up and jumps off.))
Gabriel: The time has come"
miraculous_shanghai_cat_noir_0003,Rooftops of Shanghai and Wu Shifu's school (phone call).,"Ladybug: Aw, nice kitty. ((She dials Cat Noir.))
Cat Noir: ((picks up)) Meow, m'lady!
Ladybug: I've just arrived in Shanghai, kitty. Have you found her?
Cat Noir: Not yet, but with you here I'm sure we will together
Ladybug: FYI, that French girl's not the only one here. I just saw an akuma!
Cat Noir: What?! I'll be right there. ((Hangs up.))
Ladybug: Hurry up, Cat Noir. ((She goes to face the villain.))"
miraculous_shanghai_cat_noir_0004,"Wu Shifu's school. YanLuoShi makes the earth above them crumble, and he makes it to the outside. Cat Noir ties up Cash.","YanLuoShi: I take orders from no-one! ((Hawk Moth turns into ashes.))
Cat Noir: ((shocked like the rest)) Okay, is this bad news or good news? ((YanLuoShi walks across the river towards the city. Ladybug's earrings and Cat Noir's ring flash.))
Ladybug: Let's recharge and meet up to think of a plan. ((She and Cat Noir take off. Ladydragon looks down with guilt, surrounded by the renlings.))"
miraculous_shanghai_cat_noir_0005,"Bund district. Tourists are taking photos and videos. YanLuoShi starts blasting the buildings, and people run around in panic. Ladybug ties YanLuoShi's legs with her yo-yo and pulls while Cat Noir jumps at him. YanLuoShi grabs him and throws him down. He drags Ladybug round with her yo-yo, and she lands in some trees.","Ladydragon: I wish I could use the power of the dragon, but I am not worthy of it! ((Starts crying.))
Cat Noir: You can do this
Ladydragon: No, I can't do anything right! ((She runs away.))
Cat Noir: No, wait!
Ladydragon: Ying! ((She become an eagle and flies off. YanLuoShi continues destroying the place.))
Cat Noir: We don't have a choice. I'm gonna try to use my power on him"
miraculous_shanghai_cat_noir_0006,Sky above Shanghai. Moonlight.,"Ladydragon: Don't worry, I found her and brought her to safety during the battle. Ying! ((She turns into an eagle. To Cash)) How about a little trip to the Shanghai courthouse? ((She lifts Cash and carries him away.))
Astro Cat: So we're going home?
Cosmo Bug: Sure, why not? I mean, only if you insist. ((They giggle nervously.))
Astro Cat: Say, which direction do you reckon would be the shortest way to go around the world: 'cross the Arctic or the Antarctic?
Cosmo Bug: Oh, what a fascinating question! And it so happens that I've always wondered myself but never had the chance to find out! ((Giggles nervously.))
Astro Cat: You know what? We should do it right now, and next time we see each other back in Paris, we can check our stopwatches
Cosmo Bug: That's an excellent idea. ((Points backwards.)) I'll go this way
Astro Cat: ((pointing back)) And I'll go that way. See ya soon! Woohoo! ((They fly in opposite directions. Cosmo Bug sighs with relief, lands and de-transforms. She runs off.))"
mister_agreste_cat_noir_0001,Near Liberty. Flashback to sometime after Migration. Ladybug and Cat Noir watch Luka hug his family from the rooftops.,"Cat Noir: M'Lady, look. That boy is saying goodbye to his family. He's leaving his entire life behind!
Ladybug: There's no other way, Kitty. Luka Couffaine knows our secret identities
Cat Noir: Are we really sure about that? Has he told you who you are?
Ladybug: (Beat) Yes
Cat Noir: What about me? Did he tell you who I really am?
Ladybug: Of course not! I can never know who you are just like you can never know who I am
Cat Noir: What if he's wrong about me?"
mister_agreste_cat_noir_0002,"Airport. Luka exits a bus and heads towards a plane, while Cat Noir drops down nearby.","Cat Noir: What if he's wrong about me?
Cat Noir: Claws in!
Adrien: Hey, wait! Don't go Luka!"
mister_agreste_cat_noir_0003,Agreste Mansion. Adrien's room. Adrien and Plagg are playing with the foosball table.,"Adrien: Nathalie! (runs to the bathroom) Nathalie's in danger. Plagg, claws out!
Cat Noir: Cataclysm!
Nathalie: Adrien is still inside!
Cat Noir: I'll take care of him. Get to safety!"
mister_agreste_cat_noir_0004,Rooftop near Agreste Mansion,"Cat Noir: You're... (struggling with his heart beating) You're no one's father!
Cat Noir: Cataclysm! (Destroys the projectile into tiny pieces.) You're just a giant talking statue!
Mister Agreste: Who are you to judge me, you tiny, insignificant creature?!
Cat Noir: Cataclysm! (destroys Mister Agreste's arm for his parallel guilt from Destruction.) No, no! I'm sorry, I didn't mean to cataclysm you!
Mister Agreste: (regenerates his arm back into place) Did you just try to destroy me, huh?!
Cat Noir: Phew. It really is just a statue. Whoever this akumatized villain is he's hiding inside. Cataclysm!
Mister Agreste: If you want to be spared, help me find the Agreste-son!
Cat Noir: Never! (he lunges at the villain with his Staff but Mister Agreste flicks him across the city.)"
mister_agreste_cat_noir_0005,Hôtel de Ville. Cat Noir hits the building and falls to the ground.,"Cat Noir: Never! (he lunges at the villain with his Staff but Mister Agreste flicks him across the city.)
Cat Noir: I could really use a helping paw right now, m'lady!
Mister Agreste: No one will stand between me and my son
Cat Noir: Cataclysm! (He destroys the piece, but it ends trapping him under a pile of rubble with only his hand sticking out.)"
mister_agreste_cat_noir_0006,Rooftops of the Jardins du Trocadero. Ladybug and Cat Noir are seen sitting beside each other.,"Adrien: Pound it!
Cat Noir: Good thing you were there, m'lady. I wasn't at the top of my game today
Ladybug: That's why we're always here for each other, kitty cat
Cat Noir: Claws in. (transforms back into Adrien.)"
mr_pigeon_72_cat_noir_0001,The streets of Paris and the Parisian rooftops. André Bourgeois and 2 men are turned into raven-pigeon hybrids.,"Mr. Pigeon: Ladybug, Cat Noir, give yourselves up or else I'll spread my wings even farther. So far, that the entire world will become pigeons! (sends multiple pigeon airplanes)
Rena Rouge &amp; Cat Noir Illusion: If I were you, I'd rather transform people into kittens. Everyone likes kittens better!
Rena Rouge &amp; Ladybug Illusion: Or into Ladybugs. At least they bring good luck!"
mr_pigeon_cat_noir_0001,Rooftops. Ladybug is jumping from roof to roof looking for Mr. Pigeon.,"Ladybug: Now this is weirder than weird
Cat Noir: (from a ledge above her) Birds of a feather, flock together. (sneezes and falls down to where Ladybug is) I’m allergic to feathers. (sneezes again)
Ladybug: That's helpful
Cat Noir: Tell me about it. (almost sneezes, but stops himself) These birds are only part of the problem. The park keepers in Paris are vanishing without a trace
Ladybug: What? We have to track down Mr. Pigeon ASAP
Cat Noir: Where are we gonna find him?
Ladybug: Hmm, I don't know where we can find him, but I do know where he can find us
Cat Noir: (starts to whistle ""La Marseillaise"" and then starts to dance)
Ladybug: Act natural or he'll never show up!
Cat Noir: What do you mean? I am acting natural"
mr_pigeon_cat_noir_0002,"Place des Vosges. Cat Noir is wearing a park ranger cap and pretending to be a park ranger, while Ladybug hides behind a tree nearby.","Ladybug: Call me crazy, but I feel like bird seed all of a sudden. (the pigeons form a shield to keep them in)
Cat Noir: Got any bright ideas, bug?
Ladybug: You're the cat, don't you eat these things for breakfast? (a gigantic cage is brought down over them, imprisoning them) Look!"
mr_pigeon_cat_noir_0003,"Place des Vosges. Cat Noir is wearing a park ranger cap and pretending to be a park ranger, while Ladybug hides behind a tree nearby.","Cat Noir: Cataclysm!
Cat Noir: Well, well. Looks like the pigeon's really a chicken
Mr. Pigeon: (makes bird noises) Me? I'm not flying away. I'm just killing two birds with one stone. (blows his bird call and jumps over the edge of the roof. Some pigeons catch him, lift him back up and take him away)"
mr_pigeon_cat_noir_0004,"Place des Vosges. Cat Noir is wearing a park ranger cap and pretending to be a park ranger, while Ladybug hides behind a tree nearby.","Mr. Pigeon: I'm not done with you yet! (makes more bird noises, as his pigeons ride them away)
Cat Noir: I've gotta get out of here before my secret identity's revealed!
Ladybug: Yeah, you wouldn't want to let the cat out of the bag
Cat Noir: Ha ha, very funny"
mr_pigeon_cat_noir_0005,Royal suite. Cat Noir is being taken by Armand.,"Cat Noir: Uh...? Oh right, no need for litter. But, um, could I have some Camembert? (Mayor Bourgeois looks back at Ladybug. She shrugs)
Cat Noir: 'Scuse me, sorry! (slams the door) It's an emergency! (hears knocking on the door. Cat Noir opens it)
Armand: How do you like your Camembert?
Cat Noir: Runny! (slams the door again. There's another knock and he opens it again. Armand is holding a cloche)
Armand: Unpasteurized Camembert, matured for two years. (hands Cat Noir a cloche)
Cat Noir: Thanks! (slams the door again. His transformation runs out and Cat Noir turns back into Adrien. Plagg spirals out of the ring and lands on the bed)"
mr_pigeon_cat_noir_0006,Hawk Moth's lair,"Ladybug: Cat Noir!
Cat Noir: Yeah! (she throws the bag in the air. Cat Noir throws his staff, which bursts opens the bag)
Ladybug: Snack time, pigeons! (the pigeons go after the popcorn landing on Mr. Pigeon)"
new_heroes_cat_noir_0001,Ladybug and Aspik move across the street. Aspik notes some flowers on the ground.,"Ladybug: (turns)
Aspik: Here. (hands rose) As a thank you for choosing me
Ladybug: Oooh! Uh, thanks. (takes flower and smiles)
Aspik: (smiles)
Ladybug: Eeeeee. (is hit on head by Desperada)"
noe_cat_noir_0001,Paris street. The Mime is still driving off in his mimed car.,"Fred: The Mime. (Zips his lips)
Cat Noir: Argh!
Ladybug: (Swinging over on her yo-yo) Cat got your tongue, kitty?
Cat Noir: Seeing you tends to make me speechless, M'lady"
noe_cat_noir_0002,Paris street. The Mime is on top of the building and jumps off holding his hat. He then mimes out a parachute and goes after the cars.,"Cat Noir: Watch out for unmimed flying objects!
Cat Noir: (Ladybug jumps over and joins him) Seems like he cares a great deal about his hat
Ladybug: The Ultrakuma must be inside"
noe_cat_noir_0003,Paris street. The Mime is on top of the building and jumps off holding his hat. He then mimes out a parachute and goes after the cars.,"Ladybug: There he is!
Cat Noir: Is he mad at black cars or something?
Ladybug: He's probably looking for someone who's inside a similar looking car. Let's sandwich him! (Swings off and kicks The Mime off of his invisible speedboat, making him land at a waterfront deck where Cat Noir is.)(
Cat Noir: So, Mime, who is it you're looking for?
Ladybug: Where'd his hat go!?
Cat Noir: I don't know but I can guarantee he isn't going to tell us where he hid it
Ladybug: (Holding Cat Noir's wrist) Wait, we need a strategy. Without the Mimes hat we can't deakumatize him. (Chibis visualize what the heroes are saying)
Cat Noir: So, we have to make him deakumatize himself
Ladybug: And to do that we need to help him speak his mind to the person he's looking for
Cat Noir: AKA the person who's in one of the black cars. But how can we find the car before The Mime does?
Ladybug: We're going to need some help"
noe_cat_noir_0004,TVI tower. TVI studio. A normal-sized Polymouse throws Noé on the studio floor with her Skip Rope.,"Polymouse: We can begin shooting
Cat Noir: (At the camera) We're rolling!
Noé: The script was telling the truth. You are the villain's accomplices!"
oblivio_cat_noir_0001,"We're at the floor of an elevator. Ladybug is on the ground. She opens her eyes, gasps, and looks around. There's drawing in red on the wall of the elevator of a phone and an arrow pointing right towards a turtle. She's holding a tube of lipstick. She and Cat Noir did not know who is attacking them, brainwashing them of losing their memories and making them forgotten.","Cat Noir: What happened?
Ladybug: (gets startled and drops the lipstick)—Ah!
Cat Noir: Who are you?
Ladybug: I'm, uh, I—I don't know, (her hand is on her head) I—I don't remember my own name!
Cat Noir: (puts his hand to his head) Me neither. (looking at himself) Looks like you and I were at the same costume party
Ladybug: Hm? Why is that flashing? (her earrings begin to beep)
Cat Noir: And your earrings, too. We must shop at the same jewelry store
Ladybug: Are we supposed to know each other?
Cat Noir: I'd be surprised if we weren't"
oblivio_cat_noir_0002,The roof. Ladybug is running away from Oblivio's blasts. She trips on her yo-yo and falls to the ground.,"Adrien: Yeah, and you got here just at the right time. (takes his carboard helmet off)
Cat Noir: Hey, pretty cool, right? (Oblivio begins shooting at them)
Ladybug: (they run) Very cool, but try not to lose your memory again!
Cat Noir: Hm, ""Stick's features, superpower, Cata—""
Ladybug: Stop! It'll trigger it if you say it out loud
Cat Noir: And it says it can only be used once?
Ladybug: What does your power do, exactly?
Cat Noir: Apparently, I can destroy anything I touch
Ladybug: (smiling) Then stay away from me, if you don't mind
Cat Noir: That's not gonna be easy, Ma— Lady. (she laughs)"
oblivio_cat_noir_0003,The roof. Ladybug is running away from Oblivio's blasts. She trips on her yo-yo and falls to the ground.,"Ladybug: Cat Noir, now!
Cat Noir: Cataclysm! (He jumps and touches the blaster. It falls to the ground in pieces and the akuma flies out.)
Ladybug: No more evil-doing for you, little Akuma. Time to de-evilize! (catches the Akuma) Gotcha! (releases the white butterfly) Bye, bye, little butterfly
Cat Noir: Wow, so this villain was both these guys? (Ladybug and he look up at the bubble) What do we do about that?
Ladybug: This is where my other power comes in. (picks up the teapot) It fixes everything back to how it was originally. (is about to throw it, but Cat Noir grabs her wrist)
Cat Noir: Wait. Do you think we'll remember all this… afterwards?
Ladybug: Apparently, my Miraculous Ladybug reverts everything, so I'm guessing we won't
Cat Noir: All right then. With your permission, m'Lady…"
oblivio_cat_noir_0004,The roof. Ladybug is running away from Oblivio's blasts. She trips on her yo-yo and falls to the ground.,"Alya: Uh, Ladybug, Cat Noir?
Cat Noir: Guys, you haven't seen a supervillain named Oblivio, have you?
Nino: You've defeated it already, dude"
oblivio_cat_noir_0005,The roof. Ladybug is running away from Oblivio's blasts. She trips on her yo-yo and falls to the ground.,"Both: Oh, okay. Pound it? Pound it! (they fist bump)
Cat Noir: We do make a good couple, don't you think? (crosses his arms and leans in) Otherwise we wouldn't have won again like we always do
Ladybug: (with her hand on her forehead) Ugh, we're a (team), not a couple. (enunciating with her hands) Don't start that again! (crosses her arms) I've already told you that I'm in love with another boy. (gesturing towards him) Besides, this charming kitty act of yours was the reason we became distracted (recrosses arms) and got into all this trouble in the first place. (Cat Noir starts to laugh) That's right laugh all you want— (he leans in) Hey, what are you doing?"
oni_chan_cat_noir_0001,Parisian streets. Lila is walking home when she sees someone run past her.,"Oni-Chan: Well this time you're gonna have to give in. Otherwise you'll really get it, whether you want it or not
Cat Noir: Don't you think you should ask the lucky guy what he thinks? (Oni-Chan begins attacking him) Hey, I'm just trying to help
Ladybug: C'mon, this way! (drags Lila to Place des Vosges)"
oni_chan_cat_noir_0002,Parisian streets. Lila is walking home when she sees someone run past her.,"Oni-Chan: (notices Lila running away) It's no use running. Wherever you go, I'll find you
Cat Noir: Not before we capture your akuma anyway
Lila: Please stop! Oh, officer, I'm being followed by a supervillain and Ladybug's failing miserably. You're the only one who can help me! Please protect me!"
oni_chan_cat_noir_0003,Place des Vosges. Ladybug and Cat Noir are shocked to see Officer Roger instead of Oni-Chan.,"Ladybug: Lila?
Cat Noir: Since when does she have a horn? (Ladybug and Cat Noir take off)
Oni-Chan: Go ahead and run. As fast and as far away as you can, Lila Rossi"
oni_chan_cat_noir_0004,Officer Roger's car.,"Sabine: I was in the bakery when this teenager with a horn came running in
Cat Noir: Lila
Ladybug: Oni-Chan must be there already. (to Sabine) Stay here! (she and Cat Noir take off)"
oni_chan_cat_noir_0005,Tom &amp; Sabine Boulangerie Patisserie.,"Tom: (taps on Oni-Chan's shoulder, angrily) Ahem. Nobody attacks customers at the Dupain-Cheng bakery. And where is my wife? (Lila runs out and Oni-Chan prepares to follow her) Wait!
Cat Noir: (jumps in front of Lila along with Ladybug) Lila, are you okay?
Lila: You're rushing to my rescue even after all those nasty things I said to you? I really misjudged you, Ladybug! You're the only one who can help me! (hugs Ladybug and her horn grows)
Cat Noir: I knew she'd wind up liking you in the end. (winks)"
oni_chan_cat_noir_0006,"Parisian streets, next to Collège Françoise Dupont. Oni-Chan is chasing Lila.","Lila: And let you get your monster paws on him? No way!
Cat Noir: (hits Oni-Chan with his staff, he is disappointed about being chased around as his true persona) Adrien, Adrien, Adrien. All the girls are fighting over him. No one's fighting over me. Yet I'm so much more sophisti(cat)ed, funnier, and definitely better dressed than him
Oni-Chan: (furiously charges towards Cat Noir) How dare you compare yourself to Adrien, you cursed cat! Adrien is perfection personified! He's the only one who's worthy of me! And the only one I will ever love!
Cat Noir: (shocked) What? (thrown into an )Adrien( billboard, irritated) What are you smiling at?
Oni-Chan: Do you get it now? I'll hunt you down wherever you go. Just give up on Adrien, and I'll stop tracking your every move"
oni_chan_cat_noir_0007,Parisian streets. Oni-Chan swaps places with a civilian who Lila runs past and jumps in front of her.,"Lila: Help, Cat Noir! It hurts so much! I think I might've broken something! (horn grows)
Cat Noir: M'lady, I have an emergency. I won't be long
Ladybug: Are you sure she's not pulling your leg?
Cat Noir: She wouldn't do that now. She really looks like she's in pain. (takes off with Lila)
Ladybug: Then I'm going to need a helping hand here. Lucky Charm! (receives coiled-up plastic tubing, which Oni-Chan snatches)
Cat Noir: Could you take this girl to the nearest hospital, please?"
oni_chan_cat_noir_0008,Bus stop. Cat Noir is fighting Oni-Chan when he receives a call from Ladybug.,"Ladybug: Cat Noir!
Cat Noir: Cataclysm! (uses it on the bokken, breaking it and freeing the akuma)
Ladybug: No more evil-doing for you, little akuma! Time to deevilize! (captures akuma) Gotcha! (releases purified butterfly) Bye, bye, little butterfly. Miraculous Ladybug! (Miraculous Ladybug repairs all damage and Oni-Chan turns back into Kagami)
Cat Noir: Kagami. (gives Kagami her rose back)
Ladybug: Pound it!
Cat Noir: I'll take her back home. (carries Kagami) Keep an eye on Lila. She’s as sly as a fox. (takes off)
Ladybug: Your leg looks better"
optigami_cat_noir_0001,Stage,"Ladybug: Sorry, Cat Noir, I would've come to get you if I knew your true identity
Cat Noir: Like I always say milady, “to know me is to love me”
Ladybug: On second thought. (laughs quietly) Rena Rouge, Carapace. (they all run to the top of the tower while Cat Noir stays behind) Stay here Cat Noir, I'll be back"
party_crasher_cat_noir_0001,Outside the Agreste mansion.,"Ladybug: Cat Noir, look out! (uses her yo-yo to pull him on top of the statue she's on)
Cat Noir: How'd he know exactly what I was gonna do?
Ladybug: It must be his power. He can anticipate our moves. We're gonna have to figure out how to surprise him. Lucky Charm! (receives a cassette tape) An old cassette? (Party Crasher zaps at the duo, so they jump off the statue. Party Crasher reads Ladybug's movements and absorbs her.)
Cat Noir: NO! (prepares to go towards Party Crasher but is stopped by Master Fu)"
party_crasher_cat_noir_0002,Outside the Agreste mansion.,"Pegasus: Need some back up?
Cat Noir: Pegasus? (sees Viperion) Viperion? (sees Carapace) Carapace? Time to strut your disco stuff!
Hawk Moth: (from his lair) Beware of Viperion and his power to go back in time"
party_crasher_cat_noir_0003,Outside the Agreste mansion.,"Ladybug: Cat Noir! (throws the glasses to him)
Cat Noir: Cataclysm! (destroys the glasses and frees the akuma)
Ladybug: (opens yo-yo and throws it at the akuma) Time to de-evilize! (captures akuma) Gotcha! (releases akuma) Bye bye, little butterfly. Miraculous Ladybug! (all damage caused by Party Crasher is fixed)"
penalteam_cat_noir_0001,Stade des Princes,"Ladybug: (laughs) Nice scare tactics, but it's not gonna work. Cat Noir and I are the best at soccer!
Cat Noir: (Whispers to Ladybug) I don't know a thing about soccer M'lady. Maybe it's time to call the real team?
Ladybug: (Shocked, slowly pushes Cat Noir to guard the goals and heads off) Oh, well Cat Noir will attend the goals while I go get the rest of our team"
penalteam_cat_noir_0002,Stade des Princes. Ivan has received the Ox Miraculous from Ladybug and looks hesitant,"Penalteam: Blah, blah, blah, blah. Okay, losers, are you done yet?
Cat Noir: (Whispering to Ladybug) You got a plan for getting our paws on the akumatized object?
Ladybug: That'll be our trophy when we win
Cat Noir: What if we don't?
Ladybug: Come on, I know the secrets of this game!"
pixelator_cat_noir_0001,The Champs-Élysées.,"Ladybug: Thanks for dropping in
Cat Noir: Not very handy, I see
Pixelator: What about our deal?"
pixelator_cat_noir_0002,The Champs-Élysées.,"Ladybug: Together!
Cat Noir: (in the white space) Ahh! Oh, not again
Pixelator: When the cat's away, the mice will play. Ready to become immortalized?"
pixelator_cat_noir_0003,The Champs-Élysées.,"Ladybug: Don't do it, Mr. Stone!
Cat Noir: (activates his power up sequence) Cataclysm! (uses his Cataclysm to make a crack in the white space, freeing the people trapped in the photos) Yes!
Pixelator: Come on, open your eyes"
prime_queen_cat_noir_0001,TVi Tower. Nadja Chamack and the staff are getting ready and she then eats a chouquette.,"Nadja: (Nadja sighs after looking around at the empty couch opposite her, where Ladybug and Cat Noir are supposed to be and checks her tablet and then almost drops it out of shock after Cat Noir suddenly appears.) Which way did you come in?
Cat Noir: Secret celebrity door. (Gulps down a drink.) I see Ladybug's running behind, huh?
Nadja: I thought you'd be arriving together
Cat Noir: (Leans close towards Nadja.) Wanna hear a secret? (Nadja nods.) I love chouquettes"
prime_queen_cat_noir_0002,TVi Studio. Nadja's show is about to go live.,"Ladybug: Well, thank you Nadja, we're honored to be here
Cat Noir: And hello to all my fans! (Blow kisses and winks towards the camera and the audience.)
Nadja: I'm sure thousands have tuned in to watch you tonight"
prime_queen_cat_noir_0003,TVi Studio. Nadja's show is about to go live.,"Nadja: People know you but they don't really know you. We see you saving Paris but we don't know anything else about you
Cat Noir: We won't be keeping anything from you, Nadja
Ladybug: Well we do have to keep a few secrets, including our identities of course. (Gabriel smirks.)"
prime_queen_cat_noir_0004,TVi Studio. Nadja's show is about to go live.,"Ladybug: Uh-uh-I'm very sorry Nadja, but we're superheroes. We're not here to answer such personal questions
Cat Noir: Meow, m'ladybug's grown claws
Ladybug: We're here to ensure all Parisians that they're safe and that it's only a matter of time before we defeat Hawk Moth, that's all"
prime_queen_cat_noir_0005,TVi Studio. Nadja's show is about to go live.,"Nadja: Fine. How do you explain these photographs then? (Nadja Chamack uses her tablet and displays a photo of Ladybug and Cat Noir kissing from Dark Cupid which bewilders the superheroes.)
Cat Noir: (Oblivious) What? When did that happen?
Ladybug: (Infuriated) I was saving you, not kissing you!"
prime_queen_cat_noir_0006,TVi Studio. Nadja's show is about to go live.,"Ladybug: These are just a bunch of photos taken out of context! We're only doing our job. We save the city every day, we're not a couple
Cat Noir: But hopefully, one day
Ladybug: (Cat)...not now!"
prime_queen_cat_noir_0007,TVi Studio. Nadja's show is about to go live.,"Ladybug: This interview is so over. (Grabs Cat Noir on the arm, persisting him to leave along with her.)
Cat Noir: Woah, what's the rush?
Ladybug: Uh, there's an alert. Paris needs us right now!
Cat Noir: Uh, sorry. When duty calls... Gotta get going!"
prime_queen_cat_noir_0008,TVi Studio. Ladybug and Cat Noir are vaulting through the air until they reach the top of the TVi roof. They then start talking to each other.,"Nadja: The highest ratings will be mine. (Nadja is transformed into Prime Queen by the Akuma, who now is TV rating controlling supervillain.)
Cat Noir: So who are we saving again?
Ladybug: Just us, Nadja was willing to do anything to make sure her show would be a success and I'm not about to answer anymore of her prime questions
Cat Noir: That's the price of success my lady, the price of stardom
Ladybug: We're superheroes not stars we should be doing our job not looking like fools on TV
Cat Noir: Wait I wasn't planning on getting home so early. Why don't we get some ice cream, I know the purr-fect place"
prime_queen_cat_noir_0009,Prime Queen goes through screen on subway and pulls Chloé in with her,"Chloé: Ladybug, Cat Noir! I beg you, save my jacket!
Cat Noir: (extends his staff through the screen before bringing it back to it's normal size)
Ladybug: What if it's a trap? I think I'd rather get there by my own means
Cat Noir: (in a matter of fact manner) There are many, many subway lines in Paris, which means a hundred and forty miles of rails. If we want to get there in time to save Chloé, I don't think we have a choice
Ladybug: Huh, just admit you love being on TV
Cat Noir: I don't get stage fright, Bugaboo"
prime_queen_cat_noir_0010,Subway train that Chloé is held captive in.,"Cat Noir: I'll deal with the door
Cat Noir: We're trapped!
Prime Queen: The rules for my show are simple, admit the truth live on TV that you're dating and in love and I'll stop the train!"
prime_queen_cat_noir_0011,Subway train that Chloé is held captive in.,"Prime Queen: I want my scoop!
Cat Noir: I'll use my Cataclysm
Ladybug: No wait, we might need it for an emergency
Cat Noir: Yeah, like right now!
Ladybug: We have to lure her over her first or we'll never capture her akuma! So let's just play along with her, at least it'll buy us some time
Cat Noir: Meaning?
Ladybug: (to Prime Queen) Okay Prime Queen (she holds Cat Noir's hand as he looks shocked), you win. I confess, Cat Noir and I (are) dating, like you said. We are..(Close-up of Ladybug's mouth.) in..love
Cat Noir: (purrs)
Ladybug: Did I just hear you purr?
Cat Noir: (nervous) Uh, no way!"
prime_queen_cat_noir_0012,Subway train that Chloé is held captive in.,"Prime Queen: (through screen) Next trial, your Miraculous! Or else your biggest fan will be mummified! (laughs)
Cat Noir: (almost falls through screen as it becomes able to travel through)
Ladybug: Let's leap in, before she runs!"
prime_queen_cat_noir_0013,Ladybug and Cat Noir end up landing in a walk in freezer in the kitchen of the restaurant in Le Grand Paris,"Prime Queen: (laughs through screen)
Cat Noir: Uh, Cataclysm?
Ladybug: (frustrated) There's no point! We're probably far away from the Louvre! By the time we get there it'll be too late to save Alya!
Cat Noir: So, a kiss then? (moves close to Ladybug for a kiss)
Ladybug: (unimpressed) Still not a chance, Cat Noir"
prime_queen_cat_noir_0014,Ladybug and Cat Noir end up landing in a walk in freezer in the kitchen of the restaurant in Le Grand Paris,"Ladybug: You're right! Lucky Charm! (a tape roll appears) A tape roll? What am I supposed to do with this? Hmm... (looks around her as tubs are highlighted) Of course! (Ladybug starts pulling out drawers)
Cat Noir: (anxious) Hurry up, she's about to push Alya in the water!
Ladybug: (still going through tubs) One minute!
Cat Noir: That's (too) long!"
prime_queen_cat_noir_0015,Ladybug and Cat Noir end up landing in a walk in freezer in the kitchen of the restaurant in Le Grand Paris,"Ladybug: Fine, you win, Prime Queen. (behind black screen; Prime Queen listens agitatedly) We'll remove our Miraculous. The whole world will see us without our masks!
Cat Noir: (behind black screen) (And) We're about to kiss! Shame you're missing it!
Ladybug: (So) unlucky!"
prime_queen_cat_noir_0016,Ladybug and Cat Noir end up landing in a walk in freezer in the kitchen of the restaurant in Le Grand Paris,"Cat Noir: (breaks the screen with his staff) And now you're stuck with us
Cat Noir: Cataclysm! (Cat Noir uses his Cataclysm to destroy the door) Ladies first!
Ladybug: Thank you! No more evildoing for you, little akuma. Time to de-evilize! (catches the akuma with her yo-yo) Gotcha! (releases it, and turns it into a normal butterfly) Bye bye, little butterfly. Miraculous Ladybug! (Throws the Lucky Charm into the air, and it explodes into a blast of energy. It turns everything back to normal, Chloé is returned to her room, Alya is returned to Marinette's house, and Prime Queen turns back into Nadja.)"
princess_fragrance_cat_noir_0001,"Back inside the Le Grand Paris. Prince Ali, his chaperone, André and Chloé escaped to the stairwell.","Princess Fragrance: (walks toward Prince Ali, his chaperone, and Chloé) Come into my arms, my sweet prince!
Cat Noir: (sitting on the windowsill) Pee-ew! Can we get a little fresh air in here? (leaps in front of Princess Fragrance and takes out his staff)
Princess Fragrance: No one will take my prince away! (fires at Cat Noir)"
princess_fragrance_cat_noir_0002,"Inside Prince Ali's chaperone's car. Everyone is speeding away from Princess Fragrance, while at the same time still disgusted by Chloé's fish smell.","Marinette: (looks out the window) Tikki, please be okay
Cat Noir: Can we open the windows? This fish smell is even too much for a cat
Tikki: (sneezes) (Prince Ali looks into his jacket pocket towards the noise)"
princess_fragrance_cat_noir_0003,Pont des Arts. Princess Fragrance is about to wed Prince Ali.,"Cat Noir: ♫ Give me your Miraculous! ♫
Cat Noir: ♫ Cataclysm! ♫
Princess Fragrance: This city is not for us. Too many people want to bother us. Let's go far away from here, my prince! (Very) far!"
protection_cat_noir_0001,Place du Châtelet. Riposte Prime prevents Marinette from escaping.,"Marinette: Then, everyone will know that Marinette is Ladybug! I'm stuck!
Cat Noir: Kagami!
Marinette: (gasps) Cat Noir!
Cat Noir: Kagami, we've been on the same side before. You used the Miraculous of the Dragon as Ryuko. Trust me... put the sword down"
protection_cat_noir_0002,Place du Châtelet. Riposte Prime prevents Marinette from escaping.,"Marinette: Oh, kitty, I know you can't hear me, but do what you usually do: cataclysm before you think and it'll be perfect! Please, please, please, pretty-please!
Cat Noir: Cataclysm!! (disintegrates the sphere, setting Marinette free)
Marinette: Thank you, Cat Noir! Oh! I was so scared!
Cat Noir: Get to safety!"
protection_cat_noir_0003,Place du Châtelet. Riposte Prime prevents Marinette from escaping.,"Ladybug: How about a well-oiled baseball game?
Cat Noir: Hey! She ruined our fun!
Ladybug: No more evil-doing for you, megakuma! (opens her yo-yo) Time to de-evilize! (captures and purifies the megakuma) Gotcha! (opens her yo-yo to free the purified butterfly) Bye-bye, little butterfly!"
protection_cat_noir_0004,Place du Châtelet. Riposte Prime prevents Marinette from escaping.,"Ladybug: Uh— Cat Noir! I— I... have an urgent appointment. Thanks! Bug out! (gives Cat Noir the magical charm and swings away)
Cat Noir: Well, uh, bye then! (reaches to give Kagami the magical charm but still refuses to accept it, making him frown as well)
Marinette: Kagami! (runs towards them) Kagami!!
Cat Noir: Uh, well... I'll leave you to it, then. (gives the charm to Marinette and vaults away)
Marinette: What happened to you, Kagami?"
psycomedian_cat_noir_0001,Outside Grand Palais.,"Psycomedian: I'd like to think I've gained a wide range of emotions, Ladybug. From now on, I am Psycomedian
Cat Noir: Cute name. I'm not sure how I'm ""feline"" about it
Psycomedian: From now on, people will take me seriously and tremble with fear! (honks at them)"
psycomedian_cat_noir_0002,Outside Grand Palais.,"Ladybug: The Akuma could be in his red nose!
Cat Noir: I'll take care of it. Cata-
Ladybug: Not so fast! We need a plan to get close to him without making eye contact"
psycomedian_cat_noir_0003,Parisian streets.,"Ladybug: Cat Noir, now! (tosses Psycomedian's nose to Cat Noir)
Cat Noir: Cataclysm! (destroys the nose)
Ladybug: No more evil-doing for you, li— (sees that the Akuma is not here) What?!"
psycomedian_cat_noir_0004,Parisian streets.,"Cat Noir: Ooooh! It was a bad idea to get her angry
Cat Noir: Hey! I didn't do anything!
Ladybug: OF COURSE YOU DIDN'T!!! YOU NEVER DO!!!"
psycomedian_cat_noir_0005,"Back at the Parisian streets, Cat Noir is trying to stop Ladybug's rage.","SICK!!!: ) ((growling))
Cat Noir: We're about to de-transform, we need to find— (Gets hit in the head by Ladybug's yo-yo)
Ladybug: DON'T TELL ME WHAT TO DO!!
Cat Noir: Maybe once you transform, Psycomedian's spell will be broken"
psycomedian_cat_noir_0006,"Back at the Parisian streets, Cat Noir is trying to stop Ladybug's rage.","Cat Noir: Maybe once you transform, Psycomedian's spell will be broken
Cat Noir: Sorry, m'lady
Psycomedian: (kicks the door at Bob) Here's Harry!"
psycomedian_cat_noir_0007,"Then at the Parisian rooftops after the transformation, Cat Noir is carrying Ladybug wrapped around with a rug.","LET ME OUT OF HERE!!!!!!: )
Cat Noir: Who still wears belt bags these days? No joke
Ladybug: (YOU'RE) THE JOKE!!!
Cat Noir: Hey! Maybe the Akuma's in something he keeps in there!
Ladybug: OF COURSE THAT'S WHERE IT IS!! Duh! BUT WE HAVE TO IMMOBILIZE PSYCOMEDIAN IN ORDER TO SEARCH HIM! SET ME FREE ALREADY, SO I CAN USE MY POWERS!!!
Cat Noir: Okay! But... I can trust you not to do anything reckless, right?"
psycomedian_cat_noir_0008,"Then at the Parisian rooftops after the transformation, Cat Noir is carrying Ladybug wrapped around with a rug.","RIDICULOUS: ) BELT!!!
Cat Noir: Hey, leave my costume out of it
Civilian #3: Hey!
Cat Noir: Give us five minutes"
psycomedian_cat_noir_0009,Le Grand Paris.,"HE'S LYING!!!!!!!!! STAY FOCUSED!!!!!!!! HIII-YAAH!!!!!!!: ) SO, ARE YOU DONE YET, KITTY!? OR DO I HAVE TO DO THIS ON MY OWN (TOO?!?!?)
Cat Noir: Just a small touch right here... a little more here
Ladybug: ("
psycomedian_cat_noir_0010,Le Grand Paris.,"Ladybug: Phew
Cat Noir: Feeling better, m'lady?
Ladybug: Yes. Thanks"
psycomedian_cat_noir_0011,Le Grand Paris.,"Bob: Heh
Cat Noir: Maybe you should think about getting a new producer
Tikki: Go on, Marinette. Just be yourself this time, and everything will go great"
qilin_cat_noir_0001,Outside the Collège Françoise Dupont,"Ladybug: Cat Noir, use your stick to block his way!
Cat Noir: (Running along on top of the the school) Got it M'lady! (Cat Noir spreads his staff to the ground to stop the lollipop sentimonster, the class watch Lollipop Boy trip and fall to the ground)
Sabine: Those poor kids. They spent the whole night saving Paris, and they're already back in action"
qilin_cat_noir_0002,Hôtel de Ville.,"Qilin: If they're serving injustice, then they are not innocent, and if you defend them, then you're not on the side of justice either!
Cat Noir: Careful m'lady, the weather forecast predicted a shower of objects!
Ladybug: Good thing you've got your stuff umbrella then, kitty cat
Cat Noir: First one to catch it gets to release the butterfly!
Ladybug: This isn't a game, Cat Noir?"
qilin_cat_noir_0003,Hôtel de Ville.,"Ladybug: I think things are more complicated than they seem, we have to find out more. Cover me!
Cat Noir: Those are some poetic nicknames you have for your attacks. I like them a lot. Where do you get your inspiration from?
Qilin: Crush the cat! (Telepathically throws bunch of police cars at Cat Noir)
Cat Noir: Not such a fan of this one!"
qilin_cat_noir_0004,Hôtel de Ville.,"Ladybug: Daughter, who got off with the tickets?
Cat Noir: Well, how about we find that daughter?
Ladybug: That could work. The injustice will be impaired, she'd have no reason to stay akumatized. Let's see if your idea is really that good. Cover me!
Cat Noir: Excuse me, I got the impression you were trying to say something just now with that flying truck"
qilin_cat_noir_0005,Hôtel de Ville.,"Cat Noir: Excuse me, I got the impression you were trying to say something just now with that flying truck
Cat Noir: All right, it's much clearer now!
Ladybug: What you don't know kitty cat is that for Marinette to appear I'd have to de-transform. That's pretty risky, I better be sure it'll work and calm down mom before I do it"
qilin_cat_noir_0006,Hôtel de Ville.,"Qilin: Chase the storm!
Cat Noir: Oh well, so much for my great idea, back to the old-fashioned way, miraculously swipe those handcuffs and break them!
Ladybug: Exactly"
qilin_cat_noir_0007,Hôtel de Ville.,"Ladybug: Of course! That's what I was missing!
Cat Noir: More opponents?
Ladybug: Sort of, in order to de-akumatize Qilin, we also have to stop the attacks from the police! Here's my plan!
Cat Noir: Cataclysm!
Ladybug: This way, officers!
Cat Noir: Roger, fancy meeting you here? (removing Roger's keys) Sorry"
qilin_cat_noir_0008,Hôtel de Ville.,"Cat Noir: It's for justice in the common good, you'll thank me later, Roger! I promise you we're on the same side here!
Cat Noir: The key to our problem!
Ladybug: Qilin!"
qilin_cat_noir_0009,Hôtel de Ville.,"Ticket Inspector: Yes, identity check, custody and the whole works
Cat Noir: Hang on, I know Miss Dupain-Cheng! No one in the world is more upright and honest than she is!
Ladybug: Roger, we won't stop you from doing your duty, but you have to promise me you won't use those handcuffs, and you'll wait for this lady's daughter to come back before you make any decisions. The law is a good thing, but you need humanity to apply it as well"
queen_banana_cat_noir_0001,"Rooftops of Paris. Cat Noir appears, much to Queen Banana and Banana Boom-Boom's surprise.","Ladybug: Careful! Shadow Moth has been very generous to Chloé
Cat Noir: I gotta admit, I'm a little jealous of her gear
Ladybug: (extracts an ear communicator from her yo-yo) Totally unnecessary, nothing can beat a Cat and Ladybug duo
Cat Noir: (extracts ear communicator from his staff) Meow, we do make the perfect pair, m'lady. (They take off to face Queen Banana. They try to attack her, but she fights back with bananas.)
Ladybug: Well, we've got gear, too. Lucky Charm! (She gets a scooter, which she dodges skit doesn't land on her she checks it.) Scooter, helmets, tube of glue, cartridges, air pipe... Everything needed to fix a flat tire. That's a lot to process. (She looks around and forms a plan using the glue and the banana gun.) Still, something is missing, but what?"
queen_banana_cat_noir_0002,Streets of Paris. Ladybug dodges the explosive bananas but trips.,"Queen Banana: I'm going to smash you and then turn you into banana bread!
Cat Noir: (from behind) Cataclysm! (He destroys the car as Queen Banana jumps out.)
Queen Banana: (lands next to Ladybug) Give me your Miraculous, or else I'll turn her into baby food! (Holds banana gun to Ladybug's head.)"
queen_wasp_queen_s_battle_part_2__cat_noir_0001,"Métro platform. Nadja and her cameraman are running down the stairs. Across the platform, Cat Noir is waiting.","Nadja: Cat Noir, what are you doing here?
Cat Noir: Waiting for the next train. (he jumps on top of the metro that speeds by)
Nadja: (to the cameraman) Come on! (they run back up the stairs)
Cat Noir: Need a helping paw?"
queen_wasp_queen_s_battle_part_2__cat_noir_0002,"Métro platform. Nadja and her cameraman are running down the stairs. Across the platform, Cat Noir is waiting.","Ladybug: This is not a playground! Cat Noir, I'll slow it down as much as I can; you stop it!
Cat Noir: Thanks for your co-operation, people. Please, keep on being (paw)some and evacuate the station calmly
Sabine: Ladybug, thank you so much!"
queen_wasp_queen_s_battle_part_2__cat_noir_0003,"Le Grand Paris, roof. Ladybug and Cat Noir land and jump down to Chloé's balcony. They sneak into her room.","Queen Wasp: You can't escape my wasps! Bring Ladybug and Cat Noir to me! Dispersal!
Cat Noir: What, you think I'm a catfish?
Ladybug: I don't know, but I do know we're gonna have to come up with another plan. Lucky Charm! (A snorkel appears) A snorkel!
Cat Noir: Your Lucky Charm has a great sense of humour: at least you won't drown
Ladybug: ""Drown""! That's the idea: wasps don't like water! (she uses her Lucky Vision to highlight an inflatable duck, a roll of tape, a hose and two garbage bins) We may have to get a little dirty, Cat Noir
Cat Noir: That's ironic, we just took a bath
Ladybug: (looks disappointed, then smiles.) Just follow me"
queen_wasp_queen_s_battle_part_2__cat_noir_0004,"Le Grand Paris, roof. Ladybug and Cat Noir land and jump down to Chloé's balcony. They sneak into her room.","Queen Wasp: You'll never get it back!
Cat Noir: (muffled) Cataclysm!
Ladybug: No more evil-doing for you, little Akuma. (opens her yo-yo) Time to de-evilize! (catches the Akuma) Gotcha! (releases the now-purified Akuma) Bye bye, little butterfly. Miraculous Ladybug! (The Miraculous Cure spreads out, fixing the Bee Miraculous)"
reflekdoll_cat_noir_0001,Ladybug's Miraculous Ladybug fixes the broken Eiffel Tower in the background as she and Cat Noir land on a rooftop.,"Cat Noir: I don't call the shots, m'lady. You're the superhero who captures the evil akumas — I'm just the cunning, ultra-charming Cat Noir
Ladybug: Right, you have it easy
Cat Noir: Easy? That's 'cause I make it look easy
Ladybug: As cunning as you might be, that little prank you pulled earlier almost made my Lucky Charm fail!
Cat Noir: D'you know why Master Fu gave (you) the Ladybug Miraculous instead of me?
Ladybug: Because it requires someone with a sense of responsibility?
Cat Noir: No, because (you) don't have a sense of humor
Ladybug: Pfft, whatever. (Cat Noir tries to kiss her hand) Ah! (She pulls away)
Cat Noir: Uh... Look, it's no big deal! You have so many other great qualities! I'm just in charge of the humor department. (His ring starts beeping)
Ladybug: You'd better get going before you lose your (clown costume.)
Cat Noir: Miss you already, Bugaboo
Ladybug: Don't call me—!
Cat Noir: (leaving) See? I was right! (Ladybug groans)"
reflekdoll_cat_noir_0002,The Eiffel Tower. Lady Noire dodges Reflekdoll's attacks.,"Lady Noire: Stay focused, Mister Bug. Use the yo-yo as a shield!
Mister Bug: (smacks himself with the yo-yo) Oww!
Lady Noire: (facepalms)"
reflekdoll_cat_noir_0003,Eiffel Tower.,"Lady Noire: You think that's normal?
Mister Bug: Dunno, I've never cataclysmed a sentimonster before. (Reflekdoll throws them off, going berserk.) It's as if the Cataclysm was like a bee sting on a bull! It riled it up without actually wounding it! (They dodge a beam.)
Lady Noire: We don't have much time left before we transform back!
Mister Bug: And we still don't know where the amok's hidden"
reflekdoll_cat_noir_0004,Eiffel Tower.,"Lady Noire: So, you like playing with (dolls?) (jumps away)
Mister Bug: (Hey!) You stole my line! (jumps after her)
Mayura: Should I retrieve the amok?"
reflekdoll_cat_noir_0005,Paris rooftops. Lady Noire and Mister Bug bound across them.,"Duusu: Yes, of course. Sorry
Mister Bug: Honestly, I understand why you never have any time to make jokes, m'lady
Lady Noire: We both have our roles, huh Bugaboy? (They jump into separate alleyways.)
Mister Bug: Spots off! (He detransforms. Tikki lands in his hands, and he gives her a bite of camembert. He begins taking off the earrings, which appear flat and silver.)"
reflekta_cat_noir_0001,"Principal Damoclès' office. Marinette is still hiding under the desk, Chloé and Sabrina are searching for her.","Reflekta: You sure? Ask Cat Noir. I'm sure he (loves) his new look! (tries to transform Ladybug while giggling, but she dodges all rays)
Cat Noir: My powers might be gone but I can't just stand by and do nothing! (runs but trips over his heels) Who invented these things? (to the other students) If you want your faces back listen up, you heard of safety in numbers?
Reflekta: Soon, like everyone else you'll look just like me! (Ladybug tries to hit her but Reflekta grabs her arm) But first, I'm gonna take your earrings as a trophy!
Cat Noir: Time to face off! (other students who got transformed stand together against Reflekta) Catch her!"
reflekta_cat_noir_0002,"Principal Damoclès' office. Marinette is still hiding under the desk, Chloé and Sabrina are searching for her.","Ladybug: Don't worry, I'll figure it out!
Cat Noir: Yeah, these shoes are killer on the feet, my lady!
Ladybug: Cat Noir?
Cat Noir: Excuse us, move out of the way
Ladybug: Cat Noir, is it - is it really you?
Cat Noir: 'Course it is! Can't you tell by my swagger! Am I still the cat's meow or what?
Ladybug: I-uh... I don't know what to say!
Cat Noir: How about a thank you for getting you out of that tight spot!
Ladybug: (laughs) Sorry, Cat Noir, but you - you just... you just don't look like yourself! But uh... thank you!
Cat Noir: Your welcome. And in case you've forgotten, we've got to de-akumatize Reflekta!
Ladybug: We? You're powers are gone, what are you gonna do? Throw your shoes at her? (laughs again)
Cat Noir: Remind me who just saved you a minute ago?
Ladybug: I have to find Reflekta fast! You'd slowed me down!
Cat Noir: Maybe, but you know, sometimes I do have ideas
Ladybug: Ok, yeah, sorry, and?
Cat Noir: I don't think taking on Reflekta face to face is the best idea unless you want a facelift too
Ladybug: You're right and that gives me an idea! (they go to the roof)
Cat Noir: Where are we headed?
Ladybug: To the TV station! Here goes, watch your nails!
Cat Noir: Your jokes are so lame!
Ladybug: You haven't just lost your body, Cat Noir. I think you've lost your sense of humor too!"
reflekta_cat_noir_0003,TVi studio.,"Ladybug: I'm relying on you all!
Cat Noir: And cut! (they high five) Got it. Sorry but isn't your plan a bit complicated?
Ladybug: This isn't my real plan. The real plan is now that Reflekta knows that we're at the TV station, she'll come right here to get us!
Cat Noir: And fall right into our claws! (kisses Ladybug's hand)
Ladybug: You mean, into your nails
Cat Noir: Still not funny. (Ladybug giggles)
Ladybug: Gotcha!
Cat Noir: The akuma has to be in her bracelet!
Ladybug: Checkmate, Reflekta! (breaks the bracelet and nothing happens) Huh? This isn't the real one!"
reflekta_cat_noir_0004,TVi studio.,"Ladybug: Mayor Bourgeois?
Cat Noir: There! Look out! (jumps in front of Ladybug and takes the ray) I've already been changed so I'm safe
Ladybug: Thanks, Cat Noir!
Cat Noir: Go ahead, use that charm of yours! (winks)
Ladybug: Lucky Charm! (A camera appears) A camera? Okay... (uses her Lucky Vision and spots the spotlight, Reflekta's eyes and bracelet) Cat Noir! Turn off the lights, quickly! (he shuts the lights and gives Ladybug a thumbs up. Ladybug begins taking many pictures of Reflekta) Over here Reflekta! (Ladybug distracts her, gets the bracelet, and destroys it. Meanwhile, Cat Noir turns the lights back on) No more evil doing for you little akuma! Time to de-evilize! (captures the akuma) Gotcha. Bye-bye little butterfly. (releases the purified butterfly) Miraculous Ladybug! (throws the camera in the air and everything turns back to normal) You were awesome, Cat Noir!
Cat Noir: And with those shoes on too! By the way, those things should be illegal!"
representation_cat_noir_0001,In a hotel room in London. The television is tuned in a news broadcast.,"Plagg: your secret identit— (screams as he gets sucked inside his ring)
Cat Noir: Power up!
Tikki: (worried) Marinette, are you sure you want to go...?"
representation_cat_noir_0002,"Back on the Eiffel Tower, Marinette races down the stairs to chase after ""Adrien"".","Nightormentor: I will free you from your nightmares once I've found my son and your friend!
Cat Noir: You really can't be trusted. What kind of father are you? (charges in)
Nightormentor: Voyage! (escapes through a portal)
Cat Noir: No!"
representation_cat_noir_0003,"Back on the Eiffel Tower, Marinette races down the stairs to chase after ""Adrien"".","Ivan: Go, Cat Noir! Teach him a lesson!
Cat Noir: That akumatized villain's son and his girlfriend are lucky to have friends like you. (vaults away)
Marinette's voicemail: It's Marinette. Leave a message. Beep"
representation_cat_noir_0004,"On the rooftops, Nightormentor is still seen looking for Adrien.","Nightormentor: Adrien...!
Cat Noir: I'm guessing he's avoiding you. You don't seem like a nice father!
Nightormentor: Very well. ﻿I'll do away with you first! (throws a punch at Cat Noir, sending him flying) ﻿And I'll take your Miraculous and give it to Monarch! (shoots pink dust at Cat Noir once more)
Cat Noir: (evades the pink dust) ﻿How about you start leaving your son and the girl he loves alone instead?!
Nightormentor: Voyage!
Cat Noir: ﻿Coward"
representation_cat_noir_0005,"Back on the rooftops, the battle between Cat Noir and Nightormentor continues.","Nightormentor: ﻿Adrien! ﻿Adrien!
Cat Noir: ﻿I don't think I'd like having a father like you! (attacks Nightormentor with his staff)
Nightormentor: ﻿If I were your father, I would start by teaching you some manners!
Cat Noir: (after kicking Nightormentor) ﻿And if I were your son, ﻿I'd tell you you can't always make decisions for people — that to have a child is to help them blossom, ﻿to grow, to find themselves and to (be free!) (lands a final blow on Nightormentor and tackles him on the ground, stepping on his arm to make sure he will not get away once more)
Nightormentor: ﻿You're insolent!
Cat Noir: (﻿You're) insolent! Cataclysm! ﻿I feel sorry for your son
Nightormentor: ﻿Don't be. He's very happy"
representation_cat_noir_0006,"On the rooftops, Nightormentor is about to grab hold of Cat Noir's Miraculous until something is thrown on the side of his face. It is revealed that the Resistance has come and help Cat Noir.","Alya: ﻿Cat Noir!
Cat Noir: ﻿Well done!
Félix: ﻿﻿﻿Then, the miraculous boy met a girl like him. (him and Kagami take off their masks) ﻿They fell in love"
representation_cat_noir_0007,"Exterior, Dupain-Cheng Residence. Cat Noir lands on the balcony railing as he stares at the trapdoor to Marinette's room.","Cat Noir: ﻿It's time to drop the masks
Cat Noir: (leans on the nearby table, grimacing) ﻿Claws in! (de-transforms into Adrien)
Plagg: ﻿What's happening, Adrien?"
representation_cat_noir_0008,"Exterior, Collège Françoise Dupont, on the roofs. Ladybug listens over Cat Noir's recording of how they defeated Nightormentor the night before.","Adrien: ﻿You were right, Plagg. ﻿I can't tell Marinette that I'm Cat Noir. ﻿And I can't disobey my father either. (pauses) ﻿You saw the result. (leans on the railing) I can't stay here. ﻿Plagg, claws out! (transforms into Cat Noir...) ﻿Power up. (...and into Astrocat)
Cat Noir: (on the recording) That's where you'll find the Megakuma that was responsible for that (jarring) nightmare. (laughs) ﻿""Jarring."" Get it?
Ladybug: ﻿No more evildoing for you, Megakuma! ﻿Time to de-evilize! (captures the Megakuma) ﻿Gotcha! (releases the purified butterfly) ﻿Bye-bye, little butterfly!
Cat Noir: (on the recording) ﻿So, did you set it free? ﻿We're such a great team, even when I'm not here. Now hold out your fist, and let's
Ladybug: (along with Cat Noir's voice recording, holding out her fist in the air) Pound it"
revelation_cat_noir_0001,On the streets. Hoaxer's illusion of Marinette as Monarch continues to brainwash every Parisian with their Alliances.,"Alya: I know where to find Marinette for sure, sooner or later! (glances at the bakery)
Cat Noir: We have to find Marinette Dupain-Cheng, m'Lady. And quick, before they all swoop down on her!
Ladybug: The safest and fastest way would be is to defeat Hoaxer!
Cat Noir: But how can we capture her? She's everywhere and nowhere at the same time!
Ladybug: Let's capture someone with an Alliance and take the ring to study how it works!"
revelation_cat_noir_0002,On the streets. Hoaxer's illusion of Marinette as Monarch continues to brainwash every Parisian with their Alliances.,"Monarch: (from his lair) Your guardian will have a difficult time escaping all of these revelations! (laughs maniacally)
Cat Noir: Revelation, m'Lady! Hoaxer's connected to all the Alliance rings!
Ladybug: That's how she located us! (gives the ring back to Roger) DO NOT put it back on. Under any circumstances!"
revelation_cat_noir_0003,On the streets. Hoaxer's illusion of Marinette as Monarch continues to brainwash every Parisian with their Alliances.,"Cat Noir: No problem! I'm great at diverting new audiences
Cat Noir: Paw-don me! I got info on Ladybug and her kitty cat! (runs away as the civilians chase after him)
Ladybug: According to the Lucky Charm, the solution is supposed to be here. But what is it?"
revelation_cat_noir_0004,"On the streets, Cat Noir fends off the civilians under Hoaxer's influence.","Hoaxer: Revelation! (Nathalie's eyes turn red, brainwashing her.) Gabriel Agreste is an alien who hid his flying saucer under the pyramid of the Louvre. He must have other secrets hidden inside his house. Without ever letting him see you, you will use your smartphone, NOT your Alliance, to deliver them to me. And then, you will erase any trace of that transmission. Save the world, dear follower. Reveal Gabriel Agreste's secrets to me!
Cat Noir: It's you and me now, Hoaxer!
Hoaxer: (teleports in front of Cat Noir) Does this look like a tète-à-tète to you, pussy cat?"
revelation_cat_noir_0005,"Back on the streets, a brainwashed civilian is about to tackle Cat Noir when he luckily kicks him away and perches on top of a lamppost. His cat phone beeps, notifying him of a message and reads it.","Cat Noir: No! What are you doing?!
Cat Noir: (reads the message to himself) ""Cat Noir, it's okay. She's going to help us trick Hoaxer.""
Scarabella: (continues to type the message to Cat Noir from behind a chimney) I'm hiding. As soon as I catch her with my yo-yo, get ready to Cataclysm her ring. (closes her bug phone)"
revelator_cat_noir_0001,Underground subway,"Everyone: Pound it! (all fist bump)
Cat Noir: It'll be cool to have a group name, don't you think?
Rena Rouge: The Invincibles?"
revelator_cat_noir_0002,"On the streets. Revelator runs across the rooftops, he drops down in front of a civilian.","Rena Rouge: (Redirects the orb with her flute back to Ladybug) I have a scoop too: In your dreams!
Cat Noir: (He runs to the orb) Cataclysm!
Ladybug: Don't touch the ball!
Cat Noir: If I destroy it, your secret will be safe, m'lady
Ladybug: I'll take care of it. Lucky Charm!"
revelator_cat_noir_0003,"Back on the streets. Cat Noir gets kicked onto the ground. Revelator shoots the illusions of Rena Rouge and Ladybug, making them fade.","Rena Rouge: This is what being lied to feels like, Revelator!
Cat Noir: You lied to me, too?
Ladybug: Only so we could take Revelator by surprise"
revelator_cat_noir_0004,"Back on the streets. Cat Noir gets kicked onto the ground. Revelator shoots the illusions of Rena Rouge and Ladybug, making them fade.","Rena Rouge: It didn't work
Cat Noir: You still know who Ladybug is?
Rena Rouge: Some secrets are heavier than others and I am afraid I won't be able to keep this one
Cat Noir: How come it didn't work, m'lady??"
revelator_cat_noir_0005,"Back on the streets. Cat Noir gets kicked onto the ground. Revelator shoots the illusions of Rena Rouge and Ladybug, making them fade.","Ladybug: You are a good person, kitty. Trust yourself
Cat Noir: But how do I do it?
Ladybug: Remember: There's always room to evolve
Cat Noir: Cataclysm"
revelator_cat_noir_0006,"Back on the streets. Cat Noir gets kicked onto the ground. Revelator shoots the illusions of Rena Rouge and Ladybug, making them fade.","Cat Noir: Miraculous Cat Noir!
Cat Noir: Did it work?
Rena Rouge: (Turns around) Did what work?"
reverser_cat_noir_0001,Somewhere above a river. Reverser is flying with Ladybug still attached to his arm. He stops to throw yet another plane.,"Reverser: Your miraculous are mine!
Cat Noir: Awesome costume! (hits Reverser) Hah! Too bad we'll have to tear it up!
Ladybug: (struggles to get to her feet) Ugh
Cat Noir: Everything okay, m'lady?"
reverser_cat_noir_0002,Somewhere above a river. Reverser is flying with Ladybug still attached to his arm. He stops to throw yet another plane.,"Cat Noir: (distracted) M'lady?
Cat Noir: (scared) Whaaaaaaa...!
Reverser: What's up kitty, got vertigo?"
reverser_cat_noir_0003,In front of Collège Françoise Dupont. Cat Noir gets out of a taxi covered in a blanket.,"Mayor Bourgeois: I'm going to order our satellites to release all the dumpsters back down toward Paris, making our city the biggest trash heap the world has ever known
Cat Noir: Whoa! You drive like a maniac!
Ladybug: Sorry about that. He's not quite himself right now. (closes the door, yo-yo is stuck)"
reverser_cat_noir_0004,In front of Collège Françoise Dupont. Cat Noir gets out of a taxi covered in a blanket.,"Ladybug: (holds onto the railing) Reverser got here first! (looks down at a drawing) Look! The Louvre is in almost every single one of Nathaniel's drawings
Cat Noir: (with shaky voice) Does this mean we're gonna have to take another cab?
Alix: Maybe you should've given him a chance to explain"
reverser_cat_noir_0005,"Inside the Louvre. Alix is skating around, talking to Nathaniel, who's sitting on a bench.","Ladybug: We have to try and talk to him, and we're gonna need you, Nathaniel!
Cat Noir: What about Marinette?
Ladybug: (shocked) We don't have time! Reverser will have to settle for just Nathaniel"
reverser_cat_noir_0006,"Inside the Louvre. Alix is skating around, talking to Nathaniel, who's sitting on a bench.","Ladybug: No way! It's too dangerous
Cat Noir: Actually, I'll just stay here too, so I don't get in the way
Alix: (sneaks up to Cat Noir) Boo!
Cat Noir: AAH!"
reverser_cat_noir_0007,"Inside the Louvre. Alix is skating around, talking to Nathaniel, who's sitting on a bench.","Alix: (offering her hand) It looks to me like you're going to need a helping hand
Cat Noir: You can never get too much help
Alix: (she helps Ladybug up) Nathaniel is my friend. I'm not dropping him
Cat Noir: (Scolding another taxi driver) You're a public health-hazard!"
reverser_cat_noir_0008,"On the ground before the Eiffel Tower. Police are present, the four step out of a cab.","Ladybug: (sighs) Okay!
Cat Noir: M'lady, I'm too scared
Nathaniel: And I don't wanna be reversed"
reverser_cat_noir_0009,"On the ground before the Eiffel Tower. Police are present, the four step out of a cab.","Cat Noir: (screaming) CATACLYSM! (disintegrates Reverser's paper plane)
Cat Noir: Alright, stunt-time!
Alix: Hey, Ladybug, you're gonna need this. (throws her her yo-yo back)"
reverser_cat_noir_0010,"On the ground before the Eiffel Tower. Police are present, the four step out of a cab.","Ladybug: (turns to Marc and Nathaniel) Marc and Nathaniel? By now you realize there was a big misunderstanding, but if you give each other a chance, I'm sure you'll find out how well you can work together
Cat Noir: A bit like you and me, m'lady. (holds up fist for fistbump, Ladybug reciprocates)
Cat Noir and Ladybug: Pound it!"
revolution_cat_noir_0001,"On the rooftops, at sunset. The camera pans from Chloé, or Queen Mayor's golden monument on top of the Arc de Triomphe to Ladybug and Cat Noir, who are seen standing on the roof","Marinette: Where did Mylène and Ivan go?
Cat Noir: Are we still doing nothing?
Ladybug: Well, it's ugly, but Monarch had nothing to do with it"
revolution_cat_noir_0002,"Queen Mayor's ""detention"". Adrien is de-immobilzed in a white arena that switches from being bathed with red to white light depending on the surrounding screens","Adrien: (voice only) Plagg, claws out! (transforms into Cat Noir)
Cat Noir: Cataclysm! (uses his power to break through the floor, creating a hole that leads him down the sewers)
Queen Mayor: (from the screens; red) Ridiculous! You'll always be ridiculous!"
revolution_cat_noir_0003,"Exterior, the Louvre. Queen Mayor stands in front of a podium on a stage before a large crowd of Parisians with lights directed at her","Ladybug: The only power that has value, Chloé, is the power that we use for the common good of the people, and you (points to her) only use your power for yourself
Cat Noir: (raises his hand) Who wants an election to get rid of a dictator?
Ladybug: It's time we teach you how to say the word correctly, Chloé. De-mo-cra-cy!"
revolution_cat_noir_0004,"Exterior, the Louvre. Queen Mayor stands in front of a podium on a stage before a large crowd of Parisians with lights directed at her","Queen Mayor: I won! I'm the greatest! There's nothing you can do now because I'm akumatized!
Cat Noir: It twists my whiskers to say so, m'Lady, but I don't think she's wrong. We are kinda stuck here
Ladybug: We've been waiting for someone to do something from the start but... we were wrong, Cat Noir. It's not up to someone to do something, it's up to everyone! Everyone has to act!"
revolution_cat_noir_0005,"Exterior, the Louvre. Queen Mayor stands in front of a podium on a stage before a large crowd of Parisians with lights directed at her","Ladybug: No! Not now! Not yet!
Cat Noir: M'Lady, your de-transformation is slowing down!
Ladybug: (opens her eyes and realizes Cat Noir's words are true) You can resist, too! We need more time!"
revolution_cat_noir_0006,"Exterior, the Louvre. Queen Mayor stands in front of a podium on a stage before a large crowd of Parisians with lights directed at her","Nino: You're right! Comrades of the Resistance, it's time to come out of the shadows!
Cat Noir: It was an immense pleasure knowing you, Ladybug. Well, not knowing you really because it looks like I'm going to get to know you soon. (grunts) Shoot! I'm completely botching my last superhero lines, m'Lady. Cracking jokes was all I was ever good for
Ladybug: You were perfect, Kitty Cat"
revolution_cat_noir_0007,"Exterior, the Louvre. Queen Mayor stands in front of a podium on a stage before a large crowd of Parisians with lights directed at her","Miss Bustier: No more evil-doing for you! (takes Queen Mayor's sash and rips it in half, releasing the Megakuma and powering down the robots, as well as breaking the Shell-ters that trapped Ladybug, Cat Noir, and everyone else)
Cat Noir: (as he breaks the police robots one by one) Cataclysm! Cataclysm! Cataclysm! Cataclysm!
Ladybug: (opens her yo-yo) Time to de-evilize! (captures the Megakuma) Gotcha! (opens her yo-yo once more to release the purified butterfly) Bye-bye, little butterfly!"
riposte_cat_noir_0001,Louvre Painting Gallery.,"Riposte: Cat Noir!
Cat Noir: A fencing tournament at the Louvre? How come I wasn't invited?
Ladybug: (She gets to her feet and pulls Kagami's saber out of the painting) Let me guess: you were late because you were at the groomers again?
Cat Noir: I was preening myself, M'lady. You know how long it takes cats to get ready
Ladybug: Checkmate, Riposte!"
riposte_cat_noir_0002,Louvre Painting Gallery.,"Ladybug: (Turns to him) You okay, Cat Noir?
Cat Noir: Ladybug!
Riposte: Ready to lose, Ladybug? (She again engages Ladybug in a fight, forcing her downstairs.)
Cat Noir: Cataclysm! (He uses Cataclysm on the bars, rusting them and allowing himself to get through. Cat Noir limps after Ladybug and Riposte.)
Riposte: Of course. (She jumps around near the ceiling of the room until she reaches the sarcophagus) The hour of revenge has struck!"
riposte_cat_noir_0003,King Tut exhibit.,"Ladybug: Grr! Lucky Charm! (A radiator falls down into her hands.) A radiator?
Cat Noir: Great. That should really heat things up
Ladybug: Hmph. (Ladybug's eyes alight on Riposte's sword.) The akuma has to be in her sword!
Cat Noir: Then why don't we get to the point?
Ladybug: (She gives a small laugh.)
Cat Noir: Grrr, she's too quick!
Ladybug: I need your belt, Cat Noir!
Cat Noir: Get ready! (He removes his belt as he and Ladybug rush Riposte again.) En garde! (As he throws her the belt, she throws him the radiator, which he then holds out so Riposte runs it through. Ladybug hooks Cat Noir's belt around the guard of Riposte's sword.)
Ladybug: Prêt...!"
riposte_cat_noir_0004,King Tut exhibit.,"Cat Noir: Pound it!
Cat Noir: Gotta go. Have a vet's appointment to get to. Take care of the young lady, will you? (He runs out of sight.)
Ladybug: (approaches Kagami and kneels in front of her, putting a hand on her shoulder) Everything's okay
Cat Noir: (Hastily ducks out of sight behind a cat statue and whispers) Claws in"
risk_shadow_moth_s_final_attack_part_1__cat_noir_0001,Jardins du Trocadéro. Ladybug uses her power to fix everything from an off screen battle and her and the rest of the team go on top of the Jardins du Trocadéro garden.,"Cat Noir: Can I come with you?
Cat Noir: I know, I know. Only the Guardian knows the identities of the Miraculous holders. And Cat Noir, despite being the first and most amazing team member of all is now just a holder like any other
Ladybug: Yeah, but you'll always be my favorite! (kisses Cat Noir on the cheek) Mwah! Byeeee!"
robostus_cat_noir_0001,Parisian rooftops. Ladybug and Cat Noir watch the mecha leap away from the school.,"Ladybug: It seems he knows where he's going
Cat Noir: You and I better play it safe. This robot's brain computes faster than ours combined
Ladybug: Speak for yourself!"
robostus_cat_noir_0002,Parisian rooftops. Ladybug and Cat Noir watch the mecha leap away from the school.,"Armand: Go away! Go away!
Cat Noir: He's got a whole army of living machines now!
Armand: Thank you!"
robostus_cat_noir_0003,Parisian rooftops. Ladybug and Cat Noir watch the mecha leap away from the school.,"Ladybug: Take care of the vending machines!
Cat Noir: (to Armand and Marlena) Go hide yourselves on the roof!
Armand: Go get him, Ladybug!"
robostus_cat_noir_0004,Parisian rooftops. Ladybug and Cat Noir watch the mecha leap away from the school.,"Ladybug: Is that morse code?
Cat Noir: Do you need subtitles? I speak several languages. (starts to decode the desk lamp's message to Ladybug) ""Humans...will...soon be...treated the same way as (objects""?)
Nadja: Paris' only hope in this dire situation is Ladybug and Cat N— Hey!
Cat Noir: Aw, come on! She could've at least finished saying my name!"
robostus_cat_noir_0005,Stade des Princes. Ladybug and Cat Noir arrive to find nothing there.,"Robostus: My friends will look after you while I take care of these two!
Cat Noir: Ohh! Now's the time to come up with a bright idea!
Ladybug: I'm sorry, Cat Noir"
robostus_cat_noir_0006,Stade des Princes. Ladybug and Cat Noir arrive to find nothing there.,"Ladybug: Do your thing, Cat Noir!
Cat Noir: It's down to us, rust-o-bot! Cataclysm! (leaps between cars, and up to stand upon the mecha)
Robostus: So predictable!
Cat Noir: Analyze this! (uses his Cataclysm on the mecha, destroying it and freeing the harp)"
rocketear_cat_noir_0001,"Paris Rooftops. Cat Noir is going back home, Carapace is going at safe place with Ladybug to hand-over Miraculous, whereas Rena Furtive is hiding behind the wall.","Bob Roth: I'll buy them from you! I'll put them on an island and turn it into a theme park! I'll be rich! (laughs)
Cat Noir: Catch you later!
Carapace: Shell off! (detransforms)"
rocketear_cat_noir_0002,Art classroom. Marinette and Alya are having a conversation about last night.,"Rocketear: (voiceover) Cat Noir! You stole my Alya from me! I'm going to steal your life from you! (He shoots tears at Cat Noir but is able to dodge from it and instead, it explodes on a car. He tries to shoot more tears at Cat Noir.)
Cat Noir: I didn't steal anyone! (lands on a lamppost) Alya still loves you!
Rocketear: LIAR! I have proof! (continues to shoots tears)"
rocketear_cat_noir_0003,Streets. Rocketear shoots a tear to Cat Noir but jumps over it.,"Rena Furtive: Totally
Cat Noir: I don't wanna fight you!
Rocketear: Silence! (Rocketear continues to shoot more tears.)
Cat Noir: (dodges the tears) Let me explain!
Rocketear: (tries to knock him down) I don't wanna hear your lies!
Cat Noir: You wanted proof? Here's proof. (shortens his staff and tosses it away)
Rocketear: That doesn't prove a thing! (He shoots tears at him, making him thrown onto a van and knocks him down one more time.)
Cat Noir: (weakly) See? I don't wanna hurt you. Can we talk now?"
rocketear_cat_noir_0004,Streets. Rocketear shoots a tear to Cat Noir but jumps over it.,"Rocketear: (about to shoot a tear to him) It's over, Cat Noir!
Cat Noir: (weakly) Don't do this
Ladybug: Nino, stop! (shows the projector) Look, my Lucky Charm gave me a super-advanced projector that will allow you to hear the sound of the video that you shot. (Rocketear hesitates for a moment. Meanwhile, Rena Furtive is hiding behind a wall on the rooftops, waiting for her cue to activate her power.) I don't know what Cat Noir said to your girlfriend either, but I trust him"
rocketear_cat_noir_0005,Streets. Rocketear shoots a tear to Cat Noir but jumps over it.,"Rena Furtive: (uses her Mirage to create a sound for her and Cat Noir's conversation on the video) Well, you know
Cat Noir: (from the video) (repeats) Well, you know... (Alya laughs)
Alya: (from the video) Are you insane? I already have a boyfriend! And FYI, with him"
rogercop_cat_noir_0001,Principal's office. Mr. Bourgeois demands Denis Damoclès to find her daughter's bracelet.,"Rogercop: You are disturbing justice, Cat Noir. You are going to pay for this
Cat Noir: You can add bodily harm to the charges!
Ladybug: Listen! You're Sabrina's dad, and a good cop! Don't let the evil person who gave you these powers make an evil cop out of you!"
rogercop_cat_noir_0002,Principal's office. Mr. Bourgeois demands Denis Damoclès to find her daughter's bracelet.,"Chloé: Okay!
Cat Noir: Chloé, no!
Ladybug: I bet you missed me"
rogercop_cat_noir_0003,Principal's office. Mr. Bourgeois demands Denis Damoclès to find her daughter's bracelet.,"Chloé: Hello? Are you listening to me?
Cat Noir: Thanks for the lasso, lassie
Chloé: Hey! Where are you going? Who's going to drive this car?
Cat Noir: Did I ever thank you for the lift?"
rogercop_cat_noir_0004,Principal's office. Mr. Bourgeois demands Denis Damoclès to find her daughter's bracelet.,"Cat Noir: Did I ever thank you for the lift?
Cat Noir: Where'd you get those shoes? I could use a pair like that!
Ladybug: Grab on to me! (The yo-yo misses.)
Cat Noir: No! Ladybug! (to Rogercop) What have you done?!"
rogercop_cat_noir_0005,Principal's office. Mr. Bourgeois demands Denis Damoclès to find her daughter's bracelet.,"Ladybug: There's no point running after him anyway. He's way out of our reach now
Cat Noir: Well, if it's the mayor he wants
Ladybug: He'll be heading straight for the City Hall
Cat Noir: Do I sense a plan?"
rogercop_cat_noir_0006,Outside the City Hall. Cat Noir defeated all the officers.,"Hawk Moth: Fabulous... so wretchedly fabulous!
Cat Noir: Okay, show's over. Sorry, no encore tonight. (enters the City Hall, and Ladybug joins him)
Rogercop: (blows whistle) Get Ladybug and Cat Noir!"
rogercop_cat_noir_0007,Outside the City Hall. Cat Noir defeated all the officers.,"Cat Noir: How?
Cat Noir: Whenever you're ready, my lady
Ladybug: Okay, I have an idea but I still need something like... a ring"
rogercop_cat_noir_0008,Outside the City Hall. Cat Noir defeated all the officers.,"Ladybug and Cat Noir: Pound it!
Cat Noir: (talking like a robot) As Rogercop would say, ""Justice has prevailed in the streets of Paris!"" (his Miraculous beeps.) (talks with his regular voice) I'd stick around, but then you'd see me without my mask and... you wouldn't be able to resist me
Ladybug: Hehe... I doubt that, but I'll have to take your word for it. (she puts Chloé's bracelet back into her bag.)"
sandboy_cat_noir_0001,Parisian streets. People are still running and screaming everywhere. Cat Noir lands on a roof and watches the chaos below.,"Cat Noir: Cataclysm! (Cat Noir breaks through the bars) No time for daydreaming
Cat Noir: What is this mess? (Ladybug lands behind him) M'Lady! Tonight's been a total nightmare... until you showed up. (kisses the top of her hand)
Ladybug: (pulls her hand back) This is no time for lullabies. We've got to stay focused! (something explodes in the background; Ladybug points at Sandboy) Look! His cloud is shaped like a pillow! I'll bet you anything (that's) where his akuma is
Cat Noir: Awesome! Then time for a pillow fight!"
sandboy_cat_noir_0002,Parisian streets. People are still running and screaming everywhere. Cat Noir lands on a roof and watches the chaos below.,"Ladybug: He's moving around too much!
Cat Noir: And his evil sand is blowing everywhere
Ladybug: Lucky Charm! (Ladybug is then hit by the sand; no Lucky Charm-item appears) Oh, no!"
sandboy_cat_noir_0003,Parisian streets. People are still running and screaming everywhere. Cat Noir lands on a roof and watches the chaos below.,"Ladybug: You have weird dreams too
Cat Noir: My bad
Nightmare Ladybug: I am gonna destroy you. Lucky Charm! (A sword appears)
Cat Noir: Oops. Sorry, M'Lady. Stay behind me, I'll protect you
Nightmare Ladybug: (still attacking Cat Noir) Stay still, you mangy cat! (starts spinning her sword professionally and stances) Here, kitty, kitty, kitty. (Come on!)
Cat Noir: We need to figure out a plan. Fast!"
sandboy_cat_noir_0004,Parisian streets. People are still running and screaming everywhere. Cat Noir lands on a roof and watches the chaos below.,"Cat Noir: Watch out, Ladybug!
Cat Noir: Ladybug, I'm about to transform back. Any ideas?
Ladybug: Looking! (Ladybug uses her Lucky Vision to see. Cat Noir's suit, the tip of Nightmare Ladybug's sword, the edge of the nearby chimney and Sandboy light up) Quick! We've got to lure her over here. (pulls Cat Noir close to the chimney)
Cat Noir: (taunting) You don't scare me! You're just a stupid dream"
sandboy_cat_noir_0005,Parisian streets. People are still running and screaming everywhere. Cat Noir lands on a roof and watches the chaos below.,"Ladybug: Hawk Moth. He fed off the negative emotion from a (nightmare)
Cat Noir: That's what happens when you let kids watch anything they want on TV. Oh! (his ring beeps) Can I leave you to take this young man back to his parents?
Ladybug: No problem. Right, big boy?"
sandboy_cat_noir_0006,Parisian streets. People are still running and screaming everywhere. Cat Noir lands on a roof and watches the chaos below.,"Ladybug: Cat Noir? You don't really think I'm as evil as your nightmare, do you?
Cat Noir: 'Course I don't. You're the lady of my dreams. (blows her a kiss before vaulting away. Ladybug smiles to the spot where Cat Noir had disappeared)
Master Fu: Hmm"
santa_claws_cat_noir_0001,Hôtel de Ville. Cat Noir is seen singing.,"Cat Noir: (♫ It's Christmas in Paris, all is cheery and bright! But I'm all alone tonight. (Marinette and her parents are seen having a Christmas dinner.) Families are together, with their gifts by their side. Only Cat Noir's alone tonight. (Chloé and her father are seen having a Christmas dinner.) There's no warmth for me, no tenderness for me. I'm alone like a cat in the night! I'm a sad lonely kitty! won't anyone take pity? Cat Noir is alone tonight! Cat Noir is alone tonight! ♫)
Cat Noir: (♫ No cares about me, if I'm lost or I'm found and I'm just a cat in the night! I'll take your symbol of joy and burn it to the ground. I'm the vengeful cat of the night! I'm the vengeful cat of the night! Ca-ta-cly-sm! ♫ (He attempts to use his power against the Christmas tree but a vision of his mother appears.) I can't do it! I can't do it! (He uses his power against a Gabriel advertisement and it collapses.) ♫ I'm cold and alone, I don't want to be in pain. All that anger was all in vain. I need to go back home to try and find a way. Tomorrow will be a brand new day. ♫) Let's go home now. Plagg, claws out. (Cat Noir transforms back into Adrien.)
Adrien: Plagg? Plagg!?"
santa_claws_cat_noir_0002,Le Grand Paris hotel. André and Chloé are going to have Christmas dinner.,"Santa Claws: How 'bout a nice sleigh ride, my little, wretched elves! Ho, ho, ho, ho! Hold on!
Cat Noir: Don't you have to have a license to drive one of these things?
Santa Claws: It's time to open your gifts, kiddies!"
santa_claws_cat_noir_0003,Le Grand Paris hotel. André and Chloé are going to have Christmas dinner.,"Santa Claws: Thank you. (He throws Cat Noir off the sleigh)
Cat Noir: Woah, Ladybug!
Ladybug: Not again! (She dives down to save him and swings them into Alya's house)"
santa_claws_cat_noir_0004,Césaire apartment. Ladybug and Cat Noir swing in and fall on top of each other.,"Ladybug: Uh, it's not at all what it looks like. (Santa Claws flies by and Cat Noir is about to follow him, but Ladybug stops him) No, wait. This isn't gonna work. Lucky Charm! (Ladybug's Lucky Charm gives her a box)
Cat Noir: I hope it's not trying to tell us to move to another city
Ladybug: I need packing tape, scissors and office supplies. Do you guys have those things here?"
santa_claws_cat_noir_0005,Paris. Santa Claws flies by the Eiffel Tower and something catches his eye. He finds a present there with a drawing of him.,"Santa Claws: It's me
Cat Noir: (singing) (♫ Santa, you're the winner. We stand down and surrender. We fear you have defeated us, so we give you our Miraculous. But beforehand, here is a gift for you. 'Cause on Christmas Eve, even you have a right to that too. ♫)
Santa Claws: A present? For me?"
sapotis_cat_noir_0001,Pont des Arts bridge. The Sapoti clones are messing with André and his ice cream stand.,"Ladybug: Lucky Charm! (A teapot appears.)
Cat Noir: A teapot?
Ladybug: It's strangely familiar"
sapotis_cat_noir_0002,Parisian streets. Cat Noir continues to try to take down the Sapoti clones.,"Ladybug: Mission first!
Cat Noir: Huh? (as more clones appear behind a truck, he uses his staff to knock some of them down) What's taking so long, Ladybug?
Hawk Moth: (from his lair) There, my Sapotis! Take his Miraculous from him!"
sapotis_cat_noir_0003,Parisian streets. Cat Noir continues to try to take down the Sapoti clones.,"Rena Rouge: Uh... Rena Rouge! Yeah, my name is Rena Rouge!
Cat Noir: Well, sneaky fox, think you'll be as sneaky as a cat?
Ladybug: Um"
sapotis_cat_noir_0004,Hôtel de Ville. The clones are wreaking havoc inside the building.,"Ladybug: (riding on the rickshaw while yelling through the traffic cone) Hear ye, hear ye! Sapoti-Land, the amusement park of the future, is about to open! Mischief of all types are permitted in Sapoti-land! All-you-can-eat desserts! Fountains of orange juice! Big-kid movies and video games!
Cat Noir: All right, Rena Rouge! Time to use your power!
Rena Rouge: (takes out her flute) I've never tried it. I hope it works
Cat Noir: Just think of the illusion you want to create. Stay focused!
Rena Rouge: (blows onto her flute and forms a ball of energy at the far end of it) Mirage! (throws the ball of energy and creates an illusion of an amusement park)"
sapotis_cat_noir_0005,Hôtel de Ville. The clones are wreaking havoc inside the building.,"Rena Rouge: Etta—! (Ladybug stops her from saying one of the twins' names) Uh...gotta get going! Uh...before I transform back!
Cat Noir: Looking forward to fighting villains with you again, Rena Rouge!
Ladybug: (to Rena Rouge) I'll join you"
sentibubbler_cat_noir_0001,"On the rooftops. Cat Noir is on his cat phone, voice-mailing Ladybug","Marinette: Then, Cat Noir is our last hope
Cat Noir: No villain in sight. Watch out, m'lady. I get the feeling someone's trying to play cat and ladybug with us. I'm waiting for you! (puts down his cat phone)
Alya: (continues to wave her hands) Yoo-hoo! Ladybug! (looks on her fanny pack where Trixx is peeking out) (softly) Get ready, Trixx. We have to figure out a way to free Marinette, or else we're all serious goners!"
sentibubbler_cat_noir_0002,On the rooftops.,"Alya: Yep. But first, I have to make sure that Cat Noir doesn't come to mess up my plan. Trixx, let's pounce! (transforms once again into Rena Rouge)
Cat Noir: (answers his cat phone) Rena? Are you with Ladybug?
Rena Rouge: (from Alya's room) Yes. She... asked me to call you and say we got a plan
Cat Noir: Perfect! What should I do?
Rena Rouge: Oh! Uh- I- It's actually a two-person plan
Cat Noir: What do you mean a ""two-person plan""? You mean she and you? What about me?
Rena Rouge: Well, that's just it. In this plan, you have to stay right where you are. A-and wait for instructions
Cat Noir: Hm. I need to hear it from (her). Put her on the phone, please
Rena Rouge: Well, I- Uh- I can't. She's super busy right now. And, uh, if you happen to see the Bubbler, whatever you do, don't cataclysm him! It's actually a sentimonster
Cat Noir: What?
Rena Rouge: I gotta go! I-I mean, (we) will keep you posted. (hangs up) Mirage!
Cat Noir: (enraged) A two-person plan?! There's only (one) two-person plan, and that's Ladybug and me! (smashes the wall behind him with his stick) The Miraculous Ladybug will fix everything as usual. Hm? (He sees ""Ladybug"" jumping over the rooftops alone.) Where's Rena Rouge? (becomes suspicious and frustrated) ""Stay where I am,"" I can't just sit here and do nothing! (goes to follow ""Ladybug"")"
sentibubbler_cat_noir_0003,"On another rooftop, Cat Noir stops to peer over the illusions of Alya and Ladybug.","Marinette: Cat Noir! Cat Noir!!
Cat Noir: (sees Marinette inside a bubble above him) Marinette Dupain-Cheng?
Marinette: You have to stay where you are!
Cat Noir: (angrily) Oh, come on! What is with everyone telling me to stay where I am?
Marinette: Rena Rouge created an illusion of Ladybug to fool the Bubbler who's really a sentimonster! If you go there, you might screw up the whole plan!
Cat Noir: (suspicious) And you know this... how?
Marinette: (nervously) Uh- Oh, well... i-it's because I-I have a really good view of the whole thing since the very beginning. You might even say I have front row seats here! (lays down smugly inside her bubble)"
sentibubbler_cat_noir_0004,Alya's bedroom. Trixx eats a piece of grape.,"Marinette: (softly) Tikki, spots on! (transforms into Ladybug)
Cat Noir: Ladybug will never fall into your trap!
Shadow Moth: (hiding in an alley) Shut him up!
Cat Noir: No one will silence me, Shadow Moth! (becomes inaudible)
Shadow Moth: Now, I will have the pleasure of capturing Ladybug!"
sentibubbler_cat_noir_0005,Streets of Paris,"Sentibubbler: Hurry up! The bubbles are rising! Tick-tock, Ladybug!
Cat Noir: (very worried) It's now or never for your awesome two-person plan, m'lady!
Pegabug: I won't be able to seize everything at once! First, the object that controls the sentimonster. Voyage! (She opens up a portal that opens up behind Shadow Moth, ambushing him and grabbing his coffee cup.)"
silencer_cat_noir_0001,Agreste mansion. Adrien is practicing piano in his room while Plagg flips through channels on the TV until he spots Silencer through the window.,"Adrien: Plagg, claws out! (transforms into Cat Noir)
Cat Noir: (sees Ladybug's messages) Meow! M'lady sent me some messages. I bet she misses me! (takes off)
Silencer: (using XY's voice) Where are you hiding, Bob Roth? You're definitely good at hiding. (using Ladybug's voice) But you won't get away from me. I've got plans for you, too. (heads towards City Hall, unaware that Ladybug is watching him)
Cat Noir: I'm right here, M'lady. Uh, I'm here now, so go ahead and fill me in. (Ladybug sends him a message) Of course, I should've thought of that. (Ladybug sends him another message) Hey, that's not very nice!"
silencer_cat_noir_0002,TVi studio. Silencer has taken Bob to the film set.,"Silencer: (using Alec's voice) Dear viewers, we're back on the air for a exclusive interview with Bob Roth. He has something very important
Cat Noir: Wait, M'lady! It might be too early to pull off your crazy plan. We could wait for Bob Roth to actually tell the truth. Then justice would be served for Kitty Section, wouldn't it? (Ladybug sends him a message)
It would be revenge, not justice. And being coerced into telling the truth is meaningless.: You're right, M'lady. You're not much fun but you do have a point. We have to save him. (bursts into the film set) C'mon! (fights Silencer) We got all the time in the world! We might as well have a bit of fun!"
silencer_cat_noir_0003,TVi studio hallways. Cat Noir is running towards the film set when he is joined by Ladybug.,"Cat Noir: Catch this, M'lady! (throws belt towards Ladybug, who uses it to carry the vacuum Ghostbusters-style)
Cat Noir: Cataclysm! (gets pinned down by Silencer and has his voice taken away, but the blob is absorbed by Ladybug into her vacuum before Silencer can absorb it)
Ladybug: No more evil doing for you, little akuma! Time to de-evilize! (captures akuma) Gotcha! Bye, bye, little butterfly! (Cat Noir attempts to speak but nothing comes out) You're right, this does have its advantages. Miraculous Ladybug!"
silencer_cat_noir_0004,TVi studio hallways. Cat Noir is running towards the film set when he is joined by Ladybug.,"Bob: Eh heh heh heh heh. Precisely! It was all just a big joke! I actually happen to love the band Kitten Division! In fact, I love them so much that I was about to sign them to their first record deal! (Cat Noir walks over to Ladybug and they fistbump; Luka looks surprised by Bob's suggestion) And now, they're going to finish off this show with their very own song! I didn't mention it earlier, to keep it a surprise! But it was my idea from the start!
Cat Noir: We usually save the good guys from the baddies, but I've got my doubts about this one. You sure he hasn't been akumatized? (goes to untie Bob)
Ladybug: Nope. He's like that all the time. (notices her earrings beeping) Gotta go! I'm about to transform back. See you soon, my kitty
Cat Noir: (enamored) I love when she calls me that"
simon_says_cat_noir_0001,"Outside the studio. A group of people are waiting for the elevator, but Simon Says comes out of it.","Cat Noir: I quit karate. (The elevator opens and a lady comes. She gets frightened.) Oh, hey there, Ladybug!
Cat Noir: Enough already. Cataclysm! (uses his Cataclysm to make the elevator malfunction, and the Gorilla falls.)
Ladybug: Nice seeing you too, Cat Noir
Cat Noir: Oh, sorry. I thought you were Simon Says"
simon_says_cat_noir_0002,Agreste mansion.,"Ladybug: Excuse me. (answers her yo-yo) Cat Noir, where were you?
Cat Noir: I, I was... keeping Simon Says at bay!
Ladybug: And? Cat Noir?
Cat Noir: (sees the hypnotized people) I couldn't keep him away. He's coming. He's got company. (Cat Noir enters the room) Close off all exits! They're coming from another direction! Do as I say! Engage the self-defense system, we need total lockdown! (Gabriel activates the total defense system.)"
simon_says_cat_noir_0003,Agreste mansion.,"Gabriel: How do you know so much about the system?
Cat Noir: Uh... In a house like this... it's, it's a given!
Gabriel: They won't get in. This house is built like a fortress"
simon_says_cat_noir_0004,Gabriel's atelier,"Announcer: Emergency power on
Cat Noir: There are too many of them. Your defense system is failing!
Ladybug: Adrien and Nino! I better go get them!"
simon_says_cat_noir_0005,Gabriel's atelier.,"Simon Says: Gotcha
Cat Noir: Well, that's just great
Simon Says: Welcome to another exciting hour of ""The Challenge""! Good evening again from Simon Says. Viewers, I've kept my promise. Here's Gabriel!"
simon_says_cat_noir_0006,TVi Studio.,"Ladybug: The akuma's gotta be in one of those cards
Cat Noir: But which one? There are so many of'em
Simon Says: Ladybug, Cat Noir, you can save him by giving me your Miraculouses. Do the right thing"
simon_says_cat_noir_0007,TVi Studio.,"Simon Says: Simon says... take off like an airplane! (throws an airplane card at Gabriel and he starts acting like an airplane, he runs out the room, making airplane-noises.)
Cat Noir: He's headed for the roof. We have to stop him
Ladybug: This is our last chance to capture the akuma and I can't do it alone! If we free Simon Says, we free Mr. Agreste too!
Cat Noir: Then let's not waste another minute"
simon_says_cat_noir_0008,TVi Studio.,"Simon Says: (gasps) Simon says
Cat Noir: Cataclysm! (uses his power to disintegrate the cards. He throws the deck to Ladybug, who throws it on the ground. The akuma flies off.)
Simon Says: That's not possible! I made your yo-yo useless!"
simon_says_cat_noir_0009,TVi Studio.,"Ladybug and Cat Noir: Pound it!
Cat Noir: I'm afraid your flight's been canceled, sir
Gabriel: You?
Cat Noir: Prefer Ladybug? Can't say I blame you. (He puts his arm around Ladybug's shoulder. his Miraculous beeps.)"
simpleman_cat_noir_0001,Roland Dupain's house.,"Marinette: And now, let's go save Adrien! (rushes off)
Cat Noir: Cataclysm!
Roland: Hang on, I don't get it. The villain is that cat girl?"
simpleman_cat_noir_0002,Under the Eiffel Tower.,"Ladybug and Cat Noir: SHADOW MOTH!
Cat Noir: An akumatized villain is going to want to fight us so they can steal our Miraculous!
Ladybug: Oh, boy, it's gonna be really complicated
Cat Noir: Wouldn't it be simpler to fight Shadow Moth directly?
Ladybug: Oh, of course!"
simpleman_cat_noir_0003,Under the Eiffel Tower.,"Ladybug: Candy! I love candy!
Cat Noir: Everyone loves candy!
Manon: No! Never take candy from a stranger!"
simpleman_cat_noir_0004,Under the Eiffel Tower.,"Ladybug: I'm tired of Miraculous! I don't want them anymore! (starts taking off her earings)
Cat Noir: Me neither! Superheroes are lame! (starts taking his ring off)
Shadow Moth: (from his lair) Oh, yes! Yes!"
simpleman_cat_noir_0005,Under the Eiffel Tower.,"Ladybug: But the bad guy is... too bad!
Cat Noir: Look how strong he is!
Simpleman: Ha! That's true!"
simpleman_cat_noir_0006,Under the Eiffel Tower.,"Ladybug: But I don't have a bicycle pump
Cat Noir: Can I just cataclysm the bad guy?
Shadow Moth: (from his lair) Hey! Explaining complicated stuff is cheating!"
simpleman_cat_noir_0007,Under the Eiffel Tower.,"Cat Noir: Cataclysm?!
Cat Noir: It's true, my power (is) super simple!
Ladybug: And repairing everything is even more simple! (Ladybug captures the akuma) Gotcha! (releases the purified akuma, fluttering away) Bye-bye, little butterfly. The only thing I have to say is"
sleeping_syren_cat_noir_0001,Collège Françoise Dupont roof. Kim sees Ladybug and Cat Noir in the distance.,"Kim: When someone's been akumatized I've got to wait for Ladybug to call me
Cat Noir: You're not sure which swimsuit to wear, m'lady?
Ladybug: No, I'm good, I've made my choice. (swipes the monkey symbol away and calls all of the Miraculers present) We're going to need reinforcements"
sleeping_syren_cat_noir_0002,Exterior of the building Sleeping Syren is at. Cat Noir is fighting the water guards.,"King Monkey: Uproar! (Throws a stapler at a water guard which transforms it into a giant mug with a monkey on it.)
Cat Noir: Cataclysm! (Busts open the door which lets him, Dragonbug, and King Monkey run into the building.)
Water Dragon: Only a knight who can defeat me will be worthy of waking the Syren
Cat Noir: Hey, am I the only one getting tired of these watered-down fairy tales?"
sleeping_syren_cat_noir_0003,Exterior of the building Sleeping Syren is at. Cat Noir is fighting the water guards.,"King Monkey: Uproar! (Gets a trumpet that he throws at another stream of water coming towards him, turning the stream into confetti that piles around him. However, the Dragon still manages to smack him into a wall.)
Cat Noir: We're going to need your magic wand, m'lady!
Dragonbug: Lucky Charm! (gets a bag of cement.) Perfect, cement!
Cat Noir: Are you planning on building a wall, bugaboo?
Dragonbug: You know what happens when you mix cement with water? Lend me a paw, kitty cat!"
sleeping_syren_cat_noir_0004,Exterior of the building Sleeping Syren is at. Cat Noir is fighting the water guards.,"King Monkey: Uproar. (gets a pencil and uses the eraser on Sleeping Syren's lips, transforming the lip balm into a snorkel.)
Cat Noir: Cataclysm
Dragonbug: No more evil doing for you, ultrakuma! (She opens up her yoyo.) Time to de-evilize! (She catches the ultrakuma.) Gotcha! Bye bye, little butterfly! (She releases the butterfly.) Miraculous Dragonbug!"
sole_crusher_cat_noir_0001,"Streets. Sole Crusher is chasing after Chloé, while Tikki is catching up to Sole Crusher.","Marinette: (turns to Sole Crusher) That's not true! (Sole Crusher looks down at Marinette) You don't have to crush anyone! (Sole Crusher turns towards Marinette.) There's no such thing as winners, or losers! (Sole Crusher becomes sad by this, realizing that Chloé had lied to her since she arrived to Paris.) There's just... people, with other unique differences and individualities!
Cat Noir: (jumps onto a rooftop and stands up. Marinette and Sole Crusher turns to him. He then turns to an now annoyed Sole Crusher.) Did someone start off on the wrong foot this morning?
Marinette: (to Cat Noir) I'm not finished! (turns back to Sole Crusher)
Cat Noir: Huh?
Marinette: Zoé, No one will judge you here. You can just be yourself. You might trip, you might fall, and there'll always be someone to help you back up. (I'll) always be there for you"
sole_crusher_cat_noir_0002,"Le Grand Paris, Chloé's room. Ladybug and Cat Noir bust her doors down.","André: I hid in here when I witnessed poor little Zoé getting akumatized
Cat Noir: You mean you saw everything?
Ladybug: Do you know where her sneakers are?
Cat Noir: (to Ladybug) Don't you find it strange that Sole Crusher didn't follow us here?
Ladybug: Let's make a run for it. (they run to the cellar)"
startrain_cat_noir_0001,Aboard the Startrain.,"Marinette: (gets into a bathroom and lets Tikki out of her purse.) No peace for Ladybug, obviously
Cat Noir: (sees Ladybug as she exits the bathroom)Ladybug? But, how did you get here?
Ladybug: Teleportation! Courtesy of the Horse Miraculous. And, you?
Cat Noir: I... was already on the train! Lucky, huh? Just like what they say about black cats?
Ladybug: No one must know that you were one of the passengers!
Cat Noir: There're hundreds of people on the train! I'm just a cat in a hay stack
Ladybug: Well, I guess you're right. Let's go and stop Startrain! (She starts heading down the car.)
Cat Noir: Why don't we use the Horse Miraculous to teleport the train back to Earth?
Ladybug: That would be pointless. She could make the train take off again just as quickly. We must capture the Akuma first!
Cat Noir: But if we do it while the train's up here in space, we'll all freeze and have no air to breathe
Ladybug: Which is why we must first reach Startrain, then capture the Akuma, and teleport back to Earth at the same time!"
startrain_cat_noir_0002,Passenger Car.,"Cat Noir: We... didn't know you were going to be here, otherwise we would've, for sure
Cat Noir: Reinforced plexiglass! Unbreakable, except for my...(He raises his hand.) Cata - !
Ladybug: (grabs his wrist) No, wait! We might need it when we're face-to-face with Startrain
Cat Noir: Max!"
startrain_cat_noir_0003,Passenger Car.,"Max: Got it!
Cat Noir: Well done!
Ladybug: Max! Markov! We need you to come with us to open the next door"
startrain_cat_noir_0004,Empty Passenger Car.,"Cat Noir: We'll protect you. (Max and Markov smile, and they all head to the next car.)
Cat Noir: What's happening?
Ladybug: We gotta be ready for anything! Lucky Charm! (A firefighter's helmet appears. Ladybug snatches it out of the air, and looks around.) I can't find any -"
startrain_cat_noir_0005,Empty Passenger Car.,"Cat Noir: She wasn't kidding, it feels like we're really close to the sun!
Cat Noir: (groans) Wooh! We almost got cooked in there!
Markov: I think we should classify this as a code red situation!"
startrain_cat_noir_0006,The Startrain's Operator Cab.,"Markov: (glitches and shuts down) I'm... getting... cold...!
Cat Noir: (bouncing off the walls) Cataclysm!
Ladybug: Hah! (throws her yo-yo, ensnaring Startrain)"
stoneheart_origins_part_2__cat_noir_0001,Outside the school. Stoneheart is still holding Mylène and Chloé captive.,"Chloé: You have no idea who you're dealing with. My daddy, the mayor, will bring in the police, the army, the entire cavalry!
Cat Noir: And don't forget the superheroes! (hits Stoneheart with his staff, but Stoneheart grows bigger) Oh no. My bad
Chloé: Ugh. Super incompetent, you mean"
stoneheart_origins_part_2__cat_noir_0002,Outside the school. Stoneheart is still holding Mylène and Chloé captive.,"Stoneheart: Don't worry, little monster. I'm gonna take care of you, too. (Chloé cringes)
Cat Noir: If you can hear me. Ladybug, I could use a little help!
Alya: What's she waiting for?
Cat Noir: Let go, you rockhead!
Alya: (HELP!!)"
stoneheart_origins_part_2__cat_noir_0003,Outside the school. Stoneheart is still holding Mylène and Chloé captive.,"Ladybug: He's right, you know. If I'd captured Stoneheart's akuma the first time around, none of this would have happened! I knew I wasn't the right one for this job
Cat Noir: No. He's wrong, because without you, she'd no longer be here. (they look at Chloe) And because without us, they won't make it, and we'll prove that to 'em. Trust me on this, okay?
Ladybug: Okay"
stoneheart_origins_part_2__cat_noir_0004,Outside the school. Stoneheart is still holding Mylène and Chloé captive.,"Stoneheart: You'll never take Mylène from me! Come to me, my stone beings! (climbs up the Tower)
Cat Noir: We're surrounded! What do we do now? We can't attack him
Ladybug: Yes, but we know where the akuma is
Cat Noir: In his clenched fist. The one he's holding Mylène with. So
Ladybug: So we know he's in love with her. That's it! We don't separate Stoneheart and Mylène. We bring them closer together! They're made for one another! It's just that they don't know it yet
Cat Noir: Uh. I'm not really following you, but guess I better trust you. Something tells me that this is how it's gonna be from here on out"
stoneheart_origins_part_2__cat_noir_0005,Outside the school. Stoneheart is still holding Mylène and Chloé captive.,"Ladybug: Everything's gonna be alright!
Cat Noir: How are you planning to get them closer than they already are?
Ladybug: By using our powers! Lucky Charm! (a parachute appears) A parachute? What am I supposed to do with this?
Cat Noir: (gets thrown away by a stone being and screams) You sure you know what you're doing?
Ladybug: We'll find out soon enough! (uses her yo-yo to tie Stoneheart's hand) His hand! Get ready!"
stormy_weather_2_cat_noir_0001,"At Parisian streets after Ladybug's transformation offscreen, Cat Noir came with her to see the more powerful Stormy Weather.","Stormy Weather II: I'm going to use this volcano to move the Earth away from the sun. Soon the world will plunge into a perpetual winter, and Earthlings will be nothing but frozen food. Then you'll realize just how powerful I really am. (laughs evilly and creates lightning)
Cat Noir: Can she really do that?
Ladybug: Probably. But don't worry, kitty. We're not gonna let her rain on Paris' parade
Cat Noir: Hey! Was that a pun I heard, m'lady?
Ladybug: Yep. A little change is good, don't you think? (heads towards Stormy Weather)
Cat Noir: I love that girl! (follows Ladybug)"
stormy_weather_2_cat_noir_0002,Flashback from Despair Bear.,"Chloé: (Okay, Ladybug! (Spins the Table Umbrella as the Yo-yo string attached to the Puppet head gets detached from Cat Noir's leg.)
Cat Noir: (Ladybug? What are you doing?)
Ladybug: (Oh, nothing. Just saving your skin with the help of our new little sidekick.)"
stormy_weather_2_cat_noir_0003,Flashback ends: Flashback from Mayura begins.,"Cat Noir: (We still don't know where his akuma is hidden.)
Cat Noir: (This might be a good time to use that Lucky Charm of yours, don't you think?)
Ladybug: (I need all of us to make it work! I can't do anything with it now! (the akumatized villain begins to surround Ladybug and Cat Noir)"
stormy_weather_cat_noir_0001,City. Stormy Weather leaves the park.,"Ladybug: Ah! Uhh... Marinette told me! She's coming right back, okay? (swings away)
Cat Noir: Hey Ice Queen, what's with all the terrorizing? Why don't you pick on someone your own temperature?
Stormy Weather: My name is (not) Ice Queen! It's Stormy Weather!
Cat Noir: Listen. I'm (feline) more generous than usual today. So cool down and we'll call it quits, 'kay?"
stormy_weather_cat_noir_0002,City. Stormy Weather leaves the park.,"Cat Noir: Listen. I'm (feline) more generous than usual today. So cool down and we'll call it quits, 'kay?
Cat Noir: Waaaaaahhh! (he flies a long way and lands in a nearby street)
Ladybug: I thought cats always landed on their feet
Cat Noir: Why thanks, my Ladybug, but I had it covered. (kisses Ladybug's hand)
Ladybug: Huh? (pushes Cat Noir back by his nose) No time for your childish charm, Cat Noir. But you're welcome"
stormy_weather_cat_noir_0003,City. Stormy Weather leaves the park.,"Ladybug: Hoaaah!
Cat Noir: Uhhhhh!
Stormy Weather: Not you again! (fires a windy blast at them, knocking them backward through the air, along with several vehicles)"
stormy_weather_cat_noir_0004,City.,"Stormy Weather: (from the screen) Prepare for the worst weather in history!
Cat Noir: (sees a poster of Aurore) Hey! That girl reminds me of someone!
Ladybug: It's her! The akuma must be in her parasol!"
stormy_weather_cat_noir_0005,"Darkened KIDZ+ building. Ladybug and Cat Noir, who continues leading her by the hand, are looking for Stormy Weather, using Cat Noir's night vision.","Ladybug: Okay, that's enough. I think I can manage to--
Cat Noir: Duck!
Ladybug: --follow your lead on this one"
stormy_weather_cat_noir_0006,"Darkened KIDZ+ building. Ladybug and Cat Noir, who continues leading her by the hand, are looking for Stormy Weather, using Cat Noir's night vision.","Cat Noir: Cataclysm!
Cat Noir: (to Stormy Weather) Hey, Coldilocks! Is that all you got?
transformation music from Cat Noir: plays. Stormy Weather attacks Cat Noir with lightning, but he dodges. He uses his Cataclysm to make the billboard fall down, its aim toward Stormy Weather. She blasts a hole in it and Ladybug wraps her yo-yo around Stormy Weather's ankle. The"
strikeback_shadow_moth_s_final_attack_part_2__cat_noir_0001,Roue de Paris. Strikeback throws the landmark towards the Parisians.,"Ladybug: What's wrong with you? It's dangerous to stay here, shoo!
Cat Noir: Hey, little buddy old pal! Over here!
Ladybug: Don't stay here, otherwise you risk getting hit by the bad guy! (leaps off)"
strikeback_shadow_moth_s_final_attack_part_2__cat_noir_0002,Roue de Paris. Strikeback throws the landmark towards the Parisians.,"Ladybug: Nice one, Rena
Cat Noir: (surprised) Huh? Rena Rouge? Where is she?
Ladybug: Uh... Rena who?"
strikeback_shadow_moth_s_final_attack_part_2__cat_noir_0003,On top of the city hall.,"Ladybug: Cat Noir, you need to de-transform!
Cat Noir: What??
Ladybug: Until I've de-akumatized him, I can't leave you with your cataclysm. It's too risky! Minotaurox, Purple Tigress, Polymouse, with me! We'll never be able to beat the sentimonsters until we defeat Risk! Everyone else, try to limit the damages"
strikeback_shadow_moth_s_final_attack_part_2__cat_noir_0004,Parisian streets. Cat Noir is pinned on a building by Strikeback. He activates his cataclysm.,"Cat Noir: Cataclysm!
Cat Noir: No!
Strikeback: Strikeback!"
strikeback_shadow_moth_s_final_attack_part_2__cat_noir_0005,"Present timeline, Paris. Pennybug and Flairmidable step out the Burrow.","Ladybug: No more evil doing for you, megakuma! (catches the megakuma and proceeds to throw her lucky charm object) Miraculous Ladybug!
Cat Noir: (on the rooftops) Yeah, uh- actually, how about we continue this later? You guys stay right there, okay? (He flees quickly away from Strikeback who brings yet another blow on where he stood. He proceeds to hide behind a chimney as he sees Ladybug admiring Flairmidable's skills.)
Ladybug: Awesome! Well done! You did what's needed to be done on your first try. I knew you were the one I needed! You really are the best, Adri— I mean"
strikeback_shadow_moth_s_final_attack_part_2__cat_noir_0006,"Rooftops of the Jardins du Trocadéro, Ladybug is sitting all by herself under the rain for the darkest hour of France, sobbing. Now Master Wang Fu's failure is complete. Then, out of nowhere, in front of the Eiffel Tower, Shadow Moth (now known as Monarch) starts to laugh maniacally as he appears with his head shaped with his akumas, alongside with all the powers of the Miraculous, to Ladybug's horror.","Ladybug: I've lost EVERYTHING! (Sobs)
Cat Noir: You haven't lost me
Ladybug: Why don't you just give up on me? I've lost ALL the Miraculous! I'm the worst Guardian EVER! I wanted to control everything, I didn't listen to you, I lied to you, I kept you at a distance! Every time you offered me a helping hand, I never took it! I really made a mess of EVERYTHING! (continues sobbing)
Cat Noir: (reaches out his hand to Ladybug) M'lady"
strikeback_shadow_moth_s_final_attack_part_2__cat_noir_0007,"Rooftops of the Jardins du Trocadéro, Ladybug is sitting all by herself under the rain for the darkest hour of France, sobbing. Now Master Wang Fu's failure is complete. Then, out of nowhere, in front of the Eiffel Tower, Shadow Moth (now known as Monarch) starts to laugh maniacally as he appears with his head shaped with his akumas, alongside with all the powers of the Miraculous, to Ladybug's horror.","Cat Noir: (reaches out his hand to Ladybug) M'lady
Cat Noir: We're gonna get them back one by one…until the very last. And we'll make sure this never happens again
Ladybug: You...and me?
Cat Noir: You, the best superhero there ever was, (points at the huge crowd of Parisians below them, cheering for them) them, the people of Paris"
style_queen_queen_s_battle_part_1__cat_noir_0001,Dressing room. Adrien is looking at himself in the mirror and fixing something about his jacket.,"Adrien: (takes the feather out of Marinette's hand) Marinette, everything's gonna be fine. Your hat looks great; I think it's awesome; so does my father. Otherwise he wouldn't have picked it for me. Look. (puts on the hat; does a
cat: walk-walk down the dressing room; Marinette squeals) See?
Marinette: (chuckles) You got that catwalk down!"
sublimation_episode__cat_noir_0001,"The streets of Paris. Bob Roth is being driven away, but then the car is stopped.","Ladybug: (To Cat Noir) Hide him somewhere Sublimation won't find him
Cat Noir: You've got it!
Bob: Oh, why'd you put me in here?
Cat Noir: Maybe it's cause your attitude stinks"
sublimation_episode__cat_noir_0002,"The rooftops. Sublimation kicks Ladybug, causing her to roll down a roof.","Caroline: Sublime idea!
Cat Noir: Now it's you against us!
Sublimation: You should be ashamed of protecting a scoundrel like Bob Roth!"
sublimation_episode__cat_noir_0003,"The rooftops. Sublimation kicks Ladybug, causing her to roll down a roof.","Ladybug: Lucky Charm!
Cat Noir: What plan are we rolling with, M'Lady?
Ladybug: I...I don't know"
sublimation_episode__cat_noir_0004,"The rooftops. Sublimation kicks Ladybug, causing her to roll down a roof.","Sublimation: You must be a better version of yourself, Ladybug. Don't you wanna know?
Cat Noir: Everyone's allowed to make mistakes, and honestly, I don't see how there could be a better version of you, M'Lady
Ladybug: Do you really mean it, Cat Noir?
Cat Noir: I never lie. She's powerless against you"
sublimation_episode__cat_noir_0005,"The rooftops. Sublimation kicks Ladybug, causing her to roll down a roof.","Cat Noir: I never lie. She's powerless against you
Cat Noir: M'Lady, what are you-
Sublimation: You are now sublimed! (To Cat Noir) Be better!"
syren_cat_noir_0001,Paris. Cat Noir is being chased by two black panthers.,"Cat Noir: How about some tasty chops, instead? (leaps away with his staff)
Cat Noir: (holds up fist) Pound i— (looks back at Ladybug and Rena Rouge running away) Hey, where're you going?
Ladybug: Rena's about to transform back
Cat Noir: So (you're) allowed to know her true identity, but (I'm) not?
Ladybug: Because (I) have to get her Miraculous back
Cat Noir: So what's my role, then? The guy who's always left in the dark? What else are you hiding from me?"
syren_cat_noir_0002,Paris. Cat Noir is being chased by two black panthers.,"Ladybug: (still to Cat Noir) Okay, I'll talk to him about it
Cat Noir: Him? Who's him?
Ladybug: Uh...when the time is right, Cat Noir, I promise. (departs with Rena Rouge)
Cat Noir: (to himself) I hate secrets"
syren_cat_noir_0003,Theater roof. The entire city is flooded almost to that level.,"Syren: Never!
Cat Noir: Ladybug? (leaps up, catches her, and lands with her on a roof) You didn't tell me you were going swimming today
Ladybug: I wasn't planning on it; ladybugs aren't exactly cut out for deep-sea diving, you know
Cat Noir: Cats aren't exactly crazy about water either, you know. Is there any (chance) you can get us a submarine? (winks at Ladybug)
Ladybug: (responding to his hint) (Paw)ssibly, kitty cat. Lucky Charm! (A potion bowl appears)
Cat Noir: Huh. Well, we can always use it to scoop up the water. It'll just take a (long) time
Ladybug: (gasps as she realizes the significance of the bowl) I'll be right back! (starts to run off, but Cat Noir grabs her wrist)
Cat Noir: Wait! Where're you going?
Ladybug: (hesitantly) I can't
Cat Noir: (disappointedly) Say anything. Yeah, I know. But we (are) a team, aren't we? (turns away from Ladybug) I'm tired of all these secrets
Ladybug: I'm sorry. It's not exactly easy for me either, trust me. (she leaps away while Cat Noir turns to see her leaving him)"
syren_cat_noir_0004,"Paris underwater. Syren swims out of the swimming pool building, and searches around for Kim and Ladybug.","Aquabug: (using her ear-communicator) Cat Noir! Are you all right?
Aqua Noir: (likewise) Yeah, Bugaboo. Like a fish in water
Aquabug: Great! Now, be ready to strike! (swims along until she swims through a car with its doors open on both sides, Syren following until she enters the same car) Cat Noir! Now!
Aqua Noir: Looks like I got a nibble! (pulls the car Syren is trapped in out of the water, and lets it impact on the roof; then looks in the car window) How cool! I always wanted a goldfish! (imitates a goldfish breathing with his mouth and flapping his hands on the sides of his head)
Aquabug: No more evil-doing for you, little akuma. Time to de-evilize! (captures the akuma and purifies it) Gotcha! Bye bye, little butterfly. (throws the car key in the air) Miraculous Ladybug!
Aqua Noir: Thank you for keeping your promise, M'Lady
Aquabug: (raises her fist) We (are) a team, aren't we?"
the_bubbler_cat_noir_0001,Rooftops. Ladybug is running towards the fireworks.,"Ladybug: But adults keep children safe and protected. They care for their kids, they love them!
Cat Noir: (to himself) Most adults do anyhow. (Cat Noir is talking about his civilian self's father, Gabriel) (to Bubbler) You must bring the adults back!
Bubbler: Nope, never. Know what, since you care about these adults so much, why don't you go float with them for a while? (he runs at them and kicks the bubble high up into the sky. Ladybug and Cat Noir scream and the teenagers gasp.)"
the_bubbler_cat_noir_0002,Green bubble up in the sky. Ladybug and Cat Noir are trying to burst the bubble.,"Ladybug: Use your Cataclysm!
Cat Noir: Couldn't you have said that five hundred feet ago?
Ladybug: We can't stay stuck in this bubble together forever. (Cat Noir smirks, Ladybug facepalms)
Cat Noir: Cataclysm! (touches the bubble and it bursts. They start falling)
Ladybug: Should we see if you land on your feet this time?
Cat Noir: No, thanks!
Ladybug: Your stick, there! (points to the Eiffel Tower)
Cat Noir: Got it! (throws his staff so hard it gets stuck in the Eiffel Tower. Ladybug takes his hand.)
Ladybug: Hang on! (she throws her yo-yo. It catches around the Cat Noir's staff, and they swing and land safely.)
Cat Noir: Good thing cats aren't afraid of heights
Ladybug: We've got to get to his bubble sword, that's got to be where the akuma is. (Cat Noir's ring beeps.)
Cat Noir: We Better hurry"
the_bubbler_cat_noir_0003,Agreste Mansion front. The Bubbler tries to get the party going again.,"Bubbler: Outer space is the next stop for your precious peeps, and they're never coming back!
Cat Noir: I'm gonna switch back soon, hurry
Ladybug: Lucky Charm! (The Lucky Charm superpower gives her a big wrench)
Cat Noir: Your... plumbing skill is gonna help us out? (Ladybug shrugs and The Bubbler throws more explosive bubbles at Cat Noir. He dodges them, ending up atop a beam.)"
the_bubbler_cat_noir_0004,Agreste Mansion front. The Bubbler tries to get the party going again.,"Cat Noir: Your... plumbing skill is gonna help us out? (Ladybug shrugs and The Bubbler throws more explosive bubbles at Cat Noir. He dodges them, ending up atop a beam.)
Cat Noir: Could use a little work! Is that all you got?
Ladybug: (her Lucky Vision shows her a vent, a vent pipe, the screw connecting them, and the wrench) Got it! (she runs towards the pipe while Cat Noir is still dodging bubbles. She loosens the screw and the pipe comes off. It goes up to where Cat Noir is standing.) Cat Noir, cover me! (Cat Noir takes the pipe)
Cat Noir: Go on! (The Bubbler throws more bubbles at him, but the air flowing from the pipe deflects them. The Bubbler raises his bubble sword once again, but Ladybug throws her yo-yo and snatches the sword, bringing it to her. She breaks the sword in half with her knees. The akuma flies out of the sword.)
Ladybug: Get out of there, you nasty bug. No more evil doing for you, little akuma. (opens her yo-yo) Time to de-evilize! (captures the akuma and closes the yo-yo) Gotcha! (opens the yo-yo again and releases purified butterfly.) Bye-bye, little butterfly. Miraculous Ladybug! (throws the wrench up in the sky, and the magical ladybugs' cleansing light returns every adult to safety. The Bubbler turns back to Nino.)"
the_collector_cat_noir_0001,Gabriel's atelier. Ladybug and Cat Noir find many broken pieces of furniture as they come to investigate.,"Ladybug: The akuma's gotta be in that book!
Cat Noir: Yeah, but if we touch it, we'll disappear!
Ladybug: Lucky Charm! (A set of pedals appears) A pedal? (Ladybug tries her Lucky Vision to figure out what to do with the pedal, but sees nothing.) I have no idea what to do with this. We need to stall him"
the_collector_cat_noir_0002,Gabriel's atelier. Ladybug and Cat Noir find many broken pieces of furniture as they come to investigate.,"Ladybug: No!
Cat Noir: So that must mean...Gabriel Agreste can't possibly be Hawk Moth, since he's been akumatized!
Ladybug: You call Agreste turning into the Collector good news?!"
the_collector_cat_noir_0003,Adrien's room. Ladybug and Cat Noir arrive there after the Collector chases them up there.,"Ladybug: Cat Noir, I need ammunition!
Cat Noir: You need what?
Ladybug: We're gonna complete his collection!
Cat Noir: Very smart M'Lady, quite ingenious
Ladybug: Less talking, more doing!
Cat Noir: Cataclysm!
Ladybug: Ready, Cat Noir?
Cat Noir: I'm always ready for you, M'Lady!
Ladybug: Come on! Come on!
Cat Noir: No more ammo!"
the_collector_cat_noir_0004,Adrien's room. Ladybug and Cat Noir arrive there after the Collector chases them up there.,"Ladybug: (notices the spots on her earring are about to wear off and warns Cat Noir) We're about to transform back. Goodbye, Mr. Agreste
Cat Noir: Don't worry yourself, sir. I'm sure your son is safe and sound
Gabriel: See you very soon!"
the_dark_castle_cat_noir_0001,Rooftop near the Louvre. Cat Noir joins Ladybug on the roof.,"Cat Noir: M'lady
Cat Noir: You think they're trying to get in for free?
Ladybug: I doubt they're fans of art
Cat Noir: They don't look like fans of ours either
Ladybug: It's nice of you to join us but we'll take the unguided tour!
Cat Noir: Cata-
Ladybug: Careful, kitty! You could hurt the akumatized villain if they turn out to be one of them!
Cat Noir: You're right, m'lady"
the_dark_castle_cat_noir_0002,Rooftop near the Louvre. Cat Noir joins Ladybug on the roof.,"Cat Noir: You're right, m'lady
Cat Noir: Huh? No one! May I?
Ladybug: Sure, kitty
Cat Noir: Cataclysm! (He destroys the moving armor completely) There's no ultrakuma in this one!
Ladybug: (Knocks a knight's head off with her yo-yo.) No one in here either!
Cat Noir: Come on, where's the akumatized villain?"
the_dark_castle_cat_noir_0003,"Interior of the Louvre. The heroes jump into the building through the broken glass pyramid, where they face off against more knights.","Dark Castle: Decadent art that tarnishes the values of monarchy!
Cat Noir: More like art that upholds the values of democracy!
Dark Castle: There is nothing you can do to stop the return of monarchy!"
the_dark_castle_cat_noir_0004,"Exterior of the Louvre. They make it out, getting out of the Louvre through the broken glass pyramid and stopping in front of it.","Cat Noir: Cataclysm!
Cat Noir: M'lady, I think I found the akumatized object
Dark Castle: You'll never reduce the monarchy to ashes"
the_dark_castle_cat_noir_0005,"Exterior of the Louvre. They make it out, getting out of the Louvre through the broken glass pyramid and stopping in front of it.","Dark Castle: Tallyho!
Cat Noir: (slightly out of breath) How are we supposed to know where it'll reappear next?
Ladybug: We can't without a great stroke of luck
Cat Noir: Are you suggesting a picnic, m'lady?
Ladybug: No, I have another plan. A tied-up one"
the_dark_castle_cat_noir_0006,"Exterior of the Louvre. They make it out, getting out of the Louvre through the broken glass pyramid and stopping in front of it.","Ladybug: and
Cat Noir: Pound it!
Ladybug: Bunnynette, I'm done!"
the_dark_owl_cat_noir_0001,Place des Vosges,"Ladybug: Mr. Owl, we've told you already. It's not the same for us. We're (real) superheroes!
Cat Noir: With (real) superpowers! (Whiskers meows when Cat Noir hands him to Mrs. Michelle) And magic suits
Mr. Damoclès: I know. But since I was a little boy, I only ever dreamed of becoming a real superhero!"
the_dark_owl_cat_noir_0002,Alya's room. Alya hangs up her phone.,"Alya: So, how was I?
Cat Noir: Nailed it!
Ladybug: Now you just need to put this on"
the_dark_owl_cat_noir_0003,"Place des Vosges. Mr. Damoclès arrives to ""rescue"" Ladybug and Cat Noir","Ladybug: We're sorry Mr...Owl. We didn't mean to!
Cat Noir: Don't take it the wrong way!
Alya: (takes off her costume and returns the fake Miraculouses to Ladybug) Sorry it was a bust, Ladybug. You were trying to do the right thing
Cat Noir: Yeah. Now we just have to hope no one hears about it"
the_dark_owl_cat_noir_0004,Stade des Princes. Cat Noir arrives to look for Dark Owl.,"Dark Owl: Ha! (catches the detonator) Hoo-Oops! Time flies! This is your last chance to save that helpless kitten! (throws the detonator onto the top of the crate)
Cat Noir: What's he get against cats?
Ladybug: Heroes don't hurt innocent beings, Dark Owl!"
the_dark_owl_cat_noir_0005,Inside the crate,"Ladybug: Close your eyes, and no peeking
Cat Noir: We can't do this
Ladybug: Trust me. (Ladybug and Cat Noir both close their eyes) Spots off. (transformed back to Marinette)
Cat Noir: Claws in. (transformed back to Adrien)"
the_dark_owl_cat_noir_0006,Stade des Princes.,"Ladybug: Hey, what did you expect? (While Ladybug speaks, a flashback shows Marinette switching the Miraculouses with the fake ones. She also gave Tikki a macaron which the latter also shares it with Plagg) A superhero never reveals her secrets I'd thought you know better. I've got plan A, plan B and all the alphabets to Z. Did you really think we could give you our Miraculouses? We're superheroes! We are Ladybug
Cat Noir: and Cat Noir! By the way, say hi to Hawk Moth for us. (Cat Noir chuckles) Hope he enjoys his new toys!
Hawk Moth: (from his lair as he steps on the fake Miraculouses) Destroy them, Dark Owl! If you fail again you can bid your superpowers farewell!"
the_dark_owl_cat_noir_0007,Stade des Princes.,"Ladybug: The Knightowl has a partner! So does Dark Owl!
Cat Noir: (restraining Dark Owl) He's all yours, my Lady
Ladybug: Dark Owl's akumatized object isn't just on him! It's in his lair! Don't let him get away, Cat Noir. I'm off to the school
Cat Noir: See that? Reading comic books can save lives"
the_evillustrator_cat_noir_0001,"Meanwhile at Le Grand Paris Hotel, Ladybug and Cat Noir had a discussion with Chloé in her room about Nathaniel becoming the Evillustrator by Hawk Moth and his akuma","Ladybug: Sorry, I'm just a little camera shy
Cat Noir: Looks like somebody's got a fan!
Ladybug: Yeah, great
Cat Noir: So what's the deal? Why are you acting so weird? Come on, you gotta admit that having this girl worship you is pretty awesome
Ladybug: (sees Nathaniel's drawing, spoiled by Chloé) Ugh, seriously? I'm over this! Let's go!
Cat Noir: Are you kidding me? And what if the Evillustrator attacks her again?
Ladybug: Fine! You stay! Later!
Cat Noir: What do you mean later?
Ladybug: I mean, you're the one who wants to protect her, so you don't need me. So, later! (swings away)"
the_evillustrator_cat_noir_0002,Dupain-Cheng house. Sabrina arrives at the front door.,"Sabrina: (grabs homework) I can't believe I did your geography homework for you
Cat Noir: Whoo-hoo! I thought I was going to have to save you from that girl's claws. Get it? Claws? Hey, I haven't even introduced myself. I'm Cat Noir
Marinette: Uh, yeah... I know! You kinda save the day all the time and stuff...I'm Marinette! So... What are you doing here?
Cat Noir: Well, that birthday boy date of yours is bad news. But don't worry. You'll be safe with me
Marinette: That puts my mind at ease
Cat Noir: But I am going to need a little help. Care to assist a superhero?
Marinette: (turns around, making faces) What about Ladybug? Aren't you a duo?
Cat Noir: She's busy with something tonight, so...You get to be my Ladybug
Marinette: (stops and turns back around) Me and Cat Noir? Fighting crime together? Amaazing! What do I do?
Cat Noir: Just get that drawing pencil away from it, little lady. I'll take care of the rest. (jumps away)
Marinette: (giggles)"
the_evillustrator_cat_noir_0003,"The Seine, near Notre Dame, at night. The Evillustrator is preparing everything for his birthday date.","Evillustrator: And I'm taking back my promise! Chloé's gonna get a little lesson she'll never forget! (erases a hole in the boat, making it start to sink, and escapes)
Cat Noir: We've been penned in! Literally!
Marinette: Cat Noir, your stick! Like this! (indicates placing the stick against the ceiling of the cube) And extend it!
Cat Noir: Great thinking!
Marinette: Yeah...I'm a genius
Cat Noir: Gotta go. A superhero's work is never done. (starts counting on fingers) Damsels in distress, ladies in waiting... I've got a lot more saving to do. You can thank me later. (jumps away)"
the_evillustrator_cat_noir_0004,The hotel.,"Chloé: Oh! It's not true! Everybody adores me!
Cat Noir: Look out! (gets knocked out by one of the gloves)
Ladybug: The light! Cat Noir! He can't draw in the dark!
Cat Noir: Got it! (sees a light switch)"
the_evillustrator_cat_noir_0005,The hotel.,"Cat Noir: Got it! (sees a light switch)
Cat Noir: Cataclysm! (uses his Cataclysm to hit the light switch, but the Evillustrator erases it, and Cat Noir breaks the wall instead)
Evillustrator: Here you go, kitty. (draws a ball and chain) A little ball and chain to play with. (they appear on Cat Noir's ankle)
Cat Noir: Hey!
Evillustrator: Sadly, those who get in my way get erased. (erases a giant hole in the floor, and Cat Noir is about to fall into it. Ladybug tries not to fall)
Cat Noir: (his Miraculous beeps, showing one pad) No, no, no, no, no!"
the_evillustrator_cat_noir_0006,The hotel.,"Evillustrator: Before you go, you have something I want
Cat Noir: Ladybug! This cat doesn't have nine lives!
Ladybug: Lucky Charm! (Lucky Charm gives her a bouncy ball)"
the_evillustrator_cat_noir_0007,The hotel.,"Ladybug: (uses her Lucky Vision, and spots the lights and lamps) Gladly! (throws the bouncy ball at the lamps, breaking them, and turning everything dark. She then drags the Evillustrator, making him fall. She grabs his pencil, and breaks it, releasing its akuma)
Cat Noir: (his Miraculous beeps again) Hurry! (the ball and chain disappear, so he manages to get out of the hole)
Ladybug: No more evil-doing for you, little akuma! Time to de-evilize! (captures the akuma) Gotcha! (releases the purified butterfly) Bye bye, little butterfly"
the_illustrhater_cat_noir_0001,Streets of Paris. Cat Noir jumps in.,"Adrien: Huh?
Cat Noir: Did she call you?
Two boy civilians: Woah!"
the_illustrhater_cat_noir_0002,Streets of Paris. Cat Noir jumps in.,"Ladybug: Always there for you, Polymouse. Don't you forget it! Bug out!
Cat Noir: Uh, m'lady? Are you bored or something?
Ladybug: No! Of course not! Why would you ask that?
Cat Noir: You could've let Polymouse handle this on her own, don't ya think? Aren't you the one who said as long as it's not someone akumatized, do whatever you want?
Ladybug: But it's always nice to have some help. Where were you, by the way? I haven't seen you all day when I haven't stopped for a minute
Cat Noir: Hold on, hold on. I thought you handed out all the Miraculous precisely so you wouldn't have to take care of everything and everyone, and get some private time?
Ladybug: Yeah, well, I have no choice. What if something, ANYTHING happened? They could get hurt, or akumatized! No. As long as we're in the dark about the new holder of the Butterfly Miraculous, there's no way I'm leaving the others on their own. (gasps) There!"
the_illustrhater_cat_noir_0003,Streets of Paris,"Ladybug: Uh, we've been... super busy, but we're on our way
Cat Noir: Now that's an animated drawing!
Carapace: Happy to see you, my dudes"
the_illustrhater_cat_noir_0004,Streets of Paris,"Carapace: I bet the Ultrakuma's in the sketchbook!
Cat Noir: I bet it's in the pen!
Ladybug: (running on the drawing pole, with megaphone) Thank you for you drawing, but it'd be better if they stayed on the (page). Don't you think?"
the_illustrhater_cat_noir_0005,Streets of Paris,"Ladybug: Carapace, trap her in a shield to prevent her from fleeing. I'll wrap my yo-yo around it, then you'll make the shield disappear. She'll find herself tied up, and all you'll have to do is take her notebook and pencil to destroy them
Rena Rouge, Cat Noir &amp; Carapace: Got it!
Carapace: Shell-ter!"
the_illustrhater_cat_noir_0006,Rooftop,"Ladybug: Lucky Charm! (summons art supplies)
Cat Noir: A box for art supplies? (jumps; flies away on rocket)
Ladybug: Exactly what I needed"
the_illustrhater_cat_noir_0007,Rooftops,"Chrysalis (voice): Don't do that, Illustrhater! It's obviously a trap!
Cat Noir: Cataclysm!
Ladybug: No more evil doing for you, Ultrakuma. (spins yo-yo around) Time to de-evilize! (captures Ultrakuma; yo-yo closes) Gotcha! (releases butterfly) Bye bye, little butterfly"
the_illustrhater_cat_noir_0008,Rooftops,"Cat Noir: (off-screen) Wow!
Cat Noir: These are really awesome!
Ladybug: Yes, very pretty. Is this one of me?"
the_mime_cat_noir_0001,The streets. Adrien is in his car with Nathalie and the Gorilla. Nathalie is talking to Gabriel on the phone.,"Hawk Moth: Grab her Miraculous, the earrings! Now!
Cat Noir: Keep those hands to yourself, clown! It's okay, I've got this
Ladybug: My pleasure, Cat Noir"
the_mime_cat_noir_0002,"The streets. The Mime is riding his invisible car, but Ladybug and Cat Noir reach him.","Cat Noir: Hey! Wait!
Cat Noir: Nice ride, but if I were you, I would have at least made it a convertible
Ladybug: He's one of the actors from the theater troupe, and he's after that bus! (Mime gets out of the car) Where is he going? We gotta stop this thing!
Cat Noir: Slam down on the brake!
Ladybug: What brake? (sees a woman and a child crossing the street, and hits the invisible brake)
Cat Noir: Not bad, for driving an invisible car, Course, they'll never believe us if we tell them we just saved their lives
Ladybug: He's already off again! We gotta catch up with the bus before he does! (Cat Noir hangs her on his shoulder) What do you think you're doing?
Cat Noir: Good thing you have friends in high places. Hold on! (uses his staff to elevate Ladybug and himself up to the sky)
Ladybug: I could have done this on my own"
the_mime_cat_noir_0003,"The streets. The Mime is riding his invisible car, but Ladybug and Cat Noir reach him.","Ladybug: I don't know what's made you this violent, but I don't think your daughter Mylène would approve!
Cat Noir: He sure brings a whole new meaning to silent but deadly
Ladybug: (Ughhh...) Lucky Charm! (a shoebox appears)
Cat Noir: A shoebox? Great. There better be some explosive boots in there or something
Ladybug: Of course! We have to make him really angry! Blow his fuse!
Cat Noir: You don't think he's angry enough?
Ladybug: Cat Noir, you're good at annoying people, do your thing!
Cat Noir: Hey!... That is true
Ladybug: (takes Sarah's glasses) Gotta borrow these. (grabs the Mime poster) A box, a magnifying glass, some light... (uses the bus's light to project the Mime poster) Voila! A homemade projector. Hey, Mime! Nice poster, don't you think?"
the_mime_cat_noir_0004,Eiffel Tower at sunset. The Mime turns back into Fred.,"Chris: I'm sorry too. I was so desperate to perform that I lied to you about where we were meeting up
Cat Noir: Your earrings!
Ladybug: Better get going
Cat Noir: Such a shame. I could have been your date in the play tonight. Just you and me
Ladybug: Thanks, but I have other plans"
the_pharaoh_cat_noir_0001,Louvre. Pharaoh steals the scepter and the papyrus.,"Pharaoh: Sekhmet, give me your strength! (his face changes. He uses his strength to bend the bars, but Cat Noir appears)
Cat Noir: How nice of you to hold the door open for me! (attacks Pharaoh, but Pharaoh grabs him and throws him into a coffin)
Pharaoh: Enjoy your coffin! (laughs)"
the_pharaoh_cat_noir_0002,Louvre. Pharaoh steals the scepter and the papyrus.,"Alya: (slightly nervous) And don't forget! All the latest behind-the-scenes are on my blog!
Cat Noir: That Alya is one brave chick
Ladybug: If by brave, you mean bossy, feisty, and bold? Yup, that's her! Come on, get us out of here, Cat Noir!
Cat Noir: Cataclysm! (uses his Cataclysm to break the bars) How are we gonna find them?
Ladybug: Alya's got a livestream on her blog! (plays the video from the screen of her yo-yo)"
the_pharaoh_cat_noir_0003,Louvre. Pharaoh steals the scepter and the papyrus.,"Ladybug: Whoa! (Cat Noir catches her)
Cat Noir: Thanks for waiting around for me!
Ladybug: No problem! We've gotta find the hidden akuma and free it before he sacrifices that poor girl!"
the_pharaoh_cat_noir_0004,Outside the Louvre. The ritual is about to begin.,"Ladybug: We've gotta save her before he completes the ritual, or Alya will be gone, forever!
Cat Noir: What should we do?
Ladybug: Hold back the mummies while I take on the Pharaoh
Cat Noir: Why do I have to deal with these freaks while you get to slip calmly round back?
Ladybug: Because I'm the only one who can capture his akuma, and because you are the bravest one out of both of us! (winks)
Cat Noir: Sure"
the_pharaoh_cat_noir_0005,Outside the Louvre. The ritual is about to begin.,"Cat Noir: Sure
Cat Noir: I know you don't really think that, but I'll pretend you do
Mummies: Awaken, Nefertiti, Awaken... Awaken, Nefertiti, Awaken
Cat Noir: Hey there, you bunch of bandages! What do you say we wrap this up!"
the_pharaoh_cat_noir_0006,Outside the Louvre. The ritual is about to begin.,"Pharaoh: Seize him!
Cat Noir: Is that really as fast as you can go? (jumps between street lamps)
Pharaoh: Wait, this looks... like a trap!"
the_pharaoh_cat_noir_0007,Outside the Louvre. The ritual is about to begin.,"Pharaoh: Crush that insect!
Cat Noir: What the? (He sees three mummies about to throw a car at him, but Ladybug wraps her yo-yo around his ankle and pulls him to safety.)
Ladybug: Cat Noir! This way!"
the_puppeteer_2_cat_noir_0001,Statue Room with Parisian Celebrities.,"Adrien: (closes the elevator doors) Plagg, claws out! (Another glow emanates from the doors. Ladybug ties up the Hawk Moth with her yo-yo.)
Cat Noir: (jumping in) Whoa! You've captured Hawk Moth!
Ladybug: I (wish!) (pulls on her yo-yo, cutting the wax statue into pieces)
Cat Noir: Ohh, a wax statue
Ladybug: The Puppeteer is back! She must be here somewhere!
Cat Noir: We gotta find and save her!
Ladybug: The Hero's Room! That's where she found Hawk Moth's statue!
Cat Noir: After you, m'lady. (They run down to the Hero's Room.)
Ladybug: Look out! (They jump through the entrance, dodging the attacks of the Lady WiFi and Bubbler statues, who hit and trap each other. Ladybug wraps up a Puppeteer statue with her yo-yo, then lets it go.) It's not her, it's a statue! Look, (points) the real Puppeteer had a wand, remember?
Cat Noir: Then (this) Puppeteer must've taken it. (That's) where the akuma must be! (The statues start moving, and surround them.) Okay, who wants to play red light, green light? (""Guitar Villain"" and ""Dark Cupid"" attack Ladybug. Cat Noir fights a ""mummy"" from The Pharaoh.) Nobody's up for hopscotch, either?
Ladybug: Enough jokes, Kitty— There's a little girl at stake! (Cat Noir hits ""Rogercop"", Ladybug slices ""Darkblade."")
Cat Noir: (decapitates ""Timebreaker"") You know, M'lady, the worse the situation, the more I realize how amazing you are
Ladybug: How do you do that...? Ah! (dodges an attack from ""Pixelator"")
Cat Noir: (fending an attack from ""Rogercop"") Do what?
Ladybug: (fighting ""Pixelator"") I mean (so) much to you, how is it so (easy) for you to say these nice things to me, even in the worse situations? (slices the ""mummy"") The really important things are the (hardest) to say, aren't they?
Cat Noir: (breaks ""Rogercop's"" visor) It's precisely when something is important, that it's important to say it, no matter what
Ladybug: (smiles, then sees ""Thomas Astruc's"" head, some eyeballs, and couple hands coming down the stairs) The workshop— She's gotta be there! (takes off)
Cat Noir: (kicks ""The Mime"") Got it! (Ladybug jumps over ""Astruc's"" head, and exits. ""The Mime"" lassos Cat Noir who trips and falls. He is pinned down by ""Darkblade,"" ""Reflekta,"" and ""Evillustrator."" ""Astruc"" sucks on his finger, trying to get Cat Noir's ring.) Ahh, that's so gross! Ah! (""Kung Food"", ""Princess Fragrence,"" and ""Volpina"" land on top of him.)
Ladybug: (breaks the door handle) That should hold them for a bit. (They run up to the door of the workshop) Wait up! We don't know what we're gonna find behind this door, let's stack the odds in our favor! Lucky Charm! (catches it) A cardboard tube? What am I gonna do with this? (looks around, to no avail) I'll figure it out. Let's go! (kicks open the door, rolls in)"
the_puppeteer_2_cat_noir_0002,"The Hero's Room. Cat Noir defeats Kung Food, slicing him in half.","Ladybug: Ah! What's wrong with you!? (realizes) It's a statue!
Cat Noir: (puts away his staff) Cleaning done! It deserves a little scratch under the chin before going up, right? (He offers his cheek to a statue of Ladybug. It grabs his hands, and leans in for a kiss, so he doesn't see that it's taking off his ring.) Is that a new perfume, m'lady? This one smells like... (wax?) Cataclysm! (""Ladybug"" crumbles apart, Cat Noir runs out)
Ladybug: (the other statues corner her) We're done playing games! (knocks Puppeteer's wand out of her hands) Gimme that! (jumps for it)"
the_puppeteer_cat_noir_0001,Subway.,"Ladybug: Remember how we defeated Lady Wifi the first time?
Cat Noir: Take out the Wi-Fi signal! Gotcha!
Hawk Moth: Nice move, Puppeteer, good girl! Now - take her Miraculous!
Cat Noir: Cataclysm. (uses his power on Wi-Fi signal. Lady Wifi goes to get Ladybug's Miraculous, but the pause button disappears. Ladybug grabs Lady Wifi's phone)"
the_puppeteer_cat_noir_0002,Subway.,"Puppeteer: I want those dolls, Lady Wifi!
Cat Noir: Did you capture her akuma?
Ladybug: She didn't have one!
Cat Noir: How's that possible?
Ladybug: She's controlled by Puppeteer! She must have the akuma!
Cat Noir: Why, Lady Wifi's nothing but a puppet! (gasps) Please tell me you got the Cat Noir doll!
Ladybug: Sorry, only this one. (shows the Ladybug doll)
Cat Noir: We'd better find Puppeteer fast before she takes control of the other dolls! And me! (his Miraculous beeps)
Ladybug: Cat Noir, your ring! You're about to transform back!
Cat Noir: Don't let her make me a puppet! You know I like to be in command!
Ladybug: You mean second-in-command. Call me when you're back in business. (calls Nadja on her yo-yo)"
the_puppeteer_cat_noir_0003,TV studio.,"Cat Noir: Got it! (arrives, then taps her on the shoulder and Ladybug wrenches his arms)
Cat Noir: I'm OK, not a puppet yet! But I'd love to find the akuma before that changes
Ladybug: (giggles nervously): Sorry! On three, One... two... three!"
the_puppeteer_cat_noir_0004,TV studio.,"Hawk Moth: Use Cat Noir to seize Ladybug's doll! When you control that one, you'll have won everything, and Ladybug will be defeated!
Puppeteer and Cat Noir: Gimme that Ladybug doll! I'm gonna get your Miraculous!
Ladybug: Not so fast, rugrat! (aims her yo-yo and starts swinging, noting Puppeteer's wand) The Akuma must be in there. (tries to grab the wand with her yo-yo)"
the_puppeteer_cat_noir_0005,TV studio.,"Ladybug: No more evil doing for you, little akuma. Time to de-evilize! (captures the akuma with her yo-yo) Gotcha! (releases the purified butterfly) Bye bye, little butterfly. Miraculous Ladybug! (throws the Lucky Charm into the air and fixes everything. Evillustrator is turned back into Nathaniel, Rogercop is turned back into Roger, Lady Wifi is turned back into Alya and The Puppeteer is turned back into Manon.)
Cat Noir: What happened?
Ladybug: You were a puppet! But don't worry, you didn't do anything foolish!
Cat Noir: Good. And Ladybug, FYI, you can pull my heartstrings any day! (winks)
Ladybug: Hahaha! I think I liked you better when you sounded like a five-year-old girl!"
the_ruler_cat_noir_0001,Collège Françoise Dupont. Back at the front of the school where Ladybug is still fighting The Ruler.,"Ladybug: We have to destroy all her gear piece by piece
Cat Noir: Luckily for you m'lady, that's my specialty. A-meow-zing aren't I?! (He jumps down and starts fighting The Ruler) Cataclysm!
Ladybug: and"
the_ruler_cat_noir_0002,Collège Françoise Dupont. Back at the front of the school where Ladybug is still fighting The Ruler.,"Cat Noir: (robotic voice) Must cataclysm Ladybug! Must cataclysm Ladybug!
Cat Noir: (robotic voice) Must cataclysm Ladybug! (runs away) Must cataclysm Ladybug!
Ladybug: Lucky Charm! (She gets a rope.)"
the_ruler_cat_noir_0003,Collège Françoise Dupont. Back at the front of the school where Ladybug is still fighting The Ruler.,"Ladybug: Children must follow their own path, not a path that is planned for them. (She creates and gives a Magical Charm to Shirel) This magical charm will help you remember that
Cat Noir: and
Caprikid: Pound it!"
timebreaker_cat_noir_0001,The Trocadéro.,"Timebreaker: One and a half minutes. You won't be able to stop me where I'm going, Ladybug!
Cat Noir: (touches Timebreaker with his staff) Let me guess. We're all playing a game of tag and you're it?
Timebreaker: Exactly!"
timebreaker_cat_noir_0002,The Trocadéro.,"Ladybug: Nooo!
Cat Noir: Well, she wastes no time, does she?
Ladybug: (growls) And the more people she freezes, the more minutes she gets to go farther back in time! Those poor kids frozen in time...They're goners if we don't get that akuma!"
timebreaker_cat_noir_0003,"Trocadéro. The Timebreakers are skating, and Ladybug and Cat Noir chase them.","Timebreaker 2: And get our watch!
Cat Noir: I thought we were chasing them!
Timebreakers: (screaming)"
timebreaker_cat_noir_0004,"Trocadéro. The Timebreakers are skating, and Ladybug and Cat Noir chase them.","Ladybug: Thanks!
Cat Noir: Uh... uh?
Past Ladybug: They're insane on their rollerblades"
timebreaker_cat_noir_0005,"Trocadéro. The Timebreakers are skating, and Ladybug and Cat Noir chase them.","Past Ladybug: So, what if they're (not) on the ground?
Cat Noir: Two Ladybugs? I'm in heaven!
Timebreaker 1: Change of plan. We'd better go back in time now. There'll be less of them!"
timebreaker_cat_noir_0006,"Trocadéro. The Timebreakers are skating, and Ladybug and Cat Noir chase them.","Past Ladybug: Of course!
Cat Noir: (hides behind a wall and prepares his superpower sequence) Cataclysm! (he uses his Cataclysm to break the pillar)
Timebreakers: Huh? (they skate back and see Ladybug)"
timebreaker_cat_noir_0007,"Trocadéro. The Timebreakers are skating, and Ladybug and Cat Noir chase them.","Alix: You're totally right. I'll be more careful next time for sure. Thanks, Ladybug
Cat Noir: I was just getting used to having two Ladybugs around
Ladybug: But now, you're gonna get used to no Ladybugs around. Gotta split before I change back. (swings away)
Cat Noir: Ahhh... She'll fall for me someday. It's just a matter of time"
timetagger_cat_noir_0001,"Louvre, outside. Cat Noir is looking unimpressed at Mr. Pigeon, who is flying on a flock of pigeons in front of the Louvre.","Mr. Ramier: Hmm. Can I buy you both ice cream to make up for it?
Cat Noir: (his ring flashes its first warning) Well, since we keep getting better at this, we have a few minutes before we transform
Ladybug: Hmm, why not?"
timetagger_cat_noir_0002,"Louvre, outside.","Ladybug: He's traveling through time!
Cat Noir: Therefore in space
Hawk Moth: I just love his style"
timetagger_cat_noir_0003,"Louvre, outside.","Timetagger: If you don't give me your Miraculous, I'll send everyone into the past. (both Ladybug and Cat Noir's Miraculous beep their last warnings)
Cat Noir: Unlike him, I'm afraid we're running out of time
Ladybug: Then we better try to gain some back"
timetagger_cat_noir_0004,"Louvre, inside. They both run out of the lavatories at the same time. While running, they clash into Alix","Ladybug: Dig deep into the past?
Cat Noir: Did you also inherit a shovel to go with your watch, by any chance? (Alix grunts) Uh, shovel, you know? For all this deep digging. (makes air-quotes)
Ladybug: (facepalming; then she suddenly jumps up) Of course! What's the oldest exhibit in the museum?"
timetagger_cat_noir_0005,"Louvre Museum, Egyptian exhibit. Ladybug starts knocking on exhibits. One particular obelisk sounds very hollow.","Ladybug: There, it sounds hollow! Do your thing, Kitty
Cat Noir: Cataclysm! (he cataclysms the statue, which turns black and then to dust; when the dust clears, Bunnyx is standing still)
Bunnyx: (yawns) Minibug, Kitty, I knew you'd solve my riddle. A basic security measure in case the watch is stolen. But now, I need to do something very important"
timetagger_cat_noir_0006,"Louvre, women's lavatory.","Alix: Good! I wasn't planning on sitting on the bench this time!
Cat Noir: Uh, guys, you should take a look at this, now
Ladybug: (a portrait of Jagged Stone with the text 'Musique' can be seen) Timetagger sent Jagged Stone into the past!"
timetagger_cat_noir_0007,"Louvre, women's lavatory.","Bunnyx: By growing up, Minibug
Cat Noir: Tell me, Bunnyx, in the future, are Ladybug and I like… (makes a heart with his hands)
Ladybug: Cat!"
timetagger_cat_noir_0008,"Louvre, outside. The foursome emerges from the front entrance. The square is covered in graffiti.","Timetagger: Missed me!
Cat Noir: She doesn't need to transform back before she uses her power again?
Ladybug: No, because she's an adult!
Cat Noir: Awesome! I can't wait to grow up
Ladybug: I don't think we're quite up to the job yet, Cat Noir"
timetagger_cat_noir_0009,"Louvre, outside. The foursome emerges from the front entrance. The square is covered in graffiti.","Timetagger: Where's your sad gun now, fluffytail?
Cat Noir: I can't stand watching them playing cat and mouse like this. Cataclysm!
Ladybug: Cat Noir, no!"
timetagger_cat_noir_0010,"Louvre, outside. The foursome emerges from the front entrance. The square is covered in graffiti.","Ladybug: Alright, you win. We'll give you our Miraculous. All I ask is that you give me a little bit of time, to write a letter, to apologize, to my future self
Cat Noir and Alix: What?!
Cat Noir: No, think of something! You always think of something"
timetagger_cat_noir_0011,"Louvre, outside, present.","Chris: Ladybug? And Cat Noir? You're so young! Where am I?
Cat Noir: The question should be more like: when are you?
Bunnyx: (emerges from a portal) C'mon, Chris, let's go home"
timetagger_cat_noir_0012,"Pont des Arts. Ladybug, Cat Noir and Mr. Ramier are eating ice cream again. Cat Noir shoves, once again, an entire ice cream cone in his mouth.","Ladybug: Don't worry. Every problem has a solution. We didn't discover it today, but we will next time
Cat Noir: The problem with Pigeons in Paris is that they have it too hard here. Maybe you should move to the suburbs, (or) try to make friends with some other type of animal. A goldfish for example. (Ladybug groans and facepalms)
Mr. Ramier: Another type of animal? That might be a good idea, Cat Noir. I'll think about it"
troublemaker_cat_noir_0001,Outside Tom &amp; Sabine Boulangerie Patisserie. Nadja Chamack is reporting a news flash.,"Cat Noir: Hey everyone, let me take care of this. It'll be a piece of cake! (kneels down and struggles in vain to lift the security shield covering the bakery entrance)
Cat Noir: Catacly—!
Troublemaker: (interrupts Cat Noir by grabbing his raised arm) So you wanna play rescue? No one's gonna be rescued today!"
troublemaker_cat_noir_0002,"Marinette's room. Cat Noir bursts through the trapdoor, followed by Ladybug.","Cat Noir: (skeptically) Seriously?
Cat Noir: (holding out his Cataclysm with both arms as a policeman would hold a gun out) All right! We're comin' to get you!
Ladybug: (holding the glued-together plate) Be careful, Cat Noir! She could come from (anywhere) to get my Miraculous!
Cat Noir: (after a moment's further scanning the room) She's nowhere to be seen. I'll check on the roof. Stay here! (leaps up to the loft, and through the skylight)
Ladybug: (anxiously, too late to stop Cat Noir) No! Don't leave me here alone! I only have a plate to defend myself! (glances around fearfully)"
troublemaker_cat_noir_0003,"Marinette's room. Cat Noir bursts through the trapdoor, followed by Ladybug.","Ladybug: (mock sympathy, as she grabs hold of Troublemaker's arms) Having some trouble?
Cat Noir: (sitting on the railing of the loft, playing along) Aw, my poor Bugaboo! Another supervillain fan has literally glued themselves to you. (holds up the tube of super-glue) Sorry to disappoint, but (I'm) the only one to stick to M'Lady! (jumps down to the floor)
Troublemaker: (detransforming back into Penny)"
troublemaker_cat_noir_0004,"Marinette's room. Cat Noir bursts through the trapdoor, followed by Ladybug.","Ladybug: Whoops! Gotta go! Rock and roll! (leaps up to the loft, then through the skylight)
Cat Noir: Rock and roll! (follows Ladybug)
Ladybug: Whew! Well, that was a close call! Looks like you won't find out my true identity today!
Cat Noir: (warmly) I already know who you are
Ladybug: (anxiously) Huh?!
Cat Noir: (leaning in) You're the girl of my dreams. (gazes coyly at Ladybug)
Ladybug: (giggles) Silly kitty!"
truth_cat_noir_0001,Ladybug yoyos to Montparnasse Tower. She sees Mr. Pigeon and checks her voicemail.,"Marinette: What would I say? ""Be right back, Luka, gotta go fight some bad guys"" or ""Gotta go Luka, by the way, I'm Ladybug""? Now that I'm the Guardian, I have to keep my identity a secret more than ever. Tikki, spots on!
Cat Noir: (on voicemail) Hey you, Bugaboo! Well, here I am, your faithful companion at our rendezvous point just like always. It's time for our daily patrol, I hope you haven't forgotten! ((sneaking up behind Ladybug while she is completely distracted) Buga-Boo! (Ladybug reflexively throws him) Waaah!
Ladybug: (realizing) Cat Noir? (catches his leg with her yoyo)
Cat Noir: Wah! (slams into the window of the tower, cracking it) Oof!"
truth_cat_noir_0002,Ladybug yoyos to Montparnasse Tower. She sees Mr. Pigeon and checks her voicemail.,"Ladybug: Will you cut it out with the practical jokes? I could have really hurt you!
Cat Noir: (answering while hanging by the yo-yo) M'lady, the only thing that really hurts me is when you make me go on patrol by myself. (sighs, relaxing his posture) I even missed your little angry pout
Ladybug: Sorry, Kitty Cat, I'm a bit over my head at the moment. (pulling him up)
Cat Noir: I bet! ""Guardian of the Miraculous"", big name, big responsibility!
Ladybug: (helping him up) I promise, I won't ever forget our patrols again. (Cat Noir winks at her, both head to defeat the villain)
Cat Noir: Woohoo!"
truth_cat_noir_0003,The Liberty. Alya and everyone else are leaving.,"Ladybug: I... am
Cat Noir: (interrupts and pushes Ladybug into the water with him in order to not let Ladybug tell him her real identity) A super swimmer!
Shadow Moth: (impatiently) Pull them out, Truth! Pull them out now!"
truth_cat_noir_0004,Cat Noir helps Ladybug out of the water.,"Truth: (flabbergasted) Sorry, Shadow Moth, but that truth can't be put on hold! (jumps away)
Cat Noir: (noticing Ladybug is nervous about being compelled to tell the truth) Don't worry, I'll never claw a secret out of you, M'lady. (Ladybug relaxes and points to his belt.) Uh? (He gives it to her and she wraps it over her mouth, thus gagging herself.)
Ladybug: (muffled) Mhmm! (thumbs up)"
truth_cat_noir_0005,"Marinette's room. After rummaging, Truth then turns to the cabinet the kwamis are currently hiding and approaches it. The kwamis gasp in shock.","Ladybug: (muffled) Mmm hmm! (motioning to the akumatized object)
Cat Noir: Hmm? (understanding what Ladybug meant) That's the akumatized object! Got it! Cataclysm!
Ladybug: (muffled, thrown into trunk by Truth) Mmmm!
Cat Noir: M'lady whenever you're ready you can call up your Lucky Charm!
Ladybug: (muffled, pointing out she's still gagged) Mmhmmm!
Cat Noir: Take it off. I have a plan! (Ladybug takes the belt off her mouth)"
truth_cat_noir_0006,"Marinette's room. After rummaging, Truth then turns to the cabinet the kwamis are currently hiding and approaches it. The kwamis gasp in shock.","Ladybug: ((covering her parasol with foil)) ...do you think about my new role as guardian!
Cat Noir: If it doesn't change things between us, then I'm good with it!
Truth: Lighteye, stop!"
volpina_cat_noir_0001,Paris. Ladybug just arrives home when she also sees the meteor.,"Ladybug: (standing on a nearby roof) Volpina?
Cat Noir: (lands next to Ladybug) Looks like we have a new partner
Ladybug: Don't you think it's weird, this superhero just appearing out of nowhere
Cat Noir: Well, at least she got the job done. If she hadn't been here—
Ladybug: (defensively) I could have easily stopped that meteorite myself
Cat Noir: Hey! Relax! I'm just saying she seems seriously awesome. (Volpina lands in front of them)"
volpina_cat_noir_0002,Paris. Ladybug just arrives home when she also sees the meteor.,"Volpina: We can take him down, but it's gonna take all three of us. We better make the most of our individual talents
Cat Noir: You can count on us
Volpina: Very nice to meet you by the way Cat Noir! Cool outfit
Cat Noir: (Scratching the back of his head) Why thanks! You too, Volpina. (Ladybug gags)"
volpina_cat_noir_0003,Paris. Ladybug just arrives home when she also sees the meteor.,"Ladybug: (annoyed) I was asking Cat Noir
Cat Noir: I'm finding you unusual today, My Lady. Everything okay?
Ladybug: I'm fine, just fine. (to Volpina) Say Volpina, what's your Miraculous?"
volpina_cat_noir_0004,Paris. Ladybug just arrives home when she also sees the meteor.,"Ladybug: Good. (Volpina flies off)
Cat Noir: Can you chill out a little? She's one of us. (Cat Noir jumps off. Ladybug scoffs before heading towards Hawk Moth)
Volpina: (Watches Cat Noir running on rooftops) He's running right into my trap. (Meanwhile, Cat Noir thinks he has Hawk Moth, but he has vanished again)
Cat Noir: Where did he go? (Hawk Moth appears on a different roof) I'll take him!
Volpina: Good! Now for the other one"
volpina_cat_noir_0005,Adrien's room. Cat Noir arrives and detransforms.,"Cat Noir: (has landed in the open window) Sorry I'm late. I had some trouble... (jumps into the room) ...finding the place
Cat Noir: Illusions!
Ladybug: Cat Noir! She's taken ""Adrien""!
Cat Noir: That's an illusion, too!
Ladybug: How are you so sure?
Cat Noir: Uh...my..um...feline sixth sense. It's legendary! Oh
Ladybug: Really? You don't say! ""Adrien""'s gone! (leaps out the window)
Cat Noir: I'm not even gonna try to get out of this"
volpina_cat_noir_0006,"Eiffel Tower. Volpina is dangling ""Adrien"" from a high brace.","Volpina: Not as much as seeing you two defeated! (to ""Adrien"") No hard feelings, right?
Cat Noir: You're bluffing. It's another illusion
Volpina: You wanna bet on that? (releases one finger at a time on her grip on ""Adrien"")"
volpina_cat_noir_0007,"Eiffel Tower. Volpina is dangling ""Adrien"" from a high brace.","Lila: Forget it, Ladybug; you were right. We'll never be friends. (picks up her necklace and walks away)
Cat Noir: Ouch
Hawk Moth: She's still angry. You're not done with Volpina yet, Ladybug. You haven't seen the last of her"
weredad_cat_noir_0001,Paris at night. There is an explosion near the Notre-Dame. An akumatized August is running through the streets.,"Gigantitan: Cake! (Gigantitan takes the doughnut and tries to eat it. Realizing it's not real, he throws it through the wall of Marinette's room.) Not cake!
Cat Noir: Your plastic doughnut doesn't stand a chance against the best macaroons in Paris. That baby has taste. (They go after Gigantitan)
Tom: That's Marinette's bedroom! (He runs up the stairs) Marinette! Marinette!"
weredad_cat_noir_0002,The bakery. Tom realizes Marinette's in trouble.,"Tom: Marinette!
Cat Noir: (voice) Cataclysm! (The apartment begins to crumble)
Tom: Marinette! Marinette! (He tries to enter her room, but the door is jammed)"
weredad_cat_noir_0003,Outside the bakery. August waves towards Marinette's room.,"Sabine: (gasps)
Cat Noir: You miss her already too? I know how it feels
August: Gummy! (Cat Noir remembers that Ladybug had August's pacifier)
Cat Noir: Ah, of course! The pacifier!
August: Gummy! (He extends his staff to the roof)
Cat Noir: Marinette? (He lands. She hides the pacifier and drops it behind her back)"
weredad_cat_noir_0004,Outside the bakery. August waves towards Marinette's room.,"Tom: Well I never. Whoa!
Cat Noir: Oh! Well, perfect timing! I have to go and take him back to his mother
Tom: Wait! (He puts his hand on Cat Noir's shoulder) Why don’t you come have Sunday brunch with us tomorrow? (Sabine enters the balcony in the background)
Cat Noir: Uh… (He looks at Marinette. Marinette motions ""no"" with her hands to her father. She notices Cat Noir looking at her and giggles nervously.)
Tom: I'll make macaroons?
Cat Noir: How could I say no to that? Well, see you tomorrow then! (He leaves. Marinette's parents wave.)"
weredad_cat_noir_0005,The apartment. Sabine and Tom are setting the table. Marinette comes down the stairs.,"Tom: Come on, sweetie, let him in. (He pushes her toward the door. She hesitates and then opens the door. Cat Noir is on the other side.)
Cat Noir: (He scratches his head and waves) Uh, hello, Marinette
Marinette: Uh, hello, Cat Noi— (Tom pushes her out of the way and lifts Cat Noir off the floor)"
weredad_cat_noir_0006,The apartment. Sabine and Tom are setting the table. Marinette comes down the stairs.,"Marinette: Everyone loves pink, Dad, it doesn't mean anything
Cat Noir: And actually, we don't know each other that well
Marinette: He's right! It all happened so fast!"
weredad_cat_noir_0007,The apartment. Sabine and Tom are setting the table. Marinette comes down the stairs.,"Tom: (voice) Of course, not sweetie. (Cat Noir and Marinette show surprise) (to Marinette) Cat Noir won't be a superhero all his life. Once he's defeated Hawk Moth, (voice) (Marinette leans back) he won't need to run on the rooftops with a stick saving people. (Cat Noir grabs another vol-au-vent) d-I know! He could work in the bakery with me! (voice) (Marinette and Cat Noir look shocked) I could train you, young man
Cat Noir: Uh—
Marinette: (She grabs his arm) Maybe Cat Noir doesn't want to be a baker at all
Cat Noir: (nodding) Uh huh"
weredad_cat_noir_0008,The apartment. Sabine and Tom are setting the table. Marinette comes down the stairs.,"Tom: (dreamily) I can already see the little kittens running around in the house. And pet hamsters. (He leans in) Do you like hamsters?
Cat Noir: Hamsters?
Tom: —Because my daughter (loves) them. What did you want to name your future hamster again, sweetie?"
weredad_cat_noir_0009,The apartment. Sabine and Tom are setting the table. Marinette comes down the stairs.,"Cat Noir: (swallows) Well, actually, Mr. Dupain, Mrs. Dupain-Cheng, Marinette, here's the thing. You're really nice people and this meal is delicious and by far the friendliest I've had in a long time. (He puts his hand on Marinette's shoulder) Marinette, you're an awesome girl, and I get that you have feelings for me. After all, I'm awesome in so many ways, even (I) could fall in love with myself! (Marinette shakes her head in annoyance.)
Cat Noir: Anyway, I'm afraid my heart belongs to someone else. (Marinette looks up) Even if she keeps rejecting me. (She looks towards Cat Noir) Even if she loves somebody else. I'm in love with Ladybug. (to Marinette) I'm really sorry, Marinette
Marinette: (excitedly) Oh, this is so— (She remembers she's supposed to be heartbroken.) Uh… (She looks at her parents.) So (sad!) (grabbing Cat Noir, dramatically) Oh, to think I spent all this time following you everywhere to tell you that I loved you Cat Noir! (cries) I am so miserable! (weeps on table) No one will ever love me! (Her father looks sad and concerned) (into her hands) I'll end up all alone with my hamster, (running to the stairs) and its name will be (inhales) (Loneliness)!! (She slams the door and continues crying)"
weredad_cat_noir_0010,Outside. Cat Noir is walking away from the bakery.,"Tikki: Marinette!
Cat Noir: I messed up. (He hears an explosion and turns to see the bubbles forming a giant, thorny, stalk-like stem growing from the apartment.) I really messed up! (He runs towards the building) Marinette!
Tikki: Marinette!
Cat Noir: I'm so sorry, this is all my fault!"
weredad_cat_noir_0011,Outside on the stalk. Cat Noir is wandering around looking for Marinette.,"Tikki: Where are you? (She looks around as the room turns)
Cat Noir: Marinette? Mr. Dupain? (He's startled by a giant foot)
Weredad: How dare you come back after what you've done? (He jumps and attacks Cat Noir, who rolls away, recovers, and spins his staff in his hand.)
Cat Noir: I will always be here to save Marinette. (He deflects Weredad's punch and continues to dodge him.)
Weredad: She's safe from you and all the boys who want to break her heart. (They struggle with the staff. Cat Noir jumps away before Weredad can punch him.)
Cat Noir: I didn't mean to break her heart, sir, I swear
Weredad: Then I swear that I'm about to crush your bones! (He grabs the vine around his waist and hits Cat Noir. Cat Noir rolls off the edge of the stalk platform but catches himself.)
Cat Noir: Where are you, Ladybug? (He climbs back up) I'm sorry, but— ah! (Weredad picks him up by the back of his neck) I can't let you do this!
Weredad: Why not? (He throws Cat Noir.)
Cat Noir: Ah! (Cat Noir lands and dodges punches from Weredad.)"
weredad_cat_noir_0012,Outside on the stalk. Cat Noir is wandering around looking for Marinette.,"Cat Noir: Ah! (Cat Noir lands and dodges punches from Weredad.)
Cat Noir: Because I have— whoa! — a damsel in distress to rescue! (He tries to climb up the stalk but is pulled down by his belt and spun around by Weredad.)
Weredad: I forbid you to rescue her! You don't deserve to save her. (He slams Cat Noir into the ground) From now on, no one else but I will protect her! (Cat Noir groans as he gets up and holds his arm)
Cat Noir: And are you planning to protect her all her life?
Weredad: Exactly! I’ll keep her safe from sadness, hardship, and anything else that could hurt her!
Cat Noir: You can't protect her from what hurts the most. Do you know what hurts the most?
Weredad: My great big punches? (They lunge towards each other. Cat Noir lands behind him and bends his staff around Weredad to restrain him.)
Cat Noir: No! What hurts the most is solitude. Believe me, I know all about it. Nothing hurts more than isolation. Having to sit alone in front of a cold meal. Is that what you want for your daughter? A lifetime of cold meals in her prison of roses?
Weredad: She will never be alone! (Cat Noir flips away and lands on one knee) Someday, a prince will come. A prince worthy of her, daring enough to face me! Who will brave the many dangers and pick the magic rose for her! He will be worthy of taking her from my guard!"
weredad_cat_noir_0013,Outside on the stalk platform. Cat Noir jumps to evade Weredad's vines but is caught and is thrown to the ground and whipped against the main stalk.,"Marinette: Ah! (She looks around, lost) There must be a way out of here!
Cat Noir: I may not be her prince, but I'm charming enough to free her
Weredad: I forbid you to do so! (He raises his fist and Cat Noir flinches)
Cat Noir: Ah!"
weredad_cat_noir_0014,Outside. Cat Noir's staff falls to the ground in four pieces. Weredad retracts his wrist vine. Cat Noir falls to his knees and to the ground.,"Marinette: I'm okay! I can do it
Cat Noir: Not being in love with her, losing my stick, won't keep me from saving her. (Weredad picks him up) I'll never give up. Never! (He punches Weredad's fist weakly. Weredad brings him to the edge of the platform.)
Weredad: You're not worthy of my daughter. (A light halo appears around his face)"
weredad_cat_noir_0015,Inside. Marinette is climbing to the rose. She grabs it.,"Ladybug: Ha! (She extends her arms and legs to slow down. She catches the akuma) Gotcha! Bye bye, little butterfly. (It flies away.)
Cat Noir: M'Lady! Whoa!
Ladybug: I'm coming!
Cat Noir: No, take care of Marinette! She's somewhere around here!
Ladybug: Don't worry, I've already taken her to safety!
Cat Noir: (to himself) She's as wonderful as ever. (He flips around, clasps his hands together on his cheek and raises his foot.) Who wouldn't be in love with Ladybug? (Tom crosses his arms, perturbed. Cat Noir backpedals) Oh, I— she also has some flaws, you know
Ladybug: Not all of us know how to land on our feet. So I guess we're gonna need a little bit of luck! Lucky Charm! (A sailboat appears under them and slows their descent.) Do your thing, Cat Noir! (He nods)
Cat Noir: Cataclysm! (He touches the hull of the boat) Hang on! (The sail lifts them higher)"
weredad_cat_noir_0016,Inside. Marinette is climbing to the rose. She grabs it.,"Tom: Honey! (He runs over and they hug)
Cat Noir: (He extends his fist feebly) Pound it, m'lady. (He collapses in her arms)
Ladybug: Pound it, Cat Noir. (She throws part of the hang glider frame into the air) Miraculous Ladybug!"
weredad_cat_noir_0017,Inside. Marinette is climbing to the rose. She grabs it.,"Tom: Marinette! (Cat Noir follows them)
Cat Noir: Marinette!
Ladybug: Wait! The miraculous ladybugs have repaired everything, so she must be safely back in her room. (She swings up to her balcony)"
weredad_cat_noir_0018,"Marinette's room. She jumps through the trapdoor, bounces off her bed, and slides down her banister while detransforming. Tikki hides just as Tom, Sabine, and Cat Noir are entering.","Ladybug: Wait! The miraculous ladybugs have repaired everything, so she must be safely back in her room. (She swings up to her balcony)
Tom, Sabine, and Cat Noir: Marinette!
Tom: Marinette! (He hugs her tightly)"
weredad_cat_noir_0019,"Marinette's room. She jumps through the trapdoor, bounces off her bed, and slides down her banister while detransforming. Tikki hides just as Tom, Sabine, and Cat Noir are entering.","Marinette: Dad, stop! (She lowers his fist and puts her hand on his arm) Cat Noir has every right to be in love with Ladybug. (She walks over to Cat Noir) She's very lucky to have you. And just because you and I aren't in love with each other doesn't mean that we can't be friends
Cat Noir: Really? (wiping his brow) Phew! I really didn't wanna hurt you, Marinette. (He hugs her) You seem like such an awesome person. (She smiles and chuckles. He releases her.) Even though you’re not a huge fan of mine, like I originally thought when I saw you on the roof
Marinette: (surprised) What? You just thought I… was a fan of yours?
Cat Noir: Well, yeah, that's what I was about to say when you jumped on me. ""Could it be that she's a fan of mine?"""
werepapas_cat_noir_0001,Ringmaster's boxing ring.,"Adrien: But won't she find it weird that Cat Noir doesn't show up? Plagg, claws out! (Transforms)
Cat Noir: (voiceover of the message he writes to Ladybug) M'lady, I just saw a platform appear in the sky. I'm on my way, but–
Ladybug: (Dodges Ringmaster's bowties) Violence is (never) a solution! Why don't you give me whatever's been akumatized and we can have a nice and calm chat about it all together?"
wishmaker_cat_noir_0001,On the rooftops. The Robo Tech Ultimate Destructor fires lasers at Ladybug.,"Robo Tech Ultimate Destructor: Destroyer of... Dreams! (falls and powers off)
Cat Noir: He's mistaken dreams from reality!
Wishmaker: Live your childhood dream! (fires his staff on Captain Hessenpy) Live your childhood dream!"
wishmaker_cat_noir_0002,On the rooftops. The Robo Tech Ultimate Destructor fires lasers at Ladybug.,"Wishmaker: I want people to live their dreams!
Cat Noir: (annoyed, he points over his shoulder) Would you really call (this) a dream?
Cucumber: Look! Look! I'm a cucumber! Woo-hoo-hoo!"
wishmaker_cat_noir_0003,On the rooftops. The Robo Tech Ultimate Destructor fires lasers at Ladybug.,"Ladybug: If we get hit, he'll reveal our secret identities!
Cat Noir: What do you mean, m'lady?
Ladybug: When I was six, I wanted to be the Knitting Fairy, and the Knitting Fairy didn't wear a mask!
Cat Noir: (pulls Ladybug beside him and protects her) The Knitting Fairy? Seriously?
Ladybug: What about you? What did you wanna be when you were young? (Cat Noir do not answer) Hah! You were making fun of me but you're too embarrassed to tell me!
Cat Noir: Actually, I don't know what I wanted to be when I was a kid
Ladybug: You probably wanted to be a magician or a fireman!
Cat Noir: I swear, I can't remember!
Ladybug: You must've just forgotten! (They both jump to the other side of the wall.) If Wishmaker ever hits one of us, we're gonna need a second chance!
Cat Noir: Viperion?
Ladybug: I think we need the insurance!
Cat Noir: You go, I'll cover you!"
wishmaker_cat_noir_0004,On the streets of Paris. Cat Noir and Wishmaker continue to battle.,"Ladybug: Cat Noir, now! (throws Wishmaker's staff at him)
Cat Noir: Cataclysm! (breaks Wishmaker's staff as the akuma emerges from it and Wishmaker detransforms into Alec, who is still being hugged by the giant dino plushie)
Ladybug: No more evil-doing for you, little akuma! (opens her yo-yo) Time to de-evilize! (captures the akuma) Gotcha! (opens her yo-yo once more, releasing the purified akuma) Bye-bye, little butterfly! Miraculous Ladybug! (She throws the dino-plushie in the air and fixes all the damage caused by Wishmaker. She opens her yo-yo again to grab a magical charm for Alec. She places it in his hand.) Alec, this magical charm will remind you that our negative emotions make us vulnerable. I'm sure it'll help you to stay positive"
wreckless_driver_cat_noir_0001,Paris Street. Aglaé yells happily in the sky while Ladybug catches her. A parachute also appears to slow her descent as they fall to the ground.,"Cat Noir: I'm on the akumatized villains track, M'lady. Huh?
Cat Noir: Two safety measures are always better than one
Man: No need for safety, Cat Noir. I used to be afraid of cars but not anymore! (He grabs a chair and starts sitting in the middle of the street.)
Cat Noir: You can't stay here, sir
Man: Why not? This is where the sun is
Cat Noir: True, but it's also where cars are
Man: That's okay. Drivers have eyes, they'll avoid me
Cat Noir: I'm sorry but I can't let you take this kind of risk"
wreckless_driver_cat_noir_0002,Paris Street. Aglaé yells happily in the sky while Ladybug catches her. A parachute also appears to slow her descent as they fall to the ground.,"Cat Noir: I'm sorry but I can't let you take this kind of risk
Cat Noir: Hey, team!
Pegasus: Voyage!"
wreckless_driver_cat_noir_0003,Paris Street. Aglaé yells happily in the sky while Ladybug catches her. A parachute also appears to slow her descent as they fall to the ground.,"Wreckless Driver: Are you sure?
Cat Noir: She's going to drive us buggy!
Wreckless Driver: That's quite a significant observation. We could go for some group therapy!"
wreckless_driver_cat_noir_0004,Paris Street. Aglaé yells happily in the sky while Ladybug catches her. A parachute also appears to slow her descent as they fall to the ground.,"Pegasus: Voyage!
Cat Noir: Looks like it's bathtime. (Eats a Magicamembert) Power up! (Trasnforms into Aquanoir and dives into the water.)
Ladybug: (Through earpiece) The Ultrakuma must be in the car, Kitty Cat"
wreckless_driver_cat_noir_0005,Wreckless Driver's car. Aquanoir appears strapped down to the chair.,"Chrysalis: (voice) Wouldn't it?
Cat Noir: Ah, M'lady, am I glad to see you. This akumatized villain is amazing, thanks to her I no longer am afraid of revealing my secret identity. I can finally tell you-
Ladybug: (stuffs the sandwich in his mouth) No talking with your mouth full, Kitty Cat"
wreckless_driver_cat_noir_0006,Paris Street with a river. Purple Tigress jumps up from a rooftop.,"Ladybug: No more evil doing for you, ultrakuma! (She opens up her yoyo.) Time to de-evilize! (She catches the ultrakuma.) Gotcha! Bye bye, little butterfly! (She releases the butterfly, then she takes the sandwich out of Cat Noir's mouth.)
Cat Noir: I'm A-
Ladybug: Miraculous Ladybug!"
yaksi_gozen_cat_noir_0001,Outside Tom &amp; Sabine Boulangerie Patisserie,"Ryuko: Keep that up and soon, I won't be your daughter!
Cat Noir: Cataclysm! (Destroys the villain's sword) Uh!? Where's her Ultrakuma if it's not in there?
Chrysalis: Our plan won't work. Yaksi Gozen, help me escape without being noticed by the superheroes"
zombizou_cat_noir_0001,Collège Françoise Dupont locker room,"Adrien: Come on, don't be ridiculous. How else will we work under the radar? (outside view) Plagg, claws out!
Cat Noir: Sorry, guys, no autographs this time!
Nadja: (voice heard from yo-yo) Yet again, it seems citizens of Paris are in great danger. Since this morning, a strange disease is spreading
Cat Noir: Hey guys, I'm all for our French greetings, but let's hold off on the kisses for now, huh?"
zombizou_cat_noir_0002,Collège Françoise Dupont rooftop/streets of Paris,"Ladybug: We've gotta evacuate! (looks at a bus on the street) Over there! Cat Noir, do you know how to drive?
Cat Noir: You should know the answer to that, M'Lady. I can do anything
Ladybug: Kitties first, then
Cat Noir: (leaps into the air, and spins his baton) Woo-hoo!"
zombizou_cat_noir_0003,Bus,"Rose: Yeah...just a close call, that's all
Cat Noir: So, what now?
Ladybug: Let's take Chloé to the top of the Eiffel Tower. There'll be less zombies up there, and fewer places for all of Zombizou's disciples to run to
Cat Noir: Less places for us to hide, too
Ladybug: But it's the only way if we want Zombizou to turn up in perso—"
zombizou_cat_noir_0004,Eiffel Tower,"Ladybug: (enters the elevator) Nino? (Nino tips his hat at Ladybug as a goodbye. The elevator doors close.) Nino!
Cat Noir: It doesn't matter that we're the only ones left, Bugaboo, since you'll fix it all in the end anyway
Chloé: Only the best remain"
zombizou_cat_noir_0005,Top of the Eiffel Tower,"Ladybug: (holding Cat Noir's face) Cat Noir!
Cat Noir: I'll just stay here and chill, M'Lady. If we're going to end up kissing, then I'd rather do it (after) you save us, okay?
Ladybug: No!
Cat Noir: You're the only one who can fix this for us. No arguing now!
Ladybug: It's down to you and me. (looks around) Chloé? (crouches down to Chloé's hiding spot under a small table)"
zombizou_cat_noir_0006,Top of the Eiffel Tower,"Chloé: Huh?... Uh, yeah. Okay then, we're all good
Cat Noir: Woo-hoo!
Chloé: Me? You want (me) to apologize to the entire class? Ridiculous! They should be thanking me for saving everybody"
