id,scene,conversation
action_ladybug_0001,"Exterior, Le Grand Paris. Ladybug is keeping vigilant when Cat Noir comes in on his Staff.","Cat Noir: Meow, m'lady!
Ladybug: Perfect timing, kitty cat. (points downward) Check this out. (camera pans to King of Plastic walking towards the Agreste mansion) There's a new villain in town
Cat Noir: And he's headed towards (camera pans to Placide I.T. washing the car's windows.) the house of the famous designer, Gabriel Agreste!
Ladybug: And his son, Adrien. (Cat Noir pole vaults off the roof, but almost falls at the mention of his civilian persona. He turns back to Ladybug.)
Cat Noir: (as he grips his staff) You were saying?
Ladybug: (throws her Yo-yo) That there's not a moment to lose! (swings towards the mansion.)"
action_ladybug_0002,"Exterior, Agreste mansion. King of Plastic jumps down to attack Ladybug and Cat Noir.","Cat Noir: Hey! He plasticized my staff! (King of Plastic is about to attack again. Ladybug notices and pushes Cat Noir out of the way before the car turns plastic)
Ladybug: (swings her Yo-yo, goes to attack) You're the tycoon who makes all these polluting fans! The King of Plastic, aren't you?! (tries to punch him, but he dodges each punch.)
Cat Noir: The King of Pollution, you mean!"
action_ladybug_0003,Liberty. Marinette's friends are dancing.,"Ladybug: Lucky Charm! (activates her power and receives a plastic bag.)
Ladybug: A plastic bag?
Cat Noir: (while holding off King of Plastic) Your superpower has quite a sense of humor"
action_ladybug_0004,Liberty. Marinette's friends are dancing.,"Cat Noir: (kicks King of Plastic) At least it can't be turned into plastic!
Ladybug: Because it's already plastic! Good thinking, Cat Noir!
Cat Noir: (blocks King of Plastic's lance with his staff) You're welcome, m'lady!
Ladybug: (realizes) We need more plastic! Lots and lots of plastic!"
action_ladybug_0005,Liberty. Marinette's friends are dancing.,"Cat Noir: (lands) Are you serious, m'lady?!
Ladybug: I couldn't be any more serious, kitty! (to Alya) I need as much plastic as can be found in the water. (Alya is shocked, but smiles and runs off)
Alya: (as the others pop out of their hiding place) We've got to get the houseboat's treatment system running again"
action_ladybug_0006,The Liberty. Smoke starts to come out from the Liberty as Ladybug is fighting King of Plastic.,"Bertrand: (picks off a Morpho fan) Alright, I think I haven't realized until now what plastic pollution really is
Ladybug: Mr. Bertrand, here's a Magical Charm to help you remember your good resolution
Group: Pound it!
Ladybug: Miraculous Ladybug!"
adoration_ladybug_0001,At the Eiffel Tower. All the people that Marinette and Zoé have collaborated with are gathered with them at the venue.,"Ladybug: Lucky Charm! (receives a piñata)
Ladybug: I know who did this!
Chloé: (shakes her head annoyingly) Ugh, that's all we need. Maybe your piñata did it, Ladylame?
Ladybug: No, it was an akumatized villain! There — Vanisher!"
adoration_ladybug_0002,At the Eiffel Tower. All the people that Marinette and Zoé have collaborated with are gathered with them at the venue.,"Cat Noir: I got your message and got here quickly as I could, m'lady
Ladybug: Perfect timing, kitty cat! How would you like to help me reveal the truth? (points at the bottle of spray adhesive below them)
Cat Noir: Always happy to help a friend out of a sticky situation!"
adoration_ladybug_0003,At the Eiffel Tower. All the people that Marinette and Zoé have collaborated with are gathered with them at the venue.,"Ladybug: The whistle!
Ladybug: Cat Noir!
Cat Noir: Cataclysm! (catches the whistle and disintegrates it, freeing the Megakuma)
Ladybug: No more evil-doing for you, Megakuma! (swipes open her yo-yo) Time to de-evilize! (captures the Megakuma...) Gotcha! (...and frees the purified butterfly) Bye-bye, little butterfly!"
adoration_ladybug_0004,At the Eiffel Tower. All the people that Marinette and Zoé have collaborated with are gathered with them at the venue.,"Ladybug: No more evil-doing for you, Megakuma! (swipes open her yo-yo) Time to de-evilize! (captures the Megakuma...) Gotcha! (...and frees the purified butterfly) Bye-bye, little butterfly!
Ladybug: Miraculous Ladybug! (tosses the piñata into the air and repairs every damage caused by the villain)
Chloé: Sabrina! You were ridiculous! Utterly ridiculous!
Ladybug: (walks to Sabrina and gives her the magical charm) This magical charm will help you remember where good and evil lie, and to make the right choices"
adrien_s_double_life_ladybug_0001,,"Adrien: With it, I can destroy whatever I touch. But I can't get it wrong, because I only have 5 minutes after using it before I transform back. Then, Ladybug just needs to capture the villain's akuma
Ladybug: No more evildoing for you, little akuma!
Adrien: And the day is saved! Being Cat Noir's awesome. I can finally do whatever I wanna do and say whatever comes to mind!"
anansi_ladybug_0001,"Place de la Concorde, Ferris wheel. Marinette, Alya and Nino are in the Ferris wheel, watching the fireworks show. Marinette is holding her phone so Adrien can see, too.","Female civilian: Thank you, Cat Noir
Ladybug: You do pretty well without me, I see
Cat Noir: Yup, but it's so much nicer when (you're) here, M'Lady
Ladybug: Let's go show that spider what two superheroes are capable of! Ha!"
anansi_ladybug_0002,"Place de la Concorde, Ferris wheel. Marinette, Alya and Nino are in the Ferris wheel, watching the fireworks show. Marinette is holding her phone so Adrien can see, too.","Anansi: Oh yeah? (jumps down to Nino) And how exactly is a weak little fly-weight gonna force me to release my prisoner?
Ladybug: Watch out! You need to leave this to the professionals. (lowers Nino to the ground, then leaps off)
Nino: (runs back as soon as he hits the ground again) This isn't over, spider!"
anansi_ladybug_0003,"Place de la Concorde, Ferris wheel. Marinette, Alya and Nino are in the Ferris wheel, watching the fireworks show. Marinette is holding her phone so Adrien can see, too.","Nino: Are you okay, dude—uh, I mean, Ladybug?
Ladybug: Yeah, but we're gonna need some help! Lucky Charm! (A square candle appears) A candle? (gasps) Of course! But I don't have enough time to do a round trip
Nino: Maybe I could help you? (Ladybug gasps) Uh, I get it. It's cool. I'm no superhero. I'd tried to save Alya, but… guess I'm not strong enough
Ladybug: Let me tell you a secret, uh… (picks up Cat Noir's staff)
Nino: Nino. The name's Nino
Ladybug: Nino. When you're facing a supervillain, strength doesn't make a difference. Courage and determination do. (gives Nino Cat Noir's staff) We can't let Anansi get Cat Noir's Miraculous. Use this to defend yourself and distract her. I won't be long. (leaps away with her yo-yo; Nino looks amazed)"
anansi_ladybug_0004,"Place de la Concorde, Ferris wheel. Marinette, Alya and Nino are in the Ferris wheel, watching the fireworks show. Marinette is holding her phone so Adrien can see, too.","Anansi: Ah, so you're back, cappie?
Ladybug: (a few buildings away) I trust you, Nino. (leaps away)
Marinette: (enters the room with Tikki) Master, Nino won't hold off Anansi for long. She's about to get a hold of Cat Noir's Miraculous!"
anansi_ladybug_0005,Arc de Triomphe. Nino is still fighting Anansi using Cat Noir's staff.,"Nino: Thanks, Ladydude—uh, I mean, Lady(bug)
Ladybug: Thanks for dropping by...dude. (fist-bumps Nino's shoulder)
Anansi: (crawling up to Cat Noir and grabbing his ring-wielding hand with her left hand while bracing herself with her right, and reaching for his ring with another left hand, to Cat Noir's alarm) It's just you and me, kitty cat"
anansi_ladybug_0006,Arc de Triomphe. Nino is still fighting Anansi using Cat Noir's staff.,"Wayzz: I am a kwami. I can't grant wishes, but I can give you super powers
Ladybug: Once the job is done, you must return the Miraculous to me. Can I trust you?
Nino: You bet, dudette"
anansi_ladybug_0007,Arc de Triomphe. Nino is still fighting Anansi using Cat Noir's staff.,"Ladybug: You wish
Ladybug: (grabs Carapace and hauls the two of them up to the web) It's all up to you, Captain Turtle. (throws Carapace up to Alya before going to Cat Noir; then, to Carapace) Use your power now!
Carapace: At your service, dude— (Alya looks surprised, then suspicious) Uh, Ladybug. (holds up his shield) Shell-ter! Shiaaah!"
anansi_ladybug_0008,Arc de Triomphe. Nino is still fighting Anansi using Cat Noir's staff.,"Ladybug: Not now, kitty. (hurls Cat Noir toward Anansi) Throw like a ladybug, scratch like a cat!
Ladybug: No more evil-doing for you, little akuma. Time to de-evilize! (captures the akuma) Gotcha! (releases the now-purified butterfly) Bye-bye little butterfly. (throws the boxing gloves into the air) Miraculous Ladybug!
Nora: The Beetle and Mister Whiskers? What's going on here?"
anansi_ladybug_0009,Arc de Triomphe. Nino is still fighting Anansi using Cat Noir's staff.,"Cat Noir: (smiles and nods) Mm-hmm. (runs off)
Ladybug and Carapace: (fistbump) Pound it!
Alya: Whoa, this is a first for the Ladyblog. A brand new superhero! What's your name?"
animaestro_ladybug_0001,Event. Adrien is peeling gum off Kagami's shoe.,"Cat Noir: Stay behind me M'lady
Ladybug: Are you okay, Cat Noir?
Cat Noir: Watch out! (Large red boxing gloves come flying towards them and they jump out of the way.) How do you beat a 2D character?
Ladybug: The only thing that doesn't change when he transforms is his mask
Cat Noir: The akuma must be in it"
animaestro_ladybug_0002,Event. Adrien is peeling gum off Kagami's shoe.,"Cat Noir: I can't see anything
Ladybug: Protect your Miraculous. He could be anywhere! (covers earrings and closes eyes)
Cat Noir: Move! (pushes Ladybug out of the way.)"
animaestro_ladybug_0003,Event. Adrien is peeling gum off Kagami's shoe.,"Ladybug: I don't know. It doesn't make any sense. Something must have happened that we didn't see which explains why the Lucky Charm was a camera
Ladybug: (on the screen) Protect your Miraculous. He could be anywhere!
Cat Noir: Did you just pause the image?
Ladybug: No, did you see him freeze?
Cat Noir: No. I had my eyes closed because of the smoke
Ladybug: Me too
Cat Noir: Okay, so that's why he didn't take our Miraculous
Ladybug: Nobody's watching him…
Cat Noir: …he stops moving!
Ladybug: Just like a movie. If nobody watches it it's as if it didn't exist!
Cat Noir: Now we know how to defeat him. (They both exit the hole)"
animaestro_ladybug_0004,Event. Adrien is peeling gum off Kagami's shoe.,"Cat Noir: Uh oh. It won't be easy getting people to stop watching him now. Looks like this show is a sellout!
Ladybug: (Earrings beep) Time for the end credits, Cat Noir. (Ladybug and Cat Noir jump towards some civilians watching the villain.) Close your eyes! Everybody stop watching him
Cat Noir: Just because it's colorful and shiny doesn't mean it's not extremely dangerous
Ladybug: TV! Of course! Cat Noir keep him busy
Cat Noir: (to Animaestro) So... You jealous of our success, huh?"
animaestro_ladybug_0005,Parisian streets,"Cat Noir: Funny, cause I think we're the last ones
Ladybug: And once we close our eyes. It’s time for the end credits, Animaestro!
Animaestro: No! (transforms back into original form)"
animan_ladybug_0001,The akuma flies and infects Otis' bracelet.,"Ladybug: If you value your life, get out of here! Now!
Ladybug: Cat Noir, his bracelet. The akuma must be inside the charm!
Cat Noir: You hold him, I grab the bracelet"
animan_ladybug_0002,The akuma flies and infects Otis' bracelet.,"Ladybug: Oh, (really?) I'm sure they'll do it without putting up a fight!
Ladybug: I think we'd better split up!
Nino: Hey!"
animan_ladybug_0003,The akuma flies and infects Otis' bracelet.,"Nino: What the...?
Ladybug: (takes Nino and Alya to the empty gorilla habitat and locks the cage) Stay put and you'll be safe. (then leaves)
Nino: (he looks at Alya) Uhh... Hey, what's up?
Ladybug: There are too many of them! We can't capture them all"
animan_ladybug_0004,The akuma flies and infects Otis' bracelet.,"Cat Noir: Now we know how we got away earlier
Ladybug: Where's Kim? (Cat Noir shows screen on his staff which is detecting Kim's location) Good job, kitty. (scratches Cat Noir's chin)
Kim: Help! Rescue me! Please!"
animan_ladybug_0005,"Bakery. Kim runs in, exhausted.","Cat Noir: He's safe inside this building. Panthers can't open doors, so it won't get inside
Ladybug: Panthers can't, but what if he morphs into a smaller animal? Like a mouse, or
Cat Noir: Right. But we do have an advantage over him. We know exactly where to find his prey
Ladybug: Animan will sniff him out sooner or later, but it's bought us a bit of time to plan our next move
Cat Noir: We have to stop Animan before Paris turns into a Jungle
Ladybug: Follow me"
animan_ladybug_0006,"Bakery. Kim runs in, exhausted.","Ladybug: Follow me
Ladybug: Hi, mo...am
Sabine: Oh, but... you're... you're, you're Ladybug!
Ladybug: Yeah, exactly"
animan_ladybug_0007,Animan is flying. He senses the smell and goes directly to the Bakery while Ladybug and Cat Noir hide behind the door.,"Ladybug: It's working. He's sniffing out Kim! (Cat Noir sniffs her and he gasps and he giggles. She is unamused) Follow me
Ladybug: A Ladybug? Smart choice. (Animan turns into a panther. Ladybug and Cat Noir leave the bakery.)
Cat Noir: Couldn't have he chosen a slower-moving animal?!
Ladybug: Where's the button for the doors? (presses all the buttons to no avail) Of course nothing works! No keys!"
antibug_ladybug_0001,Le Grand Paris. André Bourgeois is a giving a press conference.,"André: I had to put out an emergency call to all the biggest designers. Can you imagine? My daughter wearing department-store clothing? How humiliating
Ladybug: Have you had any run-ins with anyone lately?
Chloé: I never have run-ins with anyone. Everybody absolutely loves me
Ladybug: Really? Not even with your closest friends? (hands the picture to Chloé)
Chloé: Ah, Sabrina? (drops the photo back to the floor while giggling) Impossible. She adores me, I'm her idol!
Ladybug: (sighs again before turns to André) Your daughter's safe here with the doors and windows locked. This enemy may be invisible, but it can't go through walls
Chloé: (tackles Ladybug into a hug again) I'm sure you'll make my life perfect again! Just like it was before!"
antibug_ladybug_0002,Le Grand Paris hotel lobby. Ladybug is asking Armand what he knows about Chloé and Sabrina.,"Ladybug: She's hiding something
Ladybug: Whatever you tell us won't go any farther than this room
Armand: Mademoiselle did have a run-in with someone"
antibug_ladybug_0003,Le Grand Paris hotel lobby. Ladybug is asking Armand what he knows about Chloé and Sabrina.,"Armand: I was playing the part of Big Mustachio that day. (flashback interrupted)
Ladybug: Big Mustachio?
Armand: One of Mademoiselle's ideas. Big Mustachio want all Parisians to be deface with heinous mustaches"
antibug_ladybug_0004,Le Grand Paris hotel lobby. Ladybug is asking Armand what he knows about Chloé and Sabrina.,"Chloé: And I did! Now where were we? (winks) (flashbacks interrupted again)
Ladybug: She pretended she was me?! How often does that happen?
Armand: She idolizes you. (flashbacks again)"
antibug_ladybug_0005,Le Grand Paris hotel foyer. Ladybug dismisses Jean and talks to Cat Noir.,"Chloé: Impossible! (sits on her chair from her room) She's too weak to do something so bold, especially to me. You're wrong!
Ladybug: You've been a great help to us. Thanks. (Jean leaves. Cat Noir grabs a rose from a nearby vase and hands it to Ladybug)
Cat Noir: It's not gonna be easy to find someone we can't see. (Ladybug takes the rose and instantly puts it down on another vase)
Ladybug: So we'll just have to wait for (her) to find us. And we do have an advantage, she doesn't know we're onto her. (The rose is lifted up and then Vanisher's face lights up with Hawk Moth's symbol)"
antibug_ladybug_0006,Le Grand Paris hotel foyer. Ladybug dismisses Jean and talks to Cat Noir.,"Chloé: You don't scare me! Everybody loves me
Ladybug: This isn't a game, Chloé. (Vanisher runs up to Ladybug and restrains her from the back)
Vanisher: It's over, Ladybug!
Ladybug: Not yet, Vanisher! (Ladybug opens the glitter container, throws it over her head and glitter rains down on Vanisher, making an outline of her. Ladybug then escapes her grip)
Vanisher: Just because you can see me, doesn't mean you'll defeat me Ladybug! (Cat Noir steps in front of Vanisher, while Ladybug takes Chloé aside, behind a pillar)"
antibug_ladybug_0007,Le Grand Paris hotel foyer. Ladybug dismisses Jean and talks to Cat Noir.,"Chloé: But wait! The akuma has to be in the designer pin I bought her. She's wearing it on her sweater. Such an unfortunate ugly sweater. It was a gift from me
Ladybug: I won't tell you again Chloé, so listen up. You need to leave! You're putting yourself in great danger and us too. Got it? (presses the elevator buttons and the doors close)
Chloé: Why aren't you listening to me? I'm telling you, the akuma is in her pin!
Ladybug: Whoo, that's better. (notices Vanisher and Cat Noir fighting. Vanisher sticks Cat Noir's face inside a vase. Ladybug grabs Vanisher's purse with her yo-yo and rips it in half) Your days are over akuma! Huh? (Vanisher runs up to her and Ladybug sees her pin. She pins Vanisher against the elevator doors and the pin falls to the ground. Ladybug stomps it and the akuma flies from it)
Chloé: (watches from the tv in her room) I knew it! So, who was right then, huh?
Ladybug: No more evil doing for you little akuma. Time to de-evilize! (captures the akuma) Gotcha! (purifies it and releases it) Bye, bye little butterfly. Miraculous Ladybug! (everything goes back to normal)"
antibug_ladybug_0008,"Chloé's room. Chloé takes off her Ladybug mask, stomps it, kneels down and cries. The akuma flies into her earrings as the dark version of Tikki.","Chloé: You can count on me, Hawk Moth! There will only be one heroine in Paris: (turns into Antibug) me! Antibug!
Ladybug: (from Chloé's TV) Cat Noir and I, we're an unstoppable team
Antibug: Mwah! Your time is up, Ladybug. (turns off the TV)
Ladybug: Excuse me, I gotta go. Bug out!"
antibug_ladybug_0009,"Outside Le Grand Paris. Reporters swarm Ladybug, but her transformation is about to run out.","Antibug: Ha ha ha ha! If it weren't for me, you wouldn't have defeated Vanisher. And now, I'm going to defeat you!
Ladybug &amp; Cat Noir: Chloé?
Antibug: Wrong, super wrong. I am Antibug!"
antibug_ladybug_0010,"Outside Le Grand Paris. Reporters swarm Ladybug, but her transformation is about to run out.","Antibug: Wrong, super wrong. I am Antibug!
Ladybug: We've got an emergency here. I'm about to change back
Cat Noir: Go ahead, I can take care of her"
antibug_ladybug_0011,"Outside Le Grand Paris. Reporters swarm Ladybug, but her transformation is about to run out.","Antibug: Four…!
Ladybug: (off-screen voice) ""Cat Noir and I, we're an unstoppable team.""
Antibug: Ladybug…"
antibug_ladybug_0012,"Outside Le Grand Paris. Reporters swarm Ladybug, but her transformation is about to run out.","Antibug: See? You're nothing without your Cat Noir!
Ladybug: (puts her arm on Cat Noir's shoulder) Cat Noir and I are a team. If you take me on, you take Cat Noir on too. It's not my problem if you don't have any friends. (she and Cat Noir smile at each other. Then her earrings beep, and Antibug's too)
Hawk Moth: Take her Miraculous before it's too late!!!"
antibug_ladybug_0013,"Outside Le Grand Paris. Reporters swarm Ladybug, but her transformation is about to run out.","Antibug: Ah! (Ladybug jumps over her and takes her earrings off. She stomps them and the akuma flies off)
Ladybug: No more evil doing for you little akuma. Time to de-evilize! (captures the akuma) Gotcha! (releases the purified butterfly) Bye, bye little butterfly. Miraculous Ladybug! (everything goes back to normal. Antibug turns back to Chloé)
Chloé: What am I doing here?"
antibug_ladybug_0014,"Outside Le Grand Paris. Reporters swarm Ladybug, but her transformation is about to run out.","Chloé: What am I doing here?
Ladybug &amp; Cat Noir: Pound it!
Chloé: Ladybug?"
antibug_ladybug_0015,"Outside Le Grand Paris. Reporters swarm Ladybug, but her transformation is about to run out.","Chloé: Ladybug?
Ladybug: Chloé, I… I'm really sorry about earlier. I would've defeated Vanisher sooner if I'd taken your advice
Chloé: Oh, huh. In that case, I might reconsider
Ladybug: Reconsider what?
Chloé: I might just have to stay your most devoted fan after all!
Ladybug: Oh, yeah. Well, uh… thanks? I suppose. In that case, let (me) offer you some advice. You should work things out with your friend Sabrina
Chloé: Mm. Well, since it's coming from Ladybug. Ha ha
Ladybug: Thanks for your advice Cat Noir"
backwarder_ladybug_0001,Xavier Ramier is sitting on a bench feeding his pigeons on the banks of the Seine. An old woman approaches him,"Mr. Ramier: He really is a very lucky man, he doesn't deserve you
Ladybug: Hello, ma'am!
Mr. Ramier: (gasps) Look, Ladybug?!
Ladybug: Uh, yeah. I have a letter for you, the mailman asked me to give it to you because there was something wrong with hi—"
backwarder_ladybug_0002,"Ladybug swings to the pharmacy, lands and enters it","Ladybug: You're welcome, ma'am! It was very nice meeting you. (sets off on her yo-yo)
Ladybug: Morning, ma'am! (takes the letter from her yo-yo and hands it to the pharmacist) Here, it's very urgent!
Pharmacist: (reads the letter with her mouth agape) Uh, look... Thank you for this very moving, heartfelt declaration, but I'm already taken and my name's not Marianne
Ladybug: Ahh! (skims the letter in horror) So, if you have Master Fu's letter, who's got the prescription?"
backwarder_ladybug_0003,Ladybug and Cat Noir rush to Place de la Concorde. Backwarder is atop a ferris wheel and backwards it as people start screaming,"Ladybug: (arriving) Oh no! I've seen that brooch before! If my love letter caused this kind of reaction, it's probably a good thing Adrien didn't read it!
Ladybug: Oh no! (saves the civilian) Here! You'll be safe here in the meantime
Cat Noir: Whoops! (moonwalks backwards) M'Lady, okay you are? (Ladybug crosses her arms, annoyed) Are you okay, m'lady?
Ladybug: Cat Noir! They've been hit by a super-villain!
Cat Noir: Uh, yeah, I saw that. Looks like she's making them go back in time!
Ladybug: I won't bore you with the details, but I'm sure the akumatized object is the brooch with the Chinese ideogram she's wearing
Cat Noir: I trust you
Ladybug: Not so fast!"
backwarder_ladybug_0004,Ladybug and Cat Noir rush to Place de la Concorde. Backwarder is atop a ferris wheel and backwards it as people start screaming,"Hawk Moth: (malefic laughter) What a delightful twist of fate!
Ladybug: Cat Noir, I was at Master Fu's earlier! We can't let her touch me otherwise she'll lead Hawk Moth straight to the Guardian! And the Miracle Box!
Cat Noir: I'll gladly be your bodyguard, m'lady. (to Backwarder) In no time you'll be back the way you were before you got akumatized!"
backwarder_ladybug_0005,Ladybug and Cat Noir rush to Place de la Concorde. Backwarder is atop a ferris wheel and backwards it as people start screaming,"Backwarder: You're wasting your time while I grow stronger
Ladybug: We won't defeat her this way, Cat Noir! (dodges Backwarder's attack)
Backwarder: (strikes at Cat Noir) All I need is one hit! Haha! Time's up, Cat Noir! (Ladybug pushes Backwarder to the dumpster so she accidentally uses backward on it and the trash comes back out, while the trash distracts her, the heroes retreat)"
backwarder_ladybug_0006,Jardin des Tuileries. Ladybug and Cat Noir hide behind a statue as Backwarder searches for them.,"Ladybug: (looks around; her vision highlights Cat Noir, a kite on the ground and the pipe) Okay, I know what to do, follow me. She's gone away! Quick, let's make the most of it! (cuts the kite string) Take this! (She gives Cat Noir the string, then makes a cross in the sand with the pipe, then places the pipe on the center of the cross.)
Ladybug: There! Now tie the pipe around your ankle
Cat Noir: Your Lucky Charm seems more convoluted than usual
Ladybug: It's the most complicated ever. I have to stay focused
Cat Noir: (Finishes tying the kite string around his ankle) I'm with you, m'lady!
Ladybug: Okay, now stretch your arm out like this and take a few steps back until the string is pulled tight. (Cat Noir does so) Perfect! Now raise your arm and say ""Cataclysm"" backwards. (Cat Noir gets confused about how to say ""Cataclysm"" backwards, so she tries figuring it out) Msylca... ms-msylca... Msylcatac!
Cat Noir: Msylcatac!
Ladybug: (starts a timer on her yo-yo) Excellent! Now pull the tube back to you. (Cat Noir pulls the tube back to him) Right, now follow me! (runs forward)
Cat Noir: I'll follow you to the ends of the Earth, m'lady. (follows Ladybug)"
backwarder_ladybug_0007,Jardin des Tuileries. Ladybug and Cat Noir hide behind a statue as Backwarder searches for them.,"Backwarder: NOOOOO!
Ladybug: No more evil-doing for you, little akuma. Time to de-evilize! (captures the akuma) Gotcha! Bye bye, little butterfly! (releases a purified butterfly) Miraculous Ladybug! (The Miraculous cure fixes all the damage done, and Ms. Lenoir turns back to normal.)
Ladybug &amp; Cat Noir: Pound it!"
bakerix_ladybug_0001,Outside Roland Dupain's house. Marinette is in front of the outside gate.,"Roland: What do you want?
Gilbert: Your flour's here, Mr. Dupain!
Roland: Oh! Come in, come in! The door's open"
bakerix_ladybug_0002,Streets of Paris.,"Bakerix: An electric bus? That's not how it's done! Buses make noise! They run on gas and spew out stinky, black smoke! (grabs the bus and launches it across Paris) Away with modern buses! (The people in the bus scream as it rolls in the air. Ladybug appears, making a net with her yo-yo, catching the bus before it crashes.) What's all this? There's a flying superman girl in Paris now?
Ladybug: Yup! Girl, (and) superhero. You gotta get with the times
Bakerix: That's not how it's (done!) It's up to the police or the army to carry out law enforcement! Not you! (leaps up to attack her) Ah!
Ladybug: Ah!"
bakerix_ladybug_0003,Adrien's room.,"Bakerix: (lifting a car over his head) I'm going to rid Paris of all this modern nonsense, starting with you! (throws the car, then two more, at Ladybug, who dodges)
Ladybug: Well technically, I'm not actually all that modern. (starts fighting him) My Miraculous is from ancient times!
Bakerix: Well, we didn't have superheroes in (my) youth! (tries kicking her, she dodges, then launches her yo-yo at him) There will be no superheroes in (my) Paris! (He pulls up on her yo-yo, and throws her across Paris, screaming.)"
bakerix_ladybug_0004,Outside the Louvre Palace.,"Cat Noir: I think we better destroy that flask of his
Ladybug: You're right, it's probably where the Akuma is, too. Ah! (She and Cat Noir look on horror as Bakerix lifts the pyramid above them.)
Bakerix: You're out of your league! You don't have enough experience! (throws the pyramid on top of them, trapping them. He leaps away again.)"
bakerix_ladybug_0005,The Gare du Nord.,"Cat Noir: (takes her hands) We're doing okay for now, but I'll remember that. Thanks, Chloé. (she runs off)
Ladybug: Whoa! (Bakerix throws the train with her on top of it) Not again! (she jumps off before the train crashes into a wall) Lucky Charm! (a bottle of tomato sauce appears)
Cat Noir: Tomatoes in a bottle? Mmm, I doubt our friend will take too kindly to this
Ladybug: That's what I'm counting on. (she looks around, and sees a loaf of bread, bags of chips, and a drawer.) In fact, I'm planning to give our baker friend the least traditional sandwich possible. (leaps away)
Cat Noir: Got it! (attacks Bakerix, who roars attacking him back)
Ladybug: (forming a sandwich) How about some super sour candy chews, plus some super chemical chewing gum, all packed between two slices of white industrial bread
Cat Noir: (feigning) Oh, stop it, Ladybug, you're making us all drool! Isn't that right, Bakerix?"
bakerix_ladybug_0006,The Gare du Nord.,"Cat Noir: Well, that's how we do it, anyway. (knocks the yeast flask out of Bakerix's hand)
Ladybug: (catches it and throws it to the ground, the akuma appearing) No more evil-doing for you, little Akuma. Time to deevilize! (captures the Akuma) Gotcha! (releases it) Bye bye, little butterfly. (throws up the Lucky Charm) Miraculous Ladybug! (The ladybugs put everything back to normal, and Bakerix turns back into Roland.)
Ladybug and Cat Noir: (fist bump) Pound it!"
befana_ladybug_0001,Rooftops,"Cat Noir: We can't let her get to the Eiffel Tower!
Ladybug: And why not? Ooh! (she ducks one of the fairies)
Cat Noir: Because that's where I hid her granddaughter! (He goes after Befana)
Ladybug: Wait no, she's-! (she claps her hand over her mouth to stop herself, then goes after Cat Noir)"
befana_ladybug_0002,Eiffel Tower,"Befana: Pets are not allowed on board! (she spins the bike and unseats Cat Noir, who is caught by Ladybug as he falls) Marinetta, what a sweet Ladybug you are. You'll make a perfect fairy! (she fires fairy shots at Ladybug and Cat Noir, who move around to avoid them)
Ladybug: (from high up) Thanks, but no thanks
Befana: You can't turn down a gift, you rude little imp! You take care of the kitty, my fairies, while I punish this polka-dot brat!
Ladybug: Hmm"
befana_ladybug_0003,Eiffel Tower,"Ladybug: Hmm
Ladybug: Cat Noir! I saw Befana dodging her own candies. Even she can't touch them!
Cat Noir: (Watching Befana refill her ammo) The candy bag. The akuma must be in there
Ladybug: Of course! Lucky Charm! (she catches the tuba, perplexed)
Cat Noir: You didn't tell me you played the tuba
Ladybug: I don't, but it looks like I'm gonna have to learn"
befana_ladybug_0004,Eiffel Tower,"Befana: (to her fairies) Keep an eye on the ladybug
Ladybug: Sorry guys, I've gotta put you all in time out-!
Befana: What is the meaning of this?! She isn't here!"
befana_ladybug_0005,Elsewhere on the Eiffel Tower. Cat Noir apprehensively opens a closet door and sighs in relief on seeing the real Marinette isn't inside,"Befana: (she growls in frustration, then hears the elevator) Huh? (She sees it going down) There you are! Nice try, Marinetta, but you won't get away that easily! Ha! (she jumps over the glass guard wall onto her motorbike, laughing. Meanwhile Ladybug and Cat Noir appear at the guard wall, looking down)
Ladybug: (seeing Cat Noir looking for Marinette) Don't worry, Cat Noir. Marinette's safe
Befana: I'm waiting for you, Marinetta. (She is shocked to find her fairies tied up inside the elevator) What?
Ladybug: (throwing her yo-yo to the Lucky Charm tuba) Cat Noir! The fire hydrant!"
befana_ladybug_0006,Eiffel Tower Base,"Ladybug: (giggles with joy and grabs the candy box, breaking it in half) No more evildoing for you, little akuma! Time to de-evilize! (she captures the akuma in her yo-yo) Gotcha! (she presses the button at the top of her yo-yo and releases the purified akuma) Bye-bye, little butterfly. (she throws the still coal tuba in the air) Miraculous Ladybug!
Ladybug: and
Cat Noir: Pound it!"
captain_hardrock_ladybug_0001,On the Liberty,"Roger: Thank you Ladybug and Cat Noir
Ladybug: Stay undercover, we will take care of her
Captain Hardrock: Time for the treasure hunt
Ladybug: I hope you've got your sea legs kitty"
captain_hardrock_ladybug_0002,On the Liberty,"Cat Noir: Any idea where the akuma is?
Ladybug: It's gotta be on the ship somewhere
Cat Noir: In that case a Cataclysm will settle this. (raises hand. Ladybug stops him)
Ladybug: Wait, there are prisoners down in the hold, if you sink this boat, they might drown"
captain_hardrock_ladybug_0003,On the Liberty,"Roger: For the last time, stop your boat in the name of the law
Ladybug: Do it Cat Noir
Cat Noir: Cataclysm! (touches the Liberty. Liberty disolves, the akuma emerges)
Ladybug: No more evil-doings for you, little akuma. Time to be de-evilize! (She captures the akuma and purifies it.) Gotcha! Bye bye, little butterfly"
captain_hardrock_ladybug_0004,On the Liberty,"Ladybug: No more evil-doings for you, little akuma. Time to be de-evilize! (She captures the akuma and purifies it.) Gotcha! Bye bye, little butterfly
Ladybug and Cat Noir: Pound It!
Anarka: What happened?"
cat_blanc_ladybug_0001,Adrien's room,"Nathalie: As soon as he's done with his work
Ladybug: (sniffs Adrien's pillow) Adrien's scent... (sits up) Adrien's present! (places the gift on his pillow and begins to leave but turns around) The card, I forgot the card! Uh... (picks up a pencil from Adrien's desk) This should do. ""Signed, Marinette."" (puts the pencil back and leaves)
Adrien: Ladybug? (unwraps the gift) Why would Ladybug leave me a gift from Marinette? And with a heart embroidered on it?"
cat_blanc_ladybug_0002,Adrien's room,"Adrien: Or because... Ladybug and Marinette are the same person! (shows picture flashbacks)
Ladybug: You're my friend, and I'd never want to lie to a friend
Cat Noir: But why do you think you'd be lying?
Ladybug: 'Cause... there's this boy, I"
cat_blanc_ladybug_0003,Rooftops,"Plagg: Adrien! Putting a smelly piece of cheese in a box doesn't stop it from smelling!
Ladybug: Bunnyx?
Bunnyx: Minibug, something happened today that caused a major disaster in the future. I'm not sure what it was or when it happened exactly. Nothing unusual to report on your side?
Ladybug: Uh
Bunnyx: Think, Minibug, think!
Ladybug: Uh... no?
Bunnyx: Ugh! In my burrow, now! (grabs Ladybug's wrist and pulls her into her time travel burrow)
Ladybug: Wow, it's a lot bigger on the inside!"
cat_blanc_ladybug_0004,Burrow,"Ladybug: Wow, it's a lot bigger on the inside!
Ladybug: What's that for?!
Bunnyx: You wanna know what you're getting for your next birthday?
Ladybug: No, of course not
Bunnyx: Exactly! (guides Ladybug to one of the circles)
Ladybug: What about you? You know about all (your) birthday presents?
Bunnyx: I know about... some of them. (unblurs one of the circles, showing a flashback to Alix getting the watch.) Normally, we have to avoid interfering with past or present events as much as possible, but this is really serious, Minibug. (tries to push Ladybug into one of the circles but her right hand glitches and becomes intangible)Our future is in danger! I need your help. (uses her left hand to push Ladybug in)
Ladybug: What happened here?
Bunnyx: The less you know about the future, the better. Just do your thing: capture the Akuma and restore order. Then, the train will be back on track
Ladybug: You're not staying?
Bunnyx: Let's say I gotta stand ready to jump back into time and try something else, in case you fail. Mwah! (returns to her burrow)"
cat_blanc_ladybug_0005,"Alternate Paris, full of destruction","Cat Blanc: NOW YOU'RE BREAKING MORE THAN MY HEART, MARINETTE!!!
Ladybug: (shocked by hearing what Cat Blanc said) What?! (lands and inches away from Cat Blanc) What did you say?
Cat Blanc: Give me a hug... ("
cat_blanc_ladybug_0006,Alternate Paris,"Cat Blanc: I'll find you, m'lady!! And when I do, you'll (give me your Miraculous!)
Ladybug: (attacks from behind and grabs his staff) Time to de-evil—!
Cat Blanc: Looking for my Akuma, m'lady? (tries to attack Ladybug with lights, but she dodges it) There’s a faster way to make this end, you know. You just need to hand over.. ("
cat_blanc_ladybug_0007,Alternate Paris,"We’ll call it—: ) (tries grabbing Ladybug’s earrings)
Ladybug: (grabs his belt and rips it) Time to de-evil— (No Akuma emerges, and she looks at the belt in confusion)
Cat Blanc: (upset) You're not even listening. (You don't understand.)
Ladybug: You're done, Hawk Moth! Give us back your Miraculous!"
cat_blanc_ladybug_0008,"Alternate Paris, underwater","Cat Noir: No! Just stop!
Ladybug: (lands) Don't listen to him! You know there'd be a terrible price to pay in exchange!
Hawk Moth: If she really loved you, she'd let you save your mother!!! (points accusingly at Ladybug)"
cat_blanc_ladybug_0009,"Alternate Paris, underwater","Hawk Moth: Seize her Miraculous, (My Son!!!)
Ladybug: No, Adrien! You have to resist!!
Hawk Moth: How dare you!? Not me, Adrien!!"
cat_blanc_ladybug_0010,"Alternate Paris, underwater","Cat Blanc: M'lady!
Ladybug: (last words, moments before her death) My prince!
Cat Blanc: AAAAAAAAAAAAAAAAAAAAHHHHHHHHHHHH!!!!!!!!!!!!!!!!!!!!"
cat_blanc_ladybug_0011,Alternate Paris,"Bunnyx: (horrified) NO, NO, NO!!! He's about to trigger the end of the world, Ladybug!!!!
Ladybug: (frantically runs up to Cat Blanc) OKAY!! OKAY!!! I'LL GIVE YOU MY MIRACULOUS, CAT NOIR!!!!
Cat Blanc: I'm not Cat Noir anymore… (opens his eyes) I'm Cat Blanc… (flicks his bell and smiles ferociously)
Ladybug: You will always be Cat Noir to me"
cat_blanc_ladybug_0012,Alternate Paris,"Ladybug: You will always be Cat Noir to me
Ladybug: No more evildoing for you, little Akuma. Time to de-evilise Cat Noir! (catches the akuma with her yo-yo) Gotcha! (releases the akuma, turning it back into a normal butterfly) Bye-bye, little butterfly
Bunnyx: (from her Burrow) Yes, yes! You did it, Minibug!"
cat_blanc_ladybug_0013,The Agreste Mansion,"Ladybug: Mm.. They would never do that. But Adrien probably told someone, who told someone else, and so on, until it was all over the news! The best-kept secrets are the ones you never share
Ladybug from 10 minutes: Signed, Marinette. (Ladybug pushes her away) What the—
Ladybug: (erases her name) Trust me, it's better this way. (throws up eraser) Miraculous Ladybug! (throws her Lucky Charm up in air and reverts everything)"
cat_blanc_ladybug_0014,The Agreste Mansion,"Adrien: (opens door) Ladybug?
Ladybug: Oh, Adrien Agreste! What a surprise! I brought you a gift from... your fan club in Brazil! There's a postal strike over there but they really wanted it to arrive today for Saint Athanasius Day
Adrien: (closes door) That's my... fifth name
Ladybug: Wow, they must be serious fans to know that about you! Well, happy Fifth Name's Day! (leaves through the window)
Adrien: Uh... thank you. (smiles)"
cat_noir_as_seen_by_marinette_ladybug_0001,Marinette's room.,"Cat Noir: (Looks like I made it just in time.)
Ladybug: (I had it under control. But thanks!)
Marinette: He's always making puns. They’re not even that funny"
cat_noir_as_seen_by_marinette_ladybug_0002,Marinette's room.,"Marinette: Okay, so it's not always cat bad. I mean, that bad. ((giggles))
Ladybug: (to Cat Noir) (Just follow my lead.)
Marinette: I'm a little hard on him, I guess, to be honest, I'm glad he's here! I don't think I'd ever manage to defeat all those supervillains without his help! He can use his superpower-"
cat_noir_as_seen_by_marinette_ladybug_0003,Marinette's room.,"Marinette: -to destroy anything he touches. Comes in handy for slowing enemies down. Actually, Cat Noir and I really do make an awesome team!
Ladybug and Cat Noir: Pound it!
Marinette: But I think he's got a bit of a crush on me, you know? Except I love (Adrien)! Cat Noir's not anywhere near as perfect as Adrien. He does have some really cool things about him, though, like, he fights really well"
catalyst_heroes_day_part_1__ladybug_0001,Rooftop of Palais de Chaillot. The heroes plan their next move.,"Mother: Come on, sweetie. That's no Ladybug, that's - Ladybug?! (Cat Noir and Ladybug fight on top of the floats)
Akumatized Ladybug Illusion: (evil laugh)
Cat Noir Illusion: Move out of the way everyone! She's been akumatized!
Akumatized Ladybug Illusion: Hahahaha! Is that fear I smell, kitty? If you're looking for trouble, you've found it! (Attacks Cat Noir with her yoyo)"
catalyst_heroes_day_part_1__ladybug_0002,Rooftop of Palais de Chaillot. The heroes plan their next move.,"Parisians: (They gasp after seeing Cat Noir get launched to the Carapace Float)
Akumatized Ladybug Illusion: It's not nice to deny the request of a friend of a friend
Cat Noir Illusion: We'll probably only be friends again until you've been deakumatized. (Ladybug then uses her yoyo to grab Cat Noir's left arm) Meanwhile, I've got a nice gift for Hawk Moth. A very cool, Cataclysm!
Akumatized Ladybug Illusion: Cataclysm to you too! (Ladybug then forces Cat's right arm onto his stomach, causing him to be destroyed by his own cataclysm)"
catalyst_heroes_day_part_1__ladybug_0003,Rooftop of Palais de Chaillot. The heroes plan their next move.,"Scarlet Moth: Good, Gorizilla. Whatever happens, do not release Adrien. His safety is your number one priority. Now, come my dear akumatized friends. (akumatized villains all head in the same direction)
Ladybug: (jumps on top of the school building and looks down at the villains) What are they doing? (takes off, unaware that Vanisher is watching her)
Scarlet Moth: Do not let her out of your sight, Vanisher"
catalyst_heroes_day_part_1__ladybug_0004,Rooftop of Palais de Chaillot. The heroes plan their next move.,"Marinette: No, Tikki. In this case, less is more. I won't have time to explain everything again. I need allies who already know what needs to be done. (picks up the Fox and Bee Miraculous) If I may, Master? (Master Fu hands Marinette the Turtle Miraculous) So you want the Miraculouses, Hawk Moth? (shows the Turtle Miraculous) Then that's what you're going to get!
Ladybug: Cat Noir
Cat Noir: No way I was gonna miss this party, m'lady. Especially with all these guests
Ladybug: (on the phone) How many?
Cat Noir: 1...2...3... Too many to count. Looks like Hawk Moth made quite an army for himself
Ladybug: (on the phone) It's just as well. I'm planning to do the same. (shows up besides Cat Noir)
Cat Noir: M'lady
Ladybug: I've got a mission for you. (hands him the Bee Miraculous)
Cat Noir: Whoa"
catalyst_heroes_day_part_1__ladybug_0005,Rooftop of Palais de Chaillot. The heroes plan their next move.,"Nino: No, I'll take you to the movies
Ladybug: (bursts in) Alya. Nino. You guys like action movies, right?
Nino: Ladybug? The real Ladybug? But...?
Ladybug: I'm sorry for what I'm about to do. I know I'm revealing your secret identities but I don't have time to find a good excuse to give them to you separately. (presents the Miraculous boxes) Rena Rouge and Carapace, I need you both!
Nino: (to Alya) You're Rena Rouge?"
chameleon_ladybug_0001,"Collège Françoise Dupont, bathroom. Marinette continues to growl, Lila enters.","Lila: I can sense that you don't like me, but I don't understand why. We barely know each other
Ladybug: (in flashback) Miss Show-Off here was trying to impress you
Lila: Don't tell me it's because of this new seating arrangement in class! (Marinette turns away from Lila) It is! Of course, you're jealous because I'm sitting next to Adrien, because you would've given anything to sit there yourself. You know what? It's really not worth fighting over a boy. You and I could be friends, and who knows, I might even be able to help you with Adrien"
chameleon_ladybug_0002,"Collège Françoise Dupont, locker room. Ladybug runs out of the bathroom, but shrieks and runs back when she sees Adrien.","Hawk Moth: (from his lair) With pleasure. I have some new powers for you, Chameleon
Ladybug: I gotta find another way. (looks up and sees an airduct cover)
Adrien: (sees Lila) Hey"
chameleon_ladybug_0003,"Collège Françoise Dupont, roof. Ladybug looks down to see Chameleon (Adrien) approaching Nino and Alya, who are just leaving a classroom.","Chameleon (as Adrien): You should see your faces, don't miss my performance at the Eiffel Tower. You're gonna love it
Ladybug: What? Not Adrien
Bus Driver: Hey, thank you Ladybug"
chameleon_ladybug_0004,"Parisian streets, rooftops. Ladybug follows Chameleon throughout Paris. Chameleon jumps in front of the bus, causing the driver to swerve and almost hit someone. Ladybug saves the person and stops the bus just in time.","Chameleon: La, la, la, la, la, la, la, la, la, la, la, la, la, la, la, la, la whoa. (pretends to lose her balance) This is so easy, as soon as someone needs saving, that stupid Ladybug shows up. La, la, la, la, la, la, la
Ladybug: Adrien, stop!
Chameleon: Ah, help me. I'm losing my balance, I'm gonna fa– (falls; Ladybug jumps and rescues her)"
chameleon_ladybug_0005,"Parisian streets, rooftops. Ladybug follows Chameleon throughout Paris. Chameleon jumps in front of the bus, causing the driver to swerve and almost hit someone. Ladybug saves the person and stops the bus just in time.","Chameleon: My princess charming, you saved my life. (attempts to kiss Ladybug)
Ladybug: You are not Adrien!
Chameleon: You're right, I'm Chameleon. You're getting better at this, Ladybug. Which is a good thing. It'll make this fight all the more interesting
Ladybug: I know where your akuma is, Chameleon. Time to de-evil– (rips Nino's cap) uh, but the akuma!"
chameleon_ladybug_0006,Trocadéro.,"Chameleon (as Quentin): Ladybug, I saw the supervillain running away. (points to the merry-go-round)
Ladybug: Thanks! Don't stay here, okay? It's dangerous. (approaches the merry-go-round) Come out of there, Chameleon! (the real Quentin can be seen snoring inside one of the carts)
Quentin's mother: My Quentin! You found him, Ladybug
Ladybug: Found him?"
chameleon_ladybug_0007,Trocadéro.,"Chameleon (as Cat Noir): It's down to the two of us, Ladybug. Cataclysm!
Ladybug: I'm gonna find out who you really are, Chameleon!
Chameleon: I'll find out who you are first, don't you worry. (attacks Ladybug) Too bad Cat Noir's power is gonna destroy you. (tries kissing Ladybug again.)
Ladybug: If you manage to touch me! (leaps to the Eiffel Tower)"
chameleon_ladybug_0008,"Eiffel Tower. The Miraculous Cure fixes the hole in the Eiffel Tower, the mess in and around the stall and turns Chameleon back into Lila.","Nino: Hey! (Nino looks way happier; Alya giggles)
Ladybug: Lila?
Lila: Ladybug?
Ladybug: At least now you can say I saved your life for real. Truce? (holds out her hand)
Lila: Thanks, Ladybug. (shakes her hand) I'd be honored to call you my friend
Ladybug: Yeah, I'm happy to hear that. Hey, some advice. You don't have to lie and pretend to be something you're not. People will like you just for being yourself
Lila: You have my word, Ladybug
Ladybug: Bug out! (leaves with Cat Noir)
Lila: Bye! (begins seething)"
christmaster_ladybug_0001,"At the rooftops, Ladybug swings towards something smoking and finds the wreckage of Santa's sleigh.","Ladybug: What's going on?
Ladybug: (into yo-yo) Cat Noir, you'll never guess what I just found
Cat Noir: (into staff) Actually I think I know m'lady. I'm with Santa Claus we've taken refuge in the ice rink
Ladybug: I'll meet you there"
christmaster_ladybug_0002,The ice rink. Cat Noir is looking at the catfish through the window.,"Colonel Woof-Woof: Aha! Gotcha!
Philippe and Ladybug: Ah!
Colonel Woof-Woof: My sense of smell has sniffed you out, Santa. Follow me and do not show resistance"
christmaster_ladybug_0003,The ice rink. Cat Noir is looking at the catfish through the window.,"Colonel Woof-Woof: Christmaster demands his gift
Ladybug: Christmaster?
Santa Claus: Christmas gifts must be deserved, and they're only given at Christmas. If you think I'm going to bend the rules, you're barking up the wrong tree"
christmaster_ladybug_0004,The ice rink. Cat Noir is looking at the catfish through the window.,"Santa Claus: Christmas rules are very strict. You don't open gifts early. I give them at Christmas, not Easter or Halloween. Otherwise…
Santa Claus and Ladybug: …you might as well have a bunny or a witch delivering your presents!
Ladybug: Oh no, what have I done?"
christmaster_ladybug_0005,The ice rink. Cat Noir is looking at the catfish through the window.,"Santa Claus: Well, there is one case in which I could make an exception for—
Santa Claus and Ladybug: —The best-behaved kid in the whole world
Ladybug: The one at the top of your list of good children"
christmaster_ladybug_0006,"The street. Ladybug, Cat Noir, and Santa Claus are running.","Philippe: Ladybug, Cat Noir, protect Santa, I can take care of these toys! (Ladybug swings away with Cat Noir and Santa Claus.) Hahahaha, triple axel, and a pike spin into a double toe loop. (Philippe skates into the soldiers, knocking them down) Not so high and mighty now, are we? (The T-rex grabs Philippe in its mouth) Ow! Such sharp teeth for a toy! Get me out of here!
Ladybug: I think I know who the toys' master is. I should have thought of it sooner
Cat Noir: Who is he?
Ladybug: I just have to check first to be sure. May I Santa? (Santa gives Ladybug his hat. She sniffs it.) That smell of a wood fire and cinnamon cookies. It's so Christmassy. (She puts in on Cat Noir) You're up, Santa Cat"
christmaster_ladybug_0007,The street.,"Santa Claus: Ho ho, hello, Nino!
Ladybug: Nino, I think Chris has been akumatized. Did you notice anything different about his room?
Nino: (He fixes his glasses) His favorite toys have gone missing, too
Ladybug: Plastic soldiers, a catfish?
Nino: Yes! Plus his dinosaur
Ladybug: So he (is) the toys' master. But, he could be anywhere, how are we gonna find him?
Nino: (concerned) Please save the little dude, Ladybug. (She puts her hand on his shoulder and nods)
Ladybug: Lucky Charm! (She receives a stationary set.)
Nino: Stationary?"
christmaster_ladybug_0008,The street.,"Santa Claus: (reading Ladybug's letter) ""Dear Santa, I want the same gift as Chris Lahiffe, whatever it is."" Are you sure about this? You know that this is the only gift you'll get this whole year from me
Ladybug: Yes, I know, but I'm doing it to save Paris and Nino's little brother
Santa Claus: Ah, you really do deserve to be at the top of my list. Merry Christmas, Ladybug. (He gives her a red gift with a black bow)
Ladybug: Thank you Santa, now get to safety. I'll take it from here. (She swings away)"
christmaster_ladybug_0009,The street. Ladybug swings to the police car and grabs the megaphone.,"Nino: Aw… (Nino hunches over in annoyance)
Ladybug: (amplified) Christmaster, I've got your Christmas present. Come and get it if you want it. Huh? (A helicopter comes and grabs the gift from Ladybug's hand.) Hm!
Christmaster: (laughs) Wow, awesome! Grobotech Ultimate Destructor! (Colonel Woof-Woof and the bear arrive on two catfish with Cat Noir tied up hanging from another)"
christmaster_ladybug_0010,The platform.,"Christmaster: Give your paw, kitty cat, Hawk Moth wants your ring. It's a stupid dumb-dumb Christmas gift, but that's his price. (The yo-yo slices Cat Noir's ropes away) Ladybug?
Ladybug: Christmas presents are delivered on Christmas Eve, and only to the good kids, Christmaster. I hate to say you and Hawk Moth didn't even make Santa's list
Hawk Moth: (from his lair) That's where you're wrong, Ladybug. You've just brought me my second gift, which only goes to show what a good Hawk Moth I've been this year. Use the powers I gave you Christmaster and seize their Miraculous. ("
christmaster_ladybug_0011,The platform.,"Hawk Moth: (from lair) (laughs) It's over! In a few seconds now their Miraculous will me mine! Christmas has come early this year!
Toy Ladybug: Lucky charm! (She receives six boomerangs. They continue fighting.)
Toy Cat Noir: Cataclysm!"
christmaster_ladybug_0012,The platform.,"Toy Ladybug: Lucky charm! (A giant sword similar to the one Nightmare Ladybug uses in ""Sandboy"" appears.)
Ladybug: If that's our only choice, but we need to save it to smash the snow globe
Santa Claus: Ho ho ho, paws off, you naughty toys. (He throws them off the platform)
Ladybug: Santa Claus!
Santa Claus: At your service, Ladybug. There's no way I'm letting anything happen to the best-behaved kid in the world! I'll take care of these two!"
christmaster_ladybug_0013,The platform.,"Cat Noir: (Running from Grobotech Ultimate Destructor's lasers) I can take it down, nothing can resist my Cataclysm
Ladybug: I know but I'm gonna need it fully functional, follow my lead. Hey Grobothing, you want my Miraculous, come and get it! (She runs towards the robot) Over to you, Cat Noir. (He runs up the back of the robot. Ladybug makes it to Christmaster's throne, but Grobotech Ultimate Destructor is still shooting lasers.)
Christmaster: Stop Grobotech!"
christmaster_ladybug_0014,The platform.,"Christmaster: No! Not my toy!
Ladybug: You have a choice, your toy or the snow globe
Hawk Moth: (in lair) No don't do that!"
christmaster_ladybug_0015,The platform.,"Hawk Moth: (in lair; despaired) No!
Ladybug: Thank you Christmaster. (She throws the snow globe to Cat Noir's hand)
Marinette: No more evildoing for you, little akuma. Time to de-evilize! Gotcha! Bye bye, little butterfly"
christmaster_ladybug_0016,The platform.,"Ladybug, Cat Noir, and Santa Claus: Pound it!
Ladybug: (giggles) (She looks at her letter and frowns at Santa)
Santa Claus: Goodbye my friends
Ladybug: Goodbye Santa Claus"
christmaster_ladybug_0017,The platform.,"Chris: Yeah, but, I don't remember much
Ladybug: Don't worry, everything's fine
Cat Noir: Come on, big boy
Ladybug: (her Miraculous beeps rapidly) Cat Noir, could you take Chris back home please?
Cat Noir: Sure thing"
climatiqueen_ladybug_0001,"The sky. Aurore stops her storm, causing Ladybug to fall and Cat Noir to catch her.","Cat Noir: Including us!
Ladybug and Cat Noir: Power up!
Astrocat: We'll never be able to get close enough to her!"
climatiqueen_ladybug_0002,"The sky. Aurore stops her storm, causing Ladybug to fall and Cat Noir to catch her.","Astrocat: We'll never be able to get close enough to her!
Cosmobug: Unless we're faster than the storm!
Max: Markov, saddle up!"
climatiqueen_ladybug_0003,The rooftops. Pegasus teleports to where Ladybug and Cat Noir are.,"Pegasus: Ladybug, I'm ready!
Ladybug: Pegasus, I need you to open a portal to send us to the Eiffel Tower!
Pegasus: Voyage!
Ladybug: Cat Noir, cataclysm the Eiffel Tower before she touches it!"
climatiqueen_ladybug_0004,"The Eiffel Tower. Ladybug, Cat Noir, and Pegasus land near the top.","Pegasus: Voyage!
Ladybug: No more evil doing for you, ultrakuma! (She opens up her yoyo.) Time to de-evilize! (She catches the ultrakuma.) Gotcha! Bye bye, little butterfly! (She releases the butterfly.) Miraculous Ladybug!
Ladybug, Cat Noir, and Pegasus: (They fistbump) Pound it!"
collusion_ladybug_0001,"Hôtel de Ville, exterior.","Cat Noir: We're all for the big dance and fireworks on July 14th, but don't you think that's a lot, Miss Sans-Culotte?
Ladybug: Just be careful she doesn't make you lose your head, kitty!
Cat Noir: I can't make heads or tails of her definition of justice
Ladybug: Let's try something else"
collusion_ladybug_0002,"Hôtel de Ville, exterior.","Ladybug: Let's try something else
Ladybug: Lucky Charm! (receives a crown)
Cat Noir: A crown?
Ladybug: (sees the crown, Miss Sans-Culotte, and City Hall highlighted in her vision) Revolution… Sans-Culotte… Mayor Bourgeois is acting like the king of Paris, and maybe he should be removed from office after all
Cat Noir: Are you saying we should give this villain free reign?
Ladybug: I don't know… I feel like that's what the Lucky Charm means. You're right, it's not up to us to decide who gets to be the mayor and who doesn't. An akumatized villain just needs to be deakumatized"
collusion_ladybug_0003,"Hôtel de Ville, interior. Miss Sans-Culotte enters and heads towards the mayor's office.","Miss Sans-Culotte: I've tried to listen to people, to educate my students, to convince with words, but we have to face the facts — there's only one thing that ever works: a revolution! (attacks Zoé with her blade)
Ladybug: (swoops in and protects Zoé from the attack with her yo-yo whilst Cat Noir fights off the balloons) Give yourself one last chance. You're a teacher, aren't you? Then try to use your best weapon one last time — your words. Granted, they don't work on everyone, but if this girl is telling the truth, maybe it (will) work with the mayor!
Miss Sans-Culotte: (considerately) Hmm…"
collusion_ladybug_0004,"Hôtel de Ville, the mayor's office.","Caline: Gisèle!
Ladybug and Cat Noir: (fist bump) Pound it!
Ladybug: It's weird, I didn't get to use the crown. The Lucky Charm always indicates the right way to defeat the villain"
collusion_ladybug_0005,"Hôtel de Ville, the mayor's office.","Chloé: See? Here they go again using their powers against demacro– demicro– uh, DECROMACY! They're not superheroes, they're super(villains)!
Ladybug: That's enough! (throws her yo-yo at Chloé)
Cat Noir: Cataclysm! (destroys the net)"
conformation_the_final_day_part_1__ladybug_0001,Nathalie's room,"Ladybug: The tablet stolen from Master Fu?
Ladybug: It can't be
Monarch: Dark wings fall. (Detransforms.)"
conformation_the_final_day_part_1__ladybug_0002,Nathalie's room,"Plagg: Well, alright then, it shall be Plagg alone versus the rest of the world! (Flies away.)
Ladybug: (Tries calling Cat Noir on her bugphone.) Pick up, please!
Cat Noir: (pre-recorded voice) Voicemail! Meow!
Ladybug: Cat Noir, I need you (right now)! I'm at–"
conformation_the_final_day_part_1__ladybug_0003,Nathalie's room,"Miraculized: Release them! Ladybug! Release them! Where are Kagami and Adrien?!
Ladybug: What?
Unnamed Miraculized 1: Venom!"
conformation_the_final_day_part_1__ladybug_0004,Agreste's kitchen,"Ladybug: Of course! (Swings away and runs into the kitchen.)
Ladybug: (Runs in and hides in one of the cupboards.) Spots off. (Detransforms.)
Unknown voice: Quantum imprint lost"
confrontation_ladybug_0001,"Interior, Collége Françoise Dupont, in Ms. Bustier's classroom. The Megakuma teleports in the room. Rose gives Juleka's Magical Charm and places it in her hand.","Ladybug: Lucky Charm!
Ladybug: So, they multiply... Well then, let's divide them!
Cat Noir: Really hope you can get us out of this sticky situation, m'Lady!"
confrontation_ladybug_0002,"Interior, Tom and Sabine Boulangerie Patisserie. Reflekta enters the bakery and is about to throw fan blades at Tom and Sabine, only to be stopped by Cat Noir who is by the bakery entrance, leaning on his baton.","Reflekta: Together forever!
Ladybug: Maybe you should ask what he thinks first before suggesting a career change?
Ladybug and Cat Noir: (pretend to be stuck) Oh no!"
confrontation_ladybug_0003,"Interior, Tom and Sabine Boulangerie Patisserie. Reflekta enters the bakery and is about to throw fan blades at Tom and Sabine, only to be stopped by Cat Noir who is by the bakery entrance, leaning on his baton.","Ladybug: Miraculous Ladybug!
Ladybug: Juleka, this Magical Charm will help you remember to never give up hope. We will always be there for you
Ladybug and Cat Noir: Pound it!"
confrontation_ladybug_0004,On the rooftops. Cat Noir narrates everything that happened at school to Ladybug.,"Cat Noir: And then finally, the principal left. And that's the whole story
Ladybug: (gasps) So that was the true power of the Magical Charm!
Cat Noir: Awesome, right? If things continue this way, people won't need us anymore to be de-akumatized"
copycat_ladybug_0001,"Louvre. While the polices were guarding or chatting, they noitced Cat Noir appears, and armed themselves with riot tonfa batons.","Roger: (speaking into walkie-talkie) Kitty's in the slammer. I repeat, kitty's in the slammer
Ladybug: Mr. Mayor, this is ridiculous. I'm sure there's a simple explanation
Roger: Kitty's in the slammer, Ladybug
Ladybug: Don't think you're gonna keep him in there—
Roger: (Stops Ladybug) Now, now. Leave it to the experts, Ladybug. We've got it under control
Ladybug: Hmph!"
copycat_ladybug_0002,"Louvre. While the polices were guarding or chatting, they noitced Cat Noir appears, and armed themselves with riot tonfa batons.","Roger: Aren't you gonna go after him?
Ladybug: Uhh, I'll leave it to the experts. (She swings away.)
Police: Come on, let's get him!"
copycat_ladybug_0003,Théo's studio.,"Copycat: There you are
Ladybug: Cat Noir! He really looks like you!
Cat Noir: That's because I am me!
Ladybug: Where is his akuma?"
copycat_ladybug_0004,Théo's studio.,"Hawk Moth: Ladybug's doing all the work for us. What sweet irony
Ladybug: He even has the same powers as you
Copycat: Simply amazing, isn't it?"
copycat_ladybug_0005,Théo's studio.,"Copycat: I told you I was better than him
Ladybug: (takes Cat Noir's staff) But I'm better than both of you! (gives the staff to Cat Noir)
Cat Noir: Hey, it's me!"
copycat_ladybug_0006,Théo's studio.,"Ladybug: Ugh, now you're both annoying me to pieces! Show me your ring. How many pads do you have left?
Ladybug: Cat Noir, scratch attack!
Cat Noir: Gladly. I love a good cat fight. (meows)
Ladybug: Time to go akuma fishing!"
copycat_ladybug_0007,Théo's studio.,"Ladybug: No more evil doing for you, little akuma. Time to de-evilize! (catches the akuma) Gotcha! (releases purified butterfly) Bye bye, little butterfly. Miraculous Ladybug! (Everything turns back to normal, and Copycat turns back into Théo, who is caught by Cat Noir.)
Ladybug: Nice catch!
Cat Noir: I'm so glad you could tell the real cat from the fake one
Ladybug: Once I figured out which cat was really in love with me, it was a no-brainer
Cat Noir: Better help the fellow out. His crush just got crushed. (under his breath, as he leaves) That makes two of us"
crocoduel_ladybug_0001,"Back at the ground, Ladybug and Cat Noir see Captain Hardrock's cannons flying above them and crashing on a building. They run to that direction, saving civilians from the raining cannons. At the docks, a cannon is headed towards Luka and Juleka, but Ladybug and Cat Noir are able to save to them.","Ladybug: We need someone to listen to!
Ladybug: Luka, don't stay here. We'll talk later. I-I mean, it's not safe. (swings away with Juleka)
Cat Noir: Where's she going? Eh, I'll just protect Paris on my own. (vaults away, leaving Luka behind)
Ladybug: You okay?"
crocoduel_ladybug_0002,In the alleys. Ladybug and Juleka lands softly.,"Ladybug: You okay?
Ladybug: Juleka Couffaine, here is the Miraculous of the tiger, which gives the power of clout. You will use it for the greater good
Roaar: (roars, which scares Juleka) Let's cause some havoc!!
Ladybug: Once the job is done, you will return the Miraculous to me. Can I trust you?"
crocoduel_ladybug_0003,"Back on the streets, near a fountain. Cat Noir lands with a civilian in his arms.","Cat Noir: It didn't work? (returns his baton behind him)
Ladybug: I don't get it!
Purple Tigress: The akuma entered these objects before they were torn and separated
Ladybug: Oh! (She uses her Lucky Vision, eyeing the tape roll and the broken pieces of the akumatized vinyl that she and Purple Tigress are holding, and Purple Tigress herself.) We broke them separately, so we should actually join them together to break them together again!"
crocoduel_ladybug_0004,"Back on the streets, near a fountain. Cat Noir lands with a civilian in his arms.","Guitar Villain: Rockin' Riff, Baby!
Ladybug: Go ahead, Purple Tigress! Keep them at bay!
Purple Tigress: Clout!"
crocoduel_ladybug_0005,"Back on the streets, near a fountain. Cat Noir lands with a civilian in his arms.","talk it over instead of arguing!!: )
Ladybug: (now holding the tape-wrapped akumatized vinyl) It's up to you, Kitty!
Cat Noir: Cataclysm! (disintegrates the akumatized vinyl)
Ladybug: (swipes open her yo-yo) No more evil-doing for you, little akuma! Time to de-evilize! (captures the akuma inside her yo-yo) Gotcha! (releases the purified butterfly) Bye-bye, little butterfly!"
crocoduel_ladybug_0006,"Back on the streets, near a fountain. Cat Noir lands with a civilian in his arms.","Ladybug: (swipes open her yo-yo) No more evil-doing for you, little akuma! Time to de-evilize! (captures the akuma inside her yo-yo) Gotcha! (releases the purified butterfly) Bye-bye, little butterfly!
Ladybug: Miraculous Ladybug!! (throws the tape roll in the air)
Ladybug, Cat Noir, &amp; Purple Tigress: Pound it!
Ladybug: (grabs Anarka's hand and gives her her charm) Anarka, (grabs Jagged's hand and gives him his charm) Jagged, I wish I could help you work things out but that's beyond my powers. However, these magical charms will protect you from Shadow Moth in the future"
daddycop_ladybug_0001,"Ladybug yoyos away from Daddycop's blasts, running across the rooftops as the crowd continues to chase them on the streets.","Daddycop: Give her back!
Ladybug: Cat Noir! Create a diversion as I get Sabrina to safety!
Cat Noir: I love being a distraction. Power up!
Ladybug: Sabrina Raincomprix, I am going to need Miss Hound's help"
daddycop_ladybug_0002,Skies. Daddycop chases Cosmobug around Paris as he shoots at her.,"Miss Hound: In position!
Cosmobug: Now!
Pegasus: Voyage!"
daddycop_ladybug_0003,Skies. Daddycop chases Cosmobug around Paris as he shoots at her.,"Cat Noir: Cataclysm!
Cosmobug: Retro gradation!
Ladybug: No more evil doing for you, Ultrakuma. (spins yo-yo around) Time to de-evilize! (captures Ultrakuma; yo-yo closes) Gotcha! (releases butterfly) Bye bye, little butterfly"
daddycop_ladybug_0004,Skies. Daddycop chases Cosmobug around Paris as he shoots at her.,"Ladybug: Miraculous Ladybug!
Ladybug: It's great that you want to look after your daughter's well being, Officer, but you don't have to worry anymore. Sabrina has it in her to make it on her own, Probably because she has such a great dad
All the heroes: Pound it!"
dark_cupid_ladybug_0001,outside Le Grand Paris. Chloé is complaining to the deliverers of Adrien's portrait.,"Dark Cupid: Ladybug!
Ladybug: Stop, Kim!
Dark Cupid: I'm not Kim, I'm Dark Cupid! I'll never stop! If I can't have love, then no one can!
Ladybug: Okay, Dark Cupid, I get it. Chloé totally burned you. But that doesn't mean you have to take it out on all of Paris!
Dark Cupid: Oh yes, I do! And I won't stop until everyone's heart is crushed. Say adios to your loved ones. From now on, you'll hate them!"
dark_cupid_ladybug_0002,outside Le Grand Paris. Chloé is complaining to the deliverers of Adrien's portrait.,"Cat Noir: Falling for me already, my lady? (pulls Ladybug down next to him) I need to talk to you
Ladybug: It’s gotta wait. Dark Cupi-
Cat Noir: (hushes her) I swore to myself that I'd tell you as soon as I saw you. Ladybug, I-I... Look out!
Ladybug: (gasps) Cat Noir!
Cat Noir: (his lips turn black) Ladybug, I—I... ("
dark_cupid_ladybug_0003,Le Grand Paris. Chloé and Sabrina speak with Ladybug.,"Chloé: Daddy!
Ladybug: Run, Chloé, run!
Cat Noir: Well, well, Ladybug
Ladybug: I don't want to fight you, Cat Noir
Cat Noir: Ugh, that friendliness. It's so revolting. You are definitely not my friend!
Ladybug: Why are you so full of hate, Cat Noir?!
Cat Noir: Because hate conquers all!
Ladybug: I hate to burst your bubble, but hate doesn't conquer all. Love does! (then she remembers what Miss Bustier and Rose said earlier about love)
Cat Noir: You're just buying time! Fight!
Ladybug: I'll do better than that
Cat Noir: Huh?
Ladybug: Come on, kitty kitty, just a peck... (she tries to kiss him, but misses) Almost!
Cat Noir: (yells) Get back, you savage! (begins running away from her)
Ladybug: Here, kitty kitty kitty! Come here! (runs after Cat Noir)"
dark_cupid_ladybug_0004,"Cat Noir is still being chased by Ladybug and finally, she catches up to him.","Ladybug: Hey! I've got a Valentine's gift for you! (comes out of her hiding place)
Ladybug: Looks like you've got yourself in a sticky situation!
Dark Cupid: (yells) Ladybug!!
Ladybug: And now, for the pussy-cat! (Cat Noir stands up then he yells and he continues to fight Ladybug by chasing her until he sits on top of her)
Dark Cupid: Cat Noir, her Miraculous! (meanwhile starts washing his hands at the fountain)"
dark_cupid_ladybug_0005,"Cat Noir is still being chased by Ladybug and finally, she catches up to him.","Ladybug: Awww, you shouldn't have... (drops the pin) Whoops! (stomps on the pin to release the akuma) No more evil-doing for you, little akuma. Time to de-evilize! (captures the akuma) Gotcha! (releases the purified butterfly) Bye bye, little butterfly
Ladybug: Miraculous Ladybug! (throws the Lucky Charm into the air and its energy restores everything back to normal)
Alya: (she is about to cut a picture of her and Marinette in half) What the heck am I doing?"
dark_cupid_ladybug_0006,"Cat Noir is still being chased by Ladybug and finally, she catches up to him.","Ladybug &amp; Cat Noir: Pound it!
Ladybug: (her Miraculous beeps) Oops!
Cat Noir: Wait, Ladybug! I gotta tell you something
Ladybug: Look, the kiss... I had to break the spell, or
Cat Noir: Kiss? What kiss? No, I just wanted to say... (his Miraculous also beeps)
Ladybug: Look out, Cat Noir, your ring is flashing!
Cat Noir: Uhh... yours too!
Ladybug: (laughs) We're about to turn into pumpkins, and personally, I'd rather not see that. (both Ladybug and Cat Noir run away in opposite directions)"
darkblade_ladybug_0001,"Outside the City Hall. Cat Noir is being surrounded by knights, but Ladybug appears in time.","Cat Noir: Back off, you tin cans!
Ladybug: Cat Noir, over here! (uses her yo-yo to drag him inside, and he hits the wall, landing upside down with his legs folded) Sorry, Cat Noir. I was busy doing damage control inside
Cat Noir: I was managing just fine by myself, you know. But it's always nice to see you"
darkblade_ladybug_0002,"Outside the City Hall. Cat Noir is being surrounded by knights, but Ladybug appears in time.","Cat Noir: Why are they going on the roof? (a knight ungracefully slams none-to-gently into the wall beside their window with an ""oof!"") Well, at least some of them
Ladybug: The flag!
Darkblade: Tally ho! (The knights launch him to the roof with the catapult) Ha ha ha! Once these stripes are supplanted by mine coat of arms, I shalt reign supreme!
Ladybug: The akuma must be in his sword!"
darkblade_ladybug_0003,"Outside the City Hall. Cat Noir is being surrounded by knights, but Ladybug appears in time.","Ladybug: By getting me close to him!
Ladybug: Cat Noir, don't let him get his banner!
Darkblade: Villains! Thou impress me not. By the blade of darkness, I hereby declare all peoples of this kingdom are henceforth mine! (puts his flag on top, causing the sky to become black) Bow to King Darkblade!"
dearest_family_ladybug_0001,On the Parisian rooftops. Dearest Family continue to argue.,"Weredad: Marinette!
Ladybug: Thanks for your help with the galette, kitty cat
Cat Noir: How's your Kwami? Better?
Ladybug: Yes. It won't happen again
Cat Noir: How could Shadow Moth get to the Dupain-Cheng family again? Didn't you give them magical charms?
Ladybug: I did, but maybe he found a way of overpowering their magic. But that's not gonna stop us from saving them again!"
dearest_family_ladybug_0002,On the Parisian rooftops. Dearest Family continue to argue.,"Ladybug: We've gotta find where Shadow Moth's akuma is hiding!
Ladybug: (gasps) Nothing!
Cat Noir: Maybe this one? (breaks Befana's candy box, and no akuma is yet to be seen)"
dearest_family_ladybug_0003,On the Parisian rooftops. Dearest Family continue to argue.,"Qilin: Marinette is old enough to know what is right for her! The only one she needs is me!
Ladybug: The akuma must be in an object that's the same for all four villains
Cat Noir: Better find it quickly!
Ladybug: Lucky Charm! (uses her power and gets a paper crown) A... crown? Of course! The akuma's in the galette at home!
Cat Noir: At home?
Ladybug: Uh... What I mean is... at (their) home! The Dupain-Cheng home! They must have eaten galette too, as a family! And the akuma's is there. I mean, I'm guessing so. Stop them from following me!
Cat Noir: Oh, no! Not again!"
dearest_family_ladybug_0004,"Dupain-Cheng Residence, living room. Ladybug runs to the galette where the akumatized charm is. Cat Noir follows behind her, being chased by thr four villains, pushing the door close against them.","Cat Noir: (pushing the door shut) I did what I could!
Ladybug: Special delivery! (hands the slice of galette to Cat Noir)
Cat Noir: Thank you, m'lady! (pulls the charm inside the galette) And I got the charm! I'm the king! Cataclysm! (activates his power and breaks the charm containing the megakuma) What in the...?
Ladybug: A more powerful akuma! So that's how Shadow Moth broke the magical charms! No more evil doing for you, big butterfly! (opens her yo-yo) Time to de-evilize! (captures the megakuma) Gotcha! (releases the purified akuma. fluttering away) Bye-bye, little butterfly!
Cat Noir: (grabs a golden paper crown on the coffee table) Since I'm the king, (wears the crown on his head) Would you be my queen, Ladybug?
Ladybug: (giggles) With pleasure, kitty cat! Tradition is tradition!"
dearest_family_ladybug_0005,"Dupain-Cheng Residence, living room. Ladybug runs to the galette where the akumatized charm is. Cat Noir follows behind her, being chased by thr four villains, pushing the door close against them.","Ladybug: (giggles) With pleasure, kitty cat! Tradition is tradition!
Ladybug and Cat Noir: Pound it!
Ladybug: Miraculous Ladybug!"
dearest_family_ladybug_0006,"Dupain-Cheng Residence, living room. Ladybug runs to the galette where the akumatized charm is. Cat Noir follows behind her, being chased by thr four villains, pushing the door close against them.","Ladybug: Miraculous Ladybug!
Ladybug: I can't promise that these magical charms will protect you from Shadow Moth. Maybe they'll help you eat your galette in peace!
Marinette: There you go! You finally get to taste Dad and Grandpa's famous galette!"
deflagration_the_kwamis_choice_part_2__ladybug_0001,Arènes de Lutèce. The chaos continues to ensue before Monarch.,"Ladybug: Miraculous Ladybug!
Ladybug: (gasping upon grabbing hold of the Black Cat Miraculous) You reconfigured the Miraculous?? (about to be tackled by Monarch but kicks him away)
Monarch: I'm more powerful than you'll ever be, Ladybug! Multitude! (creates ten mini copies of himself...) Voyage! (...and escapes to a portal)"
deflagration_the_kwamis_choice_part_2__ladybug_0002,"Exterior, Arènes de Lutèce. Ladybug checks on the Resistance.","Monarch: You can't win, Ladybug. It's just a matter of time... You won't always have someone to help you!
Ladybug: Is anybody hurt? (helps Rose up)
Rose: No. Thanks, Ladybug!
Ladybug: No, (thank you!)"
derision_ladybug_0001,"Jardin des Tuileries. Victims of Dark Humor begins to wreak havoc, starting with Ondine batting out a kid's paper boat on the fountain.","Do you have no shame at all?!: ) (attempts to hit Dark Humor with his staff)
Ladybug: Cat Noir, calm down. We just need to destroy the akumatized object. You're gonna hurt him!
Cat Noir: And he'd deserve it! (continuously beats Dark Humor with his staff out of anger and tackles him on the ground) We'll see if you're still laughing after I wiped that smile from your face with my... Cataclysm!
Ladybug: (stops Cat Noir by wrapping her yo-yo around his wrist) No! What's happening to you?
Cat Noir: (skips around like a child) I don't know about you, but I'm having a (ball!) (produces tiny balls all over the area...) Sorry you have to (bounce) so soon! (...which causes people to slip off their feet)
Ladybug: Lucky Charm!"
derision_ladybug_0002,"Jardin des Tuileries. Victims of Dark Humor begins to wreak havoc, starting with Ondine batting out a kid's paper boat on the fountain.","Ladybug: Lucky Charm!
Ladybug: No!
Monarch: (from his lair) This is where your luck runs out, Ladybug!"
derision_ladybug_0003,"Jardin des Tuileries. Victims of Dark Humor begins to wreak havoc, starting with Ondine batting out a kid's paper boat on the fountain.","Dark Humor: H-Hey!
Ladybug: (after hiding behind a pillar) Spots off! (de-transforms...)
Marinette: Spots on! (...and transforms back to reactivate her power)
Ladybug: Lucky Charm!"
derision_ladybug_0004,"Jardin des Tuileries. Victims of Dark Humor begins to wreak havoc, starting with Ondine batting out a kid's paper boat on the fountain.","Monarch: (from his lair) You got them both! Bravo, Dark Humor! Now all you have to do is to take their Miraculous!
Ladybug: (chuckles as she runs after Cat Noir) Sit, kitty! The (potty's) just getting started!
Dark Humor: Hey! Get this off of me!
Ladybug: Hah! That's right! I pretended to be hit. What's the matter? Don't you like my practical joke? You really need a sense of humor"
derision_ladybug_0005,"Jardin des Tuileries. Victims of Dark Humor begins to wreak havoc, starting with Ondine batting out a kid's paper boat on the fountain.","Dark Humor: This... isn't funny!
Ladybug: No more evil-doing for you, Megakuma! (opens her yo-yo) Time to de-evilize! (catches the Megakuma) Gotcha! (releases the purified butterfly) Bye-bye, little butterfly! Miraculous Ladybug!
Kim: What happened?
Ladybug: Monarch used your emotions to manipulate you. (opens her yo-yo and grabs a magical charm) Kim, this is a magical charm. Always keep it with you. May it help you avoid making the same mistakes again"
derision_ladybug_0006,"Jardin des Tuileries. Victims of Dark Humor begins to wreak havoc, starting with Ondine batting out a kid's paper boat on the fountain.","Ladybug: Don't worry. It can happen to anyone. That's why there's two of us. That way, one of us is always there to help the other
Ladybug and Cat Noir: Pound it!
Kim: (worried) I can't remember anything. I hope I didn't do too many awful things while I was a supervillain"
despair_bear_ladybug_0001,Le Grand Paris. Kim is twirling Chloé around the room.,"Person: Look out!
Ladybug: Move aside. All of you!
Cat Noir: Look out! (pulls Ladybug to the floor)"
despair_bear_ladybug_0002,Le Grand Paris. Kim is twirling Chloé around the room.,"Despair Bear: Oh, pretty earrings
Ladybug: Cat Noir, it's me! Stop it!
Cat Noir: Cataclysm!"
despair_bear_ladybug_0003,Cat Noir continues chasing Ladybug until they arrive at the Le Grand Paris rooftop.,"Chloé: She's crazy, she's never going to make it without me
Ladybug: (looking around for clues, Ladybug figures out a plan on how to defeat Despair Bear) Okay! (fights Cat Noir)
Chloé: Hey, stop! (shrieks)"
despair_bear_ladybug_0004,Cat Noir continues chasing Ladybug until they arrive at the Le Grand Paris rooftop.,"Ladybug: No more evildoing for you, little akuma. Time to de-evilize! (catches the akuma with her yo-yo) Gotcha! (releases the akuma, turning it into a normal butterfly) Bye bye, little butterfly. Miraculous Ladybug!
Ladybug: (To Chloé.) Thanks for helping me out there. That was really nice of you
Chloé: I know, wasn't it?"
desperada_ladybug_0001,Seine.,"Penny Rolling: Jagged--? No--! (disappears)
Ladybug: I may not play a guitar, but I (do) play the yo-yo. Care for a duet?
Desperada: Solo!"
desperada_ladybug_0002,Paris.,"Ladybug: We now have five minutes. Within this time range, you can go back in time as many times as you want. But after that, when the head of the snake goes back in place, you'll detransform. Still no Cat... Come to think of it, we're okay without him. Now that we have (your) power, you and I are gonna make an awesome team
Ladybug: Where is she?
Desperada: Nobody can escape me from here"
desperada_ladybug_0003,Paris.,"Aspik: Second chance!
Ladybug: We know have five -- AH!
Aspik: Trust me -- we've been through this before
Ladybug: Shouldn't we wait for Cat Noir?
Aspik: No need, let's try a different exit this time
Ladybug: So you saved my life several times already? I knew! --
Aspik: We'd make an awesome team? I hope you're right
Ladybug: (quietly) He can read my mind too
Aspik: This seems okay here
Ladybug: Adrien -- I mean, snake
Aspik: Call me Aspik
Ladybug: Aspik, you really (are) a super--"
desperada_ladybug_0004,Sewers.,"Adrien: Brave? Determined? Caring? Why don't you give (him) the Miraculous?
Ladybug: Thank you for saving my life so many times, Adrien. (kisses)
Adrien: I'll go and hide. I'm sure you guys will succeed, Ladybug"
desperada_ladybug_0005,Sewers.,"Cat Noir: (to Luka) Perhaps you would've preferred a lucky horseshoe for your first mission
Ladybug: Cat!
Viperion: No need. Ladybug brings enough luck for all of us. (Cat Noir nods)
Ladybug: Thanks. Desperada's at the top of the Eiffel Tower! Let's take her vantage point away from her! We're gonna need your Cataclysm! Our team would be lost without him!"
desperada_ladybug_0006,Eiffel Tower. A big crash occurs; Desperada falls down.,"Ladybug: No more evil-doing for you, little Akuma
Ladybug: Bye-bye, little butterfly. Miraculous Ladybug! (She throws the saddle into the air, the Miraculous Cure restores damage and turns Desperada back into Vivica)
Vivica: What am I doing here?"
desperada_ladybug_0007,Eiffel Tower. A big crash occurs; Desperada falls down.,"Vivica: What am I doing here?
Ladybug, Cat Noir, &amp; Viperion: Pound it!
Hawk Moth: History repeats itself, Ladybug! But rest assured, one day (I) will be the one who rewrites it! (He laughs evilly as the window closes)"
el_toro_de_piedra_ladybug_0001,Streets of Paris. Minotaurox stands over the deakumatized Raul handing him the letter back.,"Roger: But uh...he's still a supervillain and uhh
Ladybug: He was a supervillain, Officer Roger, but he's following the New Chance Program. (Isn't he)? (Looks at Raul)
Cat Noir: And this time he just fell victim to an Ultrakuma"
ephemeral_ladybug_0001,On the streets. Moolak fires at the Parisians and turns them into coins inside his vault.,"Vesperia: It'd be simpler just to cataclysm the whole safe!
Ladybug: I know! I already left I don't know how many messages for Cat Noir!
Moolak: (laughs) I'm getting so rich!!"
ephemeral_ladybug_0002,The Parisian streets. The battle continues. Ladybug continues to contact Cat Noir but fails.,"Ladybug: Got it!
Ladybug: Gear up, guys!
Polymouse: Multitude!"
ephemeral_ladybug_0003,The Parisian streets. The battle continues. Ladybug continues to contact Cat Noir but fails.,"Carapace: Unshield!
Ladybug: Viperion, try every possible combination!
Viperion: Second Chance!
Ladybug: Viperion, try every possible combination!
Viperion: Second Chance!"
ephemeral_ladybug_0004,In the sewers.,"Viperion: Scales rest. (de-transforms into Luka)
Ladybug: Thanks, Luka—
Su-Han: This really takes the cake!
Ladybug: Grand Master Su-Han?
Su-Han: Nine! You used nine Miraculous to defeat a single villain, when Cat Noir could have just used his Cataclysm!
Ladybug: I had to. Cat Noir was missing!
Su-Han: What do you mean ""missing""? You can't just let the holder of the one of the most powerful Miraculous go about as he pleases! What if he started making his own decisions, or act it out? Like Shadow Moth?!
Ladybug: Cat Noir? Act like Shadow Moth? Wow. Are you blowing this out of proportion just a little?
Su-Han: Not at all. In fact, you should find out who Cat Noir really is, so you can have better control over him
Ladybug: What?? No way! We can't know our true identities! It would be too dangerous if Shadow Moth got a hold of one of us!
Su-Han: I. Don't. Care!! Deal with this problem quickly, otherwise I will take back his Miraculous as soon as he shows a whisker! And I'll choose the new Cat Noir myself!
Ladybug: Okay, okay, alright. What if (you) knew who he was, would that work?
Su-Han: I... I suppose so. But I'm warning you, if you don't succeed—
Ladybug: I get it. Cat Noir will be replaced"
ephemeral_ladybug_0005,"Interior, the Agreste mansion, in Adrien's bathroom. Adrien opens his shower. Plagg zooms out of his jacket.","Cat Noir: Fourteen messages? She must be furious. (calls Ladybug)
Ladybug: (on the phone) Finally!
Cat Noir: I know what you're about to say, Ladybug, but—
Ladybug: (on the phone) Nevermind! We got through it. That's all that matters. But we (do) need to talk. Meet me at the top of the Eiffel Tower
Cat Noir: (puts down the phone) I get the feeling I'll have my whiskers yanked"
ephemeral_ladybug_0006,"In the sewers, Ladybug explains her plan to Viperion.","Luka: Sass, scales slither! (transforms into Viperion)
Ladybug: This is the plan: you stay here hidden. I ask Cat Noir his identity. He tells me
Viperion: Since I'll hear everything, I'll also know his name
Ladybug: That's when you'll use your power of Second Chance to go back in time. I'll forget everything but (you) won't
Viperion: Or I could just ask him myself if you want. It'd be less dangerous that way, wouldn't it?
Ladybug: (grabbing her earpiece from her yo-yo) Cat Noir will only tell if I'm the one asking
Viperion: Alright, and then I'll tell the Celestial Guardian Cat Noir's identity
Ladybug: And then he'll finally cut me some slack
Viperion: Are you sure the fact that I know who Cat Noir is won't be a problem?
Ladybug: Like I said, as long as I don't know who he is, everything will be fine
Viperion: (through the earpiece) Do you think Cat Noir would agree to this?
Ladybug: (groans) He's been dying to tell me who he is for the longest time. (looks over the fence and sees Cat Noir leaping on the rooftops towards the Eiffel Tower) There he is! Get ready!"
ephemeral_ladybug_0007,"On top of the Eiffel Tower, Ladybug waits for Cat Noir.","Ladybug: (groans) He's been dying to tell me who he is for the longest time. (looks over the fence and sees Cat Noir leaping on the rooftops towards the Eiffel Tower) There he is! Get ready!
Ladybug: Now! We're in sync!
Viperion: Second Chance!
Ladybug: The countdown has begun. It's 1 am, and we've got just five minutes before you transform back. So we've got to be done by 1:05. You'll rewind on my signal"
ephemeral_ladybug_0008,"On top of the Eiffel Tower, Ladybug waits for Cat Noir.","Viperion: (through the communicator) Ladybug! I heard his name! Shall I rewind?
Ladybug: No— Wait— Not— Not yet
Adrien: (frowns) I understand. It's never easy to show your true self to someone. You'd wonder what the other person would think of you if they'll like you. It's hard for me, too, you know? My heart's beating so fast, I've waited for this moment for so long! Imagine the stories that I have come up with when you saved my life as Adrien, or when you wanted to give me another Miraculous! It was awful having to hide Cat Noir from you. I'm so glad I don't have to do that anymore! I hope you're not too disappointed. But whoever you are behind that mask, you'll always be the most amazing person in the world"
ephemeral_ladybug_0009,"On top of the Eiffel Tower, Ladybug attempts to reveal her identity.","Luka: I hope she knows what she's doing
Ladybug: (hesitantly) I am... Ma— Ma— Mari— madly awkward!
Adrien: Take all the time you need. I'll wait 'til you're ready. Besides, now that you know who I am, you know where to find me!
Ladybug: Uhh, right! I'll take my think to time— er— uh— see you sooner! (swings away)"
ephemeral_ladybug_0010,In the alleys. Ladybug and Cat Noir land safely.,"Ladybug: Wait! I'm... I'm ready now
Ladybug: Spots off
Marinette: (flustered) Please, say something!"
ephemeral_ladybug_0011,In the movie theater. Marinette waits for Adrien.,"Marinette: Tikki, spots on! (transforms into Ladybug)
Ladybug: Lucky Charm! (receives a watch with the time at 1:00)
Shadow Noir: (laughs) Could this be the hour of your defeat!?"
ephemeral_ladybug_0012,On top of the Eiffel Tower. Time is reverted back to when Ladybug starts the countdown while waiting for Cat Noir.,"Ladybug: What on earth is happening?
Ladybug: It's like history's all jumbled up!
Jeanne d'Arc: Hark, what are those voices I hear? Bertrand? Gilles? Fie, what sorcery is this? (groans)"
ephemeral_ladybug_0013,On the streets. Multiple time anomalies appear everywhere.,"Ladybug: Power up!
Cosmobug: Ready, Astrocat?
Astrocat: Ready, Cosmobug!
Cosmobug: Okay, take off!"
ephemeral_ladybug_0014,Outer space. Cosmobug and Astrocat fix the satellite.,"Cosmobug: Okay, take off!
Cosmobug: Miraculous Ladybug!
Cosmobug and Astrocat: Pound it!"
evolution_ladybug_0001,"Rooftops of the Jardins du Trocadéro. Following the events of the previous episode, the Parisians continue cheering for a comforted Ladybug.","Nadja Chamack: Despite these threats, the population still supports Ladybug. Monarch may have won this battle, but the war for Miraculous has only just begun!
Ladybug: Hawk Moth, Shadow Moth, or Monarch — whatever your name is — you'll never steal Cat Noir's Miraculous, or mine!
Cat Noir: And we won't stop fighting until we've got every single one of the others back!
Ladybug: Thank you, Cat Noir
Cat Noir: It's you and me. (he turns and waves to the crowd)"
evolution_ladybug_0002,On the Trocadero rooftops.,"Gabriel: Nooroo, Fluff, dual metamorphosis! (transforms into Monarch)
Ladybug: I think I've figured out how Monarch managed to steal the Miraculous
Future Rabbit Noir: He's getting tired. This is our chance!"
evolution_ladybug_0003,On the Trocadero rooftops.,"Future Rabbit Noir: He's getting tired. This is our chance!
Future Ladybug: (stepping out the portal) The watch! We have to get the Rabbit Miraculous back!
Cat Noir: What was that?"
evolution_ladybug_0004,"The Burrow. Ladybug, Cat Noir and Bunnyx rush in to find Monarch in one of the time portals.","Monarch: (sneaks behind Bunnyx) Venom!
Ladybug and Cat Noir: Bunnyx!
Monarch: Shell-ter! (a shield appears to enclose him and Bunnyx) Perfect!"
evolution_ladybug_0005,"The Burrow. Ladybug, Cat Noir and Bunnyx rush in to find Monarch in one of the time portals.","Monarch: Shell-ter! (a shield appears to enclose him and Bunnyx) Perfect!
Ladybug: (while she and Cat Noir run towards Monarch) If he takes her Miraculous, we won't be able to follow him through time!
Cat Noir: Cataclysm!"
evolution_ladybug_0006,"The Burrow. Ladybug, Cat Noir and Bunnyx rush in to find Monarch in one of the time portals.","Monarch: (angrily groans) Wind Dragon! (morphs into wind and flies to a nearby time portal)
Ladybug: No! (chases after Monarch but fails to go through the time portal)
Cat Noir: Catch, m'lady! (throws the Rabbit Miraculous at Ladybug and she catches it) Only the holder of the Rabbit Miraculous can open a time portal
Ladybug: (contemplates shortly then places the Rabbit Miraculous on his chest, smiling) You do it, kitty
Cat Noir: You want (me) to control time?
Ladybug: It's you and me, remember?
Cat Noir: Plagg, Fluff, unify! (transforms into Rabbit Noir)"
evolution_ladybug_0007,"The Burrow. They stop before entering the time portal where the events of ""Mayura"" take place.","Ladybug: Quick, while the portal is still open!
Ladybug: How's that possible? You already used your power
Rabbit Noir: Have I used it or am I going to? It looks like the Miraculous of Time is unaffected by regular time. Makes perfect sense, right?
Ladybug: That's impressive!
Rabbit Noir: (charmingly smiles at Ladybug) Mhm
Ladybug: (gasps) He's gonna catch them— I mean, catch us in the sewers!
Rabbit Noir: Let's take a shortcut! He's the one who will be in for a surprise!"
evolution_ladybug_0008,"In the sewers during the events of the episode ""Mayura"". Past Ladybug and Cat Noir run to hide and detransform.","Past Ladybug: (while running) I'll go this way. You go that way!
Past Ladybug: Spots off!
Past Cat Noir: Claws in!"
evolution_ladybug_0009,"In the air, beside the Eiffel Tower, during the events of ""The Bubbler"". The past Ladybug and Cat Noir are seen plunging down, whilst present Ladybug and Rabbit Noir continue their fight with Monarch.","Monarch: What do you think? (kicks Rabbit Noir upwards) Burrow! (creates another time portal)
Ladybug: Hey, quick!
Rabbit Noir: He's getting tired. This is our chance!
Ladybug: The watch! We have to get the Rabbit Miraculous back!"
evolution_ladybug_0010,"In the flashback from the beginning of ""Backwarder"", in 1940s France, where young Fu and young Marianne are being chased after for the Miracle Box, a time portal appears and Monarch walks out onto an empty street weakly.","Monarch: (feebly) ...Longg, Barkk, Unify! (Barkk enters the Dog Miraculous. He takes out the ball and makes contact with the Rabbit Miraculous.) Even if you take it back, I'll (always) find it! (groans and falls on his knees)
Ladybug: Didn't you know using too many Miraculous at once is dangerous?
Rabbit Noir: Did we just defeat him?
Ladybug: Looks like we did"
evolution_ladybug_0011,"In the flashback from the beginning of ""Backwarder"", in 1940s France, where young Fu and young Marianne are being chased after for the Miracle Box, a time portal appears and Monarch walks out onto an empty street weakly.","Monarch: Nooroo, Barkk, Wayzz, Fluff, unify! (the Kwamis mentioned enter their respective Miraculous) Burrow! (creates a time portal beneath him, which he falls into) You'll never get that Miraculous!
Ladybug: No! (she and Rabbit Noir attempt to enter the time portal but fail as the portal closes) Now that he's touched the Rabbit Miraculous with the ball of the Dog, he's created a magical link between them! (in tears) Even if we get it from him, he'll be able to take it back!
Rabbit Noir: But he'll detransform at some point, and the link will be broken!
Ladybug: Yes, but where? When? We can't keep an eye on every spacetime at once! There's only one solution"
evolution_ladybug_0012,"In the flashback from the beginning of ""Backwarder"", in 1940s France, where young Fu and young Marianne are being chased after for the Miracle Box, a time portal appears and Monarch walks out onto an empty street weakly.","Ladybug: Yes, but where? When? We can't keep an eye on every spacetime at once! There's only one solution
Ladybug: Lucky Charm! (A mini Miraculous box falls into her hands.)
Rabbit Noir: (surprised) A mini Miraculous box?
Ladybug: I've got the same one to defeat Monarch when he was still Hawk Moth back on Heroes' Day, but... I don't know how we can use it here and now
Rabbit Noir: (puts a hand on Ladybug's shoulder) You'll figure it out, you always do. Take your time
Ladybug: (feeling reassured, she uses his lucky vision and sees Young Fu's phonograph lights up) Of course, Bunny Cat, that's the ticket, it's not happening here or now"
evolution_ladybug_0013,"In the 1940s timeline, where Young Fu and Young Marianne are running from Nazis.","Rabbit Noir: You did
Ladybug: We meet and become friends in the future. You live in fear because of the mistakes you've made in the past but one day you'll find peace
Young Fu: I believe you"
evolution_ladybug_0014,"In the 1940s timeline, where Young Fu and Young Marianne are running from Nazis.","Young Fu: (puts the Miracle Box on the ground and opens it) Ladybug, Rabbit Noir, pick an ally you can trust to fight alongside you in this mission. Choose wisely. Such powers are meant to serve the greater good
Young Fu and Ladybug: They must never fall into the wrong hands
Young Fu: As not to disturb the river of time, you must return it to me once the mission is over"
evolution_ladybug_0015,"In the 1940s timeline, where Young Fu and Young Marianne are running from Nazis.","Young Fu: As not to disturb the river of time, you must return it to me once the mission is over
Ladybug: You can trust us, Master
Rabbit Noir: You will get it back in less than a second"
evolution_ladybug_0016,"Interior, the Louvre. Back in the present timeline, Alix and her father are walking up the stairs.","Ladybug: Good evening, Mr. Kubdel. I've got a big favor to ask your daughter. I hope you'll understand
Ladybug: (hands over the Dog Miraculous to Alix) Alix Kubdel, here is the Miraculous of the Dog, which will grant you the power to recover whatever your ball touches
Alix: The Dog Miraculous? Wasn't my thing time travel?
Ladybug: Monarch has stolen the Miraculous of the Rabbit. We need your help to get it back
Alix: But… Cat Noir's a rabbit?"
evolution_ladybug_0017,"Interior, the Louvre. Back in the present timeline, Alix and her father are walking up the stairs.","Barkk: Hi!
Ladybug: Once we have retrieved the Miraculous of time, you won't return it to me. You'll have to continue wearing it in order to protect it, until Monarch is defeated
Alix: Keep it? That means
Ladybug: (crestfallen) You won't be able to return to this time right away
Alix: (to Alim) You knew it!
Ladybug: But… how?"
evolution_ladybug_0018,The Burrow. Canigirl gasps in shock as she sees her future self immobilized by Monarch's Venom.,"Ladybug: Don't worry, my superpower will repair everything
Ladybug: So first, with your ball, you've gotta touch the Rabbit Miraculous that Monarch stole
Canigirl: I'm guessing he can't notice anything?"
evolution_ladybug_0019,The Burrow. Canigirl gasps in shock as she sees her future self immobilized by Monarch's Venom.,"Rabbit Noir: Then let's head to the perfect place, or should I say the perfect time, to beat Monarch in his own game!
Ladybug: And to make sure he falls for it, we're gonna leave him a little gift. (places the mini Miraculous box on the floor at a distance) Here!
Gabriel: I can defeat Ladybug! I know it! There's got to be the perfect moment"
evolution_ladybug_0020,"On the Eiffel Tower, during the events of the episode ""Mayura"", Monarch jumps out of the time portal and creeps behind Ladybug and Rabbit Noir to ambush them.","Monarch: I won't let you destroy my future, Ladybug! (contemplates once more and closes his fist angrily with the drive in it, and smiles to the timeline with Émilie) I'll be right back, my love. I promise. (proceeds to enter the Heroes' Day time pocket)
Ladybug: Canigirl, now!
Monarch: Wha- ?"
evolution_ladybug_0021,"On the Eiffel Tower, during the events of the episode ""Mayura"", Monarch jumps out of the time portal and creeps behind Ladybug and Rabbit Noir to ambush them.","Monarch: No! (falls onto his knees) This can't be!
Ladybug: Oh, but it can! You've lost!
Rabbit Noir: (opens a time portal behind them) As usual!
Ladybug: Miraculous Ladybug! (throws the box up in the air, and the magic ladybugs cure Future Alix's immobilization)"
evolution_ladybug_0022,The Burrow. Ladybug grabs the mini Miraculous box on the floor.,"Future Bunnyx: Mini-me! I knew you'd rock it! (ruffles her younger self's hat playfully)
Ladybug: (brings back the Rabbit Miraculous to Alix) The time has come
Alix: Ready for a long journey, big ears?"
evolution_ladybug_0023,The Burrow. Ladybug grabs the mini Miraculous box on the floor.,"Ladybug, Cat Noir, Bunnyx and Future Bunnyx: (fist bump) Pound it!
Ladybug: I have one last favor to ask you, girls
Past Rabbit Noir: You'll get it back in less than a second!"
feast_ladybug_0001,Parisian streets.,"Wayzz: Master, your back! You know you're too old to play superheroes!
Ladybug: We can handle this. Take the Miraculous Box and go hide
Hawk Moth: Enjoy, Feast. They can't get away from you now!
Ladybug: We have to find its Amok!"
feast_ladybug_0002,Inside Feast. Ladybug finds Master Fu’s staff with her metal detector.,"Wayzz: It's been an honor to be your kwami, Master
Ladybug: I (knew) it! It had to be intact, otherwise the Sentimonster would have disappeared!
Cat Noir: Be careful what you wish for! Cataclysm!
Ladybug: No more evil-doing for you. Time to de-evilize! (Ladybug catches the akuma and amok) Gotcha! Bye-bye, little butterfly"
feast_ladybug_0003,Parisian streets.,"Nathalie: (smiles) I'm fine. (Hawk Moth looks unconvinced)
Ladybug: Miraculous Ladybug! (She throws the metal detector into the air, restoring everything that got swallowed.)
Ladybug, Cat Noir, &amp; Master Fu: Pound it!"
frightningale_ladybug_0001,Outside the Grand Palais,"Frightningale: Sing, dance or rhyme
Ladybug: I thought you were a fan of Cat Noir and me, Nightingale; so you should know that we (fight) villains!
Frightningale: I'm Frightningale from here on out
Ladybug: You have to come 'round! Don't let negative emotions take you over!
Frightningale: Song and dance will make the world a better place
Ladybug: I can help you if you give me your akuma!
Frightningale: I won't let you take my akuma away"
frightningale_ladybug_0002,Outside the Grand Palais,"Frightningale: Do you really think the two of you
Ladybug: Two is always better than one! (to Cat Noir) Cat Noir, I'll take the left
Cat Noir: I'm on it!
Ladybug: Hey, look out!
Cat Noir: Whoops! Sorry, M'Lady!"
frightningale_ladybug_0003,Outside the Grand Palais,"Cat Noir: Yes I do
Ladybug: (cuts off Cat Noir) Fifty plus fifty's a hundred and two!
Frightningale: Huh?"
frightningale_ladybug_0004,Outside the Grand Palais,"Ladybug: Connected, we're one; our movements are synched
+Ladybug: As if we were dancing without thought
Ladybug: By any chance"
frightningale_ladybug_0005,"Interior, Grand Palais. Frightningale runs and climbs onto the stage.","Frightningale: You can't bend the rules!
Ladybug: When someone's akumatized
Cat Noir: (as he and Ladybug climb onstage)"
frightningale_ladybug_0006,"Interior, Grand Palais. Frightningale runs and climbs onto the stage.","Cat Noir: (as he and Ladybug climb onstage)
Ladybug &amp; Cat Noir: Miraculous Ladybug!
Ladybug: No more evil-doing for you, little akuma. Time to de-evilize! (captures the akuma and purifies it) Gotcha! Bye bye, little butterfly
Ladybug &amp; Cat Noir: (fist-bumping) Pound it!"
frightningale_ladybug_0007,"Interior, Grand Palais. Frightningale runs and climbs onto the stage.","Clara: I was saved by the two of you?
Ladybug: (And,) I have an idea how you can finish your video without anyone getting in your way! (walks up to Clara, and whispers in her ear; Clara smiles)
Marinette: (onscreen voice-over, only for version 1 of the episode — KidsClick version) In the daytime, I'm Marinette — just a normal girl, with a normal life. But there's something about me that no one knows yet, 'cause I have a secret"
frozer_ladybug_0001,"At the top of cinema, Ladybug and Cat Noir save him and help him land safely.","Civilians: Oh no!
Ladybug: You should take the elevator next time
Ladybug and Cat Noir: Pound it!"
frozer_ladybug_0002,"At the top of cinema, Ladybug and Cat Noir save him and help him land safely.","Cat Noir: Don't forget your bouquet! (Gives him the bouquet, but he picks up one rose for Ladybug and faces back.)
Ladybug: Be careful on your way back!
Cat Noir: For you, M'lady. (kneels and showed the rose on his hand.)
Ladybug: Seriously, Cat Noir? You're about to transform back! (points his ring)
Cat Noir: So what?
Ladybug: Well, if you transform back, then I'll know who you are and then
Cat Noir: And then we won't keep secrets from each other anymore. (transforms back to Adrien and Ladybug is shocked)"
furious_fu_ladybug_0001,Marinette's room. Marinette returns to her room.,"Su-Han: What are you doing to your weapon?
Ladybug: Well, this is my Bug-Phone, to talk to Cat Noir
Su-Han: (confused) You don't have to send doves to communicate with each other?"
furious_fu_ladybug_0002,Parisian rooftops. Su-Han follows Ladybug to Cat Noir,"Cat Noir: What? That's a bad joke. (smiles with Ladybug) And I know all about bad jokes
Ladybug: But we can't do that! How are we going to defeat Shadow Moth without our Miraculous?
Su-Han: I will reassign then to carefully selected appropriate adult holders. Like any rightful responsible Guardian would do"
furious_fu_ladybug_0003,Parisian rooftops. Su-Han follows Ladybug to Cat Noir,"Su-Han: Fine
Ladybug: Cat Noir, calm down. That's a Guardian you're talking to. We're gonna find a solution
Su-Han: (does several Kung-Fu moves) Why do you think Guardians study for so many years? Just to hand the Miraculous out to whomever? No! We are specially trained to overpower the Miraculous holders who have gone rogue, like YOU! (charges at Cat Noir) Celestial Storm! The Thousand Fists of the Yama bring in the bearings wiped out! (Su-Han starts using all of kung fu moves to make Cat Noir fall and roll over to a chimney. He then jumps on Cat Noir.)"
furious_fu_ladybug_0004,Parisian rooftops. Su-Han follows Ladybug to Cat Noir,"Su-Han: And his Mira-Kung Fu was much worse. (grabs Cat Noir's hand, and reaches for the ring)
Ladybug: Grand Master! The last I heard, (I) was the Guardian! And I say that Cat Noir keeps his Miraculous and I keep mine!
Su-Han: (Outraged) Insolent subordinate! (jumps down) Stream of Justice! Blows right down and murders the enemy armies! (throws Cat Noir)
Ladybug: I don't know how he's doing it but he's guessing our every move in advance! (attempts to punch Su-Han, but he dodged; he throws her onto the floor)
Su-Han: My Mira-Kung Fu is like water. It adapts and finds its way anywhere. And you are barely afloat at the mercy of the river current!
Ladybug: Cat Noir, grab his staff. (points at Su-Han with one hand, and holds her yo-yo in the other. She searches for the movie Barkk was watching.)
Su-Han: The claws of the hungry cat, powerless against the milkman's iron box. (Ladybug throws her yo-yo beneath Su-Han and plays the video from earlier)"
furious_fu_ladybug_0005,Parisian rooftops. Su-Han follows Ladybug to Cat Noir,"Su-Han: Has the warrior escaped?
Ladybug: Got it!
Su-Han: What?"
furious_fu_ladybug_0006,Stade des Princes. Ladybug and Cat Noir discuss what to do with the Miracle Box.,"Cat Noir: What do we do? Should we hide it?
Ladybug: And then what? He knows who I am anyway. He knows where I live!
Su-Han: Ladybug! Cat Noir! Give me back the Mother Box and your Miraculous! Return them to the right hands!
Ladybug: Hey, that's Master Fu's cane"
furious_fu_ladybug_0007,Stade des Princes. Ladybug and Cat Noir discuss what to do with the Miracle Box.,"Su-Han: (tries to take the box from Ladybug) Give it!
Ladybug: (holding onto box) Never! (A strike of lighting causes both Su-Han and Ladybug to drop the box onto the field; they run after it. Shadow Moth, through Furious Fu, notices the Miracle Box and communicates Furious Fu and asks him to bring him the Miracle Box.)
Shadow Moth: Furious Fu, bring me that box! (Furious Fu jumps down and runs after it, Ladybug and Cat Noir treat the box as a soccer ball, kicking it around on the field and playing keep away)"
furious_fu_ladybug_0008,Stade des Princes. Ladybug and Cat Noir discuss what to do with the Miracle Box.,"Su-Han: (dismissively) Mirakung-Fu is a martial art designed to neutralize rebellious Miraculous holders! Not to fight super villians created through the magic of the Miraculous!
Ladybug: So (we're) supposed to fix (your) mistakes?! (Su-Han looks ashamed when hearing this question)
Furious Fu: ((gesturing with his arms and hands)) Phantom Palms of the Awakened! The wise man moves mountains without touching them! (he sends Ladybug and Cat Noir back with a burst of energy. He points to Su-Han) You're next"
f_lix_ladybug_0001,The Couffaine Houseboat.,"Lady Wifi: (Holding the tablet) I'm not Alya, I'm Lady Wifi. Anyone who tries to stand in our way will be harshly punished! (She uses the tablet to shoot a pause icon onto Nino, freezing him.)
Ladybug: (Standing with her yo-yo at the ready.) You're not punishing anyone, WiFi! It's time to log you out!
Lady Wifi: Not now that I've got satellite connection. (Shoots icons at her, which she dodges. Princess Fragrance shoots a cloud of pink perfume down, and it spreads out. Ladybug covers her nose, but Max and Kim breathe it in.)"
f_lix_ladybug_0002,Rooftops of Paris.,"Adrien: Because we're the good guys. (He spots Ladybug on a nearby roof) There's no time to lose!
Ladybug: Don't worry, Adrien, I'll deal with them later. I'll put you out of harm's way first! (She leaps onto the roof of Le Grand Paris, letting Félix down.) You'll be safe here
Félix: (Grabs her hand, and says in Adrien's voice) Ladybug! Wait. I... I've always been in love with you, you know
Ladybug: Huh? I... (pulls her hand away) Really?
Félix: (In Adrien's voice) If only you would... let me. (He approaches her creepily, and she backs up against a wall.) Give you some courage before you go
Ladybug: Uh, wait, what? No! (He leans in for a kiss, but Ladybug dodges it and gets away, enraged.) Okay, which part of the word (no), did you not (understand?!? (She sucker punches him to the ground.) Gross! You're not Adrien, he would never be so pushy"
f_lix_ladybug_0003,Rooftops of Paris.,"Cat Noir: (retorts)You spend way too much time on your phone, you know that?
Ladybug: Félix, smash it in half, and this nightmare will be over!
Félix: (In his normal voice; maliciously) What makes you think I want it to be over? (shouts) Hawk Moth! Can you hear me, Hawk Moth? You want Ladybug and Cat Noir's Miraculous, don't you? (Ladybug and Cat Noir glare at Félix in shock, believing he betrayed them. Hawk Moth's telepathic purple mask appears on Lady Wifi's face, then Reflekta, then Princess Fragrance, as they speak for him.)"
f_lix_ladybug_0004,Rooftops of Paris.,"Ladybug and Cat Noir: (as they fist bump) Pound it!
Ladybug: (She opens her yo-yo) No more evil-doing for you, little Akuma. Time to deevillize! (She captures the Akuma) Gotcha! Bye bye, little butterfly. (She releases the now white butterfly, and throws up her Lucky Charm) Miraculous Ladybug! (Kim, Max, Nino, and Nathalie all turn back to normal)
Adrien: That video you sent to my friends... Unforgivable, Félix. (Félix doesn't look him in the eye, only looks down, upset and ashamed)"
gabriel_webisode__ladybug_0001,"""Stoneheart"" Ladybug and Cat Noir arrive, Hawk Moth appears as his head made from akumas.","Hawk Moth: Ladybug, Cat Noir, give me the ladybug earrings and the cat ring now
Ladybug and Cat Noir: Hawk Moth?!
Gabriel: I have not yet managed to seize their Miraculous. But they still don't know my true identity. They think my plan is limited to akumatizing villains. Oh, but how wrong they are"
gabriel_webisode__ladybug_0002,"""Sapotis"": Ladybug receives a teapot from her Lucky Charm.","Cat Noir: A teapot?
Ladybug: It's strangely familiar. Of course! I know someone who could help. Gotta go
Gabriel: I must find this guardian and force him to reveal the secrets of the grimoire. Then I too will have new powers. I'll be stronger, and I'll finally get what's mine. Until then, I promised to protect our son every day"
gabriel_agreste_episode__ladybug_0001,"Outside Agreste mansion. Félix is dodging attacks of Collector. When Félix is about to be hit, Ladybug throws her Yo-yo and drags Félix out of the tablet's path.","Cat Noir: Hey M'Lady! Looks like the Collector is gone high tech
Ladybug: I liked it better when he had a book. At least you had a limited number of pages
Cat Noir: (pulling Félix) I will get him out of here"
gabriel_agreste_episode__ladybug_0002,"Outside Agreste mansion. Félix is dodging attacks of Collector. When Félix is about to be hit, Ladybug throws her Yo-yo and drags Félix out of the tablet's path.","Cat Noir: (seeing the statue being absorbed) Whoa! I hope that statue takes up a lot of memory
Ladybug: That's right! The memory on that tablet is going to fill up pretty fast!
Cat Noir: Stay here Félix
Ladybug: -or not. Lucky Charm!
Cat Noir: (seeing the trampoline) Way to bounce back, m'Lady
Ladybug: Want to help me to set up the table, kitty cat? (she throws the trampoline towards the traffic light pole so that the trampoline leans along with it.)
Cat Noir: So, what's for dinner?
Ladybug: A Collector!"
gabriel_agreste_episode__ladybug_0003,"Outside Agreste mansion. Félix is dodging attacks of Collector. When Félix is about to be hit, Ladybug throws her Yo-yo and drags Félix out of the tablet's path.","Collector: (Nooooo!)
Ladybug: No more evil doing for you, little Akuma. Time to de-evilize! (She captures the Akuma and purifies it.) Gotcha! Bye-bye, little butterfly. Miraculous Ladybug!
Ladybug and Cat Noir: Pound it!"
gamer_2_0_ladybug_0001,Parisian rooftops near Stade des Princes. Ladybug and Cat Noir meet up.,"Cat Noir: First one who finds a way in wins
Ladybug: We don't have time to play, Cat Noir. I've got a ton of other things to do
Gamer 2.0: (on pyra-pod screen) So, Ladybug and Cat Noir? Ready to play? Please enter your pyra-pod"
gamer_2_0_ladybug_0002,Gamer 2.0's video game dimension in the Stade des Princes. Ladybug and Cat Noir enter.,"Ladybug: Thank you, Captain Obvious!
Ladybug: Au revoir!
Game Voice: Ring out! Mime wins!"
gamer_2_0_ladybug_0003,Gamer 2.0's video game dimension in the Stade des Princes. Ladybug and Cat Noir enter.,"Cat Noir: There is one. And I'm gonna call him Fiery Phoenix
Ladybug: (groans)
Gamer 2.0: More like Mega Flop Phoenix. (laugh) It's gonna be the fastest victory ever! (Mr. Pigeon's pigeon charges towards Dark Cupid at fiery speed and attacks him) Ah! Get away, you flying rat!"
gamer_2_0_ladybug_0004,Gamer 2.0's video game dimension in the Stade des Princes. Ladybug and Cat Noir enter.,"Gamer 2.0: Hoo, hoo! No one is as laser precise as the Dark Owl!
Ladybug: You got lucky, that's all
Cat Noir: My turn! (selects Reflekta while Gamer 2.0 selects Rogercop) This brings back memories"
gamer_2_0_ladybug_0005,Gamer 2.0's video game dimension in the Stade des Princes. Ladybug and Cat Noir enter.,"Game Voice: Reflekta wins!
Ladybug: Stop boasting, Cat Noir. We're not here to have fun. We must end this fast! (chooses Copycat while Gamer 2.0 chooses the Puppeteer)
Game Voice: Copycat. Puppeteer. Ready? Fight!
Ladybug: Cataclysm! (Copycat charges towards Puppeteer)"
gamer_2_0_ladybug_0006,Gamer 2.0's video game dimension in the Stade des Princes. Ladybug and Cat Noir enter.,"Gamer 2.0: (laugh) You're the one who wanted to speed things up, and now you're going to lose even faster than you thought, Ladybug
Ladybug: We will (not) lose! (scrolls through characters)
Cat Noir: Hey! It's my turn to-
Ladybug: I refuse to lose!
Cat Noir: No biggie. Be my guest"
gamer_2_0_ladybug_0007,Gamer 2.0's video game dimension in the Stade des Princes. Ladybug and Cat Noir enter.,"Cat Noir: Ha ha! See, M'lady? M'lady? You okay?
Ladybug: Cat Noir... I think I forgot how to play!
Cat Noir: Okay, I've got this. (selects Lady Wifi while Gamer 2.0 selects Timebreaker)"
gamer_2_0_ladybug_0008,Gamer 2.0's video game dimension in the Stade des Princes. Ladybug and Cat Noir enter.,"Cat Noir: M'lady, the best way to win isn't about (knowing) how to play. (Lady Wifi pushes Timebreaker off the arena) It's all about (loving) to play. (Cat Noir as Zombizou defeats Gamer 2.0 as Horrificator) Playing is the best way to do something you'd never do in real life. (Cat Noir as Weredad defeats Gamer 2.0 as Frightningale) So have some fun, my Bugaboo. And Gamer won't have a chance at beating you
Ladybug: Playing is the best way to do something you'd never do in real life...! Yeah! There could be something I always wanted to do
Cat Noir: Be my guest"
gamer_2_0_ladybug_0009,Gamer 2.0's video game dimension in the Stade des Princes. Ladybug and Cat Noir enter.,"Game Voice: Ring out!
Ladybug: Oh, that felt (so) good! (She and Cat Noir win the next several battles. Kung Food defeats Antibug) No cockroaches in (my) kitchen! (Sapotis defeats Glaciator) Ice cream feast! Yum, yum! (Style Queen defeats Vanisher) Found you! Fired you! (Troublemaker defeats Darkblade)
Gamer 2.0: Parle le faire!
Ladybug: This is what you call Knight-fall!"
gamer_2_0_ladybug_0010,Gamer 2.0's video game dimension in the Stade des Princes. Ladybug and Cat Noir enter.,"Cat Noir: Hey, you're the one who wanted us to have fun
Ladybug: I think we're ready for the (final) boss. Stop hiding behind your toys and get in the ring, Gamer 2.0
Gamer 2.0: (I am) the final boss, but how are we going to figure out who should battle me?"
gamer_2_0_ladybug_0011,Gamer 2.0's video game dimension in the Stade des Princes. Ladybug and Cat Noir enter.,"Gamer 2.0: What are you waiting for? (Start fighting!) If you don't, everyone will be imprisoned (forever!)
Ladybug: We can't let this happen...!
Cat Noir: (smiles) You know I love battling by your side, M'lady. But I could never bring myself to fight you
Ladybug: Cat Noir... What are you doing?
Cat Noir: Giving you some extra time. (winks and falls off the arena)
Ladybug: No! Cat Noir!
Cat Noir: (while falling) I trust you to bring me back, M'lady"
gamer_2_0_ladybug_0012,Gamer 2.0's video game dimension in the Stade des Princes. Ladybug and Cat Noir enter.,"Gamer 2.0: You're the one who wanted to get this over with. Now, since this (is) the final battle, in addition to your own superpower, you get to pick four items from your inventory. Although, I wouldn't even bother if I were you, because I'm going to beat you no matter what. (Ladybug selects Cat Noir's ring, Weredad's rose, Antibug's earrings, and Gigantitain's bracelet, but then stops)
Ladybug: You know what? Cat Noir's, right! I'm gonna take my (sweet) bug time. (deselects objects)
Gamer 2.0: I'm happy you're enjoying the game
Ladybug: I'm going to enjoy (winning) this game! And by my rules! Lucky Charm! (receives a bag of flour)
Gamer 2.0: (laughs) What a noob you are! Are you expecting to beat the creator of this game with a bag of flour?
Ladybug: And a few other items. (selects Cat Noir's ring, Volpina's flute, Sandboy's pillow, and Troublemaker's pen)
Gamer 2.0: Given what you chose, in precisely one minute and thirty six seconds, (you will lose)"
gamer_2_0_ladybug_0013,Gamer 2.0's video game dimension in the Stade des Princes. Ladybug and Cat Noir enter.,"Gamer 2.0: I would've loved for it to last longer— (turns into The Mime) but my statistics— (turns into Bakerix) are never wrong! (turns into himself)
Ladybug: Did your statistics predict this? Cataclysm! (destroys arena and floats on Sandboy's pillow)
Gamer 2.0: What in the-? (laughs) I am the game master! (turns into Befana) I can play (any) character. You thought you'd break me with that ridiculous little magic trick? Be a nice fairy and give me that Miraculous. (fires candy gun, but Ladybug uses Troublemaker's pen to make her body intangible) What? (turns into the Pharaoh and charges at her to no avail) Huh? That's not fair! (So) not fun! (turns into Dark Cupid) You're ruining the whole thing! (fires arrows)
Ladybug: Oops! Sorry, aren't your hits having any effect? In chess, it's called a pat. A can't win, can't lose situation! What was it you said again? Oh, yeah! The longer, the better
Gamer 2.0: (now Stormy Weather, laughs) It could've worked, if I didn't just have to wait for you to transform back!"
gamer_ladybug_0001,"The streets. Cat Noir follows the Gamer's robot, and sees he is heading for a bus. Cat Noir goes to where the bus is.","Gamer: My calculations indicate that your system's about to crash!
Ladybug: You're the one crashing, robot! (pulls the yo-yo's string, making the robot fall.)
Cat Noir: He's a life-size robot, from Ultimate Mecha Strike!
Ladybug: I know! And it's nearly at level 3. 4 is the highest level!
Cat Noir: Wait, you know that game?
Ladybug: Duh! Of course!
Cat Noir: See? You and me! It was meant to be"
gamer_ladybug_0002,"The streets. Cat Noir follows the Gamer's robot, and sees he is heading for a bus. Cat Noir goes to where the bus is.","Gamer: Those Miraculouses are mine! (starts attacking Ladybug and Cat Noir. He fires lasers at them, but they run away.)
Ladybug: We have to get him out of here before he destroys all of Paris!
Ladybug &amp; Cat Noir: The stadium! (they go to the stadium.)
Ladybug: Where has Clunky got to?"
gamer_ladybug_0003,The Stade des Princes Stadium. Ladybug and Cat Noir appear to fight the Gamer.,"Gamer: Nooooo!
Ladybug: Smackdown, Cat Noir!
Cat Noir: Cat Noir Style! Booyah!"
gamer_ladybug_0004,The Stade des Princes Stadium. Ladybug and Cat Noir appear to fight the Gamer.,"Ladybug: Yeah, but did you see he pushed that button on his glasses? I bet the akuma's in there
Ladybug: Ha! We've leveled up too!
Cat Noir: (his Miraculous beeps) Okay, but I only got a few minutes left"
gamer_ladybug_0005,The Stade des Princes Stadium. Ladybug and Cat Noir appear to fight the Gamer.,"Ladybug: Look out! Here it comes again
Ladybug: Don't let it go to your head! (uses a rocket punch) Booster! (the punch knocks down the head of the Gamer's robot. The Gamer puts it back on.)
Gamer: Hahahahaha! Huh? (sees Ladybug and Cat Noir's robot still standing.)
Ladybug: Round two, Gamer
Gamer: Arrrghhh... Gamer Missiles! (his robot shoots missiles out of its shoulders.)
Ladybug: Forcefield, Cat Noir!"
gamer_ladybug_0006,The Stade des Princes Stadium. Ladybug and Cat Noir appear to fight the Gamer.,"Cat Noir: This Gamer's way powerful. He just took out our forcefield!
Ladybug: We're gonna have to manage without. Lady Bombs! (shoots bombs out of the robot's shoulders)
Gamer: Laser Wall! (a laser wall appears and blocks the Lady Bombs)
Ladybug: Lady Helix! (the robot's two shields fly over to the Gamer's robot, but his robot blocks them.)"
gamer_ladybug_0007,The Stade des Princes Stadium. Ladybug and Cat Noir appear to fight the Gamer.,"Cat Noir: How are we supposed to beat him if we can't even catch him?
Ladybug: We have to beat him harder and jam the system! Tatsu-Lady! (kicks the robot with a spinning kick)
Cat Noir: Catouken! (fires a blast of energy at the robot)"
gang_of_secrets_ladybug_0001,Outside the theater.,"Ladybug: Heartbreak? Me? (laughs nervously) That is not it at all, everything's fine. In fact, I feel like swimming, let's go to the pool! (prepares her yo-yo to transport herself to the swimming pool)
Ladybug: SWIMMING! Woo-hoo!
Ziggy: It's so sad!"
gang_of_secrets_ladybug_0002,Marinette's balcony.,"Alya: She must be up on the patio, I'll go get her
Ladybug: What are (you) waiting for, Shadow Moth?!
Alya: Marinette?
Ladybug: (gasps) Spots off
Alya: Marinette!"
gang_of_secrets_ladybug_0003,The alleyway. Ladybug captures Lady Wifi.,"Lady Wifi: Ha, bummer for you, Ladybug. I don't have the akuma
Ladybug: No biggie, I just wanted to talk to you anyway
Lady Wifi: I've got nothing to say to you"
gang_of_secrets_ladybug_0004,The alleyway.,"Ladybug: I don't know what happened between the two of you, but I wanna tell you about a friend of mine. She's a superhero. You know Rena Rouge right?
Ladybug: Of course, we keep secrets from one another, mainly because of my secret identity, but even though we can't tell each other everything, we trust each other. And that's why we can fight side by side. You can reject the power that Shadow Moth gave you
Shadow Moth: (from his lair) Don't listen to her Lady Wifi. If you do that, you'll never know your friend's secrets! Or Ladybug's!
Ladybug: I trust you completely Alya. And I need you! I.. need Rena Rouge! (un-tangles Lady Wifi)
Shadow Moth: (feeling pain from the break. As he gazes his head up, Shadow Moth is completely stunned that Lady Wifi completely broke his hold.) That's.. impossible!
Ladybug: Wow. No one has ever done that... you're amazing!"
gang_of_secrets_ladybug_0005,The alleyway.,"Shadow Moth: (from his lair) Your friend Lady Wifi has betrayed you, she chose Ladybug's side. Hurry up and seize his Miraculous so you can take care of the bug!
Ladybug: Which object holds the akuma?
Alya: It's in a bracelet. Timebreaker must have it, but you and Cat Noir will never be able to take on four villains at once
Ladybug: I think this calls for the master of Illusion. (opens her yo-yo and takes out the Fox Miraculous)
Alya: Woah! How'd you do that?
Ladybug: There have been a few upgrades since I became Guardian of the Miraculous
Alya: You're Guardian of the- (gasps)
Ladybug: Yeah, keep it on the down low. Not a word about it on the LadyBlog
Alya: You know I know how to keep a secret"
gang_of_secrets_ladybug_0006,"The Canal Saint-Martin. Reflekta pins Cat Noir to the ground with the gang (and unknowingly to them, Ladybug and Rena Rouge) watching.","Reflekta: No Cataclysm to save you this time
Ladybug: We need to hurry! Lucky Charm! (a pool lifesaver appears from the air, and Ladybug looks around for ideas.) Okay, I got a plan, listen. '
Cat Noir: At the very moment you touch it, I'll summon my power and then who knows what's gonna happen to you"
gang_of_secrets_ladybug_0007,"The Canal Saint-Martin. Reflekta pins Cat Noir to the ground with the gang (and unknowingly to them, Ladybug and Rena Rouge) watching.","Cat Noir: Thank you, M'ladies. I was a whisker away from (cat)-astrophe
Ladybug: That's what friends are for, my kitty cat. Okay, you two get to the pool, now
Cat Noir: What about you?
Ladybug: I'll keep our guests busy. Rena Rouge will explain the rest of the plan"
gang_of_secrets_ladybug_0008,Outside the swimming pool.,"Rose: Thank you, Ladybug
Ladybug: No more evil doing for you little akuma! Time to de-evilize! (captures the akuma and purifies it) Gotcha! Bye bye little butterfly! (throws the lifesaver) Miraculous Ladybug!
Rena Rouge: Pound it?"
gang_of_secrets_ladybug_0009,Outside the swimming pool.,"Rena Rouge: Pound it?
Ladybug, Rena Rouge, and Cat Noir: Pound it!
Shadow Moth: You've made mistakes before Ladybug, and you'll make them again! One day, I will discover your secret! (the window closes)"
gang_of_secrets_ladybug_0010,The alleyway.,"Alya: Thank you, Ladybug
Ladybug: You know, without you and Cat Noir, I wouldn't have made it through today. I'm really lucky to have friends like you. So, thank you
Marinette: It's true, breaking up with Luka broke my heart. And never being able to tell Adrien how I feel is just as painful. Love is too difficult. I think- I think I'm gonna stick to friendship, that's about all I can handle right now"
gigantitan_ladybug_0001,"The Trocadéro. While Placide I.T. is still looking for him, he crosses paths with August and his mother.","Gigantitan: Lolli! (grabs Cat Noir and is about to suck on him)
Ladybug: Well, hey there, kitty cat. I see you're not much of a natural with kids, are you?
Cat Noir: Are you kidding? We were just playing a fun game of tag! (Using his staff, he escapes from Gigantitan's hands and lands next to Ladybug.)
Ladybug: The akuma's probably in his bracelet. (throws her yo-yo to tie the string around Gigantitan's left hand)"
gigantitan_ladybug_0002,"The Trocadéro. While Placide I.T. is still looking for him, he crosses paths with August and his mother.","Cat Noir: (joins Ladybug on the roof) Whoa-ho! How about that? You're not much of a natural with kids either. Nice flying
Ladybug: Ha-ha! For your information, I never babysat anything heavier than ten tons
Gigantitan: Kitty?
Ladybug: (notices the bracelet) Yes!"
gigantitan_ladybug_0003,"The Trocadéro. While Placide I.T. is still looking for him, he crosses paths with August and his mother.","Ladybug: (notices the bracelet) Yes!
Ladybug: Change of plans! To calm the baby down, just put him in a playpen
Cat Noir: And exactly where are we gonna find a playpen his size?
Ladybug: The Eiffel Tower! We'll pen him up in there with my yo-yo string. Sing him some lullabies. You know some, don't you? We can read him a bedtime story! Make cooing noises. (cooing) Then when he's getting sleepy...BAM! You'll use your Cataclysm to destroy his bracelet!
Cat Noir: Interesting idea, M'Lady. But how are we gonna get him there? Don't you have a simpler plan? How about your Lucky Charm?
Ladybug: If this is too complicated, just copy what I do
Cat Noir: Uh?
Ladybug: Yoohoo!
Cat Noir: Over here, little guy! (Gigantitan follows Ladybug and Cat Noir) Once we get him in his playpen, I'll sing him a lullaby
Ladybug: Uh, we want to calm the baby down, not burst his eardrums
Cat Noir: What? I have a great voice, you know? I'll meow you a serenade one of these days. (Ladybug chuckles at him)"
gigantitan_ladybug_0004,Eiffel Tower.,"Hawk Moth: (from his lair) Oh no!
Ladybug: Here we go! (She encircles the Eiffel Tower several times with her yo-yo string to pen up Gigantitan. Cat Noir wolf-whistles in amazement when she actually manages to trap the villain. He applauds her when she comes back next to him. But Gigantitan pulls on the string and causes the Eiffel Tower to be cut by it.) Hurry, Cat Noir! Use your Cataclysm on his bracelet!
Cat Noir: At your command, M'Lady! Cataclysm!"
gigantitan_ladybug_0005,Seine. Ladybug is being pulled by Gigantitan.,"Rose: Hold on tight, Ladybug!
Ladybug: Thanks, girls!
Gigantitan: Lollipop!"
gigantitan_ladybug_0006,Seine. Ladybug is being pulled by Gigantitan.,"Cat Noir: (arrives next to Ladybug) Quick! We don't have much time left! (his ring alarm sounds, alerting them that he has little time remaining)
Ladybug: Okay! Enough with complicated plans. Sometimes it's best to just get straight to the point. Lucky Charm! (A roll of gift wrap appears) Gift wrap?
Cat Noir: Great! Now figure something out so we can wrap this up
Ladybug: Got it!"
gigantitan_ladybug_0007,Seine. Ladybug is being pulled by Gigantitan.,"Gigantitan: Lollipop! (walks over, pulls up the ""lollipop"" and peels off the wrapping to reveal Ladybug)
Ladybug: You've heard of the Trojan Horse. Now meet the Parisian lollipop! (She leaps over and punches the release button on the bracelet, causing it to fall to the ground. Then she jumps down and breaks it to reveal the akuma) No more evil-doing for you, little akuma. Time to de-evilize! (She captures the akuma and purifies it.) Gotcha! Bye bye, little butterfly. Miraculous Ladybug!
August: Kitty! (rings Cat Noir’s bell)
Ladybug: Okay, you are a natural with babies after all. (Cat Noir chuckles at her)"
gigantitan_ladybug_0008,Seine. Ladybug is being pulled by Gigantitan.,"August: Mama!
Ladybug: (gasps when her earrings ring) We gotta get going. Bye bye, little guy. (Ladybug and Cat Noir leave to detransform.)
August's mother: Thank you, Cat Noir! Thank you, Ladybug!"
glaciator_2_ladybug_0001,Place des Vosges. Ladybug and Cat Noir continue to battle with Glaciator.,"Cat Noir: (grabs the magazine) ""Ladybug and Cat Noir voted Couple of the Year""?
Ladybug: (getting furious) ""They share more than just their love of justice""? What the heck is going on?!
Glaciator: This is proof that my ice cream is right! You two are made for each other like chocolate and strawberries!
Ladybug: (furiously) This is (baloney!) All of these photos are taken out of context! We were fighting supervillains! (points at a picture of Ladybug kissing Cat Noir from ""Dark Cupid"") This one is me breaking Cat Noir out of Dark Cupid's spell, (points at a picture of Ladybug and Cat Noir kissing from ""Oblivio"") and this one... we can't even remember this one cause the villain erased our memories!
Glaciator: Of course, it's always the supervillain's fault. But the mind forgets and the heart remembers! (starts to fire ice creams)"
glaciator_2_ladybug_0002,Place des Vosges. Ladybug and Cat Noir continue to battle with Glaciator.,"Ladybug: (annoyed) Ugh, enough! Why don't you take a little cat nap?! (throws Cat Noir into a trash bin, and returns to fight Glaciator, furiously) And as for you, you big two-legged ice cream cone, hand over that akumatized scooper right now!
Ladybug: (off-screen) Lucky Charm! A fire extinguisher. Okay. Add this thing, and that one
Glaciator: (off-screen) No!
Ladybug: (off-screen, furiously; quickly) Time to de-evilize! Miraculous Ladybug!"
glaciator_2_ladybug_0003,In the Parisian Streets. Glaciator chases after Cat Noir. The villain kicks a car towards Cat Noir's direction and shortly gets blocked by Ladybug. Glaciator continues to fire ice creams at them as the superheroes run to hide.,"Cat Noir: (while driving) That's enough! We're just friends!
Ladybug: Okay. Let's go! (hurls her yo-yo, tying it around Glaciator and on her car seat) Pass me the wheel
Glaciator: You think you can escape me by attaching me to you?"
glaciator_2_ladybug_0004,In the Parisian Streets. Glaciator chases after Cat Noir. The villain kicks a car towards Cat Noir's direction and shortly gets blocked by Ladybug. Glaciator continues to fire ice creams at them as the superheroes run to hide.,"Ladybug: I got it. We're heading to the Gare du Nord. We'll stay in touch. (She continues to drive, escaping Glaciator.) Cat Noir, now!
Ladybug: (through the ear-piece) You know what to do. I'll come back as soon as you're ready!
Cat Noir: Drive safe. (He leaps to rooftop where a billboard of him and Ladybug is located. He drops it to the ground to use it as a ramp for Ladybug's car.) Ready, m'lady! Uh, do you mind me calling you ""m'lady""?
Ladybug: No, that's okay. (performs a drift) It's not that complicated, you know? If I tell you that something's annoying, you stop doing it, that's all!
Cat Noir: Cataclysm!
Ladybug: No more evil-doing for you, little akuma! (swipes open her yo-yo) Time to de-evilize! (captures the akuma) Gotcha! (opens her yo-yo and releases the purified butterfly) Bye-bye, little butterfly! Miraculous Ladybug!! (She throws the car keys in the air and organizes all the chaos caused by Glaciator. She opens her yo-yo again and grabs a magical charm to give to André.) I forgot to give this to you last time. Keep it on your cart with you. It should protect you in the future"
glaciator_2_ladybug_0005,In the Parisian Streets. Glaciator chases after Cat Noir. The villain kicks a car towards Cat Noir's direction and shortly gets blocked by Ladybug. Glaciator continues to fire ice creams at them as the superheroes run to hide.,"Ladybug: I knew you could do it! (raises her fist)
Ladybug and Cat Noir: Pound it!
Cat Noir: Oh! I just remembered. I gotta hurry. I've got something I need to finish. (vaults away)"
glaciator_2_ladybug_0006,In the Parisian Streets. Glaciator chases after Cat Noir. The villain kicks a car towards Cat Noir's direction and shortly gets blocked by Ladybug. Glaciator continues to fire ice creams at them as the superheroes run to hide.,"Cat Noir: Oh! I just remembered. I gotta hurry. I've got something I need to finish. (vaults away)
Ladybug: I better hurry, too. (swings away)
Cat Noir: This time's the one. You'll see! (takes his seat and smiles at Marinette)"
glaciator_ladybug_0001,Parisian streets. Ladybug and Cat Noir are chasing after a runaway bus.,"Cat Noir: Well, if your plans end early, come and join me
Ladybug: We'll see
Cat Noir: I'll be waiting, my lady"
glaciator_ladybug_0002,The streets of Paris,"Glaciator: I'm a man of my word, Hawk Moth. (to Ladybug and Cat Noir) Come out now, or I'll bury Paris in an entire layer of ice-cream!
Ladybug: The ice-cream seems to fire out of his hand, and before André was akumatized, he served his ice-cream using a-a whatcha-ma-call-it!
Cat Noir: The whatcha-ma-call-it's called an ice-cream scooper. That must be where he's hiding the akuma"
glaciator_ladybug_0003,The streets of Paris,"Cat Noir: I think we better try your idea
Ladybug: Perfect
Glaciator: I know you're here!"
glaciator_ladybug_0004,The streets of Paris,"Cat Noir: (quiet) Hey!
Ladybug: It's all part of the plan
Glaciator: I can't, Hawk Moth! They look so... in love
Ladybug: Now! (throws her yoyo inside Glaciator) I've hit something inside. André hasn't turned into the monster, he's inside the monster! (Glaciator is about to attack her)"
glaciator_ladybug_0005,The streets of Paris,"Cat Noir: What should we do now?
Ladybug: We've got to take care of Glaciator before all these people totally melt away! Lucky Charm! (a helmet appears)
Cat Noir: Looks like someone's going for a ride
Ladybug: Cat Noir, I need you to grab three signposts and tie them to your stick. We're gonna make a propeller!
Cat Noir: A propeller?"
glaciator_ladybug_0006,The streets of Paris,"Glaciator: Wuah! Ah! Whaaaa!
Ladybug: No more evil-doing for you, little akuma. Time to de-evilize! (captures akuma and purifies it) Gotcha! (Releases the now purified butterfly) Bye-bye, little butterfly. Miraculous Ladybug! (The Miraculous Cure transforms everyone back to normal)
Ladybug and Cat Noir: (fist bump) Pound it!"
gorizilla_ladybug_0001,"The vicinity of Montparnasse Tower. Wayhem, on his bike, is chasing after Gorizilla.","Ladybug: Put Adrien down right now!
Ladybug: Let him go! (throws her yo-yo towards Gorizilla, but misses when he ducks down)
Adrien: Ladybug!"
gorizilla_ladybug_0002,"The vicinity of Montparnasse Tower. Wayhem, on his bike, is chasing after Gorizilla.","Ladybug: (tries to contact Cat Noir) Cat Noir, where are you? I really need your help, fast! I'm at Montparnasse Tower!
Ladybug: Lucky Charm! (A toy remote-controlled helicopter appears) A helicopter? It really isn't a good time to play
Hawk Moth: (from his lair) Excellent! Now take Ladybug's Miraculous while we wait for Cat Noir!"
gorizilla_ladybug_0003,"The vicinity of Montparnasse Tower. Wayhem, on his bike, is chasing after Gorizilla.","Ladybug: Sorry! (jumps back onto the roof, and passes under Gorizilla between his legs) Let go of Adrien right now!
Ladybug: Jump, Adrien! Quick! (Adrien stares down at the vast distance below him) You have to trust me!
Adrien: Always! (jumps out of Gorizilla's hand, and over the side of the building) Yeah-ha!"
gorizilla_ladybug_0004,"The vicinity of Montparnasse Tower. Wayhem, on his bike, is chasing after Gorizilla.","Hawk Moth: (from his lair) If indeed you are Cat Noir, then transform, son. Please. (Adrien continues to fall downward, resolutely remaining as he is) Come on, son!
Ladybug: Cat Noir, help!!
Hawk Moth: (from his lair, to Gorizilla) Drop Ladybug!"
gorizilla_ladybug_0005,"The vicinity of Montparnasse Tower. Wayhem, on his bike, is chasing after Gorizilla.","Adrien: Your earrings are flashing. Is there a problem?
Ladybug: It means it won't be long before I transform back. But don't worry. Cat Noir will be here soon to take care of things
Wayhem: You can leave, Ladybug! I'll keep him at bay!
Ladybug: (takes the helmet off of Wayhem, and puts it on Adrien) No. I want you to find a safe place to hide
Wayhem: Oh, okay. (starts to run away, but stops when Ladybug and Adrien swing away. Gorizilla starts to follow them, but Wayhem grabs onto Gorizilla's leg) You shall not pass! (Gorizilla picks up Wayhem to examine him) Radiant. Carefree. Dreamy. (Adrien)... the fragrance! (sprays the )Adrien( fragrance cologne in Gorizilla's face, causing the giant ape to drop him)"
gorizilla_ladybug_0006,"Streets of Paris. Ladybug carries Adrien, still wearing his helmet, up to a rooftop.","Adrien: I think you lost him
Ladybug: (looks behind) Looks like it. Do you have any idea where his akuma could be? (Her earrings ring again.)
Adrien: You're about to transform back. So you should just leave me here, and I'll stay hidden (takes off his helmet) while I wait for Cat Noir to turn up
Ladybug: (puts the helmet back onto Adrien) But what if the supervillain finds you before he gets here?
Adrien: (takes off his helmet again) He's my bodyguard. He won't hurt me
Ladybug: Of course! I know how we can track him. (puts the helmet back onto Adrien) This way, I'll have enough time to find out where his akuma is! (She carries Adrien down to the ground. Shortly, Adrien, carrying his helmet, watches as Ladybug leaves a message to Cat Noir) ...so, meet us at the subway station. Adrien agreed to act as bait, but we really need you and your Cataclysm to make this work. Hurry up! (ends the call)
Adrien: What if Cat Noir doesn't turn up?
Ladybug: Oh, he will! I trust him
Adrien: Yeah, you're right. I'm sure he'll be here"
gorizilla_ladybug_0007,Métro,"Cat Noir: Missed me! Missed me! Missed me again! That's it, big guy. Come on, just a little more. (runs underneath Gorizilla to where he's directly above the Métro station) There! Cataclysm! (touches the pavement, causing it to cave in and trap Gorizilla in the destroyed road; then calls Ladybug on his staff) This is Cat Noir Express Deliveries. Did you order a giant beast, M'Lady?
Ladybug: I knew I could count on you, kitty! Where is Adrien?
Cat Noir: (over the phone) He's safe
Ladybug: (to Gorizilla) I'm very sorry, but I'm gonna have to search your pockets! (jumps onto Gorizilla and takes the bracelet out of his pocket) Here you are! (pulls it apart, revealing the akuma) Time to de-evilize! (captures the akuma and purifies it) Gotcha! Bye bye, little butterfly. Miraculous Ladybug!"
gorizilla_ladybug_0008,Streets of Paris,"Ladybug: (to Gorizilla) I'm very sorry, but I'm gonna have to search your pockets! (jumps onto Gorizilla and takes the bracelet out of his pocket) Here you are! (pulls it apart, revealing the akuma) Time to de-evilize! (captures the akuma and purifies it) Gotcha! Bye bye, little butterfly. Miraculous Ladybug!
Ladybug and Cat Noir: (fist-bumping) Pound it!
Hawk Moth: One of these days I'll find out who Ladybug and Cat Noir really are. And when I do, I'll make them pay for eternity!"
gorizilla_ladybug_0009,Streets of Paris,"Hawk Moth: One of these days I'll find out who Ladybug and Cat Noir really are. And when I do, I'll make them pay for eternity!
Ladybug: (calling to ""Adrien"" in the distance) Adrien, are you okay?
Cat Noir: He's totally fine! Right? (looks briefly at Wayhem) See? If I were you, I wouldn't hang around too long. (Ladybug's earrings ring) Unless you don't mind revealing your secret identity to all of us
Ladybug: Bye, Adrien! Bye, kitty! Bug out! (swings away with her yo-yo)
Cat Noir: (to Wayhem) Gotta scat too. Thanks for your help, ""Adrien"". (extends his staff and leaves)"
grendiaper_ladybug_0001,Paris rooftop. Vesperia is sitting down as Ladybug swings in with her yo-yo,"Zoé: Maybe, it's just so frustrating (Throws her bag on the floor) doing nothing when people act so badly! What's the point of being a Superhero if I don't stop them! (Gets an idea) You know what? I think is time to ask for advice
Ladybug: Vesperia, why did you call me? (Sits down next to her) Everything okay?
Vesperia: Ladybug, what are the rules for Miraculous holders? You said that unless it's an akumatized villain, we can help out without waiting for you to call on us. So, we're allowed to stop people from doing evil things, right?
Ladybug: Yes, definitely. If someone is committing harm, it's your right and your duty to act
Vesperia: But we're only reacting. Just earlier, three evil men were harassing Dre Dre, and threatening to do even more harm! What we need is a way to protect them from doing it ever again!
Ladybug: Well, if they do come back, you step in to keep them from being harmful
Vesperia: What if they come back again after that?
Ladybug: Then you stop them again
Vesperia: What if they just keep wanting to come back and be bad!?
Ladybug: I'm sorry, but no one has the magic power to make people good. That's the power of education. We, however, have the power of defense
Vesperia: (Sad) Okay
Ladybug: Are you going to be alright?
Vesperia: Yes, I just... needed to talk it out. Thanks, Ladybug"
grendiaper_ladybug_0002,"Amusement Park. Ray, Loïc, and Nelson are still stuck on the roller coaster.","Park Manager: The rides were closed. I have no idea how they got here
Ladybug: Looks like this mysterious masked person moved all these people from one location to another
Miss Hound: Why?"
grendiaper_ladybug_0003,Paris Street,"Ladybug: Look out!
Ladybug: Take shelter in there, you'll be safe until we've stopped that... (Takes a look at Grendiaper crawling through the streets) baby?
Grendiaper: Show me where they are or I'm going to be super-duper mad!
Ladybug: Seems like our little buddy is also looking for someone!"
grendiaper_ladybug_0004,Paris Street,"Ladybug: (Takes the phone protector out) Wait a minute. Of course! The phone was empty, because we weren't supposed to break it. (Throws the phone protector into the air) Miraculous Ladybug!
Ladybug: What could be in here that's supposed to help us?
Cat Noir: This must be our akumatized guy"
grendiaper_ladybug_0005,Paris Street,"Rena Rouge: That's all he has on him
Ladybug: We must have missed something... Lucky Charm! (The Lucky Charm gives her a Matryoshka doll) Ah! (Opens the matryoshka doll and finds another smaller one inside) Hm? (Does it again and finds an even smaller one inside) Wait, what you're seeing is not the akumatized villain. The villain is inside!
Cat Noir: And the object holding the Akuma must be inside with him!
Ladybug: We're going to need an extra sitter"
grendiaper_ladybug_0006,"Paris Streets. The present Miraculers gather on a rooftop with a view of Grendiaper, and Vesperia joins them.","Pegasus: Voyage! Urgh! Ah!. (Heavy breathing)
Ladybug: Thanks for coming so quickly, Vesperia. Rena Rouge, you're going to create an illusion that looks like the masked person from the video
Rena Rouge: The one he's after, got it!
Ladybug: Once he comes over to try and grab her"
grendiaper_ladybug_0007,"Paris Streets. The present Miraculers gather on a rooftop with a view of Grendiaper, and Vesperia joins them.","Pegasus: Voyage!
Ladybug: You're up, Vesperia
Vesperia: Venom!"
grendiaper_ladybug_0008,"Paris Streets. The present Miraculers gather on a rooftop with a view of Grendiaper, and Vesperia joins them.","Cat Noir: Cataclysm
Ladybug: No more evil doing for you, Ultrakuma (Opens her yo-yo). Time to de-evilize! (She catches the Ultrakuma) Gotcha! Bye bye little butterfly (Releases the now white butterfly). Miraculous Ladybug!
Cerise: You think you have the power to fix everything, Ladybug? But you couldn't be more wrong! No one has that power
Ladybug: (Creates a Magical Charm and gives it to Sam) You got akumatized because you let your bad feelings win, Sam. You have to learn how to love your baby sister even if she requires a lot of attention from your parents. We all need other people's love, but if you want to receive, you also have to give. Do you understand?"
grendiaper_ladybug_0009,Paris Street.,"Vesperia: That's a lie! (Gets close to Sam) I've seen videos of you on Zoo! You were bothering mothers and their babies. (Looks at Ladybug) Are we going to let him get away with it?
Ladybug: Would you rather we did the same thing to him as the mysterious person who harasses people? Then we'd be just like them
Vesperia: If that means punishing bad people, I don't see a problem
Ladybug: Maybe it'd make us feel better to punish them, but look at what happened today. The masked person's actions only brought about more violence. You don't teach people to be kind by hurting them back
Vesperia: (Looks away) Hmm
Ladybug: (Looks at a bored Sam) And you, don't do things to others that you wouldn't like done to you"
grendiaper_ladybug_0010,Paris Street.,"Sam: (Looks down and nods) Okay
Ladybug: (To Vesperia) See? It's better when you talk things through
Cat Noir: Even though you've got to be firm sometimes"
grendiaper_ladybug_0011,Paris Street.,"Rena Rouge: He or she. Could be. Maybe they're trying to anger people so they can akumatize them
Ladybug: Maybe, maybe not. What's for sure is that we're going to have to be more cautious than ever
Bela Bruty: Where's the free drinks?"
guiltrip_ladybug_0001,The girls bathroom. Ivan pulls the door open and all the students see Guiltrip.,"Rose: Don't worry Juleka! I'm going to save you! (Tries diving into the Guiltrip but Ladybug stops her with her yo-yo)
Ladybug: Hang on! We're gonna get you somewhere safe!
Rose: My friend Juleka is in there and I'm not gonna leave her all alone! (untangles Ladybug's yo-yo and dives inside Guiltrip)
Ladybug: No! (to Cat Noir) Looks like we're gonna do a little cave exploration, hang on tight. (Ladybug ties her yoyo to Cat Noir's staff as a grappling rope as they enter Guiltrip)"
guiltrip_ladybug_0002,The girls bathroom. Ivan pulls the door open and all the students see Guiltrip.,"Ladybug: No! (to Cat Noir) Looks like we're gonna do a little cave exploration, hang on tight. (Ladybug ties her yoyo to Cat Noir's staff as a grappling rope as they enter Guiltrip)
Ladybug: The airflow is too strong! I can't hold back anymore!
Shadow Moth: Yes! Ladybug, Cat Noir, you just go headfirst into my trap and you'll never escape from it! Your Miraculous are mine!"
guiltrip_ladybug_0003,Inside of Guiltrip.,"Shadow Moth: Yes! Ladybug, Cat Noir, you just go headfirst into my trap and you'll never escape from it! Your Miraculous are mine!
Ladybug &amp; Cat Noir: Ahhhhhhhhhhh! (They stop falling and start floating)
Cat Noir: Wow, it's way cooler in here than on the outside"
guiltrip_ladybug_0004,Inside of Guiltrip.,"Cat Noir: Wow, it's way cooler in here than on the outside
Ladybug: I don't know. I have a strange feeling
Cat Noir: Look out! (Pops the bubble)"
guiltrip_ladybug_0005,Inside of Guiltrip.,"Cat Noir: Is it me or did he just turn into Reflekta?
Ladybug: She must have been re-akumatized by Shadow Moth. And that thing
Cat Noir: is her sentimonster!
Ladybug: We've got to find out where Reflekta is hiding, she must be the one controlling it. Stay on your guard"
guiltrip_ladybug_0006,Inside of Guiltrip.,"Cat Noir: (saddened; guiltily) Oh, Nino... (He starts to feel guilty and a bubble pops out) This is all our fault. (multiple bubbles start to absorb him; Ladybug looks back and notices) If we've been able to stop Shadow Moth, the students wouldn't be caught in this trap
Ladybug: Oh no, this can't be happening! Not now!
Cat Noir: (sighs sadly) Cataclysm. (attempts to use it on himself but Ladybug stops him)
Ladybug: Cat Noir, no! We could turn into Reflekta and frozen like the rest of them, Shadow Moth will help himself to our Miraculous!
Cat Noir: We should just give him our Miraculous
Ladybug: You're right, kitty cat. How could I ever believe that the two of us could take on such a powerful sentimonster by ourselves?"
guiltrip_ladybug_0007,Inside of Guiltrip.,"Ladybug: Of course don't forget that I still have my.. Lucky Charm!
Ladybug: Oh yeah, an ice axe of course, an ice axe to uh... (Ladybug looks around but struggles to come up with a plan to use it)
Cat Noir: You don't know what to do with it? (Pops bubbles)
Ladybug: Of course I do. I'm just keeping you in suspense
Cat Noir: (getting despondent) I could try using my cataclysm, but sending a sentimonster out of control when you're inside the sentimonster... probably isn't the best idea, huh?
Ladybug: Nope, it's not. (stressed; groans) All this negativity is messing with my brain, ugh!"
guiltrip_ladybug_0008,Inside of Guiltrip.,"Ladybug: Yes, but we need more positivity to do that. (gasps and looks at Rose) And I know just the person who can help us
Ladybug: Rose Lavillant, here is the Miraculous of the Pig, which grants the power of jubilation. You will use it for the greater good
Rose: Wow, it's so.. beautiful. (She takes the pearl anklet in her hands and Daizzi is released)"
guiltrip_ladybug_0009,Inside of Guiltrip.,"Cat Noir: (smiles) Wow! Looks like you found a solution, m'lady
Ladybug: I told you, think positive
Cat Noir: I can't wait to see our new friend in action
Ladybug: Come on, let's go"
guiltrip_ladybug_0010,Inside of Guiltrip.,"Ladybug: We don't always need a spectacular fight to succeed
Ladybug: Gotcha! (The butterfly is released and flies away) Bye bye, little butterfly
Juleka: (dazed) Uhh, what happened?"
guiltrip_ladybug_0011,Inside of Guiltrip.,"Cat Noir: Uh, the sentimonster and its buddies don't seem very happy
Ladybug: Reflekta isn't here anymore to control them. Quick, where's the object the amok went into? You know, Shadow Moth's feather?
Juleka: In the trash"
guiltrip_ladybug_0012,Inside of Guiltrip.,"Pigella: It's not the problems that matter but how you get though them that counts!
Ladybug: We've gotta get out of here fast! (Everyone ascends the sentimonster while being chased by the clones, but the wind picks up and they get stuck) The wind is too strong, we won't get out this way! (screams as she is nearly blown away)
Cat Noir: I guess we're all out of luck!
Ladybug: Luck? Of course! (That's) what this is for! (She uses the ice axe to get out of Guiltrip.)"
guiltrip_ladybug_0013,The girls bathroom. Ladybug gets out of Guiltrip; she finds Juleka's phone.,"Ladybug: Luck? Of course! (That's) what this is for! (She uses the ice axe to get out of Guiltrip.)
Ladybug: Got it! (She breaks the phone and the Amok is released) Time to de-evilize! (She catches the amok with her yo-yo.) Gotcha! (Opens the yo-yo and the feather flies away) Bye, little feather. (Everyone else who got trapped are released from Guiltrip)
Shadow Moth: You may have won the day with your positivity this time, but you can count on me to fill the rest of your days with negativity, sooner than you know. (The window closes.)"
guiltrip_ladybug_0014,The girls bathroom.,"Shadow Moth: You may have won the day with your positivity this time, but you can count on me to fill the rest of your days with negativity, sooner than you know. (The window closes.)
Ladybug, Cat Noir and Pigella: Pound it!
Ladybug: Juleka, this is a Magical Charm. It'll protect you from becoming a victim of Shadow Moth ever again. (Juleka smiles) Miraculous Ladybug! (The magical ladybugs turn everyone back to normal and they all cheer)"
guiltrip_ladybug_0015,Collège Françoise Dupont rooftop.,"Cat Noir: Aren't you gonna go and hide with her to get your Miraculous back m'lady?
Ladybug: She already did. (opens her hand revealing the Pig Miraculous)
Cat Noir: That girl is truly incredible!
Ladybug: She never needed a Miraculous to be a superhero"
guitar_villain_ladybug_0001,Le Grand Paris. Jagged Stone is performing a song on his guitar for Bob Roth and Penny Rolling.,"Jagged: I'd rather put out nothing at all than sing some pathetic duet with a baby-faced nobody
Penny: Bob, Jagged and I had an idea. Its concept is modern, but it also respects Jagged's own...rugged style
Jagged: (takes off glasses and shows them to Bob) The schoolgirl who made these glasses has some real talent. She totally gets my style. She's gonna design the cover of my new album"
guitar_villain_ladybug_0002,Eiffel Tower. Guitar Villain is flying on Fang towards the top of the tower.,"Cat Noir: He's gonna get there before us!
Ladybug: (pulling out her yo-yo) And we better make sure he doesn't find what he's looking for
Nadja: KidZ+ TV. How can I help you?"
guitar_villain_ladybug_0003,Eiffel Tower at night. Fang is circling around the Eiffel Tower.,"XY: (scared) Stop it! (Please!! (starts to bounce on the end of the plank as the result of the sound-waves)
Ladybug: XY's gonna fall!
Cat Noir: Talk about being between a rock and hard place!
Ladybug: (on top of Fang's head) Easy, easy. Nice, dragon. (Fang shakes his head) Whoa, whoa, whoa, whoa! Enough, already! We've got a stuck kitty to rescue!
Cat Noir: Huh, wow! The bug mastered the dragon!"
guitar_villain_ladybug_0004,Eiffel Tower at night. Fang is circling around the Eiffel Tower.,"Guitar Villain: Awesome Solo!—
Ladybug: (interrupts Guitar Villain) Not so fast!
Guitar Villain: (looks to see Fang is charging toward him) My dragon! (leaps out of the way)"
guitar_villain_ladybug_0005,Eiffel Tower at night. Fang is circling around the Eiffel Tower.,"XY: Please, Mr. Guitar Villain!
Ladybug: Lucky Charm! (Ladybug's Lucky Charm power gives her a can of extreme hold hairspray) ""Extreme Fixing Gel""?
Cat Noir: You're planning on doing his hair?
Ladybug: Actually, yes! Go get him, Cat Noir!"
guitar_villain_ladybug_0006,Eiffel Tower at night. Fang is circling around the Eiffel Tower.,"XY: (shouting) Hey, don't forget about me! Please, help!!! (the plank under him breaks)
Ladybug: Music's over, akuma! Time to de-evilize! (captures the akuma and purifies it) Rock 'n' roll! Bye, bye, little butterfly. Miraculous Ladybug! (summons the Miraculous Ladybug and restores everything back to normal, including teleporting Fang back to the Le Grand Hotel)
Guitar Villain: (turns back to Jagged Stone)"
guitar_villain_ladybug_0007,Eiffel Tower at night. Fang is circling around the Eiffel Tower.,"Guitar Villain: (turns back to Jagged Stone)
Ladybug and Cat Noir: Pound it!
XY: What's (he) doing here?"
guitar_villain_ladybug_0008,Eiffel Tower at night. Fang is circling around the Eiffel Tower.,"XY: What's (he) doing here?
Ladybug: He came to tell you that perhaps you...uh...underestimated the power of his music!
XY: (points at Jagged) This guy's crazy!"
guitar_villain_ladybug_0009,Eiffel Tower at night. Fang is circling around the Eiffel Tower.,"Cat Noir: (walks toward Jagged with a marker and an album) How about an autograph, Jagged? (Jagged writes his name, causing Cat Noir to chuckle)
Ladybug: Which reminds me, I still have work to do! Bug out!
Cat Noir and Jagged: (both watch as Ladybug leaves suddenly) Huh?"
hack_san_ladybug_0001,On the rooftops. Ladybug swings in to join Cat Noir.,"Ladybug: You... must've been pretty surprised to discover there was another holder!
Ladybug: I'm really sorry, Cat Noir. I should've told you. I mean, if I found out that you told someone about your secret identity, I'd... probably be upset, too. I'm really sorry I hurt your feelings
Cat Noir: You didn't hurt my feelings. You did everything right. Paris will always need a Ladybug superhero to watch over her. It's just... I realized that if one day that hero wasn't you, m'lady, since we don't know each other's identities, that means... I'd never see you again. Ever. And now, I just don't know if I can bear it
Ladybug: I'll never abandon you, kitty cat. (smiles)"
heart_hunter_the_battle_of_the_miraculous_part_1__ladybug_0001,Uses Lucky Charm and tries to go to Master Fu but realizes she's being tailed,"Ladybug: Lucky Charm!
Ladybug: ((catches charm)) A token to the merry-go-round? Hmm. ((knows where she should go, begins yo-yoing over roofs with Mayura following her))
Chloé: Yoo-hoo! ((Ladybug looks toward her)) Bring me my Miraculous, Ladybug! I'm waiting for you!
Ladybug: ((arrives at Place des Vosges, locates Master Fu but notices Mayura spying on her)) Mayura! ((Runs away with Maruya following, attempting to lose her)) Bye bye little bird. ((swings past Adrien and Kagami, loses focus, and crashes into a tree)) Focus, Ladybug, focus!"
heart_hunter_the_battle_of_the_miraculous_part_1__ladybug_0002,Goes to Master Fu but forgets to detransform.,"Ladybug: ((arrives at Place des Vosges, locates Master Fu but notices Mayura spying on her)) Mayura! ((Runs away with Maruya following, attempting to lose her)) Bye bye little bird. ((swings past Adrien and Kagami, loses focus, and crashes into a tree)) Focus, Ladybug, focus!
Ladybug: Master Fu, I need your help!
Master Fu: ((sees Ladybug, gasps)) This costume is very cute, miss, but is it really fitting in this place?
Ladybug: ((gasps)) I forgot to transform back. ((Looks arounds enters the center of the merry-go-round trying to remain unseen)) I haven't been followed Master, I'm sure of it
Master Fu: Hmm, ((decides to open the box)) Ladybug, if you'd like to have a turn on the merry-go-round, please pick your favorite horse. Once the mission is over you will retrieve the Miraculous and return it back to me
Ladybug: ((trying to choose, remembers Chloé))"
heart_hunter_the_battle_of_the_miraculous_part_1__ladybug_0003,Ladybug takes Kagami away while Kagami and Adrien were finishing the ice cream.,"Kagami: I'm honored that you've chosen me Ladybug, but I thought you couldn't give me this Miraculous again since Hawk Moth knows my identity
Ladybug: There's no time. I need ((contemplating what to say)) your exceptional talent
Adrien: Plagg, Claws out!
Ladybug: ((Miraculous beeps rapidly)) Don't look at me. I have to transform back. My kwami needs to refuel. ((runs behind a wall)) Spots off! ((detransforms))"
heart_hunter_the_battle_of_the_miraculous_part_1__ladybug_0004,Le Grand Paris rooftop.,"Hawk Moth: ((getting frustrated)) Your defeat will be my greatest achievement!
Ladybug: ((Ladybug hops on a building with Ryuko))
Chloé: ((notices Ladybug, gasps and smiles, sees both Ladybug and Ryuko leave, gets upset)) What about me?! You were supposed to give me a Miraculous! This is ridiculous, utterly ridiculous! They're my parents, you know. So I should be the one to save them!"
heart_hunter_the_battle_of_the_miraculous_part_1__ladybug_0005,"Ladybug, Ryuko, and Cat Noir fight Heart Hunter","Ryuko: Nice to see you again too, Cat Noir
Ladybug: ((slightly annoyed)) Is this one of your ""try to make me jealous moves"" again?
Audrey Heart Hunter: This Cat is very much in love! ((Zaps at Cat Noir))"
heart_hunter_the_battle_of_the_miraculous_part_1__ladybug_0006,"Ladybug, Ryuko, and Cat Noir fight Heart Hunter","Cat Noir: ((tries to attack Heart Hunter with his staff, misses and instead gets sucked into to Heart Hunter's mouth. Ladybug wraps her yoyo around Cat Noir's leg, freeing him and then catching him)) Thank you, Ladybug
Ladybug: Not calling me Milady anymore?
Cat Noir: ((surprised)) Huh? Of course I... Wait a second. Are you jealous of Ryuko right now?
Ladybug: ((defiantly crosses her arms and turns away)) Of course not! Pfft!"
heart_hunter_the_battle_of_the_miraculous_part_1__ladybug_0007,"Ladybug, Ryuko, and Cat Noir fight Heart Hunter","Ladybug: Lucky Charm!
Ladybug: ((catches the rolling pin that appears, and with her Lucky Vision, she spots Cat Noir’s belt, A streetlamp, and the front of a police car)) Cat Noir, give me your belt and Cataclysm that street lamp. Ryuko, go left and-
Hawk Moth: ((snaps his fingers))
Ladybug: ((stops directing as she witnesses the akuma leave Heart Hunter and André and Audrey falling, quickly catches Audrey while Cat Noir catches André))"
horrificator_ladybug_0001,Principal's office. Alya looks for Mr. Damocles.,"Nino: Told you so! Boo-yah!
Ladybug: (appears at the door) Is everything okay?
Nino: Ladybug in my movie? This is legit!"
horrificator_ladybug_0002,Principal's office. Alya looks for Mr. Damocles.,"Cat Noir: I tried to cut through the goo, but it's no good. Totally indestructible. So, looks like we're trapped inside the school for now. Just stay put and try to relax, guys. (to Ladybug) Shall we take a stroll, my lady? (between them) We both know that Hawk Moth's taken another innocent victim somewhere in school
Ladybug: And there's only one way to get rid of this pink goo and get everyone outta here. Capture that victim's akuma
Cat Noir: Exactly. I love it when you read my mind
Ladybug: (sighs and groans) And we better find this thing first, and its prisoners
Cat Noir: Wow! You did it again! (Nino gets closer)"
horrificator_ladybug_0003,"Court. Ladybug, Cat Noir and the other students try to find Max and Kim.","Chloé: We're way better off on our own than sticking with the others. Why would we stay with the group when we could just hide out on our own!
Ladybug: There!
Cat Noir: Anyone recognize this shoe?"
horrificator_ladybug_0004,"Court. Ladybug, Cat Noir and the other students try to find Max and Kim.","Cat Noir: Eww! What's your name, Drool-lator? (Horrificator spits goo at him, but he avoids it with his staff) Cats aren't afraid of clammy toads like you!
Ladybug: We better hurry up and find out where that akuma's hiding!
Cat Noir: I don't see anything. Just miles of slime"
horrificator_ladybug_0005,Science classroom. Sabrina locks the door with a locker.,"Cat Noir: We're too late!
Ladybug: But look! We can track the monster
Nino: I'm so amped!"
horrificator_ladybug_0006,Science classroom. Sabrina locks the door with a locker.,"Ladybug: Okay, now this is getting scary
Ladybug: Lucky Charm! (guitar strings appear) Guitar strings? Are you kidding me? Guitar, music... Mylène's song!
Cat Noir: That's it. Enough's enough. Cataclysm!
Ladybug: Okay, we're all going to sing
Cat Noir: Sing? So that's your plan?
Ladybug: The only way to get through this is to get your fear under control. You all know Smelly Wolf, don't you?
Cat Noir: Seriously? Smelly Wolf?
Ladybug: Care to join us?"
horrificator_ladybug_0007,Science classroom. Sabrina locks the door with a locker.,"Ladybug: Care to join us?
Ladybug: Okay everyone! 1, 2, 3, 4! (singing) Smelly wolf, smelly wolf, trapped in the stinky hut
Everyone: (singing)Smelly wolf, smelly wolf, I'm gonna kick your"
horrificator_ladybug_0008,Science classroom. Sabrina locks the door with a locker.,"Ivan: That's the same button I gave Mylène!
Ladybug: That's where the akuma is! (grabs the pin and breaks it, releasing the akuma) No more evil doing for you, little akuma. Time to de-evilize! (captures the akuma with her yo-yo) Gotcha! (releases the purified butterfly) Bye bye, little butterfly. Miraculous Ladybug! (throws the Lucky Charm into the air, its energy restores everything back to normal. Horrificator turns back into Mylène.)
Ladybug &amp; Cat Noir: Pound it!"
ikari_gozen_ladybug_0001,Jardin des Tuileries. Ladybug is fighting with Ikari Gozen.,"Cat Noir: I see you've already made a new buddy for friendship day, m'lady
Ladybug: Yeah. No, I don't think she likes me all that much. We're coming, Kagami
Cat Noir: Kagami?
Ladybug: Our new friend here has imprisoned her own daughter as a punishment. Lucky Charm! (a cinema ticket drops in her hands)
Cat Noir: You really think it's time to invite me to the cinema?
Ladybug: (boops Cat Noir's nose) Sorry, kitty, only got one ticket, I'll come back soon
Cat Noir: At least bring me back some popcorn!"
ikari_gozen_ladybug_0002,Place de la Concorde. Cat Noir is still fighting Ikari Gozen.,"Marinette: As elusive as the wind, as powerful as the flood, as swift as lightning. Yeah! (she picks up the Dragon Miraculous) I hope you enjoy the show, master
Ladybug: The Akuma's probably hiding inside her bokken
Cat Noir: In order to use my Cataclysm, we gotta bring her guard down, first
Ladybug: We just need to be as elusive as the wind, or as powerful as the flood. Lucky Charm! (a box of bath bombs drops in her hands)
Cat Noir: A box of bath bombs?"
ikari_gozen_ladybug_0003,Place de la Concorde. Cat Noir is still fighting Ikari Gozen.,"Longg: A Kwa-mi
Ladybug: I hope it works
Cat Noir: The sooner, the better, too"
ikari_gozen_ladybug_0004,Place de la Concorde. Cat Noir is still fighting Ikari Gozen.,"Ikari Gozen: Kagami! You've disobeyed me yet again! And this time with the complicity of these so-called heroes. You are all going to pay!
Ladybug: Ryuko, the plan! Surely Longg must have told you about the (plan)?!
Ryuko: No, stay behind with Cat Noir. This is a personal matter between a mother and a daughter"
ikari_gozen_ladybug_0005,Place de la Concorde. Cat Noir is still fighting Ikari Gozen.,"Ryuko: I behaved hastily. I failed. I am not worthy to fight beside you
Ladybug: You made a mistake, as I do every day, but that's not a reason to give up fighting. You're the only one who can help me, that's why I chose you. But we must work together as a team. We don't have much time left: here's the plan
Cat Noir: (still stuck) Hurry up before I transform back!"
ikari_gozen_ladybug_0006,Place de la Concorde. Cat Noir is still fighting Ikari Gozen.,"Ryuko: I have good teachers. Water dragon! (Ryuko morphs into water and Ikari Gozen starts to fill up with water; the water spills out of Ikari Gozen; she spits out Cat Noir, who cataclysms the bokken; Ladybug kicks the disintegrated object and releases the Akuma)
Ladybug: No more evil-doing for you, little Akuma. Time to de-evilise! (she catches the Akuma with her yo-yo) Gotcha! Bye-bye, little butterfly! Miraculous Ladybug! (throws the bath bomb container into the air; the Miraculous Cure restores damage and turns Ikari Gozen back into Tomoe)
Tomoe: What's happened to me? Where is Kagami?"
ikari_gozen_ladybug_0007,Place de la Concorde. Cat Noir is still fighting Ikari Gozen.,"Ryuko: (moved into an alley with Ladybug) Longg, open sky! (Ryuko detransforms into Kagami)
Ladybug: I have to tell you that I won't be able to give you this Miraculous again
Kagami: I know, I wasn't good enough
Ladybug: Quite the opposite
Kagami: Huh?
Ladybug: You learnt fast, but Hawk Moth knows who you are now and keeping one's true identity secret is a very important rule among superheroes. Without it, you and everyone you love will become endangered. Your family, your friends
Kagami: I don't have many friends
Ladybug: It's not important to have lots of friends. What matters is that the ones you have are (true) friends. Bug out!
Kagami: I'm sorry I wasn't truthful with you, Mother. But, I really wanted to try and make a friend"
intuition_ladybug_0001,"Interior, the Agreste mansion, in Nathalie's room. Gabriel rants to Nathalie about his failed attempts on taking Ladybug and Cat Noir's Miraculous with the power of Second Chance.","Ladybug: Lucky Charm!
Ladybug: No!!
Monarch: (from his lair) This is where your luck runs out, Ladybug!"
intuition_ladybug_0002,"Interior, the Agreste mansion, in Nathalie's room. Gabriel rants to Nathalie about his failed attempts on taking Ladybug and Cat Noir's Miraculous with the power of Second Chance.","Dark Humor: Hey!
Ladybug: (after hiding behind a pillar) Spots off! (de-transforms...) Spots on! (...and transforms back to reactivate her power) Lucky Charm!
Dark Humor: Wait! How did she do that??"
intuition_ladybug_0003,"On top of Tour Montparnasse. As Monarch steps out of the portal, he falls down on his knees in pain.","Marinette: Just seeing you has made me feel all better. Thank you, nurse! (looks around and rushes to another room to transform) Tikki, spots on! (transforms into Ladybug)
Ladybug: Power up! (transforms into Cosmobug and flies away)
Cosmobug: Can you cataclysm it?"
intuition_ladybug_0004,Monarch's lair. The lair window opens.,"Cosmobug: Lucky Charm!
Cosmobug: No!
Monarch: (from his lair) Finally, your luck has turned, Cosmobug! Here you are trapped in space where you can't even transform back!
Cosmobug: (grunts) You're making a mistake, Bugfighter!"
intuition_ladybug_0005,Monarch's lair. The lair window opens.,"Monarch: Shell-ter!
Cosmobug: (from Astrocat's communicator) Astrocat!
Astrocat: Cosmobug?
Cosmobug: I could use a helping paw right about now!
Astrocat: Coming, my cosmo-lady! (coincidentally dodges Monarch's Shell-ter) Hey! What's going on?"
intuition_ladybug_0006,Monarch's lair. The lair window opens.,"Astrocat: Hey!
Cosmobug: Astrocat!
Astrocat: Cosmobug?
Cosmobug: I could use a helping paw right about now!
Astrocat: (while fending off Monarch's hand) Right! Uh, I'll see what I can do. (gasps as he notices the rings on Monarch's hand) Monarch is using Second Chance!
Cosmobug: What??
Astrocat: You know what, I'd like a second chance, too!"
intuition_ladybug_0007,Monarch's lair. The lair window opens.,"Monarch: A-An asteroid is attacking you! Destroy it!
Cosmobug: She cannot detect you! That's the flaw!
Bugfighter: I'm not detecting any asteroid around... but I am picking up the vibrations of (deceit)... Is Claudie still here?!
Cosmobug: Yes, she is!
Bugfighter: Monarch! You lied to me! (rejects the Megakuma)"
intuition_ladybug_0008,Monarch's lair. The lair window opens.,"Astrocat: Hey!
Cosmobug: Astrocat!
Astrocat: Cosmobug?"
intuition_ladybug_0009,"Interior, the Agreste mansion, in Gabriel's atelier. Gabriel opens his eyes to a worried Adrien and a disappointed Nathalie.","Nathalie: (her face shifts to a worried one as she sighs and sits down) Probably very little
Ladybug: Cat Noir, I find it strange that Monarch himself never uses the power of Second Chance
Cat Noir: You mean we're lucky he doesn't, m'lady"
kagami_as_seen_by_marinette_ladybug_0001,Marinette's room,"Oni-Chan: (You've been hosed Ladybug! Adrien will be mine now, forever!)
Ladybug: (No!!)
Marinette: The thing is since then, I've discovered who Kagami really is"
kung_food_ladybug_0001,Le Grand Paris lobby.,"Cat Noir: (to Ladybug) Good job. (they fist bump.)
Ladybug: There's no time to lose! Chloé might just be the main dish! And we better not wait to find out!
Jagged Stone: (from the closet) Ugh, get me outta here! Come on, then!"
kung_food_ladybug_0002,The Elevator.,"Cat Noir: Ladybug, come on. It's just you and me together. We could go places
Ladybug: Uh, yeah. Like up
Cat Noir: Exactly! We've got nowhere to go but up!"
kung_food_ladybug_0003,The Elevator.,"Cat Noir: Exactly! We've got nowhere to go but up!
Ladybug &amp; Cat Noir: Wahhh!
Ladybug: You spoke too soon!"
kung_food_ladybug_0004,The Elevator.,"Mayor Bourgeois: Welcome to the world famous Suite 36 of this hotel
Ladybug: If we're not careful, we'll be the mashed potatoes!
Mayor Bourgeois: You're no competition, Ladybug. (he charges them, and Cat Noir gets captured)"
kung_food_ladybug_0005,Le Grand Paris dining hall.,"Kung Food: Ehehehehe!
Ladybug: We're almost there
Cat Noir: Great. All this fighting has made me hungry!"
kung_food_ladybug_0006,Le Grand Paris dining hall.,"Alec: (to Cat Noir) Ha-ha! You're no match for my... (gets interrupted Ladybug, who accidentally goes near him and touches in order to escape arrows. Marlena accidentally shoots at Alec, making him drop one of the cheese bomb and exploding in front of Marlena)
Ladybug: I think it's about time we got to the second course. (they take the elevator to Kung Food)
Kung Food: Ah, temperature is just right. Time to add main ingredient!"
kung_food_ladybug_0007,The Le Grand Paris rooftop pool. Chloé hangs over worriedly.,"Kung Food: Haha! Like it spicy?
Ladybug: Lucky Charm! (A check dispenser appears) A... check?
Cat Noir: And I think it's gonna be a steep one"
kung_food_ladybug_0008,The Le Grand Paris rooftop pool. Chloé hangs over worriedly.,"Kung Food: Grr! (swings at them)
Ladybug: Cat Noir, all his weapons come from his bag. Destroy it
Cat Noir: Got it. Cataclysm! (destroys the bag and Kung Food falls over)"
kuro_neko_ladybug_0001,,"Vesperia: (from TV) Venom!
Ladybug: (from TV; captures the akuma) Gotcha! (Gigantitan turns back into August.)
Clara: (from TV) Thanks, Ladybug!"
kuro_neko_ladybug_0002,Rooftops. Cat Noir leaps and looks around.,"Adrien: Okay. Plagg, claws out
Ladybug: (from afar) Miraculous Ladybug!
Ladybug, Ryuko, Polymouse, King Monkey and Purple Tigress: Pound it!"
kuro_neko_ladybug_0003,Rooftops. Cat Noir leaps and looks around.,"King Monkey: How's it going, dude?
Ladybug: Come on, guys! Hurry up before you all detransform. I'll meet you at rendezvous points
Cat Noir: Hey! Meow are you, m'lady?
Ladybug: Great, thanks, but I gotta go retrieve all these Miraculous
Cat Noir: I could lend you a paw to help save time
Ladybug: Thanks, kitty cat, but it's a guardian's job to do it
Cat Noir: I know who some of them are, remember? I was there when you first gave them their Miraculous!
Ladybug: You don't even know where their rendezvous points are, I don't have time to—
Cat Noir: Playing cat and mouse is my forte, you know—
Ladybug: (yelling) If you wanna save me time, stop wasting it in the first place!
Cat Noir: And take my Miraculous back when you're done!
Ladybug: (swinging away) Okay, whatever, see you later!
Cat Noir: I won't waste your time anymore, I promise. Claws in. (detransforms to Adrien)"
kuro_neko_ladybug_0004,Rooftops. Cat Noir leaps and looks around.,"Plagg: Woah woah woah, hang on!
Ladybug: What does he mean ""take back his Miraculous""?
Adrien: I just can't do this anymore. I give up... on everything. Even you"
kuro_neko_ladybug_0005,"Marinette's room. She contemplates the Cat Miraculous, surrounded by the kwamis.","Ladybug: I... (She puts the ring in her yo-yo.) Stay in position, I'm on my way! (She swings away.)
Ladybug: What's gotten into him? I didn't do anything
Plagg: Didn't do anything? Well yeah, you did! You've been neglecting a very classy piece of camemebert on your plate for too long! And as a result it got runny, and moldy!
Ladybug: What? Cat Noir never gave me any camembert
Plagg: Of course not, Cat Noir is the camembert! For a while now, you've been neglecting this camembert— I mean Cat Noir, and going on adventures with the all other cheeses!
Ladybug: But he should be happy about it, it gives him more time off
Plagg: Cat Noir doesn't wanna have time off, Ladybug! He is in love with you! And your persistent calling on all the other heroes has broken his heart
Ladybug: I'm really sorry if Cat Noir is hurt, but I'm doing my best as a guardian
Plagg: (sighs) I know. Just... give me the Miraculous. I'll give it back to him, cheer him up, we'll chow down on some grilled mimolette sandwiches and everything will go back to normal
Ladybug: It's useless. The problem is that Cat Noir is in love with me. And since I can't do anything about that, I'll keep on breaking his heart over and over again. Maybe Cat Noir is right. We should split
Plagg: Woaaah! Not so fast! May I remind you that Cat Noir's a very competent superhero and that your powers complement each other?
Ladybug: I know I can't do it without a Cat Noir... So I'll just have to choose another one, who won't be in love with me!
Plagg: Another Cat Noir? What do you mean another Cat Noir?
Ladybug: I'm going to choose a new Cat Noir myself. One who won't be in love with me. And since I'll know who he is, I can call on him whenever I need him. (She jumps to the balcony.)
Plagg: Woah woah woah! You mean you'll know who he is? You'll know his secret identity?
Ladybug: You're right! I can't do that! If I know who Cat Noir is and Shadow Moth akumatizes me, he'll know how to find Cat Noir and he'll capture both our Miraculous! He'll merge them together and make his wish come true, and then the whole world will turn into whatever he wants!
Plagg: See? You can't do that, so come on, give me back the Miraculous. I'll just tell him to erase you from his heart, and everything will be fine
Ladybug: You really think he's capable of that?
Plagg: I sure hope so"
kuro_neko_ladybug_0006,Rooftops.,"Adrien: Plagg, claws out!
Ladybug: (to herself) This time, no more improvisations. The rules will be clear from the start. I'll be firm with him right away
Cat Walker: (slightly bowing) Good evening, Ladybug. I'm Cat Walker
Ladybug: Purr-fectly delighted!
Cat Walker: (calmly) Likewise
Ladybug: You.. don't burst out laughing, don't you think that's funny?
Cat Walker: I find the play on words nicely done. Plagg told me you were exceptional and he is good as his word. If you'd like, next time, I will laugh
Ladybug: (nervously) Oh, no, don't, I- You don't have to force yourself to laugh. (She giggles and then clears her throat and starts pacing.) So tell me, Cat Walker, how old are you? Do you have brothers and sisters? Any hobbies in particular?
Cat Walker: Answering your questions would risk revealing my secret identity
Ladybug: Wow, you really are perfect. Um- I mean- your answer was perfect. Let's see how well you think on your feet. Say, a supervillain shows up and you know nothing about them. What would be your first reaction? A, you rush towards them and cataclysm them, B, you-
Cat Walker: (looking to a side and preparing his staff) First I get to a safe place to observe them. And that's what you should do too, Ladybug
Ladybug: You know, I guess there's no more time for chit-chat. Let's get to work right now! (They jump closer to Kuro Neko. Ladybug sees its bell.) No, Cat Noir, stop! This is ridiculous!
Cat Walker: You think that's Cat Noir?
Ladybug: Of course it's Cat Noir! He must've been akumatized because he regrets having given up his Miraculous!
Cat Walker: (hesitating) What if it's not Cat Noir?
Ladybug: Leave this to me, Cat Walker. I know him really well. (She swings away but bumps into the skyscraper.)
Cat Walker: Ladybug!
Ladybug: I'm so sorry, Cat Noir! I didn't realize how broken-hearted you were over this!"
kuro_neko_ladybug_0007,Tour Montparnasse.,"Cat Walker: If that was Cat Noir, don't you think he'd talk to you?
Ladybug: It's true, he usually does talk a lot more. He must be really upset that I found someone to take his place!
Cat Walker: With that slot on his back, he looks more like a piggy bank, don't you think?
Ladybug: You'll see once we deakumatize him. (She runs towards Kuro Neko.) Cataclysm his bell, I'm sure that's where the akuma is!
Cat Walker: Hang on! (follows her) Ladybug, what if that's a sentimonster? If I use my power on him, he'll lose control and become more dangerous!
Ladybug: (stopping) You're right! Wow, Plagg really took his job as a coach seriously! (Cat Walker raises his brow and continues running.) But trust me, I know Cat Noir- (She realizes he left.) Hey, what are you doing?!
Cat Walker: Kitty, kitty! Meow, meow, kitty! (Kuro Neko starts chasing him and meowing. Cat Walker makes it to a park and takes some grass.) This should do. Meow, meow, meow! (makes pushy noises) That's right, come here. (Ladybug lands on a roof nearby. Kuro Neko prepares to attack Cat Walker, but he proceeds calmly, even rolling in the grass.) Mmm, this smells good!
Ladybug: What's he doing?
Cat Walker: Cats sometimes eat grass, it helps them spit out their hairballs. (watching Kuro Neko)
Ladybug: Cat Noir loves acting like a clown, but he wouldn't go so far as to eat real grass
Cat Walker: (cringes) What I mean is you're right to doubt, and I agree with you. Until we know for sure whether we're dealing with a sentimonster or someone who's been akumatized, we shouldn't make any brash decisions. (Kuro Neko leaps away.) Let's find out more
Ladybug: (looks down sadly)
Cat Walker: (nervously correcting himself) I'm only saying this because you asked me to think on my feet, you know? But you're the Guardian and whatever your plan is, I'll follow it
Ladybug: (frustrated) You were right from the start, of course that's not Cat Noir!
Cat Walker: It's completely understandable why you think that
Ladybug: Yeah, but hello? I just confused my former partner with a giant piggy bank! I didn't see he was hurt and couldn't stop him from leaving either. I must be the worst Guardian ever!
Cat Walker: There's nothing wrong with you. Maybe the boy who was Cat Noir was more sensitive than it seemed. But his feelings for you shouldn't force you to pay more attention to him than to others. You take care of everybody equally, Ladybug. (He gets up and reaches his hand out.) Now I want to take care of you
Ladybug: Uh.. thanks
Cat Walker: Shall we? (She nods.)
Ladybug: (stuttering) Thanks for being so charming with me- oh, uh, what I meant was-
Cat Walker: Lucky Charm?
Ladybug: What?
Cat Walker: You meant that you need your yo-yo to call up your Lucky Charm, right? (pointing at Kuro Neko)
Ladybug: Yes, right! (giggles)"
kuro_neko_ladybug_0008,Tour Montparnasse.,"Ladybug: Yes, right! (giggles)
Ladybug: A parachute? (She looks around, but her gaze keeps landing on Cat Walker. She rubs her eyes but still can't look away.)
Cat Walker: Are you okay?
Ladybug: (turning away, flustered) Uh.. yes, but I'm gonna need you. Use the parachute to blind the cat, and I'll... snatch his bell with my yo-yo
Cat Walker: Watch out!
Ladybug: (springing onto her feet) Let's not panic, I must've made a mistake. Let's try something else. (She is still unable to see anything she needs except Cat Walker. She turns away again.) Uh... okay, I think.. I know what to do. At least I hope so
Cat Walker: Here, kitty, kitty! Meow! (Kuro Neko starts running towards him.) Meow! Kitty, kitty, kitty! (Kuro Neko gets stuck in the yo-yo which surrounded the Tower.) That's when I use my superpower, right?
Ladybug: Right! Make sure not to touch anything other than the bell!
Cat Walker: Cataclysm!"
kuro_neko_ladybug_0009,Eiffel Tower. Kuro Neko is throwing cars and buses around. Cat Walker jumps over to Ladybug.,"Adrien: (pensive) Plagg, claws out
Ladybug: (with sadness) I'm sorry, Cat Walker, I tried every way I could to include you in the plan but.. the lucky charm doesn't work with you
Cat Walker: (calmly) That's what I figured out too
Ladybug: You're not mad? You don't feel sad or... left out?
Cat Walker: (puts his hand on her shoulder) No. The mission comes first. I'm not making another move. (He starts walking away.) Good luck, Ladybug. (He leaves.)
Ladybug: He really is too... perfect. (She swings away and lands near Kuro Neko.) Yoohoo! Hello, kitty, kitty! (She runs, leading him to the stadium.)"
kuro_neko_ladybug_0010,Stade des Princes. Ladybug arrives.,"Ladybug: Come on, you big kitty! It's time to spit up that hairball!
Ladybug: (crouching) Could you please give me your piggy bank?
Rythm: (holding the piggy bank tighter) No way! All the money that I saved up to buy kitty toys for my cat is in here!
Ladybug: (looks at Kuro Neko; surprised) Uh... him?
Rythm: (on the verge of tears) No, my cat's ran away. So Shadow Moth promised he'd give me the biggest kitty in the world to replace him but this cat is mean.. and he doesn't listen. I want my kitty cat! (She starts crying. Cat Walker overhears this and leaps away.)
Ladybug: (stroking her head) You know what? I lost my kitty cat too. And I miss him a lot. We just need to break your piggy bank long enough for the big cat to stop being naughty, and then my magic ladybugs will fix it. And that way, when you find your cat, you can still buy him the best toys in the world
Rythm: Okay
Ladybug: Time to de-evilize! (She captures the amok.) Gotcha! Bye-bye, little feather"
kuro_neko_ladybug_0011,Stade des Princes. Ladybug arrives.,"Ladybug and Cat Walker: You were perfect. No, you were perfect. (They laugh.)
Ladybug: But, Cat Noir
Cat Walker: is not me. Plagg will give you the ring back
Ladybug: And.. he'll send it back to its previous owner
Cat Walker: (bows) Nice to have met you, Ladybug. Cat Noir... is a very lucky guy"
kwamibuster_ladybug_0001,TVi Tower rooftop.,"Kwamibuster: I'm going to capture your Kwamis and prove to everyone that these magic creatures really do exist! True or false?
Ladybug: I don't think it matters, 'cause we're not gonna give you a chance to prove anything!
Cat Noir: I love this plan, I'm excited to be part of it. Let's do it! (They attack Kwamibuster)"
kwamibuster_ladybug_0002,TVi Tower rooftop.,"Kwamibuster: I'm going to prove to the whole world that I am a great scientist and that I made a major discovery!
Ladybug: (hides behind a vent, turns to Cat Noir) I hope your Kwami's learned his lesson so he doesn't ever do anything like this again!
Cat Noir: (hides behind a spotlight) Well, I heard (your) Kwami was with him
Ladybug: (My) Kwami was trying to talk some sense into (yours!) I get the feeling you two are perfect match. (attacks Kwamibuster, dodges her beam) Ah!
Cat Noir: This Kwamibuster villain, she's from Françoise Dupont High School, right?
Ladybug: Don't forget the rules, Cat Noir. We can't know each other secret identity Ah! (gets trapped in Kwamibuster's beam)"
kwamibuster_ladybug_0003,Fu's massage shop.,"Multimouse: Multitude! (turns into several mini versions of herself)
Multimouse: (is given the Fox Miraculous by the Multimouse wearing all the Miraculous) Toppo, Trixx, Unify! (transforms into Multifox)
Multifox: And now, I'm Multifox! Let's go! (jumps into Fluff's mouth; she, her Multimice, and the Kwamis fly out)"
kwamibuster_ladybug_0004,"TVi Tower lobby. In the Mr. Banana suit, Adrien runs from Kwamibuster.","Multimouse: (in Pollen's mouth) Catch us if you can! (leads Kwamibuster away)
Multimouse: (in Longg's mouth) Psst! Cat Noir, is that you?
Adrien: Ladybug? Just when I think I finally know you, you manage to surprise me again!
Multimouse: That's very sweet of you, but I'm not Ladybug, (shows her bare ears) I'm Multimouse. Ladybug has sent me to fetch your Miraculous, to defeat Kwamibuster
Adrien: How do I know I can trust you?
Multimouse: Ladybug trusted me when she gave me a Miraculous, didn't she?
Adrien: (takes off his ring) Tell her I'm relying on her to bring Plagg back. (gives her the ring, she puts it on)
Multimouse: Okay, thank you. Oh, yeah! Ladybug said you should meet her on the roof. (they head to the roof)"
kwamibuster_ladybug_0005,Inside Kwamibuster's Machine.,"Multimouse: (with Cat Noir's ring) Plagg, Mullo, Unify! (Multimouse transforms into Multinoire)
Multimouse: (with all the other Miraculous) Tikki, Mullo, Unify! (Multimouse transforms into Multibug)
Multinoire: Cataclysm! (touches the machine's magic wall)"
kwamibuster_ladybug_0006,"TVi Tower rooftop. Kwamibuster's machine explodes, releasing the Kwamis, and the Akuma. She turns back into Olga Mendeleiev.","Multinoire: Cataclysm! (touches the machine's magic wall)
Multibug: Lucky Charm! (A bowl appears, trapping the Akuma)
Multinoire: (jumps from Longg's mouth) Mullo, Plagg, Divide! (transforms back into Multimouse)"
kwamibuster_ladybug_0007,"TVi Tower rooftop. Kwamibuster's machine explodes, releasing the Kwamis, and the Akuma. She turns back into Olga Mendeleiev.","Multinoire: (jumps from Longg's mouth) Mullo, Plagg, Divide! (transforms back into Multimouse)
Multimouse: (to Adrien, holding up his ring) As promised
Adrien: (takes his ring) Thank you, mysterious Multimouse!
Multimouse: Thank you! See you, Cat Noir. (The Multimice meet up at the Lucky Charm bowl. Multibug gives a thumbs up to Multifox, hiding with Fluff.)"
kwamibuster_ladybug_0008,"TVi Tower rooftop. Kwamibuster's machine explodes, releasing the Kwamis, and the Akuma. She turns back into Olga Mendeleiev.","Cat Noir: Being Cat Noir is much more appealing than being a banana. (tosses the Mr. Banana costume)
Ladybug Illusion: Good job, Multimouse. Thanks to you, I got my Kwami back and Cat Noir's
Cat Noir: Awesome plan, girls!
Ladybug Illusion: Time to de-evilize! (catches the akuma) Bye-bye, little butterfly. Miraculous Ladybug!"
kwamibuster_ladybug_0009,"TVi Tower rooftop. Kwamibuster's machine explodes, releasing the Kwamis, and the Akuma. She turns back into Olga Mendeleiev.","Ladybug Illusion: Time to de-evilize! (catches the akuma) Bye-bye, little butterfly. Miraculous Ladybug!
Multimouse Illusion: We came, we saw, we kicked her hat! (takes off her Miraculous, detransforms)
Marinette Illusion: Now I gotta give you this back, right?"
kwamibuster_ladybug_0010,"TVi Tower rooftop. Kwamibuster's machine explodes, releasing the Kwamis, and the Akuma. She turns back into Olga Mendeleiev.","Marinette Illusion: Now I gotta give you this back, right?
Ladybug Illusion: No! Not here! Marinette, you shouldn't have given me the Miraculous back, not in front of
Marinette Illusion: But, I didn't think you kept any secrets from each other. Oh, I'm so clumsy
Ladybug Illusion: I'm sorry, but now your identity is no longer a secret. I won't be able you give you a Miraculous again. I'll take Marinette back, Cat Noir. You take care of Ms. Mendeleiev"
kwamibuster_ladybug_0011,TV studio rooftop.,"Multifox: (exhausted) Reality! (gets rid of the Illusion, revealing the destruction, Lucky Charm, and Multimice) Mullo, Trixx, Divide! (transforms back into Multimouse; the Multimice combine to form a regular sized Multibug)
Multibug: Mullo, Divide! (transforms back into Ladybug)
Ladybug: No more evil-doing for you, little Akuma. Time to de-evilize! (catches the akuma) Gotcha! Bye-bye, little butterfly. Miraculous Ladybug! (Everything goes back to normal)"
lady_wifi_ladybug_0001,"Chloé's room. Chloé dressed as Ladybug, is trying to untie herself, when her cell phone rings.","Lady Wifi: Well, hello there, Ladybug! (Chloé tries to run away, but Lady Wifi puts a pink pause icon on Chloé, stopping her)
Ladybug: We got Wifi! (she and Cat Noir head to the hotel)
Lady Wifi: (puts a camera icon above Chloé) Well, well... So my hunch was correct in window. (from screens) Everyone thinks the girl beneath the Ladybug costume is a little angel. Think again, people! The real Ladybug is... (tears off her mask) Chloé Bourgeois, everyone! (Ladybug and Cat Noir enter the hotel) Who are you?"
lady_wifi_ladybug_0002,"Chloé's room. Chloé dressed as Ladybug, is trying to untie herself, when her cell phone rings.","Lady Wifi: You'll be sorry. (uses her cellphone to delete the pink icons, releasing Chloé. Chloé trips and falls)
Ladybug: Alya?
Lady Wifi: Alya's been disconnected. I'm Lady Wifi. News flash! Ladybug, let's find out who you really are!
Ladybug: Follow me!"
lady_wifi_ladybug_0003,"Chloé's room. Chloé dressed as Ladybug, is trying to untie herself, when her cell phone rings.","Lady Wifi: (from a projection in the sky) Who is Ladybug? Is she a superhero or a super-weirdo? How can we trust the girl when we have no idea who she really is? We have the right to know! (tries to remove Ladybug's mask, but it won't come off) Why doesn't it come off?
Ladybug: Uhhh... because it's magic?
Cat Noir: You're out of minutes, Lady Wifi!"
lady_wifi_ladybug_0004,"Chloé's room. Chloé dressed as Ladybug, is trying to untie herself, when her cell phone rings.","Lady Wifi: If you don't get him outta fast, your crush will soon be slush. Ha ha ha! (removes the locks from Ladybug's hands.) Good luck with your cat popsicle! I have other news to cover! (disappears)
Ladybug: Huh?
André: Come on"
lady_wifi_ladybug_0005,Outside Le Grand Paris. The mayor and two police cars are there.,"Ladybug: Lucky Charm! (a box appears)
Ladybug: This better be some lucky box... Of course, the microwaves! (puts the box in the microwave, and uses it to melt the lock icon)
Adrien: (finds his ring) Gotcha! Gotcha!
Ladybug: Come on, micro-thingies, jam this signal"
lady_wifi_ladybug_0006,Outside Le Grand Paris. The mayor and two police cars are there.,"Ladybug: Come on, micro-thingies, jam this signal
Ladybug: You okay, Cat Noir? (her Miraculous beeps)
Cat Noir;: You used your Lucky Charm...there's not much time left"
lady_wifi_ladybug_0007,Outside Le Grand Paris. The mayor and two police cars are there.,"Cat Noir: Zap open the kitchen door!
Ladybug: We can't, microwave's busted. (whispers to Cat Noir) Here's what we'll do, listen to me
Cat Noir: Got it"
lady_wifi_ladybug_0008,Outside Le Grand Paris. The mayor and two police cars are there.,"Lady Wifi: Nice idea, kitty cat, but I'm not gonna let you cut me off so easily! (starts firing pink pause symbols at him)
Ladybug: (her Miraculous beeps again) Hurry, Cat Noir
Lady Wifi: Nooooo!"
lady_wifi_ladybug_0009,Outside Le Grand Paris. The mayor and two police cars are there.,"Ladybug: (breaks the phone, releasing its akuma) No more evil-doing for you, little akuma. Time to de-evilize! (captures the akuma) Gotcha! (releases the purified butterfly) Bye bye, little butterfly
Ladybug: Miraculous Ladybug! (throws the Lucky Charm into the air, its energy repairs all the damage, and turns everything back to normal.)
Alya: What?"
lady_wifi_ladybug_0010,Outside Le Grand Paris. The mayor and two police cars are there.,"Alya: What?
Ladybug and Cat Noir: Pound it!
Alya: Ladybug! Wow! And Cat Noir! Can I get a quick interview? Just let me grab my phone!"
lady_wifi_ladybug_0011,Outside Le Grand Paris. The mayor and two police cars are there.,"Cat Noir: Stay! (his Miraculous beeps) I won't tell anyone who you are. Cat's honor
Ladybug: Nobody must know who we really are. Not even us. (closes the door. Cat Noir tries to open it, but Ladybug detransforms)
Tikki: Phew, that was too close for comfort!"
ladybug_cat_noir_origins_part_1__ladybug_0001,Stade des Princes. The students are done with P.E. But then Stoneheart appears.,"Cat Noir: Where are you, partner?
Ladybug: Oh, I can't. I'm not gonna be able to do it. (Stoneheart throws a field goal away. The net is about to hit Alya but Cat Noir saves her)
Alya: What are you waiting for, super red bug? The world is watching you!
Ladybug: Animal cruelty? How shameful!
Alya: Yes!
Ladybug: Sorry it took so long, Cat Noir"
ladybug_cat_noir_origins_part_1__ladybug_0002,Stade des Princes. The students are done with P.E. But then Stoneheart appears.,"Ladybug: Catch me if you can! (Stoneheart drops the akumatized object and grabs Ladybug)
Ladybug: And now... Alya, the tap!
Cat Noir: This girl is awesome. She's crazy awesome"
ladybug_cat_noir_origins_part_1__ladybug_0003,Stade des Princes. The students are done with P.E. But then Stoneheart appears.,"Cat Noir: You were incredible, Miss... uh... Bug lady. You did it!
Ladybug: We both did it, partner
Ladybug &amp; Cat Noir: Pound it! (Cat Noir's Miraculous beeps)
Ladybug: You should get going. Our identities must remain secret"
ladybug_cat_noir_the_movie_ladybug_0001,Inside the Notre Dame,"Ladybug: First a song, now a yo-yo? What's next, a tea set?
Ladybug: (confused) Where... am I?
Cat Noir: (clears throat) Bonjour
Ladybug: (groans and sits upright)
Cat Noir: (somewhere out of sight) What do you think you're doing?
Ladybug: (looks around and stands up) I'm
Cat Noir: This is a dangerous place for a young lady
Ladybug: (slightly annoyed) Excuse me, I'm no damsel in distress. (looks around some more) Who even are you?
Cat Noir: Name's Cat Noir
Ladybug: Do I know you?
Cat Noir: I'm the new hero in town. Here, to save the world
Ladybug: (snorts and makes air quotes with hands) HA! With what, furballs?
Cat Noir: (appears to Ladybug's left) And what are you supposed to be? A watermelon?
Ladybug: (glares daggers) EXCUSE ME?
Cat Noir: (walks away) Guess... that'll work for a sidekick
Ladybug: (infuriated) What?! I'm... here to save the world. (huffs as flung up yoyo bonks her on the head) ...Too
Cat Noir: (amused) I can see that. (jumps from a statue back to the ground.) Coming in here all loud and messy, (knock down a vase) giving away your every move
Ladybug: So much for the element of surprise!
Cat Noir: Ever heard of a decoy?
Ladybug: I don't understand what's happening. This is all wrong
Cat Noir: All you have to do is follow my lead sidekick
Ladybug: I'm not a side-
Cat Noir: Shhhh.... Don't move
Ladybug: (quietly) Do you have a plan?
Cat Noir: A plan? (scoffing) Do I have a plan? I have more than a plan"
ladybug_cat_noir_the_movie_ladybug_0002,Inside the Notre Dame,"Ladybug: What?
Ladybug: Huh?
Male tourist: Is that a watermelon?"
ladybug_cat_noir_the_movie_ladybug_0003,In the metro,"Cat Noir: Stay! (Gargoyle starts to approaching him) Huh? Huh… Huh? Fetch! (throws his staff but the Gargoyle turns back to look at him) I take it back! Ah! Don't fetch! Don't fetch! (starts running away)
Ladybug: Kitty! (suddenly, a train behind her zooms past her as she uses her Lucky Vision to grab onto the handle then the railing as she swings below) Ah! Excuse me! Excuse me! Watch out! [grunt]
Tom: (in car as Sabine drives) What's going on?"
ladybug_cat_noir_the_movie_ladybug_0004,In the metro,"Tom: [gasp] [sigh] Thank goodness Marinette's at home
Ladybug: (suddenly swings in front of them but swings away just in time) Watch out! (seeing her parents in their van as she swings by) Mom? Dad? I'm gonna be so late for dinner! Ya! (continues swinging around)
Cat Noir: (Runs but falls over and gets foot stuck in the railroad tracks as he watches the train coming towards him. He tries to get himself free with no luck)
Ladybug: (Swings around before rescuing Cat Noir just in time) Watch out!"
ladybug_cat_noir_the_movie_ladybug_0005,Cat Noir regains consciousness,"Cat Noir: [shudders as the two watch from below]
Ladybug: Quick! Let's go!
Raymond: (laying there, groaning as the akuma flies out of the train and passengers watch as Ladybug and Cat Noir see it with lightning and thunder)"
ladybug_cat_noir_the_movie_ladybug_0006,The heroes meet Master Fu in a tree grove,"Raymond: (laying there, groaning as the akuma flies out of the train and passengers watch as Ladybug and Cat Noir see it with lightning and thunder)
Ladybug and Cat Noir: [simulatenously] What was that?
Master Fu: An akuma. (walks out from behind the tree)"
ladybug_cat_noir_the_movie_ladybug_0007,The heroes meet Master Fu in a tree grove,"Master Fu: An akuma. (walks out from behind the tree)
Ladybug: Hold on. Who's there? (the two turn behind to face him)
Cat Noir: Now, who the heck is this guy?"
ladybug_cat_noir_the_movie_ladybug_0008,The heroes meet Master Fu in a tree grove,"Cat Noir: What?
Ladybug: [chuckles] It's not hard! He's insane
Cat Noir: Well, I still think you look like a watermelon
Ladybug: Will you stop?
Cat Noir: Watermelon!
Ladybug: Insane!
Cat Noir: Watermelon!
Ladybug: Insane!
Cat Noir: Watermelon!
Ladybug: Insane!
Cat Noir: Watermelon!
Ladybug: Insane!"
ladybug_cat_noir_the_movie_ladybug_0009,The heroes meet Master Fu in a tree grove,"Cat Noir: Cool!
Ladybug: Ha! Figures
Cat Noir: And how come you know all this stuff?"
ladybug_cat_noir_the_movie_ladybug_0010,The heroes meet Master Fu in a tree grove,"Master Fu: No! Stronger together! It's the only way to reach the perfect balance of heart and mind, or you will not defeat Hawk Moth. (turns behind tree and disappears)
Ladybug: [shudders]
Cat Noir: (runs on all fours after him only to find him missing and looks around)
Ladybug: I did not sign up for this
Cat Noir: I understand. You're afraid. Failure is not your enemy. Your fears are. So, just be my sidekick and you'll be safe!
Ladybug: (smacks his hand)
Cat Noir: Ow!
Ladybug: I can't stand this guy another minute! (walks off angrily)
Cat Noir: Hold on! Will I ever see you again?
Ladybug: Oh, sure! In your dreams and my nightmares. Or better yet, how about we wait until we both get killed in the afterlife? (swings yo-yo around tree branch and flies up there before hitting her head) Ow!
Cat Noir: Wow!
Ladybug: (uses her yo-yo to try and get home as quickly as possible before flying and screaming)"
ladybug_cat_noir_the_movie_ladybug_0011,Ladybug swings into the scene,"Ladybug: Don't worry, I got you! You're OK
Ladybug: What?
Magician: (cackling) Surrender your Miraculous now
Ladybug: Oh yeah? Or what?
Magician: I'll squish you like a bug"
ladybug_cat_noir_the_movie_ladybug_0012,The Tuileries Funfair,"Magician: (annoyed) That's it all bets are off
Ladybug: (preparing to toss her yo-yo) Ah!
Cat Noir: (catching the bullet) Yah!
Ladybug: (gasping in surprise) Did you just?
Cat Noir: (seeing the bullet he caught drop out of his hand with no injury) Whoa! Our powers"
ladybug_cat_noir_the_movie_ladybug_0013,The Tuileries Funfair,"Cat Noir: (seeing the bullet he caught drop out of his hand with no injury) Whoa! Our powers
Ladybug and Cat Noir: (Realizing what the mysterious old man meant) Stronger together! (As they fist bump) Yeah (And prepare to fight the Magician and the Mime but notice they're gone.)
Ladybug: Where'd they go?"
ladybug_cat_noir_the_movie_ladybug_0014,On top of the ferris wheel.,"Ladybug and Cat Noir: Stronger Together! Ha!
Ladybug and Cat Noir: (giggling)
Ladybug: Got an idea let's do this thing"
ladybug_cat_noir_the_movie_ladybug_0015,On top of the ferris wheel.,"Ladybug: Got an idea let's do this thing
Ladybug: This is it kitty line it up
Badoom: Badoom
Ladybug: Uh oh!"
ladybug_cat_noir_the_movie_ladybug_0016,On top of the ferris wheel.,"Cat Noir: You know what you gotta do right? (gesturing to Ladybug)
Ladybug: (noticing her yoyo glowing) I think so (she opens it and captures the two akumas while Hawk Moth just laughs) Gotcha! (Then she releases them and the akumas return to their pure white form flew into the sky) Bye bye little butterflies
Police officer: La Band aux Chapeaux! You just caught the most wanted thieves in Paris"
ladybug_cat_noir_the_movie_ladybug_0017,On top of the ferris wheel.,"Cat Noir: I'm just the sidekick
Ladybug: (clarifies) We're partners!
Cat Noir: Pound it"
ladybug_cat_noir_the_movie_ladybug_0018,Ladybug and Cat Noir sitting on the paris rooftops together while enjoying ice cream.,"Ladybug: How do you manage to annoy me so much?
Ladybug: I really should go home now
Cat Noir: Don't"
ladybug_cat_noir_the_movie_ladybug_0019,Rooftop of an old performance theater.,"Ladybug: I didn't make it in time!
Ladybug: They took him, he's gone -Kitty
Cat Noir: So, you do care about me
Ladybug: Oh, I hate you!
Cat Noir: (then slides down to her eye level) We'll see about that"
ladybug_cat_noir_the_movie_ladybug_0020,Inside the theather.,"Ladybug: Let me guess
Ladybug: This is where you bring all your dates
Cat Noir: Actually I never brought anyone here. After my mom died, I promised myself that I wouldn't get close to anyone anymore
Ladybug: Oh. I'm sorry, Cat Noir
Cat Noir: Don't be. I'm not sad anymore… since I met you"
ladybug_cat_noir_the_movie_ladybug_0021,A dejected Adrien returns home to find his father waiting for him,"Cat Noir: Cataclysm!
Ladybug: (watching in shock) Cat Noir!
Hawk Moth: Now let's see if cats always land on their feet
Ladybug: Kitty!"
ladybug_cat_noir_the_movie_ladybug_0022,A dejected Adrien returns home to find his father waiting for him,"Ladybug: Kitty!
Ladybug: Cat Noir, wake up!
Hawk Moth: I can feel your bones shaking!"
ladybug_episode__ladybug_0001,Top of the Arc de Triomphe.,"Sentimonster Ladybug: No, she's not me!
Ladybug: She's manipulating you! You know I'm already in love with someone else!
Sentimonster Ladybug: Listen to your heart!
Ladybug: No, listen to your brain!"
ladybug_episode__ladybug_0002,Top of the Arc de Triomphe.,"Sentimonster Ladybug: (Mayura providing the voice) She must be a fan of Ladybug who’s been akumatized by Hawk Moth!
Sentimonster Ladybug: Don't fall for her tricks!
Cat Noir: M'lady, no!
Sentimonster Ladybug: We've got a villain to fight! We'll take care of me later
Cat Noir: That's the lady I know!"
ladybug_episode__ladybug_0003,Top of the Arc de Triomphe.,"Cat Noir: That's the lady I know!
Ladybug: Ugh, (I can't believe you fell for that!!!) Okay, good job. You win, I am the fake Ladybug, but there's no way I'm letting you Cataclysm my earrings!
Mayura: What? Why does she-"
ladybug_episode__ladybug_0004,Top of the Arc de Triomphe.,"Sentimonster Ladybug: Senti Charm!(gets a blaster)
Ladybug: I'll show you a real Lucky Charm! (gets a fork)
Cat Noir: Okay, you're definitely the real one"
ladybug_episode__ladybug_0005,"Arc de Troimphe. Sentimonster Ladybug continues to fire her sticky blaster. Ladybug notices Mayura, whose health is declining. Suddenly, Cat Noir pushes her out of the way of a sticky blast.","Ladybug: You're right. There's nothing monstrous about her. Whoever possesses this controls the sentimonster, she couldn't help but follow orders
Ladybug: Sentimonster, you're free now. I won't give you orders, but I ask you, help us grab Mayura's Miraculous
Sentimonster Ladybug: Thank you, Ladybug. I will help you"
ladybug_episode__ladybug_0006,"Arc de Troimphe. Sentimonster Ladybug continues to fire her sticky blaster. Ladybug notices Mayura, whose health is declining. Suddenly, Cat Noir pushes her out of the way of a sticky blast.","Ladybug: I prefer the Bugettes and Kitty cat. What do you think?
Sentimonster Ladybug: You're in charge, Ladybug
Cat Noir: (sighs) I should've guessed"
ladybug_episode__ladybug_0007,"Arc de Troimphe. Sentimonster Ladybug continues to fire her sticky blaster. Ladybug notices Mayura, whose health is declining. Suddenly, Cat Noir pushes her out of the way of a sticky blast.","Hawk Moth: You won't be joking around when I take your Miraculous!
Ladybug: Cat Noir, cover me!
Hawk Moth: (evil laugh) Check, Ladybug!
Ladybug: No!"
lies_ladybug_0001,"Cat Noir on patrol, waiting for Ladybug.","Cat Noir: What could she be doing?
Ladybug: (voicemail) Hi! It's Ladybug, leave a message!
Cat Noir: (leaving another message for Ladybug, discouraged) Maybe it's because now since you're Guardian of the Miraculous, (finger quotes) you've got all sorts of more important things to do (tries to cheer up) but hey, no biggie. I'm just the Cat for this job. I'll start without you. Hope to meet up with you later. Let me know. (looks disappointed again but starts his patrol)"
lies_ladybug_0002,Paris rooftop. Cat Noir overhears Kagami as she practices fencing with her mother.,"Plagg: (from phone, frustrated) No messages. Don't forget my— (Cat Noir clicks away before he finishes)
Ladybug: (voicemail) Hi! It's Ladybug, leave a message!
Cat Noir: (leaving another message for Ladybug, slightly annoyed) Hi again, Bugaboo. Guess who this is. Give up? It's the guy you stood up— (stops abruptly upon hearing Kagami)"
lies_ladybug_0003,"From ""Truth"" — Montparnasse Tower. Cat Noir sneaks up on Ladybug.","Cat Noir: (Ladybug listening to Cat Noir's message on her phone) —Just like always. It's time for our weekly patrol. I hope you haven't forgotten! ((sneaking up behind Ladybug while she is completely distracted) Buga-Boo! (Ladybug reflexively throws him) waaah!
Ladybug: Hi-ya! (realizing) Cat Noir? (catches his leg with her yoyo)
Cat Noir: Wah! (slams into the window of the tower, cracking it) Oof!
Ladybug: Will you cut it out with your practical jokes? I could have really hurt you
Cat Noir: (answering while hanging by the yoyo) M'lady, the only thing that really hurts me is when you make me go on patrol by myself. (sighs, relaxing his posture) I even missed your little angry pout
Ladybug: Sorry Kitty Cat, I'm a bit over my head at the moment (pulling him up)
Cat Noir: I bet! ""Guardian of the Miraculous"", big name, big responsibility!
Ladybug: (helping him up) I promise to never forget our patrols again. (Cat Noir winks at her, both head to defeat the villain)
Cat Noir: Woohoo!"
lies_ladybug_0004,Adrien hides in an alley and transforms.,"Adrien: Later, but right now Ladybug needs me! Plagg, claws out! (plays message from his staff phone)
Ladybug: (from message) Cat Noir, Hawk Moth's merged his powers with the Peacock to become Shadow Moth. He's created a supervillian and a sentimonster at the same time. I need you out here!
Truth: Now you must tell the truth to anyone who asks you a question, I'll do the honors. Who are you Ladybug?
Ladybug: I… am…"
lies_ladybug_0005,Outside City Hall. Ladybug and Cat Noir back away from the ever-growing sphere.,"Cat Noir: (attempting to summon his power) Cata— (Ladybug stops him)
Ladybug: No! If you touch the sphere, you'll freeze
Cat Noir: Not if I've always told the truth
Ladybug: Yeah, but is that the case?
Cat Noir: Hardly. How 'bout you?
Ladybug: Of course not Kitty, we're supposed to lie. If only to keep our identities a secret. And if we touch that thing they'll be no one left to stop her from swallowing all of Paris!
Cat Noir: Okay, so what do we do?
Ladybug: Lucky Charm! ((receives a box larger than her; she opens it to reveal a camera drone with a remote)) Uh
Cat Noir: I can't wait to see what you're gonna do with a drone
Ladybug: Okay, (we) can't go inside, but I doubt this machine ever lied. Which means… keep her busy while I send this spy bird inside! We'll stay in touch. (puts in earpiece)
Cat Noir: (puts in earpiece) Your wish is my command, M'Lady. And that's no lie. ((teasing Lies from the top of an advertising column)) Yoohoo! My name (isn't) Cat Noir, I'm (not) a superhero, I (hate) Ladybug, and I think Shadow Moth should have been called (Peacock Moth!) Way funnier! I forgot, my favorite dish is (cauliflower) with béchamel sauce"
lies_ladybug_0006,Outside City Hall. Ladybug and Cat Noir back away from the ever-growing sphere.,"Lies: You have my word Shadow Moth. ((Ladybug discovers Lies' bracelet)) Liars will always have to pay in the end!
Ladybug: I know what the akumatized item is
Cat Noir: Great, so break it!
Ladybug: How do I do that when I can't touch it?
Cat Noir: You're right, only someone who's never lied can get into that sphere and do it but that doesn't exist!
Ladybug: Yes, it does Cat Noir! It does exist! Fang! Jagged Stone's crocodile. He's never lied. He's an animal, he wouldn't know how!
Cat Noir: You're right!
Ladybug: It's working!"
malediktator_ladybug_0001,"Le Grand Paris, roof. Chloé is recording herself costumed as Queen Bee and as Ladybug in the former's ""secret lair"", with a caption bar reading ""Chloé TV"" on a strip of corrugated cardboard.","Alya: How could you not laugh, Sabrina? The whole superhero sitch has totally gone to her head. (swipes on her phone and her screen gets broadcast to the big screen in the classroom)
Ladybug: (on the screen, down in the Métro, to Queen Bee; dialogue from the episode Queen Wasp) You're the one who paralyzed the Métro driver, aren't you? You used your power to (create) this situation!
Alya: (She) wasn't the hero; it was Cat Noir and Ladybug!"
malediktator_ladybug_0002,"Collège Françoise Dupont, courtyard. Nino has his mixing table and two large speakers set up on the floor above, while the party is still ongoing. Everyone is dancing except for Adrien, sitting in a corner, and Marinette, sitting on the stairs. Alya walks up to Marinette.","Malediktator: I don't need a permit. I am Malediktator, the all-powerful supermayor of Paris, and this is (my city)
Ladybug: Paris is (our) city! It belongs to everyone
Malediktator: By the power vested in me, I declare that your Miraculous are my property! (creates two orbs and sends them after Ladybug and Cat Noir, who dodge them; however, the orbs keep up their pursuit and the heroes flee to the roof)"
malediktator_ladybug_0003,"Collège Françoise Dupont, courtyard. Nino has his mixing table and two large speakers set up on the floor above, while the party is still ongoing. Everyone is dancing except for Adrien, sitting in a corner, and Marinette, sitting on the stairs. Alya walks up to Marinette.","Ladybug: The akuma (has) to be in his sash
Ladybug: Lucky Charm! (An abacus appears) An abacus?
Cat Noir: While you figure that out, I'll take care of Malediktator. (leaps away)
Ladybug: (realizing from staring at abacus) Uh, of course! Cat Noir, wait!
Cat Noir: (descending on the attack) Cata—"
malediktator_ladybug_0004,"Collège Françoise Dupont, courtyard. Nino has his mixing table and two large speakers set up on the floor above, while the party is still ongoing. Everyone is dancing except for Adrien, sitting in a corner, and Marinette, sitting on the stairs. Alya walks up to Marinette.","Cat Noir: Meow! (chases a toilet roll)
Ladybug: Oh no!
Audrey: Oh, what a cutie pie! Kitty kitty"
malediktator_ladybug_0005,"Collège Françoise Dupont, courtyard. Nino has his mixing table and two large speakers set up on the floor above, while the party is still ongoing. Everyone is dancing except for Adrien, sitting in a corner, and Marinette, sitting on the stairs. Alya walks up to Marinette.","Ladybug: Cat Noir!
Ladybug: Kitty still has claws! Hold on, Cat Noir, I’ll be right back! (uses her yo-yo and swings off; Malediktator turns around and looks angry.)
Hawk Moth: (from his lair) Let her go. She’ll be back and try to save her kitty. Except she'll be too late! Grab Cat Noir’s Miraculous!"
malediktator_ladybug_0006,"Le Grand Paris, roof","Armand: Of course
Ladybug: Are you okay?
Chloé: Ladybug, finally! You're going to help me, right?
Ladybug: I'm fine with helping you, Chloé, but first… I need you to tell me what happened. Why is your father— I mean, Malediktator, so mad?
Chloé: It's because of this super lame loser named Marinette Dupain-Cheng. She's this horrible girl in my class and she hates me. (Ladybug looks angry, but then contains her feelings) She's ganged everyone up against me and she—
Ladybug: Maybe this Marinette girl isn't entirely to blame?
Chloé: Uh! Ugh. Okay, it wasn't (totally) Marinette's fault. She (is) really mean to me sometimes, but actually, this time, Daddy got angry all by himself
Ladybug: (not buying it) All by himself?
Chloé: Yeah, because… there was something he couldn't do…
Ladybug: (puts a hand on Chloé's shoulder) Chloé, it's me, Ladybug. You can trust me. You can tell me the truth
Chloé: I— I—
Ladybug: Mm-hmm
Chloé: It— it was me. I hurt my daddy's feelings. Because I want to leave Paris, forever
Ladybug: Because of what happened in school? I'm sure Marinette probably didn't exactly mean what she said
Chloé: Oh, it's not just her— actually, I don't even care about her— it's because I have no reason to be here: nobody likes me; I have no friends. I'm… useless
Ladybug: (remembering what Adrien told Marinette earlier at school about Chloé) A friend once told me: nobody is useless, Chloé
Chloé: It's easy for you to say that. You're Ladybug, a superhero. You serve a purpose
Ladybug: Yes, I can fix up all the messes. You said it yourself in your documentary
Chloé: (gasps) You saw it?!
Ladybug: (nods) Mm-hmm
Chloé: Oh! I'm so embarrassed. That film's ridiculous. Utterly ridiculous. I realize that now
Ladybug: Don't worry Chloé. You can fix your own messes, if that's what you want. You, too, can serve a purpose, but you have to want to
Chloé: (sniffles) I (do) want to
Ladybug: Chloé Bourgeois, (holds out the Miraculous box) here is the Bee Miraculous, which grants you the power to immobilize your opponent. You will use it for the greater good"
malediktator_ladybug_0007,Parisian rooftops. Ladybug and Queen Bee are running over the roofs.,"Queen Bee: I've always dreamed of doing this… with you!
Ladybug: We must work together as a team, all right, Queen Bee?
Queen Bee: Yes, yes, don't worry. I've been practicing since forever"
malediktator_ladybug_0008,In front of the Hôtel de Ville. Officer Roger is standing in front of the City Hall with a bunch of heavily armed policemen around him. He is shouting through a megaphone.,"Roger and other guards: None shall pass, Malediktator
Ladybug: Here's the plan—
Queen Bee: (shouting) Here I am, Daddy! I'm sorry I hurt your feelings the way I did. Stop all this nonsense at once!"
malediktator_ladybug_0009,In front of the Hôtel de Ville. Officer Roger is standing in front of the City Hall with a bunch of heavily armed policemen around him. He is shouting through a megaphone.,"Ladybug: He's gonna take over the whole city!
Ladybug: You need to get past his guards. Lucky Charm! (a huge gun with laser sight appears)
Queen Bee: Well, (that's) an effective Lucky Charm!
Ladybug: No way I'd use one of those
Queen Bee: Are you sure?
Ladybug: Yeah! You just need to take the sting out
Queen Bee: Venom!
Ladybug: Focus on Malediktator; I'll deal with the guards"
malediktator_ladybug_0010,In front of the Hôtel de Ville. Officer Roger is standing in front of the City Hall with a bunch of heavily armed policemen around him. He is shouting through a megaphone.,"Queen Bee: Sorry, Daddy! (stings Malediktator in his sash; he lets out a girlish squeal; the orb he was creating disappears) Your turn, Ladybug. (throws the sash to Ladybug, who catches it and breaks it in half like it's nothing; the akuma flutters out)
Ladybug: No more evil-doing for you, little akuma. Time to de-evilize! (catches the Akuma) Gotcha! (releases the white butterfly) Bye, bye, little butterfly. Miraculous Ladybug!
Audrey: (her old self again) Wha—? What are we doing here?! What have you done this time, André?"
malediktator_ladybug_0011,In front of the Hôtel de Ville. Officer Roger is standing in front of the City Hall with a bunch of heavily armed policemen around him. He is shouting through a megaphone.,"Chloé: (gives back her Miraculous) Being a superhero isn't only about fixing messes. (Ladybug holds up her hand in a fist; Chloé gasps and smiles)
Chloé and Ladybug: (fist-bump) Pound it!
Audrey: Utterly ridiculous"
malediktator_ladybug_0012,In front of the Hôtel de Ville. Officer Roger is standing in front of the City Hall with a bunch of heavily armed policemen around him. He is shouting through a megaphone.,"Cat Noir: Sorry, M'Lady. Feel like I was pretty useless this time around
Ladybug: Actually, you were totally key in defeating Malediktator
Cat Noir: Really? Tell me all about it!
Ladybug: (her Miraculous beeps) Next time. Bug out! (swings off)"
marinette_s_double_life_ladybug_0001,Marinette's room.,"Marinette: She gave me a note for my parents to sign, again
Ladybug: A bath towel? A record?
Marinette: And I have to understand how to use it
Ladybug: A spoon? No more evil doing for you, little Akuma!"
marinette_s_double_life_ladybug_0002,Marinette's room.,"Ladybug: A spoon? No more evil doing for you, little Akuma!
Ladybug: Time to de-evilize!
Marinette: And transform it back to a harmless butterfly
Ladybug: Gotcha!"
mayura_heroes_day_part_2__ladybug_0001,Palais de Chaillot rooftop.,"Cat Noir: Penny for your thoughts, M’lady?
Ladybug: It's like he's been preparing for this for a long time. But we...we're not prepared for this
Cat Noir: Yes, we are! We've already fought them all and we won! And there are five of us this time!
Ladybug: If we want to win, we have to defeat Hawk Moth, even though we've never fought him before. (stands up) Hawk Moth! I hope you enjoyed Volpina's illusion because the real Ladybug will never hand you over her Miraculous!
Cat Noir: (stands up) And we've got a better idea! (You're) gonna give us (your) Miraculous!"
mayura_heroes_day_part_2__ladybug_0002,Eiffel Tower.,"Prime Queen: And so it begins. The Scarlet Army is on its way to crush these pathetic Miraculous holders
Ladybug: Don't forget our main objective. We want to get to Hawk Moth
Cat Noir: Well, it's a simple plan then. Go for the big bad boss"
mayura_heroes_day_part_2__ladybug_0003,Eiffel Tower.,"Ladybug: Carapace! Shield! (Carapace throws his shield at Ladybug, protecting her from Stormy Weather's attack; Riposte then attacks Ladybug, but she dodges this) Your swords are no match for Cat Noir! Show them what you got!
Ladybug: Queen Bee, Pharaoh's pendant!
Cat Noir: Well done!
Ladybug: (captures the akuma) Rena Rouge, rescue!"
mayura_heroes_day_part_2__ladybug_0004,Eiffel Tower.,"Cat Noir: We make a pretty cool team
Ladybug: Not bad! But it's not over yet
Scarlet Moth: It's all going to plan, Catalyst"
mayura_heroes_day_part_2__ladybug_0005,Eiffel Tower.,"Rena Rouge: (throws her flute at Rogercop's whistle, breaking it and releasing the akuma)
Ladybug: Your days of attacking innocent people will soon be over, Hawk Moth. Lucky Charm! (receives a tennis racket and looks at her surroundings) Get ready! I'm gonna need all of you!
Scarlet Moth: The time has come, Dark Cupid
Ladybug: What?"
mayura_heroes_day_part_2__ladybug_0006,Eiffel Tower.,"Rena Rouge: (her lips becomes black and she starts to growl) Hands off! (pushes Carapace away from her) You flyweight!
Ladybug: (notices an akuma approaching Rena Rouge and captures it) Rena Rouge, don't let any negative emotions take over you, or you might get akumatized too, and that's exactly what Hawk Moth wants!
Carapace: (slowly approaches Rena Rouge) Hold on!"
mayura_heroes_day_part_2__ladybug_0007,Eiffel Tower.,"Queen Bee: Daddy? Mommy?!
Ladybug: Queen Bee! Focus! (gets attacked by the Pharoah) Ugh!
Malediktator: By the power vested in me, stop playing superheroes! (he and Style Queen attack Queen Bee, who blocks their attacks with her top)"
mayura_heroes_day_part_2__ladybug_0008,Eiffel Tower.,"Carapace: NOOOOOO! (saddened, an akuma infects his Miraculous)
Ladybug: Carapace, no!
Shell Shock: There is no more Carapace... there is only Shell Shock! (throws his shield at Ladybug, she dodges)"
mayura_heroes_day_part_2__ladybug_0009,Eiffel Tower.,"Cat Noir: (avoids several akumatized villains' attacks) This might be a good time to use that Lucky Charm of yours, don't you think?
Ladybug: (avoids several akumatized villains' attacks) I need all of us to make it work! I can't do anything with it now!
Scarlet Moth: Game, set, and match, Ladybug"
mayura_heroes_day_part_2__ladybug_0010,Sewers.,"Adrien: Plagg, power-up! (tosses Plagg the aqua power-up)
Aquabug: Syren!
Animan: (jumps into the water and shapeshifts into a giant catfish)"
mayura_heroes_day_part_2__ladybug_0011,Eiffel Tower.,"Aquabug &amp; Aqua Noir: (jump out of the freezing water) Spots Off!/Claws In! (transform back into regular form)
Ladybug: (aims her yo-yo at Frozer's ice skates, breaking them and releasing the akuma, which she then captures) You sure don't want to miss what's coming next! Time to show everyone that the real Ladybug is back! (releases all the captured akumas)
Nora: Look! The heroes are back"
mayura_heroes_day_part_2__ladybug_0012,Eiffel Tower.,"Darkblade: No more escaping for you knaves. Down with the enemy!
Ladybug: I suggest we take a little detour
Cat Noir: Couldn't agree more, M’lady"
mayura_heroes_day_part_2__ladybug_0013,Streets of Paris. The duo proceeds to run from the Scarlet Army.,"Marlena: We will slow them down. You two go save the world!
Ladybug: You are all fantastic. Thank you! Take care!
Cat Noir: Thank you! (The two heroes run off)"
mayura_heroes_day_part_2__ladybug_0014,Eiffel Tower.,"Scarlet Moth: (walks away)
Ladybug: Take care of the ice cream man, Cat Noir!
Cat Noir: With pleasure! All this fighting has made me hungry"
mayura_heroes_day_part_2__ladybug_0015,Eiffel Tower.,"Scarlet Moth (Illusion): Since you are so good, why didn't bother to try and change the world for the better?
Ladybug: We are changing the world every day by our actions. Not just by wishing it at the expense of innocent citizens!
Cat Noir: Whatever your wish it can only be evil judging the by the havoc you wreak"
mayura_heroes_day_part_2__ladybug_0016,Eiffel Tower.,"Rena Rouge: Need a hand?
Ladybug: (uses her yo-yo to create a net around the Eiffel Tower) You're caught in our net, Hawk Moth. You're not going anywhere!
Queen Bee: Venom! I'll paralyze him, then he'll be all yours, Ladybug. (The five superheroes approach Hawk Moth)"
mayura_heroes_day_part_2__ladybug_0017,Eiffel Tower. The amok enters Hawk Moth's broken cane.,"Ladybug: What is that monster? (latches onto it with her yo-yo, but before she can attack it, Mayura uses her power to make it vanish)
Ladybug: (notices a feather coming out of Hawk Moth's cane) A feather! The second Miraculous that Master Fu lost
Cat Noir: was a Peacock!"
mayura_heroes_day_part_2__ladybug_0018,Eiffel Tower. The amok enters Hawk Moth's broken cane.,"Cat Noir: He must've escaped when that monster appeared
Ladybug: Hawk Moth is no longer working alone. He had help from the owner of the Peacock Miraculous. (Queen Bee hands her Hawk Moth's broken cane) Maybe this will help us track him
Hawk Moth: (de-transforms, exhausted)"
mayura_heroes_day_part_2__ladybug_0019,Eiffel Tower. The amok enters Hawk Moth's broken cane.,"Rena Rouge: There goes our last chance of finding him
Ladybug: He must have de-transformed. (notices her earrings are flashing) We've got to split guys. But before that, Miraculous Ladybug!
Master Fu: (puts the Fox and Bee Miraculous inside the Miracle Box) Thank you, Marinette"
mega_leech_ladybug_0001,Sewers. Mylène cries alone in despair.,"Polymouse: Wow! (amazed by her costume)
Ladybug: With you here, I know that we can do this. (gets the ice skate) This will help each other Mini-Malediktators' sashes. (Ladybug and Polymouse starts to run off.) You'll release the amok and akuma from every Mini-Malediktator in Paris by calling upon your special power of Multiplication
Polymouse: But what about the sentimonster? It'll just clone more
Ladybug: You free the Parisians, I'll deal with the sentimonster
Polymouse: How are you gonna do that?
Ladybug: We just need a lot of people to take on the problem at the same time
Polymouse: That's what I always say about the fight for the environment
Ladybug: I told you, you have great ideas"
mega_leech_ladybug_0002,Sewers. Mylène cries alone in despair.,"Ladybug: I told you, you have great ideas
Ladybug: It's the only way to quickly spread your powers throughout Paris. It's natural to be scared but you can
Polymouse: overcome my fear and go on despite it. I know. I'm not scared, I can do this. I'm not scared, I can do this. I'm not scared, I can do this! (jumps to the wind turbine) Multitude! (clones millions of her and passes through the grate)"
mega_leech_ladybug_0003,Place de la Concorde. Cat Noir distracts the people onto the van while Ladybug swings onto it.,"Cat Noir: M'lady? What just happened?
Ladybug: You were under the control of a Mini-Malediktator, and you really need to work on your jokes. (screams) (The van starts to shake caused by the people shaking it.)
Cat Noir: Guess I gotta buy more time?
Ladybug: Just enough for me to get the whole team together. (swings away)
Cat Noir: Hey, guys, wait up! (removes a Mini-Malediktator) Group pose! (They all group pose as a team. Ladybug thinks what to do to defeat Mega Leech.)
Ladybug: Pegasus, teleport Vesperia!"
mega_leech_ladybug_0004,"Rooftops. Ladybug comes, along with Vesperia, Carapace, Ryuko and Pegasus.","Vesperia: (jumps into the portal) Venom! (paralyzes Mega Leech)
Ladybug: You're up, Ryuko!
Ryuko: Wind Dragon! (gathers all the akumas and amoks around Paris together as one giant ball)
Ladybug: Carapace!"
mega_leech_ladybug_0005,"Sewers. Zoe, Nino, Max, Kagami, and Mylène return their Miraculous to Ladybug.","Ladybug: We're all counting on you to do the right thing. (The heroes all leave.)
Ladybug: You've been incredibly courageous today, Mylène. You should be proud of yourself. Bug out! (runs off)
Shadow Moth: Thanks to your allies, you stole my victory from me today, Ladybug. But I'm already marching towards the next battle. And this time, I'll be the victorious one. (laughs evilly) (window closes)"
migration_ladybug_0001,"Interior, Liberty, in Luka and Juleka's room. Luka and Marinette are sitting beside each other on his bed.","Luka: You know where to find me, Dad
Penny: (off-screen) Jagged?!
Jagged Stone: Uh-oh, sounds like Penny knows where to find (me). (sneaks out the window where he came in) I'm supposed to be working at the studio!
Penny: Luka! Have you seen your dad? We've been looking for him everywhere, he needs to be recording new songs right now, and Bob won't get off my back and—"
migration_ladybug_0002,"On the rooftops. Cat Noir shifts his head side by side on a look out for Gold Record as he may appear anywhere at any time. A portal opens in front of him with Gold Record's disc coming out of it, causing Cat Noir to lose balance and falls off to a lower building.","Cat Noir: Hey, no fair! I can't play both cat (and) mouse!
Ladybug: (on the phone) Cat Noir, it's me. You gotta keep Gold Record busy long enough for me to come up with a plan to defeat him
Cat Noir: Don't worry, m'lady, we're getting along like cats and dogs!"
migration_ladybug_0003,"Île aux Cygnes. Under a bridge nearby, Luka and Ladybug go into hiding.","Ladybug: Lucky Charm!
Ladybug: I've got a plan. But to make it work, I need to use (you) as bait. Are you willing to take that risk?
Luka: Of course, Ladybug. I trust you. But do (you) realize the risks? If Gold Record captures me, I'll reveal everything that's in my heart
Ladybug: I'm sure whatever's in your heart is no problem
Luka: (worried) It is, Marinette. In this case, it is
Ladybug: And if you're worried you'll reveal the name of someone you're in love with, that's okay! It's no big deal!
Luka: You're not listening, Marinette
Ladybug: Everyone's allowed to be in love, even when things get complicated and— (shocked; and realizes that Luka has been addressing her as her civilian self) What... did you just call me...?"
migration_ladybug_0004,"Île aux Cygnes. Under a bridge nearby, Luka and Ladybug go into hiding.","Ladybug: Everyone's allowed to be in love, even when things get complicated and— (shocked; and realizes that Luka has been addressing her as her civilian self) What... did you just call me...?
Ladybug: Uh— How about Cat Noir?
Luka: I know, too
Ladybug: (recalled her grievous mistake of living her childhood dream from the battle with Luka as Viperion against Alec Cataldi in the episode Wishmaker) How could I—?! I was careful! I would never—!
Luka: It's not your fault, or Cat Noir's. You didn't make any mistakes, and you won't make any today, either. (I trust you.)
Ladybug: What would I do without you?
Luka: You know where to find me"
migration_ladybug_0005,On the rooftops. Gold Record and Cat Noir continue fighting.,"Gold Record: Ah! Finally, the rebel-rebel's come to his senses! No one can resist excessive moolah!
Ladybug: (on the phone) Don't stop him, Cat Noir. It's part of the plan. (ends the call)
Gold Record: Voyage!"
migration_ladybug_0006,On the rooftops. Gold Record and Cat Noir continue fighting.,"Monarch: (from his lair) NOOO!!
Ladybug: No more evil-doing for you, Megakuma! (opens her yo-yo) Time to de-evilize! (captures the Megakuma) Gotcha! (frees the purified butterfly) Bye-bye, little butterfly!
Cat Noir: (leaps to the Eiffel Tower to join Ladybug) If you'd, please, m'lady? (gives Ladybug the knitting needle)
Ladybug: With pleasure, kitty cat!"
migration_ladybug_0007,On the rooftops. Gold Record and Cat Noir continue fighting.,"Ladybug: With pleasure, kitty cat!
Ladybug: Miraculous Ladybug!
Ladybug and Cat Noir: Pound it!
Ladybug: Bob Roth. This Magical Charm will protect you from Monarch. (places the Magical Charm in Bob's hand)"
migration_ladybug_0008,Liberty. Luka tears the rest of contract into pieces.,"Anarka: (to Penny) And you're okay with this?
Penny: Yes. And I can help Luka with schoolwork when we're on the road
Anarka: I thought your guitar was your only family!"
miracle_queen_the_battle_of_the_miraculous_part_2__ladybug_0001,"Ending narration: Luka hugging Marinette at the Place des Vosges, attempting to comfort her after her heartbreak.","Marinette: Luka? Oh, no! Not those again! Tikki, we have to take shelter! Power-up! (tosses Tikki the aqua power-up) Aqua-Tikki, spots on! (jumps into the water and transform into Aquabug)
Aquabug: I should have known that Hawk Moth had a bigger plan all along. The battle's not over!
Adrien: No. I mean... I mean yes! I mean, it's the first time that I... thought it would be different"
miracle_queen_the_battle_of_the_miraculous_part_2__ladybug_0002,Seine. Aqua Cat Noir and Aqua Ladybug are in the water.,"Aquabug and Aqua Noir: Spots off/Claws in! (they both detransform form their aqua forms)
Ladybug: Tikki, Longg, Unify! (she is then transformed into Dragon Bug)
Dragon Bug: Water Dragon!"
miracle_queen_the_battle_of_the_miraculous_part_2__ladybug_0003,Trocadéro.,"Cat Noir: Got it! Cataclysm! (fighting again, Viperion locks Cat Noir in place)
Dragon Bug: Looks like you forgot about me! But I didn't! (Dragon Bug takes Viperion's Miraculous, he de-transforms back into Luka)
Miracle Queen: (frustrated) Useless! That snake is utterly useless!
Dragon Bug: Cat Noir! It's your turn! (Dragon Bug throws the Snake Miraculous to him, he catches it. Putting on the Miraculous, Sass appears exhausted but Cat Noir feeds him)"
miracle_queen_the_battle_of_the_miraculous_part_2__ladybug_0004,Trocadéro.,"Snake Noir: Dragon Bug! It's an illusion! (Dragon Bug extended her yo-yo, erasing the illusions only for King Monkey to grab her yo-yo, he reaches for the yo-yo with the stuffed frog)
Dragon Bug: No! (the stuffed frog and yo-yo touch, breaking the water shield around them. Wasps swarm in, stinging Dragon Bug in the process)
Snake Noir: Ladybug! (Snake Noir struggles as Rena Rouge traps him, then sends them back in time)"
miracle_queen_the_battle_of_the_miraculous_part_2__ladybug_0005,Trocadéro.,"Snake Noir: Haaah! (he cataclysms the disco ball, the akuma flies out)
Dragon Bug: Longg, Tikki, Divide! (transforms back into Ladybug)
Snake Noir: Sass, Plagg, Divide! (transforms back into Cat Noir as Cat Noir catches Sass.)"
miracle_queen_the_battle_of_the_miraculous_part_2__ladybug_0006,Trocadéro.,"Snake Noir: Sass, Plagg, Divide! (transforms back into Cat Noir as Cat Noir catches Sass.)
Ladybug: No more evildoing for you, little akuma. Time to de-evilize! Gotcha! Bye bye, little butterfly. (Miracle Queen transforms back into Queen Bee)
Cat Noir: Told you! Welcome to your doomsday, Hawk Moth! (Hawk Moth laughs evilly, sending another akuma for Queen Bee)"
miracle_queen_the_battle_of_the_miraculous_part_2__ladybug_0007,"Rooftop of Palais de Chaillot. Ladybug and Cat Noir surround Master Fu, who's still unconscious.","Cat Noir: Sorry, couldn't catch up with them
Ladybug: Master! Master? Wake up!
Gabriel: Oh, my Nathalie. There are no words to express how sorry I am. I failed yet again, and you have used up every last bit of strength, for nothing"
miracle_queen_the_battle_of_the_miraculous_part_2__ladybug_0008,"Rooftop of Palais de Chaillot with Ladybug, Cat Noir, and Master Fu.","Ladybug: Master! Master? (Master Fu's eyes open, Wayzz hides behind Ladybug)
Ladybug: Oh! Master Fu! (Master Fu looks from Ladybug to Cat Noir as they smile at him.)
Master Fu: Oh! Such pretty costumes! Who are you?"
miracle_queen_the_battle_of_the_miraculous_part_2__ladybug_0009,"Rooftop of Palais de Chaillot with Ladybug, Cat Noir, and Master Fu.","Wayzz: (sadly) It's the rule of the Guardians. Their memory gets erased when they pass on the box, to protect the secret identities of the Miraculous holders
Ladybug: It's all good. We're friends, sir!
Master Fu: Well, nice to meet you!"
miracle_queen_the_battle_of_the_miraculous_part_2__ladybug_0010,"Rooftop of Palais de Chaillot with Ladybug, Cat Noir, and Master Fu.","Ladybug: Oh! Of course! Miraculous Ladybug! (The ladybugs then repair everything)
Ladybug: Master! Do you remember me?
Master Fu: I'm sorry to disappoint you, young lady, but this is the first time I've ever set eyes on you
Ladybug: (saddened) Yes, of course"
miraculer_ladybug_0001,"Ladybug, Carapace, and Rena Rouge land between two buildings.","Rena Rouge: Trixx, let's rest
Ladybug: (collects the Turtle and Fox Miraculous from Nino and Alya) And don't forget. Nobody can ever know our secret identities
Nino: Except us, of course
Ladybug: (turns around and throws her yo-yo) Thank you, see you next time. (swings away)"
miraculer_ladybug_0002,Place de Vosges. Cat Noir meets up with Ladybug on top of a building.,"Cat Noir: Look out, M’lady! Lollipops are bad for your teeth
Ladybug: I don't see an akumatized person anywhere! Seem like this sentimonster is all on it's own. (dodges the sentimonster’s attack)
Chloé: Come on! Hurry!"
miraculer_ladybug_0003,Le Grand Paris rooftop. Chloé looks at her phone angrily.,"Ladybug: Gotcha! Bye bye, little feather
Ladybug: (on the phone) Miraculous Ladybug!
Chloé: But... I did the magic dance! Ladybug wouldn't have forgotten all about me! (pictures Lila laughing) That smart aleck idiot at school took me for a ride! (stares at the photo of her and Ladybug and starts to cry)"
miraculer_ladybug_0004,Place des Vosges.,"Sabrina: Thank you, Hawk Moth. Chloé and I will be a real team at last! (transforms into Miraculer)
Ladybug and Cat Noir: Pound it!
Cat Noir: Hey, you're a tad on the late side. The fight was five minutes ago"
miraculer_ladybug_0005,Place des Vosges.,"Cat Noir: (to Ladybug) I guess you didn't work things out with her, did you?
Ladybug: I was about to, but
Miraculer: (mockingly) I was about to, but... Ridiculous! Utterly ridiculous!
Ladybug: (notices her Miraculous beeping) Cat Noir, I'm gonna transform back at any second
Miraculer: (mockingly) Oh, help me, Cat Noir!
Ladybug: I don't even talk like that! Stop mimicking me! (charges towards Miraculer, who hits her with her staff, causing red ladybug icons to appear on her costume)
Miraculer: Lucky Charm! (receives a sword)
Ladybug: What have you done?"
miraculer_ladybug_0006,Le Grand Paris rooftop. Cat Noir continues to battle Miraculer while Chloé hides.,"Chloé: If I had my Bee Miraculous, I could've helped you. I'd have floored those two by now. (is secretly pulled away by Ladybug, Rena Rouge, and Carapace) Finally!
Ladybug: (puts her hand over Chloé's mouth) Shhh! I've got a plan. Just listen
Miraculer: (while fighting Cat Noir) Stay still, you mangy cat. Here kitty, kitty, kitty. Come on!
Ladybug: (disguised as Chloé) Sabrina! I've changed my mind. I do want Ladybug's powers. They should've gotten me sooner, but since they chose not to, I've decided I'd rather play with you instead"
miraculer_ladybug_0007,Le Grand Paris rooftop. Cat Noir continues to battle Miraculer while Chloé hides.,"Miraculer: (as Mayura fights Cat Noir) Oh, I'm so happy. We're going to have so much fun! Here's Ladybug's power. (transfers Ladybug's powers to ""Chloé"" only to discover that she is really Ladybug in disguise via Rena Rouge's Mirage)
Ladybug: Thank you, Miraculer. I really needed that back
Chloé: (pushes Carapace and Rena Rouge out of her way) You confused me for a pathetic illusion, and you claim to be my best friend?"
miraculer_ladybug_0008,Le Grand Paris rooftop. Cat Noir continues to battle Miraculer while Chloé hides.,"Miraculer: Cataclysm! (destroys the barrier and then fights Ladybug, Rena Rouge, and Carapace)
Ladybug: Cat Noir!
Cat Noir: I'm sorry, M'lady. I held out for as long as I could"
miraculer_ladybug_0009,Le Grand Paris rooftop. Cat Noir continues to battle Miraculer while Chloé hides.,"Cat Noir: I've got this! (throws his staff at Mayura, causing her to drop the Bee Miraculous, which Ladybug catches with her yo-yo)
Ladybug: Lost something? (Mayura continues to take off) Chloé, follow Mayura. (tosses the Bee Miraculous towards Chloé) She's probably going back to Hawk Moth
Chloé: (catches the Bee Miraculous) You won't regret this, Ladybug"
miraculer_ladybug_0010,Le Grand Paris rooftop.,"Miraculer: (laughs) That tickles!
Ladybug: Want some more?
Miraculer: No, no! Shell-ter! (the barrier moves from Miraculer's staff to her armpit, allowing Ladybug to grab and break it, releasing the akuma)
Ladybug: No more evil doing for you, little akuma! (spins yo-yo) Time to de-evilize! (captures akuma) Gotcha! Bye-bye, little butterfly. (throws pillow in the air) Miraculous Ladybug! (Cat Noir's ribs are healed and Miraculer turns back into Sabrina)"
miraculous_london_ladybug_0001,The Crypt as Bug Noire cataclysms the cryogenic pod Emilie was in.,"Ladybug: (voiceover) The man who went by Hawk Moth, Shadow Moth and lastly Monarch (Cataclysms the Kwami Cages and it collapses, as the levitating fishbowls get affected too and fall to the ground) had forced Mr. Gabriel Agreste and Mrs. Tsurugi to design the Alliance rings. He planned to Miraculize
Ladybug: (voiceover) ...the entire world to seize the Miraculous of the Ladybug and the Black Cat
Interviewer: But why was he after your Miraculous?
Ladybug: I haven't got a clue
Interviewer: Ladybug! You defeated Monarch, which means you uncovered who he was beneath the mask, right?
Ladybug: No. We'll never know about his secret identity. But thanks to Gabriel Agreste's heroic sacrifice"
miraculous_london_ladybug_0002,Flashback in the Crypt.,"Ladybug: No. We'll never know about his secret identity. But thanks to Gabriel Agreste's heroic sacrifice
Ladybug: (voiceover) ...we're finally free from Monarch. (walks while cataclysming the catwalk behind her)
Interviewer: (voiceover) Is it true you couldn't reclaim the Miraculous of the Butterfly?
Ladybug: Y-yes but
Interviewer: (voiceover) Did you lose because you had to face Monarch alone?
Ladybug: I'm sorry but there's nothing more I can say. Bug out. (swings away using her yo-yo)
Interviewer: Ladybug!, LADYBU-!"
miraculous_new_york_ladybug_0001,The sky above Paris. Mr. Pigeon flies up with the Eiffel Tower.,"Cat Noir: And how do you figure you'll breathe in (space, birdbrain?)
Ladybug: (she then looks at her Lucky Charm)
Mr. Pigeon: (Come, my dear pigeons!) In space, NO ONE CAN HEAR YOU ("
miraculous_new_york_ladybug_0002,The sky above Paris. Mr. Pigeon flies up with the Eiffel Tower.,"Ladybug: (gasps) I know how to use my Lucky Charm! (grabs and pulls down her yo-yo) Let's bring him back to Earth before he hurts himself!
Ladybug and Cat Noir: (voice fade) POWER UP!
Alya: Oh! Check out Cosmobug and Astrocat fly in those NEW SUITS! (appears with her website blog) Yo, peeps! This is Alya Césaire, live from Paris, where our heroes are battling Mr. Pigeon for the fifty-first time! They (really) are Miraculous, aren't they? (super-shocked gasp)"
miraculous_new_york_ladybug_0003,The sky above Paris. Mr. Pigeon flies up with the Eiffel Tower.,"Alya: Oh! Check out Cosmobug and Astrocat fly in those NEW SUITS! (appears with her website blog) Yo, peeps! This is Alya Césaire, live from Paris, where our heroes are battling Mr. Pigeon for the fifty-first time! They (really) are Miraculous, aren't they? (super-shocked gasp)
Ladybug: There you go!
Cat Noir: (shows Ladybug a yellow rose) There you go! Oops, you've said that already!
Ladybug: (distressed) Cat Noir, I've told you to stop bringing me flowers!
Cat Noir: Yeah, I know. When I tried to offer you a red rose, you told me that red symbolizes ""passion"", so you refused it! And I offered you a white rose, but you said that white stood for ""pure love"", and you refused it too! So now I'm offering you a yellow rose, because I've looked it up and yellow represents friendship. Here's to a perfect partnership
Ladybug: Are you sure yellow roses don't represent (jealousy?)
Cat Noir: Uh- No. That would be blue roses? Hang on! No, (purple!!) Or was it (orange?) (Ladybug looks amused)
Ladybug: (chuckles) You don't need to give me flowers! I (already) know you're the best partner ever, Cat Noir. (smells the rose) It smells really good anyway. Thanks, kitty! (uses her yo-yo and swings away)
Cat Noir: (sighs dreamily as Ladybug leaves) She's so amazing. And so am I, by the way. I should be giving myself flowers!"
miraculous_new_york_ladybug_0004,Away from the Eiffel Tower.,"away?!: )
Ladybug: (Only) for a few days. It's nothing (important,) kitty-cat! But I can't tell you (anymore,) in-
Cat Noir: In order to protect our secret identities. I know the drill, M'Lady
Ladybug: But in case, anything happens in Paris, an akumatized villain, a Sentimonster, anything... All you have to do is click here and I'll come back as fast as I can. For emergencies only, of course! (Cat Noir presses the remote button several times in excitement, making the toy in Ladybug's hand squeak)
Cat Noir: Of course! Just go and rest easy. I'll be Paris' substitute guardian! Am I not the perfect partner after all?
Ladybug: I'm counting on you. No funny business, OK?
Cat Noir: Have I ever struck you as the funny kind? I'm as serious as they get! (presses button again)"
miraculous_new_york_ladybug_0005,The Agreste Mansion's basement. Gabriel is visiting Émilie at the repository.,"Gabriel: My love, being far away from you will be (nothing) short of torture. But I (may) have found a piece of jewellery in New York, (places a red rose on her glass coffin) which might enable me to beat (
Ladybug and Cat Noir,: to get their Miraculous and to
make the wish that will bring you back to me.: ) (walks away)"
miraculous_new_york_ladybug_0006,The plane.,"Chloé: Yes, turns out you're in luck, I'm coming. (Everyone gasps) But only because I (decided) to. (nervous chuckle) But there is no way I'm travelling in these conditions. I'm going to sit down in first class! (walks away with Sabrina)
Ladybug and Cat Noir: "" magazine and replaces it. He browses all movies, ""Les aventures de Ladybug &amp; Chat Noir"", ""Natura"", and ""Devastation"". Adrien gasps and sees the ""Miraculous Music Video"" and groans. He notices Marinette looking for her seat.)
Adrien: Hey, Marinette! What's your seat number?"
miraculous_new_york_ladybug_0007,The Museum.,"Ladybug: Cat Noir?
Ladybug and Cat Noir: What are you doing here?!
Cat Noir: Uuh... It's a long story! Where's Marinette?"
miraculous_new_york_ladybug_0008,The Museum.,"Cat Noir: Uuh... It's a long story! Where's Marinette?
Ladybug: I got her to safety. But why aren't you back in Paris?!
Cat Noir: I'll explain later!"
miraculous_new_york_ladybug_0009,The Museum.,"Sparrow: (deep voice) See that?! They don't need (anyone's) permission to take action!
Ladybug: That's right! He (never) asks for (anything!) DO YOU, CAT NOIR?!
Uncanny Valley: Sparrow, did you warn Knightowl and Majestia? (she punches Techlonizer)"
miraculous_new_york_ladybug_0010,The Museum.,"Sparrow: (deep voice) This is our chance to (prove) to them they were just like (these) two! Autonomous, bonded together but trust and super efficient!
Ladybug: ""Just go and rest easy! Yeah, leave Paris with me!""
Cat Noir: I-I didn't know I was going to leave! It was a last-minute decision, that's all!
Ladybug: Do you realize that because of you there's no one left in Paris to protect the city?!"
miraculous_new_york_ladybug_0011,The Museum.,"Ladybug: Do you realize that because of you there's no one left in Paris to protect the city?!
Ladybug: He's running away!
Sparrow: (deep voice) You sound like Captain Obvious!
Ladybug: Why didn't you tell me that you were leaving?!"
miraculous_new_york_ladybug_0012,New York City.,"Cat Noir: A bicycle pump? What are you gonna do with (that?)
Ladybug: I (may) have an idea, but (you) wouldn't like it!
Techlonizer: Why run away when (I can finally get me revenge"
miraculous_new_york_ladybug_0013,New York City.,"Cat Noir: M'lady, I didn't (tell) you because I was afraid of losing your trust!
Ladybug: Well, I can't (trust) you anymore, (can) I?!
Majestia: ("
miraculous_new_york_ladybug_0014,The sewer. Ladybug and Cat Noir are running.,"Clara: Parisians are surprised! Why didn't Ladybug and Cat Noir step in? And will Ladybug repair the damages caused by the villain?
Ladybug: We waited too long to return to Paris. (begins sobbing) There's nothing I can do anymore!
Cat Noir: Can't you just do a Lucky Charm when we're back in Paris?
Ladybug: My powers allows me to create a magical object that repairs damages caused by a (specific) villain! But the villain is already gone!
Cat Noir: Then there's no longer a chance for repairs? (Ladybug continues sobbing. Realizing this is all his fault, Cat Noir groans and walks away) It's all my fault. You were perfect as always. Knightowl was right to want to confiscate my Miraculous. I left Paris without telling you. I ruined everything! And if Uncanny Valley hadn't been a robot, I would've caused irreparable harm"
miraculous_new_york_ladybug_0015,New York City on a rainy night. The American superheroes fly away as Gabriel unknowingly smiles in satisfaction and takes on the Eagle Miraculous as Liiri appears.,"Gabriel: (
Well, that potential is all I need to seize Ladybug and Cat Noir's Miraculous!: )
Olga Mendeleiev: Adrien Agreste!"
miraculous_new_york_ladybug_0016,New York. Sparrow is being chased by the rockets as he kicks Snowflake and lands down. He runs as Ladybug grabs him.,"Adrien: There's no time to lose. We have to get back on this plane before it lands!
Ladybug: We've (got) to break the object where the Akuma is. I bet it's in his handcuffs. He already had them on at the museum!
Sparrow: Something else has changed! He was wearing the necklace Lafayette gave to Washington!
Ladybug: (gasps) A Miraculous!"
miraculous_new_york_ladybug_0017,New York. Sparrow is being chased by the rockets as he kicks Snowflake and lands down. He runs as Ladybug grabs him.,"Cat Noir: Good insight, M'lady!
Ladybug: Don't ever do that to me again!
Cat Noir: I'm sorry. I was so afraid to disappoint you that I didn't dare telling you the truth. I was so stupid"
miraculous_new_york_ladybug_0018,New York. Sparrow is being chased by the rockets as he kicks Snowflake and lands down. He runs as Ladybug grabs him.,"Ladybug: (gasps) Uncanny! Can you show me how the Statue of Liberty is built?
Ladybug: Look! There's a ladder inside the arm that leads to the platform!
Cat Noir: Awesome! But (how) are we gonna get inside when there's an army of superheroes attacking us?"
miraculous_new_york_ladybug_0019,New York. Sparrow is being chased by the rockets as he kicks Snowflake and lands down. He runs as Ladybug grabs him.,"Cat Noir: Awesome! But (how) are we gonna get inside when there's an army of superheroes attacking us?
Ladybug and Sparrow: Doorman!
Sparrow: (deep voice) Thanks to his tele-doortation power, Doorman could get us inside the Statue unnoticed!"
miraculous_new_york_ladybug_0020,New York. Sparrow is being chased by the rockets as he kicks Snowflake and lands down. He runs as Ladybug grabs him.,"Cat Noir: Besides, how are we gonna find him? He could be anywhere in the world!
Ladybug: By using his curiosity to our advantage! (notices a cardboard box and newspaper lying around) Sparrow! Grab a cardboard box and that newspaper and make a wrapped giftbox!
Sparrow: (deep voice) Alright!
Ladybug: Uncanny!"
miraculous_new_york_ladybug_0021,The Statue of Liberty. Ladybug manages to grab the Eagle Miraculous off of Miraclonizer as he falls down and de-transforms back into Techlonizer.,"Ladybug: Only a few seconds left!
Ladybug: I'll take that! SPARROW!
Liiri: Hello, fledgling! All you have to say is: Liiri, wings of Liberty!"
miraculous_new_york_ladybug_0022,The Statue of Liberty. Ladybug and Cat Noir continue fighting Techlonizer. Knightowl picks Ladybug up as Techlonizer gets grabbed by Knightowl.,"Ladybug: No more evil-doing for you, little Akuma!
Ladybug: (releases the akuma, turning it back into a normal butterfly) Bye-bye, little butterfly. Miraculous Ladybug!
Techno-Pirate: Seriously, what happened?!
Ladybug: Keep it. I know you'll use it well"
miraculous_new_york_ladybug_0023,The Statue of Liberty. Ladybug and Cat Noir continue fighting Techlonizer. Knightowl picks Ladybug up as Techlonizer gets grabbed by Knightowl.,"Knightowl: And please forgive us for misjudging you
Ladybug, Cat Noir, Eagle and Uncanny Valley: POUND IT!
Hawk Moth: My theory was correct. (There are other lost Miraculous. And wherever they are in the world"
miraculous_paris_ladybug_0001,The Eiffel Tower. Betterfly leaps to the tower's staircase and gently puts down Marinette.,"Claw Noir: (He smiles crazily again before forcefully placing Cat Noir's hand on his chest, cataclysming himself by proxy.)
Ladybug: (horrified) No!
Betterfly: (gasps in horror)"
miraculous_paris_ladybug_0002,The Eiffel Tower. Betterfly leaps to the tower's staircase and gently puts down Marinette.,"Ladybug: Lucky Charm!
Ladybug: A traffic cone?
Claw Noir: (mockingly) Oh no, I'm so scared! (He uses his nunchucks to bat the Lucky Charm over to himself.) Cataclysm! (He then dissolves the Lucky Charm object)"
miraculous_paris_ladybug_0003,The Eiffel Tower. Betterfly leaps to the tower's staircase and gently puts down Marinette.,"Ladybug: (sighs) I know. I'll explain everything to you later
Ladybug: (Ladybug uses her yo-yo to bat away the rocket while also parrying Claw Noir's attacks and then kicking him in the face whilst Cat Noir jumps up and kicks the flying rocket towards Shadybug herself, to which she simply dissipates her Lucky Charm and reshapes it into a helmet which she swings around with her yo-yo, trying to hit Ladybug and Betterfly.)
Cat Noir: They're gonna wish they were back in their world faster than a whip of my tail! (He jumps toward Shadybug with his staff equipped, prepared to attack her.)"
miraculous_paris_ladybug_0004,Sky above Paris,"Shadybug: Aaaah! (She groans as she is flipped around in the air, she then reshapes her Lucky Charm into the same gun from before, trying to aim at Celesticat.)
Ladybug: Dear passengers, you may now unbuckle your seatbelt! (She unhooks Celesticat's belt, making Shadybug fall to the ground.)
Celesticat: The cat-ptain and his crew hope you had a pleasant flight!"
miraculous_paris_ladybug_0005,"The Eiffel Tower, the top of the tower","Cat Noir: I guess they're not hiding after all!
Ladybug: Monarch must've akumatized them!
Betterfly: What a holder of the Butterfly Miraculous has done, another can undo. (Betterfly hides behind some chimneys and snaps his fingers at the Giant Shadybug, however nothing happens) They're not akumatized villains!"
miraculous_paris_ladybug_0006,"The Eiffel Tower, the top of the tower","Alya: Created to trap you by forcing you two to split up!
Ladybug: This is only the beginning of their trap, and even though Alya recorded it all, no matter how much I think about it, play it back to myself, I can't find any plan against a trap like this!
Cat Noir: M'lady, I know you're having a hard time right now, you may not believe in yourself anymore but I believe in you more than ever! You're the best at finding the craziest ideas even when everything seems lost. It's like your Lucky Charms, they never make any sense, but they work every time!"
miraculous_paris_ladybug_0007,"The Eiffel Tower, the top of the tower","Betterfly: Light wings fall! (detransforms back into Gabriel and places the Butterfly Miraculous beside Ladybug.)
Ladybug: Unify! (transforms into Ladyfly.)
Ladyfly: The strength of teamwork! (She and Cat Noir dispense earpieces from their tools to communicate remotely)"
miraculous_paris_ladybug_0008,Near the Eiffel Tower,"Ladybug: Hey!
Re-Verse Ladybug: (Re-Verse Ladybug puts a hand on Ladybug's shoulder) The best there is
Betterfly: It's time. Alya Césaire, if you'll allow me. (Alya nods as Betterfly charges up a kamiko as it flies into Alya's glasses, kamikotizing her into Ubiquity.)"
miraculous_paris_ladybug_0009,Near the Eiffel Tower,"Ubiquity: I'm feeling a disruption! Like another connection between universes is opening at the same time as mine!
Ladybug: Monarch
Furry Paw: But how?
Ladybug: He has the Miraculous of the Rooster now and can use it to create whichever superpower he wants"
miraculous_paris_ladybug_0010,Near the Eiffel Tower,"Cat Noir: And attack every Ladybug and Cat Noir in existence?
Ladybug: I'll handle it. (Ubiquity is dekamikotized as Betterfly transmits the kamiko to Ladybug as it flies into one of the Ladybug earrings and Ladybug is kamikotized into Ladybiquity in purple ether)
Scarabella: Miraculous Scarabella! (Scarabella reverts all of the damage caused by Lollipop Boy as the Eiffel Tower is repaired and Kitty Noire jumps in)"
miraculous_paris_ladybug_0011,Near the Eiffel Tower,"Ladybug: Wait! (The three heroes stop and turn around, looking at Ladybug) In our world, we always to a little something when things end well
Ladybug, Cat Noir, Re-Verse Ladybug, Furry Paw and Betterfly: (In unison) Pound it! (The five heroes fist bump together before Re-Verse Ladybug, Furry Paw and Betterfly walk through Ubiquity back to their universe. Ubiquity is dekamikotized back into Alya as the kamiko is purified and flies away.)
Alya: You ok, girl?"
miraculous_shanghai_ladybug_0001,Well behind Wu Shifu's school. Fei tries to climb it. Ladybug's yo-yo appears next to her.,"King Cash: And time is money! ((Fei, screaming, ends up in a well. King Cash slices the door.))
Ladybug: Grab on!
King Cash: Where's the fortune you promised me?"
miraculous_shanghai_ladybug_0002,Well behind Wu Shifu's school. Ladybug pulls Fei out.,"Fei: Who are you?
Ladybug: Ladybug
Fei: I'm Fei. You're one of the good guys, right?
Ladybug: Yes"
miraculous_shanghai_ladybug_0003,Sacred Cave. Hawk Moth walks over to the wall at the end.,"Mei Shi: Revenge is the opposite of the values of the dragon. Your judgement and your intentions are clouded!
Ladybug: ((dodging Hawk Moth's attack)) Revenge isn't the same thing as justice!
Ladysnake: Then I'll find another way to defeat him. Hou!
Ladybug: No!"
miraculous_shanghai_ladybug_0004,"Wu Shifu's school. YanLuoShi makes the earth above them crumble, and he makes it to the outside. Cat Noir ties up Cash.","Mei Shi: Like Yama, the king of the inferno, ((starts transforming and growing)), I will cause carnage and destruction until she returns the jewel to me! ((Ladybear transforms into a monkey. They all run away.))
Ladybug: ((shielding them all with her yo-yo)) We've gotta break the ball, ((Ladymonkey transforms back into a human)) the akuma's inside! ((YanLuoShi swallows the ball. He and Hawk Moth head away.))
YanLuoShi: Fear, humans!"
miraculous_shanghai_ladybug_0005,"Bund district. Tourists are taking photos and videos. YanLuoShi starts blasting the buildings, and people run around in panic. Ladybug ties YanLuoShi's legs with her yo-yo and pulls while Cat Noir jumps at him. YanLuoShi grabs him and throws him down. He drags Ladybug round with her yo-yo, and she lands in some trees.","Ladydragon: He's right. ((She reaches for the Prodigious, preparing to take it off.))
Ladybug: No, ((she lands next to Ladydragon)) you're the only one who can defeat him. Only the power of the dragon can reach the akumatized object that's inside of him. ((Cat Noir lands next to them.))
Ladydragon: I wish I could use the power of the dragon, but I am not worthy of it! ((Starts crying.))"
miraculous_shanghai_ladybug_0006,"Bund district. Tourists are taking photos and videos. YanLuoShi starts blasting the buildings, and people run around in panic. Ladybug ties YanLuoShi's legs with her yo-yo and pulls while Cat Noir jumps at him. YanLuoShi grabs him and throws him down. He drags Ladybug round with her yo-yo, and she lands in some trees.","Cat Noir: We don't have a choice. I'm gonna try to use my power on him
Ladybug: ((reaches towards him while he runs to confront YanLuoShi)) Cat Noir, no! ((He jumps up towards YanLuoShi using his stick.))
Cat Noir: Cataclysm! (( Cat Noir prepares to kill him with cataclysm, but YanLuoShi blasts at him, and Cat Noir turns into ash.))
Ladybug: No! ((YanLuoShi prepares to turns her into ash in order to let her die, and she swings away to a building. She sees Ladyeagle and follows her to a the roof of the Custom House. She sees her crying as Fei, so she wipes her own tears and goes down.))"
miraculous_shanghai_ladybug_0007,"Bund district. Tourists are taking photos and videos. YanLuoShi starts blasting the buildings, and people run around in panic. Ladybug ties YanLuoShi's legs with her yo-yo and pulls while Cat Noir jumps at him. YanLuoShi grabs him and throws him down. He drags Ladybug round with her yo-yo, and she lands in some trees.","Marinette: Tikki, spots on!
Ladybug: Lucky Charm! ((She gets a giant vase. She puts the vase down forms a plan.)) Perfect! ((YanLuoshi's blast overpowers the lightning bolt, and Ladydragon bumps against the water. She surrounds him in electrified water.))
Ladydragon: Calm down, Mei Shi! I don't want to hurt you. I'm not here to destroy you or to get revenge, I'm here to save you and to bring you back to your senses!"
miraculous_shanghai_ladybug_0008,"Bund district. Tourists are taking photos and videos. YanLuoShi starts blasting the buildings, and people run around in panic. Ladybug ties YanLuoShi's legs with her yo-yo and pulls while Cat Noir jumps at him. YanLuoShi grabs him and throws him down. He drags Ladybug round with her yo-yo, and she lands in some trees.","Ladydragon: Yes, but first, you should have a big drink of water to cool down. ((She swirls above the water and the vase and sends a stream of water at YanLuoShi. He is forced to swallow it, and Ladybug destroys the ball using her yo-yo from inside the vase. The akuma flies out, and YanLuoShi falls, spitting all the water out.))
Ladybug: ((comes out of the vase)) Voilà! No more evildoing for you, little akuma. Time to de-evilize! ((She catches the akuma with her yo-yo.)) Gotcha! ((She opens the yo-yo.)) Bye-bye, little butterfly! ((YanLuoShi de-transforms, and Ladydragon lands next to him, returning to her human form.))
Mei Shi: What happened? You were able to access the power of the dragon?"
miraculous_shanghai_ladybug_0009,"Sacred Cave. The heroes surround Cash, who is still tied up.","Cat Noir: Now we only need to find Marinette
Ladybug: ((laughing nervously)) Yes, that's right, we've gotta... find Marinette!
Ladydragon: Don't worry, I found her and brought her to safety during the battle. Ying! ((She turns into an eagle. To Cash)) How about a little trip to the Shanghai courthouse? ((She lifts Cash and carries him away.))"
miraculous_tokyo_ladybug_0001,"Tokyo Streets. The Kaijū is destroying places with its lasers, while civilians try to run away.","Ryuko: (Glares at Leo.) Evidenly
Ladybug: (Watching from the rooftop, she facepalms and shakes her head.) Kagami, Kagami, Kagami
Capricorn: Watch out!"
miraculous_tokyo_ladybug_0002,"Tokyo Streets. The Kaijū is destroying places with its lasers, while civilians try to run away.","Leo: Fire!
Ladybug: (Lands in front of them.) There was a human inside the Kaiju!
Sagittarius: Ladybug?!"
miraculous_tokyo_ladybug_0003,"Tokyo Streets. The Kaijū is destroying places with its lasers, while civilians try to run away.","Ryuko: No, never. Wind Dragon. (Flies away)
Ladybug: Forgive her, she has a bad case of jetlag. See you another time!
Leo: Nice intuition you got earlier, Frenchie. Well done
Ladybug: (Smiles) Yes, you're welcome. Bug out! (Jumps and uses her yo-yo.)
Leo: Do you like her?"
miraculous_tokyo_ladybug_0004,"Kazuno's apartment. Miki, Marinette and Kazuno enter the apartment running.","Marinette: No... I have to make sure that Kagami finally talks to Kazuno. (Stands up from the sofa) He needs to regain his confidence so we can save Tokyo! Tikki, Spots On! (Transformation lights)
Ladybug: (Comes out to the balcony and sees the giant Kaijus at the distance) Lucky Charm! (The Lucky Charm gives her an insect-themed helmet, but then a motorcycle that matches the helmet also falls into the parking lot of the apartment complex. She looks at the motorcycle with sparkly eyes) Cool!
Capricorn: It looks like the signs I saw on the Kaiju before"
miraculous_tokyo_ladybug_0005,Festival site.,"Ladybug: (Watches Capricorn and Ryuko still staring at each other) Uh
Ladybug, Ryuko and Capricorn: Ahhhhh!
Ladybug: Argh! Agh!"
miraculous_tokyo_ladybug_0006,Tokyo City.,"Capricorn: Huh?! Miki? It's all my fault... (Destransforms)
Ladybug: (Takes off her helmet and speaks through an earpiece) Ryuko, there's a misunderstanding between you and Kazuno. (View of Ryuko in front of the broken window of the skycraper she landed on) I don't know what happened between you two, but you've really have to talk to each other. Otherwise, we wont be able to save Tokyo! That's the reason why we're here, isn't it? I'll help your friends in the meantime
Ryuko: Hm. (Jumps towards the Tokyo Tower.) Huh!"
miraculous_tokyo_ladybug_0007,Tokyo City. The Giant Kaijus are destroying the city.,"Kazuno: (Looks at Kagami) Kagami
Ladybug: (Watching the Kaijus from a roof) No one can save that many victims at once. (Looks at her Lucky Charm helmet) Unless, they're just victims! That, I should be able to fix. It could work, it will work. (Throws the helmet into the sky) Miraculous Ladybug!
Leo: Huh? (Sees Moddler) Who are you?"
miraculous_tokyo_ladybug_0008,Tokyo City.,"Ladybug: Challenge accepted, Leo! Lucky Charm!
Ladybug: (Sweat drop) Ryuko, a little help please?
Ryuko: Lightning Dragon!
Ladybug: (Already inside the Lucky Charm robot and controling it) So, what do you think?"
miraculous_tokyo_ladybug_0009,Tokyo City.,"Leo: Woah!
Ladybug: Ugh!
Leo: (From inside of the Stellar Robot) Capricorn, tell us where the Kaiju's spots are. Everyone else, stand ready. We need to hit them all at the same time!"
miraculous_tokyo_ladybug_0010,Tokyo City.,"Sagittarius: Honesly, Leo... They were both equally awesome
Ladybug: I think that's called teamwork
Leo: It's gonna be a lot of work fixing everything
Ladybug: I can help if you want
Leo: You wont always be here to help us, and I'm sure that we can do it too. Especially now that we are a real team"
mister_agreste_ladybug_0001,Copacabana Beach. Luka lays on his towel while Cosmobug flies down.,"Ladybug: No, Sass. I just need you to lend me your miraculous for a moment, Luka. Please
Ladybug: Tikki, Sass, unify!
Luka: Marinette, tell me what's going on"
mister_agreste_ladybug_0002,Copacabana Beach. Luka lays on his towel while Cosmobug flies down.,"Viperbug: (breathing heavy) Divide. (reverts back to Ladybug.)
Ladybug: Be happy with Irupé. Please
Luka: You came all the way here just to tell me that?
Ladybug: Yes. And that you must never worry about me, okay?"
mister_agreste_ladybug_0003,Hôtel de Ville. Cat Noir hits the building and falls to the ground.,"Chrysalis: (voice) Clear away the rubble, I want to see who was hiding beneath the mask
Ladybug: Mister Agreste?
Chrysalis: (voice) Put the miraculous somewhere safe
Ladybug: (gasps) What did you do to Cat Noir!?
Chrysalis: (voice) She's vulnerable without her partner. This is your chance!
Ladybug: Is he invincible or something? Lucky Charm! (She gets a fencing sword which she uses to slice through more pieces of Mister Agreste.) Lucky Charm! (She then gets a perfume bottle and dodges another attack.) Lucky Charm! (This time she gets a megaphone.) What am I supposed to do with all of these? Ahh! (Gets grabbed by Mister Agreste as he laughs and drops the megaphone.)
Chrysalis: (voice) Go ahead, take off her earrings. I want to see who Ladybug is!
Ladybug: No, no, no!"
mister_agreste_ladybug_0004,Hôtel de Ville. Cat Noir hits the building and falls to the ground.,"Mister Agreste: (starts cracking) Huh? You don't know what you're saying, you ungrateful son
Ladybug: Of course, how did I not figure it out sooner? Adrien Agreste, use the megaphone on the ground!
Adrien: (picks up the megaphone) Why did you want to control my every move?"
mister_agreste_ladybug_0005,Hôtel de Ville. Cat Noir hits the building and falls to the ground.,"Ladybug: (Creates a magical charm and gives it to Théo.) Sometimes, it's better to put (ideas) rather than people on a pedestal, for you never truly know someone. This magical charm will help you remember that.)(
Ladybug: You know what you have to do. Hurry and take it back to Cat Noir
Plagg: mm-hmm! (flies away.)
Ladybug: Thank you, Adrien. You've shown a great deal of courage, and I wouldn't have made it without you"
mister_agreste_ladybug_0006,Hôtel de Ville. Cat Noir hits the building and falls to the ground.,"Ladybug: Thank you, Adrien. You've shown a great deal of courage, and I wouldn't have made it without you
Ladybug: and
Adrien: Pound it!"
mister_agreste_ladybug_0007,Dupain-Cheng residence. Marinette's balcony. Ladybug lands on her balcony.,"Adrien: It won't bring my father back. And it won't help me figure out who he was either. I guess I'm going to have to live with unanswered questions
Ladybug: Spots off. (transforms back into Marinette.)
Marinette: I saw what happened at your place. Are you okay?"
mister_agreste_ladybug_0008,Dupain-Cheng residence. Marinette's balcony. Ladybug lands on her balcony.,"Marinette: I don't have a choice. Either I keep it together or everything will fall apart. Nathalie was right, (wipes her tears) it's too late to go back now
Cosmobug: Power down!
Irupé: Luka knows Ladybug?"
mr_pigeon_72_ladybug_0001,"Marinette's room. Ladybug and Alya are experimenting. Ladybug has put on safety goggles, along with a bathrobe and wrapped a matching towel over her head and hair like a turban to give her the appearance of wearing a lab coat and hat while doing her research.","Ladybug: Sure, it's amazing being Ladybug. I've got these powers, kwamis, but can you imagine I could've prevented Shadow Moth from creating villains in the first place?! Ha! He'd be ruined! Have you noticed that Shadow Moth seems to re-akumatize people much more often these days? Do you know why? Because he gets to know them and figures out how to manipulate them better!
Alya: You're right. I was akumatized four times as Lady Wifi because I was obsessed with with you! I knew you were hiding something from me and it drove me crazy
Ladybug: I had to keep it a secret
Alya: I know girl. But now that I know the truth, I've got your back! (notices the large amount of times Xavier Ramier has been akumatized on the billboard) What? Mr. Pigeon has already been akumatized 71 times?!
Ladybug: He's just a harmless guy trying to take care of his pigeons. It's so not fair! I'd promised him I'd find a way to keep him safe from Shadow Moth, but I just can't figure it out. (groans) I don't understand a thing in this spell book!"
mr_pigeon_72_ladybug_0002,"Marinette's room. Alya and Ladybug are sitting on the floor in shock from what happened as a result of the misfired attempt, before Ladybug recovers with a frustrated groan.","Ladybug: Oh! Hold that thought, Wayzz. I think this is it! (sprinkles some pepper into the pot with a confident smirk, only to cause an explosion)
Ladybug: Ugh, I was sure that ""spicy little rock"" would be pepper
Trixx: Alya, help us reason with her, please!"
mr_pigeon_72_ladybug_0003,"Inside the swimming pool. Kagami is unable to take it anymore, so she decides to leave the pool, with Marinette grabbing on one of her feet, begging her to come back, very enthusiastically.","Marinette: Tikki, spots on! (She transforms into Ladybug in a flash of purple and swings away to save Adrien)
Ladybug and Plagg: Adrien!
Ladybug: This is not the time to get trapped! (shuts door to changing room)"
mr_pigeon_72_ladybug_0004,Changing room at the swimming pool.,"Ladybug: This is not the time to get trapped! (shuts door to changing room)
Ladybug: Cat Noir, hurry up, I'm not gonna make it through this without you!
Plagg: You're gonna have to, Ladybug. Cat Noir's been feathered! (Ladybug gasps)
Ladybug: Lucky Charm! (receives a hand drill)
Plagg: A hand drill? No offense, but I don't think you'll get out of here with such a tiny hole!
Ladybug: Who said anything about getting out?"
mr_pigeon_72_ladybug_0005,Changing room at the swimming pool.,"Alya: Ladybug?
Ladybug: I'm stuck at the pool!
Alya: You want me to get you out of there?
Ladybug: No, not you, it's too dangerous to be out in Paris right now. Cat Noir has already been transformed into a pigeon!
Alya: How can I help?
Ladybug: I need Ladybug and Cat Noir to lure Mr. Pigeon back here
Alya: Got it! (opens Marinette's sewing box and takes the Fox Miraculous) Ladybug needs us"
mr_pigeon_72_ladybug_0006,Changing room at the swimming pool.,"Rena Rouge &amp; Ladybug Illusion: Or into Ladybugs. At least they bring good luck!
Ladybug: I couldn't have said it better! Nice work, Rena!
Mr. Pigeon: Oh yes, ladybugs make an excellent snack. For (pigeons)!"
mr_pigeon_72_ladybug_0007,Parisian rooftops.,"Mr. Pigeon: Oh yes, ladybugs make an excellent snack. For (pigeons)!
Rena Rouge &amp; Ladybug Illusion: Sure, but you gotta catch them first!
Ladybug: Be careful, if they touch the illusions they will disappear!"
mr_pigeon_72_ladybug_0008,Changing room at the swimming pool.,"Mr. Pigeon: (laughs) Jewels are forbidden in the pool, Ladybug!
Ladybug: It's time, Rena!
Rena Rouge &amp; Cat Noir Illusion: I'm afraid this time we don't have a choice, m'lady"
mr_pigeon_72_ladybug_0009,Swimming pool.,"Rena Rouge &amp; Cat Noir Illusion: I'm afraid this time we don't have a choice, m'lady
Rena Rouge &amp; Ladybug Illusion: I guess it's time to throw in the towel, kitty cat
Shadow Moth: (from his lair) Finally!"
mr_pigeon_72_ladybug_0010,Changing room at the swimming pool.,"Shadow Moth: (from his lair) Finally!
Ladybug: Now!
Rena Rouge: Take them if you can! (the illusions throw their Miraculouses into the pool)"
mr_pigeon_72_ladybug_0011,Swimming pool.,"Mr. Ramier: (disappointed) Oh no, I was the victim of Shadow Moth again, wasn't I!?
Ladybug: I wish I could tell you it would be the last time, Mr. Ramier. But that's a miracle I cannot perform
Rena Rouge: Don't be so sure!
Ladybug: Rena Rouge?
Rena Rouge: You've been so focused on your role as a Guardian that you've forgotten you're still (Ladybug)!
Ladybug: You found something in the spellbook?
Rena Rouge: No, there was nothing to find! What if the rules in the spellbook are not a finite set of existing rules, but only what the Guardians had learned about the Miraculous so far?
Ladybug: Which means if my power is the power of creation
Rena Rouge: Yes, create. Your only limits are the ones you put on yourself"
mr_pigeon_ladybug_0001,"Place des Vosges. Cat Noir is wearing a park ranger cap and pretending to be a park ranger, while Ladybug hides behind a tree nearby.","Ladybug: Where is he? He should've been here by now
Ladybug: What the- (runs after them)
Cat Noir: Where's that bird-brain Mr. Pigeon?
Ladybug: He's gotta be here somewhere... (Mr. Pigeon is lifted by a swarm of pigeons behind them)"
mr_pigeon_ladybug_0002,Le Grand Paris Hotel. Ladybug steps out of the elevator into a dining hall with large glass windows.,"Adrien: Eat up, buddy. Ladybug needs help
Ladybug: Great, I can get a much better view from up here. (walks up to a window.) Odd, the pigeons are flying in the same direction. Better go follow them. (the elevator dings. Cat Noir is inside)
Cat Noir: Ready when you are, LB
Ladybug: (entering) Let's go!"
mr_pigeon_ladybug_0003,Hawk Moth's lair,"Ladybug: (entering) Let's go!
Ladybug: So that's where Mr. Pigeon's keeping the park keepers he abducted
Cat Noir: The Grand Palais. (starts to sneeze, Ladybug stops him) My pigeon radar is on high alert
Ladybug: Either your radar is on the brink or Mr. Pigeon's left the park keepers unattended
Cat Noir: Let's set the cat among the pigeons
Ladybug: Hold up, kitty. It's... too easy. I've got a plan"
mr_pigeon_ladybug_0004,Hawk Moth's lair,"Hawk Moth: (from his lair) I can't wait, my dear Pigeon
Ladybug: If we can destroy that bird call, we'll be able to capture the akuma. Okay, you open the window, I'll grab him and yank him up onto the roof, then you snag his bird call away from him
Cat Noir: Let's go! Early bird gets the worm!
Ladybug: So much for the element of surprise. (they jump inside to next to Mr. Pigeon, who jumps back and lets the pigeons carry him. They chase Mr. Pigeon until he blows his bird call, and the pigeons form two spheres where his hands are)"
mr_pigeon_ladybug_0005,Hawk Moth's lair,"Ladybug: Lucky Charm! (a coin appears)
Ladybug: A coin? What am I supposed to do with this? (Ladybug uses her Lucky Vision and it shows her a beam, a vending machine and the coin)
Mr. Pigeon: You can't buy yourself out of here! (Mr. Pigeon throws a sphere of pigeons at them)
Ladybug: Cat Noir!"
mr_pigeon_ladybug_0006,Hawk Moth's lair,"Ladybug: Cat Noir, grab it! (He grabs it, but then he sneezes and throws it upward)
Ladybug: Yes!
Cat Noir: Ow!
Ladybug: No more evil-doing for you, little akuma. Time to de-evilize! (captures the akuma) Gotcha! Bye bye, little butterfly. (releases the purified butterfly)"
mr_pigeon_ladybug_0007,Hawk Moth's lair,"Ladybug: No more evil-doing for you, little akuma. Time to de-evilize! (captures the akuma) Gotcha! Bye bye, little butterfly. (releases the purified butterfly)
Ladybug: Miraculous Ladybug! (throws the Lucky charm in the air and restores everything back to normal)
Xavier: Huh? What happened? Where am I?"
mr_pigeon_ladybug_0008,Hawk Moth's lair,"Xavier: Huh? What happened? Where am I?
Ladybug and Cat Noir: Pound it!
Marinette: There's no time to lose. I have less than an hour. (Marinette keeps working on her hat)"
nathaniel_marc_ladybug_0001,,"Marinette: (narrates over the scene) But they ended up realizing that they were made to create comic books together
Ladybug: By now you realize there was a big misunderstanding, but if you give each other a chance, I'm sure you'll find out how well you can work together
Marinette: (narrates over the scene) And they become friends"
new_heroes_ladybug_0001,The Lucky Charm materializes. It is a teapot.,"Cat Noir: A teapot?
Ladybug: It's strangely familiar
Marinette: Instead of helping me to defeat the villain, my power was telling me to go to the Guardian of the Miraculous"
new_heroes_ladybug_0002,"Ladybug presents Alya with the Fox Miraculous, telling her the conditions on which it can be used.","Marinette: Of course, there was only one person I could entrust with this first miraculous. The person I trust the most
Ladybug: Alya Césaire, here is the miraculous of the Fox, which grants the power of Illusion. You will use it for the greater good
Alya: (nods)
Ladybug: Once the job is done, you will return the miraculous to me. Can I trust you?
Alya: Totally, Ladybug
Ladybug: (nods)"
new_heroes_ladybug_0003,"Bunnyx talks to Ladybug, Cat Noir, and her past self in front of the bathroom.","Alix: Wow! I can't believe how cool I'm going to be when I'm older
Ladybug: But, wait, it doesn't make sense. I never gave you, I mean her, I mean- I never gave either of you the miraculous
Future Alix: You haven't given it to us yet, Minibug, because you haven't yet realized just how awesome I really am. But don't worry. You will, one day"
new_powers_ladybug_0001,Marinette puts on all the Miraculous.,"Marinette: If I wear several Miraculous at once I can fuse their powers and become even more powerful. And I can use other Miraculous than my own
Multimouse: Mullo, get squeaky! And now I'm Multi-Mouse
Marinette: But that can be dangerous. So it's safer to just wear one at a time"
noe_ladybug_0001,"Paris street. The Mime is on top of a building and mimes a fishing rod, using it to flip a Luxus car over. When he goes to check, nobody is inside.","Ivan: Mylène's feeling better, so...(puts on his nose ring) Stompp, make way! (Transforms into Minotaurox)
Ladybug: Lucky Charm! (Creates a ribbon)
Cat Noir: Cataclysm! (Touches the ground, making The Mime fall over when he touches the destroyed concrete.)
Ladybug: It's all fun and games until your hands are tied, Mime! (Uses the ribbon to tie The Mimes hands together while Minotaurox picks him up. Polymouse joins her fellow heroes) Polymouse, we've got to find The Mime's target. They're in a black car with a logo on it. We don't know which car"
noe_ladybug_0002,TVI tower. TVI studio. A normal-sized Polymouse throws Noé on the studio floor with her Skip Rope.,"Noé: The script was telling the truth. You are the villain's accomplices!
Ladybug: No, we only serve the truth
Cat Noir: And communication between people"
noe_ladybug_0003,TVI tower. TVI studio. A normal-sized Polymouse throws Noé on the studio floor with her Skip Rope.,"Polymouse: He won't talk because he thinks talking is useless, but if you're willing to listen to him maybe everything will work out
Ladybug: (To Polymouse) Perhaps he'll listen to you
Polymouse: (Nods and goes under the table) Multitude!"
noe_ladybug_0004,TVI tower. TVI studio. A normal-sized Polymouse throws Noé on the studio floor with her Skip Rope.,"Fred: (The ribbon drops and releases his hands as Minotaurox puts him down) Where...where am I?
Ladybug: You fell victim to an akumatization
Fred: I didn't mean to let my anger overwhelm me. I'm sorry
Ladybug: But you managed to reject the Ultrakuma, and now you have a chance to express yourself. Paris is listening
Fred: (To Noé) Hm. You tricked me with a contract that would force me to be in a movie that makes Ladybug and Cat Noir out to be villains. You have a moral responsibility as a story producer to tell the truth which is that Ladybug and Cat Noir are real heroes. And if there's only one thing you should remember, remember Ladybug and Cat Noir just saved you from my anger"
noe_ladybug_0005,TVI tower. TVI studio. A normal-sized Polymouse throws Noé on the studio floor with her Skip Rope.,"Cat Noir: Cut! That's a wrap, thank you!
Ladybug: Miraculous Ladybug!
Roger: Secure the perimeter"
oblivio_ladybug_0001,The office. Marinette and Adrien are holding Marinette's phone while watching news clips with Tikki from earlier in the day.,"Nadja: (from a helicopter) Looks like Ladybug and Cat Noir are struggling today
Ladybug: And stop calling us a couple!
Adrien: We don't exactly look lovey-dovey in this footage"
oblivio_ladybug_0002,The roof. Ladybug is running away from Oblivio's blasts. She trips on her yo-yo and falls to the ground.,"Ladybug: Ahh!
Ladybug: Eh- aaah!
Oblivio: (laughs evilly and jumps in front of her) You've forgotten your reflexes, huh? (walks towards her) Now we're gonna make sure you forget everything else, including your Miraculous!"
oblivio_ladybug_0003,The roof. Ladybug is running away from Oblivio's blasts. She trips on her yo-yo and falls to the ground.,"Cat Noir: We won't stand a chance until we stop him from firing at us
Ladybug: Of course! His left hand is different from the rest of his body! That must be where the akuma is hiding!
Cat Noir: Okay, I've got (no) idea what the (hakuna matata) is, but I trust you. So what's the plan?
Ladybug: Can you get him to forget about me for a little while?
Cat Noir: I'm on it. (jumps to the roof's ledge) Hey, you! Do you want to play cat and mouse with me? The first one who tags the other wins!"
oblivio_ladybug_0004,The roof. Ladybug is running away from Oblivio's blasts. She trips on her yo-yo and falls to the ground.,"Ladybug: (with her hand on her forehead) Ugh, we're a (team), not a couple. (enunciating with her hands) Don't start that again! (crosses her arms) I've already told you that I'm in love with another boy. (gesturing towards him) Besides, this charming kitty act of yours was the reason we became distracted (recrosses arms) and got into all this trouble in the first place. (Cat Noir starts to laugh) That's right laugh all you want— (he leans in) Hey, what are you doing?
Ladybug: (gasps) Everyone saw that?! (She bows her head into her hands) This is a disaster! What on earth happened?!
Cat Noir: Well one thing's for sure, (Ladybug growls at him angrily) we would make a good-looking couple. We're meant for each other m'Lady. You're the only one who doesn't see it
Ladybug: This conversation is (not) over. (She swings away)"
oni_chan_ladybug_0001,Parisian streets. Lila is walking home when she sees someone run past her.,"Oni-Chan: Are you really sure I don't stand a chance? (kicks Ladybug out of the way and then points her bokken at Lila's forehead)
Ladybug: Back off! (grabs the bokken with her yo-yo)
Oni-Chan: (notices Lila running away) It's no use running. Wherever you go, I'll find you"
oni_chan_ladybug_0002,Place des Vosges. Ladybug and Cat Noir are shocked to see Officer Roger instead of Oni-Chan.,"Roger: (receives a message on his phone and stops to look at it) What kind of a message is this? (swaps places with Oni-Chan)
Ladybug: What just happened?
Roger: Where’s my car? What happened to the young lady with the horn on her forehead? The one being chased by that supervillain?
Ladybug: Lila?"
oni_chan_ladybug_0003,Officer Roger's car. Lila gets out of the car and fearfully runs from Oni-Chan.,"Oni-Chan: Go ahead and run. As fast and as far away as you can, Lila Rossi
Ladybug: There! (points out police car and she and Cat Noir jump in front of it)
Cat Noir: I feel like she's taunting us
Ladybug: She won't be laughing for long. (wraps yo-yo around car)"
oni_chan_ladybug_0004,Tom &amp; Sabine Boulangerie Patisserie. Lila runs inside the bakery.,"Sabine: You have something on your forehead. (Lila's horn glows and Sabine receives a phone message) Oh, what a strange message!
Ladybug: We've got her! (the inside of the car begins to glow)
Cat Noir: Not again! (Oni-Chan swaps places with Sabine)"
oni_chan_ladybug_0005,Officer Roger's car.,"Tom: Honey? (opens the door and is shocked to find Oni-Chan)
Ladybug: Mo- uh, Miss Dupain-Cheng?
Sabine: I was in the bakery when this teenager with a horn came running in"
oni_chan_ladybug_0006,Tom &amp; Sabine Boulangerie Patisserie.,"Cat Noir: I knew she'd wind up liking you in the end. (winks)
Ladybug: (pushes Lila away and then receives a message on her yo-yo) What kind of message is this? (swaps places with Oni-Chan)
Cat Noir: Hey! Not cool! The girls were just starting to get along! (fights Oni-Chan)"
oni_chan_ladybug_0007,Parisian streets. Oni-Chan swaps places with a civilian who Lila runs past and jumps in front of her.,"Oni-Chan: If that's the only thing that will make you give him up, I'll do it. (attacks Ladybug)
Ladybug: Cat Noir, if anyone receives a text message, you can't let them open it. That's how Oni-Chan teleports herself. (Oni-Chan attacks the duo)
Lila: Help, Cat Noir! It hurts so much! I think I might've broken something! (horn grows)"
oni_chan_ladybug_0008,Lamppost.,"Hessenpy: What am I doing here? And how did you get all tied up like that? (attempts to untie Ladybug) These hoses are so strong, it once took us two full hours to get a kid untangled
Ladybug: Really? (thinks) Wait! I’ve got a plan
Cat Noir: (to Ladybug, on the phone) Yes, M’lady? (to Oni-Chan) It’s the girl of my dreams. (to Ladybug) Sure, I’ll bring her over to you right now. (Oni-Chan charges towards him but he kicks her out of his way and then grabs Lila) Hurry!"
oni_chan_ladybug_0009,Bus stop. Cat Noir is fighting Oni-Chan when he receives a call from Ladybug.,"Cat Noir: (shows up where Ladybug is with Lila) Need a helping paw, M'lady?
Ladybug: No, just a little phone call. (Lila’s horn glows)
Oni-Chan: NO! (swaps places with Ladybug, who then grabs her bokken with her yo-yo)
Ladybug: Cat Noir!"
optigami_ladybug_0001,Elevator,"Adrien: Not just yet. Plagg, claws out! (transforms behind a roof chimney)
Ladybug: Good job girls!
Rena Rouge: That was some mission, right, Kaalki?"
optigami_ladybug_0002,Elevator,"Ladybug: (Puts on the Bee Miraculous) There's no time to lose!
Ladybug: Tikki, Pollen, Unify! (She is then transformed into Lady Bee)
Lady Bee: Amazing job Rena"
optigami_ladybug_0003,"Tour Montparnasse, roof","Shadow Moth through Senticarapace: It's because she had good partners
Ladybug, Rena Rouge and Senticarapace: Pound It!
Rena Rouge: Let's rest"
optigami_ladybug_0004,Tour Montparnasse roof,"Ladybug: (voiceover on Nathalie's screen) I didn't even get to use my Lucky Charm
Ladybug: Normally it's always been the key element to defeat the villain
Shadow Moth: Our trap has just snapped shut, Ladybug!
Ladybug: I guess it was only here to help repair everything. (looks confused when she sees her compact mirror)"
optigami_ladybug_0005,Tour Montparnasse roof,"Ladybug: (looks at both of them with curious look) We're gonna have to be a lot more careful now. Shadow Moth knows the identities of some of the people I have given a miraculous and apparently he's decided to use this information. (looks at Sentinino) Isn't that right, Shadow Moth?
Ladybug: I'm sorry Alya, you better move away from him. This isn't Nino, it's a Sentimonster
Alya: Huh? (gasps)"
optigami_ladybug_0006,Stage,"Shadow Moth: How did she figure it out?! (in anger that Ladybug figures out his trap)
Ladybug: (runs to Cat Noir who is eating a cookie) Cataclysm this for me, will you?
Cat Noir: (shocked when Ladybug shows up and what she saying) But it's a miraculous!
Ladybug: Trust me"
optigami_ladybug_0007,Stage,"Shadow Moth: (groans in anger) One day, I'll get you Ladybug! I release you from your existence. (release Sentinino from existence)
Ladybug: Miraculous Ladybug! (repairs everything)
Cat Noir: How did you figure out there was a sentimonster in that miraculous, m'lady?
Ladybug: Thanks to my lucky charm, kitty cat, it always shows me the right way, except this time, I'd gotten the villain wrong"
party_crasher_ladybug_0001,Outside the Agreste mansion.,"King Monkey: Sorry. I just love disrupting others’ powers. (He hits the piñata, freeing everyone that Party Crasher absorbed. Party Crasher repairs his disco balls while everyone except the heroes run away)
Ladybug: (looks at her surroundings) Carapace, protect us!
Carapace: Shell-ter! Hah! (a barrier forms around the heroes)
Ladybug: Pegasus, teleport here and find something to play this. (shows him a map on her yo-yo)"
penalteam_ladybug_0001,Stade des Princes,"Didier Roustan: (From inside his yellow ball) Just when it seemed all hope was lost, Ladybug enters the field!
Ladybug: You wanna play soccer? How about battling it out on an equal playing field!
Penalty: Ah Ladybug! Nothing would make me happier than crushing you and your team of ridiculous losers
Ladybug: (Cat Noir leaps from the seats and stands next to Ladybug) No need for a whole team, it's just Cat Noir and me against your clones! (Cat Noir taps his fingers nervously together) We'll be so awesome you won't even see the ball! We're gonna win and de-akumatize you in no time! (Cat Noir nervously tries tapping her shoulder)
Penalty: (laughs) The Akuma is the trophy and trophies are for winners, not losers! (Penalty throws her glasses on the ground and taps it with the foot to remove the glasses, in order to confuse the heroes on which clone is the original Penalty)
Ladybug: (laughs) Nice scare tactics, but it's not gonna work. Cat Noir and I are the best at soccer!"
penalteam_ladybug_0002,Stade des Princes,"Didier Roustan: (From inside his yellow ball) From the look on his face, not champion material I'm afraid
Ladybug: Sabrina Raincomprix, here is the Miraculous of the dog which grants the power to fetch and return whatever your ball has touched. (Handing her the Miraculous. Sabrina hesitantly shakes her head)
Sabrina: I'm sorry but, I can't do that to Chloé!
Ladybug: That's not Chloé out there, it's Penalteam. Don't you want to set her free?
Sabrina: If It's to save Chloé, then yes! Besides I love soccer! (More confident, she takes the Miraculous and puts it on. Barkk, as a bright ball appears in front of her)"
penalteam_ladybug_0003,Stade des Princes,"Marc: Ladybug, I'm really not that good at soccer. I- (Shying away and pulls his hands to his chest)
Ladybug: You're too hard on yourself. You're more talented than you realize
Orikko: Hi. I'm Orikko. Let's play!"
penalteam_ladybug_0004,Stade des Princes. Ivan has received the Ox Miraculous from Ladybug and looks hesitant,"Ivan: What if I hurt someone using my superpowers?
Ladybug: It's good to be careful, Ivan, but remember, you'll be on a team of superheroes facing supervillains! No one can be hurt. (Ivan, reassured, smiles)
Dider Roustan: (From his yellow ball) Left on his own, Cat Noir seems exhausted. Penalteam's cannonballs have hurtled the feline in the cat food! It's not sport anymore, it's animal abuse!
Ladybug: You didn't do so badly, kitty cat!"
penalteam_ladybug_0005,Arc de Triomphe,"Didier Roustan: Minotaurox who just came in to replace Viperion is unmarked, but Ladybug decides to go alone. (Two other Penalties try to tag Ladybug with their cleat, but Ladybug hops and dodges them both, leaving the two Penalteams to collide into each other, but instead they get up and steal the ball) The Penalteam seizes their chance and take back control of the ball, what a shame!
Ladybug: Give it back!
Ryuko: (Appears ahead in front of the Penalteam with the ball and Ladybug) Stop! Ladybug, I got this! (Tagged by another Penalteam and captured into a yellow ball)"
penalteam_ladybug_0006,Arc de Triomphe,"Ladybug: No one uses their power anymore, it's too risky if you get caught and imprisoned. Go recharge your kwamis and transform back. (The other heroes scatter off. Ladybug growls after looking at the score. Later, the heroes return recharged, but discouraged)
Ladybug: (looks around them and frowns) I'm sorry, I've been a bad captain. I played a solo game, I forgot we're a team. I'm gonna need all of you now, more than ever
Rooster Bold: Are you sure? I'm not really
Ladybug: You're an excellent player, Rooster Bold. That's why I chose you. That's why I chose all of you! Let's play together, and bring all of our individual strengths together onto the field!"
penalteam_ladybug_0007,Arc de Triomphe,"Ladybug: King Monkey, switch wings, on your right, to Vesperia!
Ladybug: You're up, Rooster Bold! You can't score a goal if you don't take a shot!
Didier Roustan: GOAL! The change of strategy seems to be paying off! The game is smoother and better coordinated! Come on, Team Miraculous!"
penalteam_ladybug_0008,Champ de Mars,"Ladybug: Lucky Charm!
Ladybug: (to herself) Okay Penalteam, we'll keep playing. (to everyone) So we can't win, she'll never let us and the glasses are out of reach. The only way to end this is if Chloé rejects the Akuma herself. We'll have 5 minutes to make the Penalteam despise playing soccer so much, that she'll quit the game
Carapace: How?
Ladybug: By making her realize (she can't win). We'll be a team of invincible superheroes! We will use our powers indefinitely without ever transforming back!"
penalteam_ladybug_0009,"Pont Alexandre III. The heroes slowly walks towards Penalteam, looking confident","Penalteam: Ready for your countdown as a superhero, Lady-Loser?
Ladybug: Never claim a goal before the ball has crossed the line Penalty! (nods to Caprikid; he nods back)
Caprikid: Genesis! (Creates a wand with his power) Thanks to this magic wand, I'm granting you all the power to indefinitely use your powers! (pats Minotaurox with his wand) No more time limits, (pats Ladybug with his wand) no transforming back, unlimited number of use!"
penalteam_ladybug_0010,"Pont Alexandre III. The heroes slowly walks towards Penalteam, looking confident","Penalteam: What?!
Ladybug: Super! Miss Hound!
Rooster Bold: (Miss Hound passes to Rooster Bold, Rooster Bold starts dribbling the ball) Sublimation!"
penalteam_ladybug_0011,Champ de Mars,"Shadow Moth: Ahh!
Ladybug: (captures akuma) No more evil-doing for your little Akuma…Time to de-evilize! Gotcha! (releases a white butterfly) Bye-bye little butterfly. (throws up her lucky charm) Miraculous Ladybug!
Shadow Moth: Ladybug! I came as your opponent, I'll leave as you're your worst nightmare! (his window closes)"
pixelator_ladybug_0001,Le Grand Paris. Ms. Bustier's class is having a work experience. Kim puts on his bellboy hat.,"Penny: Didn't you hear Mr. Stone? You still haven't got it, have you? (gets Vincent out of the hotel) No photos!
Penny: Good reflexes. Now don't let me see you near Mr. Stone again. Or next time, you won't get your camera back
Hawk Moth: I sense brewing anger and frustration. Perfect father for my evil little akumas. It won't be long now. (turns a butterfly into an akuma) Fly away, my little akuma, and evilize him!"
pixelator_ladybug_0002,A luxurious suite. Jagged Stone plays with Fang.,"Marinette: I'm guessing it's about as bad as trash duty
Penny: Mr. Stone is going to need a new pair of shades for tonight's gig. Red, white and blue with two large Eiffel Towers on them. Can you get that for him?
Mr. Bourgeois: Of course we can! Marinette here is our gopher. She'll take care of that for you"
pixelator_ladybug_0003,The hall way. Pixelator opens the door to a room. Alec Cataldi is in the room.,"Pixelator: (opens the door) Look into the lens!
Penny: I'll get them to Mr. Stone
Marinette: Can't you deliver them to him now?
Penny: He's... resting"
pixelator_ladybug_0004,The hall way. Pixelator opens the door to a room. Alec Cataldi is in the room.,"Marinette: Okay, no problem. Just trying to do the job right the second time
Penny: Got it
Marinette: Thank you"
pixelator_ladybug_0005,The hall way. Pixelator opens the door to a room. Alec Cataldi is in the room.,"Tikki: Hard work always pays off
Penny: Who are you?
Pixelator: Look into the lens! (zaps her)"
pixelator_ladybug_0006,Vincent Aza's room. Ladybug sees a lot of photos of Jagged Stone on the walls.,"Pixelator: Amateur. (zaps him)
Ladybug: Oh, this isn't creepy at all. (Suddenly, she stops and sees photos of people who look familiar) What? (She sees Chloé and Adrien; the former screams in terror)
Adrien: Ladybug?
Ladybug: What are you two doing in there?"
pixelator_ladybug_0007,Vincent Aza's room. Ladybug sees a lot of photos of Jagged Stone on the walls.,"Mireille: While we were just innocently strolling the Champs-Élysées!
Ladybug: I sure hope Cat Noir's there already! (leaves)
Nadja: (nervously) Excuse me, sir. Sir? Care for an interview with the reporter who spreads the villains' voice? (Pixelator smiles deviously)"
pixelator_ladybug_0008,"The Champs-Élysées. The police has arrived to stop Pixelator. Roger Raincomprix appears, but Pixelator zaps him.","Jagged Stone: (chuckles) Who cares about danger? Jagged Stone can turn down a television appearance! Just imagine what it would do for my career!
Ladybug: Got an itchy trigger finger, eh? (The police and other civilians cheer)
Pixelator: I was expecting you, Ladybug"
pixelator_ladybug_0009,"The Champs-Élysées. The police has arrived to stop Pixelator. Roger Raincomprix appears, but Pixelator zaps him.","Pixelator: Why should I believe you, Ladybug?
Ladybug: Because you have no choice. I'm the only one who knows where Jagged is
Pixelator: How about I free half of them now and the other half after the photoshoot. Deal?
Ladybug: 'Kay. It's a deal. (to herself) Yeah, right"
pixelator_ladybug_0010,The Champs-Élysées.,"Pixelator: I've kept my part of the deal, Ladybug, now bring me Jagged Stone!
Ladybug: (spots Cat Noir) Pixelator, I know your akuma's inside your glasses!
Pixelator: Stop wasting time!"
pixelator_ladybug_0011,The Champs-Élysées.,"Pixelator: When the cat's away, the mice will play. Ready to become immortalized?
Ladybug: Can't wait to live it up
Pixelator: Look into the lens!"
pixelator_ladybug_0012,The Champs-Élysées.,"Pixelator: Jagged! It's about time you showed up
Ladybug: Get out of here, Mr. Stone! (tries to follow him, but falls)
Jagged Stone: It's me you wanted all this time, right? Well, here I am, in the flesh"
pixelator_ladybug_0013,The Champs-Élysées.,"Pixelator: Ugh... Hurry up already!
Ladybug: (activates her power up sequence) Lucky Charm! (a powder compact appears) A powder compact?
Jagged Stone: There, I think I'm ready"
pixelator_ladybug_0014,The Champs-Élysées.,"Pixelator: Come on, open your eyes
Ladybug: Batter up! (throws the compact)
Pixelator: (in the white space) What? How did...? Huh?"
plagg_webisode__ladybug_0001,Outside the Agreste mansion,"Adrien: And he gets to fight supervillains with the strong, the incredible, the miraculous, Ladybug
Ladybug: Not a chance kitty
Adrien: Plagg goes everywhere with me. School, fencing classes, photoshoots. We can't be separated for long, in case I need to transform. And that's the problem, you see, Plagg is kind of a special kwami. He's out of control, arrogant-"
prime_queen_ladybug_0001,TVi Studio. Nadja's show is about to go live.,"Cat Noir: I thought you decided to stand me up, m'lady!
Ladybug: And let the audience down? Never. I'm sorry I'm so late, Nadja
Arlette: (From earpiece.) Saved by the bug! Well, now, I'm counting on you to boost to those ratings sky high. (Nadja looks at her watch, hoping for her ratings to increase.) Make that red turn green"
prime_queen_ladybug_0002,TVi Studio. Nadja's show is about to go live.,"Nadja: I'm sure thousands have tuned in to watch you tonight
Ladybug: Don't encourage him, Nadja, or the cat won't stop purring all night
Cat Noir: Don't listen to her. Bugaboo's just a spot jealous
Ladybug: (Rings Cat Noir's bell.) Hey, I thought we agreed on no more Bugaboo calling, pussycat
Cat Noir: But it's so cute. (Chuckles)"
prime_queen_ladybug_0003,TVi Studio. Nadja's show is about to go live.,"Nadja: Hey.. Wait you two, the show is not over yet. Your fans will be disappointed if they don't get an answer
Ladybug: If they are true fans, they'll understand
Cat Noir: The Lady's right!"
prime_queen_ladybug_0004,To Ladybug and Cat Noir on the rooftops,"Chloé: I certainly am
Ladybug: Just proves that you can't believe everything you see on TV
Prime Queen: Well then, dear Chloé, let's find out if you really (can) count on them as true friends"
prime_queen_ladybug_0005,Prime Queen goes through screen on subway and pulls Chloé in with her,"Cat Noir: I don't get stage fright, Bugaboo
Ladybug and Cat Noir: (shout as they jump into and through the screen)
Chloé: (shouting) Ugh, finally, what took you so long? Hurry up and get me out of this underground nightmare! Woah! (falls over)"
prime_queen_ladybug_0006,Subway train that Chloé is held captive in.,"Prime Queen: The rules for my show are simple, admit the truth live on TV that you're dating and in love and I'll stop the train!
Ladybug: A superhero never lies! We won't admit to something that's not true
Prime Queen: I want my scoop!"
prime_queen_ladybug_0007,Subway train that Chloé is held captive in.,"Prime Queen: My show, my rules, Ladybug! To prove that your feelings are genuine, you're going to have to take off your masks, which means you must both give me your Miraculous!
Ladybug: Not a chance, Prime Queen!
Cat Noir: Wait, I know how we can prove our feelings. (he grabs Ladybug by the shoulders) Pucker up!
Ladybug: (unimpressed) Not a chance, kitty
Cat Noir: Is the show over? (knocks on the screen)
Ladybug: If we can't get to her, we'll never be able to capture her akuma!"
prime_queen_ladybug_0008,Subway train that Chloé is held captive in.,"Prime Queen: (through screen) Oh wait, isn't this the girl who started the famous Ladyblog? The first one who ever (filmed) Ladybug?
Ladybug: (worried) Ah! No, Alya!
Prime Queen: (through screen) Next trial, your Miraculous! Or else your biggest fan will be mummified! (laughs)"
prime_queen_ladybug_0009,Ladybug and Cat Noir end up landing in a walk in freezer in the kitchen of the restaurant in Le Grand Paris,"Cat Noir: We're not at the Louvre
Ladybug: It was a double-cross! (struggles to open the door)
Prime Queen: (laughs through screen)"
princess_fragrance_ladybug_0001,Pont des Arts. Princess Fragrance is about to wed Prince Ali.,"Princess Fragrance: My padlock! (gasps)
Ladybug: (from a lamp post near them) Not so fast, my royal pains in the neck!
Princess Fragrance: (fires her gun at Ladybug. Once it hits her, she slides down on the bridge. Princess Fragrance grins evilly, before it revealed that Ladybug has a clothespin on her nose)"
princess_fragrance_ladybug_0002,Pont des Arts. Princess Fragrance is about to wed Prince Ali.,"Princess Fragrance: Servants, attack! And take her earrings!
Ladybug: Snap out of it, Cat Noir! It's me, Ladybug!
Cat Noir: ♫ Give me your Miraculous! ♫"
princess_fragrance_ladybug_0003,Pont des Arts. Princess Fragrance is about to wed Prince Ali.,"Ladybug: (sees the boat full of fireworks that André mentioned to Prince Ali earlier. She tosses her yo-yo around the lamp post behind her) Can't hit me! (Cat Noir continues to try hitting Ladybug) Miss! (giggles) (Cat Noir extends his staff, picking up Ladybug) Yeah!
Ladybug: Nice of you to drop in
Cat Noir: ♫ Give me your Miraculous! ♫"
princess_fragrance_ladybug_0004,Le Grand Paris rooftop pool. Princess Fragrance watches as the fireworks clear out the giant perfume cloud,"Princess Fragrance: This city is not for us. Too many people want to bother us. Let's go far away from here, my prince! (Very) far!
Ladybug: (above them) Leaving so soon? But the party just got started!
Princess Fragrance: (angry) You! You are ruining everything! So now I'll ruin you!
Ladybug: Lucky Charm! (a balloon appears)"
princess_fragrance_ladybug_0005,Le Grand Paris rooftop pool. Princess Fragrance watches as the fireworks clear out the giant perfume cloud,"Ladybug: Lucky Charm! (a balloon appears)
Ladybug: A balloon? What am I supposed to do with this?
Princess Fragrance: You can't escape, Ladybug! It's over!
Ladybug: No more evil-doing for you, little akuma. Time to de-evilize! (captures the akuma) Gotcha! (releases the purified butterfly) Bye bye, little butterfly"
princess_fragrance_ladybug_0006,Le Grand Paris rooftop pool. Princess Fragrance watches as the fireworks clear out the giant perfume cloud,"Ladybug: No more evil-doing for you, little akuma. Time to de-evilize! (captures the akuma) Gotcha! (releases the purified butterfly) Bye bye, little butterfly
Ladybug: Miraculous Ladybug! (throws the Lucky Charm into the air and it turns everything back to normal)()(
Cat Noir: What am I doing in here? And where's Ladybug?"
princess_fragrance_ladybug_0007,Le Grand Paris rooftop pool. Princess Fragrance watches as the fireworks clear out the giant perfume cloud,"Prince Ali: (sees Ladybug) And who are you?
Ladybug: (giggles) Never mind, I'll leave you to chat with your number one fan. Bug out! (leaves and she gives Prince Ali and Rose some privacy)
Rose: Know how you always helping sick children around the world? And I just wanted you to know that you're the most kindhearted person I ever met!"
protection_ladybug_0001,Place du Châtelet. Riposte Prime prevents Marinette from escaping.,"Ladybug: Olive oil?
Ladybug: Hi, kitty cat!
Cat Noir: M'lady! Just in time!"
protection_ladybug_0002,Place du Châtelet. Riposte Prime prevents Marinette from escaping.,"Cat Noir: We already saved that girl before. She can't be what you say she is!
Ladybug: Cat Noir is right. You're mistaken!
Riposte Prime: You can't pretend to know someone you just crossed paths with! I know her better than you do!
Ladybug: How about a well-oiled baseball game?"
protection_ladybug_0003,Place du Châtelet. Riposte Prime prevents Marinette from escaping.,"Ladybug: Miraculous Ladybug!
Ladybug: Kagami. Take this magical cha—
Kagami: (lets go of Ladybug's hand) It won't solve my problems
Ladybug: Uh— Cat Noir! I— I... have an urgent appointment. Thanks! Bug out! (gives Cat Noir the magical charm and swings away)"
psycomedian_ladybug_0001,Outside Grand Palais.,"Psycomedian: From now on, people will take me seriously and tremble with fear! (honks at them)
Ladybug: Don't look at him!
Cat Noir: No problem. I don't like creepy clowns faces anyway"
psycomedian_ladybug_0002,Outside Grand Palais.,"Cat Noir: For a comedian, he's really not that funny
Ladybug: That's his problem actually. He doesn't wanna make people laugh anymore. Lucky Charm! (A makeup kit appears) A makeup case?
Cat Noir: Perfect for going out in style
Ladybug: Of course! I can defeat him with my eyes closed
Cat Noir: You mean... literally?
Ladybug: Yes. But you'll have to be my eyes, kitty. (winks)
Cat Noir: Clever, m'lady"
psycomedian_ladybug_0003,Parisian streets.,"Cat Noir: Now, Ladybug!
Ladybug: Boohoo! (opens her eyes and snatches his nose)
Psycomedian: Hey! That's not fair!
Ladybug: Cat Noir, now! (tosses Psycomedian's nose to Cat Noir)"
psycomedian_ladybug_0004,Parisian streets.,"Cat Noir: M'lady, things are looking up!
Ladybug: HEY, LET GO OF ME RIGHT NOW!!! ARGH!!!!!
Shadow Moth: (from his lair) Don't let them get away! Ladybug is right there!"
psycomedian_ladybug_0005,"Back at the Parisian streets, Cat Noir is trying to stop Ladybug's rage.","Cat Noir: M'lady, Psycomedian made you lose control of your emotions. Just breathe, calm down
Ladybug: I'M (PERFECTLY) CALM!!! YOU'RE THE ONE GETTING ON MY NERVES WITH YOUR KILLJOY KITTY ADVICE! UGH!! AND ALL THESE ADS, EVERYWHERE, THEY MAKE ME (
SICK!!!: ) ((growling))"
psycomedian_ladybug_0006,"Then at the Parisian rooftops after the transformation, Cat Noir is carrying Ladybug wrapped around with a rug.","Plagg: (mumbles ""I don't know"")
Ladybug: (
LET ME OUT OF HERE!!!!!!: )"
psycomedian_ladybug_0007,"Then at the Parisian rooftops after the transformation, Cat Noir is carrying Ladybug wrapped around with a rug.","ME: ) RECKLESS??!? THAT'S A JOKE! ((growling))
Ladybug: (
LUCKY CHARM!!: ) (A motorcycle helmet appears) ("
psycomedian_ladybug_0008,"Then at the Parisian rooftops after the transformation, Cat Noir is carrying Ladybug wrapped around with a rug.","Cat Noir: Why'd you just do that!? It was obvious for once! We just had to put it on Psycomedian's eyes to keep him from using his powers!
Ladybug: YEAH, IT WAS (
SO: ) OBVIOUS THAT IT MADE ME MAD!!! ("
psycomedian_ladybug_0009,Le Grand Paris.,"Cat Noir: Ha! That was funny!
Ladybug: (
YOU!: ) YOU'RE ABOUT TO ("
psycomedian_ladybug_0010,Le Grand Paris.,"Psycomedian: You got something on your shirt, kitty?!
Ladybug: (
HE'S LYING!!!!!!!!! STAY FOCUSED!!!!!!!! HIII-YAAH!!!!!!!: ) SO, ARE YOU DONE YET, KITTY!? OR DO I HAVE TO DO THIS ON MY OWN (TOO?!?!?)"
psycomedian_ladybug_0011,Le Grand Paris.,"Cat Noir: There! He's immobilized. Let's go for the belt bag. (superpower sequence activated) Cataclysm! (destroys the belt bag as the Akuma flies away)
Ladybug: THERE! IT'S OVER! EVERYONE CAN GO HOME NOW!!! TIME TO DE-EVILIZE!!!! (catches the Akuma) (
GOTCHA!!!: ) (opens her yo-yo and a cured white butterfly flies out) GET LOST, LITTLE BUTTERFLY! (throws the broken helmet in the air) (ALRIGHT ALREADY, MIRACULOUS LADYBUG!!!)
Ladybug: Phew"
psycomedian_ladybug_0012,Le Grand Paris.,"Ladybug: Yes. Thanks
Ladybug: This is a magical charm. As long as you carry it with you, you can't get akumatized again
Harry: Oh, thank you, Ladybug and Cat Noir. I really would've loved to have a superpower, just like you
Ladybug: But you do have one, Harry. You make people happy!
Harry: I wish I could've touched their hearts
Ladybug: Joy (is) an emotion. Probably the most beautiful and hardest one to create
Harry: (becomes happy) Hey, Bob!"
qilin_ladybug_0001,Hôtel de Ville.,"Cat Noir: She's impossible to catch!
Ladybug: Not to mention even getting near her!
Cat Noir: How do we break the object that holds the akuma?"
qilin_ladybug_0002,Hôtel de Ville.,"Cat Noir: Not such a fan of this one!
Ladybug: Do any of you know what injustice this super villain's talking about?
Guard 2: How would I know? she started it"
qilin_ladybug_0003,Hôtel de Ville.,"Ladybug: What you don't know kitty cat is that for Marinette to appear I'd have to de-transform. That's pretty risky, I better be sure it'll work and calm down mom before I do it
Ladybug: Qilin, Roger, it's silly to fight over a few bus tickets!
Roger and Qilin: It's not a matter of tickets, it's a matter of principle!
Ladybug: If we find the girl who has them we can prove that all of this was just a misunderstanding!"
qilin_ladybug_0004,Hôtel de Ville.,"Qilin: Really? They would stop attacking me?
Ladybug: I promise you
Qilin: Take these handcuffs off me!"
qilin_ladybug_0005,Hôtel de Ville.,"Ladybug: A ray Gun?
Ladybug: To stop this, all we need to do is remove those handcuffs and I just need the key to do that, so why a ray gun? (to Roger) Roger, give me your keys!
Ticket Inspector: Are you out of your mind? She's already unstoppable with handcuffs, if we take them off she'll destroy everything!"
qilin_ladybug_0006,Hôtel de Ville.,"Shadow Moth: Nooo!!!
Ladybug: No more evil-doing for you, little akuma! (swipes open her yo-yo) Time to de-evilize! (captures the akuma) Gotcha! (opens her yo-yo and releases the purified butterfly) Bye-bye, little butterfly! (throws up her lucky charm) Miraculous Ladybug!! (The magical ladybugs repair the Hôtel de Ville and all back to normal. Ladybug takes a magical charm out of her yo-yo and hands it to Sabine.) Here is a magical charm. Always keep it with you, it'll protect you from Shadow Moth
Ladybug and Cat Noir: Pound it!"
queen_banana_ladybug_0001,"Rooftops of Paris. Cat Noir appears, much to Queen Banana and Banana Boom-Boom's surprise.","Queen Banana: (cackles) Of course not, banana head! Banana Boom-Boom, grab her! (Ladybug grabs Zoé on board the scooter, and they drive away from Banana Boom-Boom.)
Ladybug: Cat Noir, cover us!
Cat Noir: Cataclysm! (Queen Banana drives off the sentimonster, which makes Cat Noir accidentally hit him with the cataclysm. As a result, the sentimonster goes berserk and roars crazily. Ladybug facepalms.) (In a high-pitched tune) Oops. (Banana Boom-Boom attacks him and the surroundings.)"
queen_banana_ladybug_0002,Metro.,"Zoé: (fearing) But Chloé's gonna be furious, she used to be Queen Bee!
Ladybug: Chloé will never know it's you. Unlike her, (places a finger to her lips) you'll keep your identity a secret. And once the job is complete, you will return the Miraculous to me
Zoé: I can't do it, I'm not strong enough, I—
Ladybug: (places hand on Zoé's shoulder) I know you can do this"
queen_banana_ladybug_0003,Streets of Paris. Ladybug dodges the explosive bananas but trips.,"Queen Banana: (cackles) And what are you going to defend now that you're a banana? (She puts her banana gun away. To Ladybug and Cat Noir.) Now see what happens to people who don't see things my way? Give me your Miraculous! (She tries to pull out the banana gun, but it's stuck.)
Ladybug: (showing the tube of glue) This Lucky Charm glue is really good. And so is Vesperia, don't you think, Cat Noir?
Cat Noir: You counted your bananas before they were peeled, Queen Banana"
queen_banana_ladybug_0004,Streets of Paris. Ladybug dodges the explosive bananas but trips.,"Ladybug: No more evil-doing for you, little akuma. Time to de-evilize! (She catches them with her yo-yo.) Gotcha! (Opening the yo-yo.) Bye-bye, little butterfly. Bye, little feather. (Throws the box which came with the scooter up.) Miraculous Ladybug! (The damage is repaired.)
Ladybug &amp; Cat Noir: Pound it!
Chloé: I hate you, Ladybug! And you, Vesperia. You're only a fake version of Queen Bee"
queen_banana_ladybug_0005,Streets of Paris. Ladybug dodges the explosive bananas but trips.,"Chloé: I hate you, Ladybug! And you, Vesperia. You're only a fake version of Queen Bee
Ladybug: You need to learn to control your anger, Chloé. (She creates a Magical Charm.) There is a way I can help you, if you want
Chloé: I don't want anything from you! You're non-existent to me, you're Lady-nothing-at-all! (She storms off.)"
queen_banana_ladybug_0006,Streets of Paris. Ladybug picks up the Magical Charm.,"Cat Noir: We'd better recharge our kwamis before Shadow Moth akumatizes her again. (Bowing.) Vesperia, m'lady. (He jumps off.)
Ladybug: This Magical Charm can help Chloé escape Shadow Moth's influence, but I can't force her to wear it
Vesperia: (holds Ladybug's hands) I know how to do it"
queen_wasp_queen_s_battle_part_2__ladybug_0001,"Métro platform. Nadja and her cameraman are running down the stairs. Across the platform, Cat Noir is waiting.","Sabine: Ladybug, thank you so much!
Ladybug: You're welcome, mo— madam and sir! I'll take care of the driver
Queen Bee: (in front of Nadja's camera) You're welcome. It was nothing. I was merely—
Ladybug: (comes running) Queen Bee! This was (your) doing!
Queen Bee: Oh, Ladybug, you're too kind! This was teamwork. Oh, how amazing is this⁈ We're a team now!
Ladybug: You're the one who paralyzed the metro driver, aren't you? You used your power to create this situation just to make yourself look good!
Queen Bee: Who cares? We saved them, didn't we?"
queen_wasp_queen_s_battle_part_2__ladybug_0002,"Métro platform. Nadja and her cameraman are running down the stairs. Across the platform, Cat Noir is waiting.","Cat Noir: (gasps) Did (you…) lose a Miraculous⁈
Ladybug: Uh… (takes Cat Noir by the hand to lead him away from camera; whispering) Listen, you lost a Miraculous once, too! May I remind you I was busy taking care of Style Queen, (all by myself? (Cat Noir looks shocked; Queen Bee runs up the stairs; both see this) Queen Bee— Chloé, wait! Chloé!
Cat Noir: Wherever she is, she must've transformed back by now
Ladybug: She's probably gone home. I'll pay her a visit and get the Miraculous back!
Cat Noir: I'll come with you"
queen_wasp_queen_s_battle_part_2__ladybug_0003,"Le Grand Paris, roof. Ladybug and Cat Noir land and jump down to Chloé's balcony. They sneak into her room.","Queen Bee: You can count on me, Hawk Moth. I'll teach them to respect me. (transforms into Queen Wasp)
Ladybug: Chloé?
Cat Noir: Queen Bee?
Ladybug: Looks like she's not here. Let's go!
Cat Noir: What's that, an insect bite?
Ladybug: That's impossible, she can only use her special power once, like my Lucky Charm. She should've transformed back. (they hear buzzing; wasps fly towards them in an arrow formation) Cat Noir, watch out!"
queen_wasp_queen_s_battle_part_2__ladybug_0004,"Le Grand Paris, roof. Ladybug and Cat Noir land and jump down to Chloé's balcony. They sneak into her room.","Ladybug: (the wasps take the form of two darts) Run!
Ladybug: Hawk Moth must've akumatized her while she was still Queen Bee
Cat Noir: I bet the Akuma's in her Miraculous
Ladybug: That makes sense, but Miraculous are indestructible. We will need your Cataclysm to release the Akuma
Cat Noir: You know I'm all yours, M'Lady. We just have to find out how to capture it without getting stung"
queen_wasp_queen_s_battle_part_2__ladybug_0005,"Le Grand Paris, roof. Ladybug and Cat Noir land and jump down to Chloé's balcony. They sneak into her room.","Queen Wasp: I was just having a bit of fun, Hawk Moth… before delivering the final sting!
Ladybug: Jump! (they jump in the water; the wasps that were following, stop just above the water surface)
Queen Wasp: You can't escape my wasps! Bring Ladybug and Cat Noir to me! Dispersal!"
queen_wasp_queen_s_battle_part_2__ladybug_0006,"Le Grand Paris, roof. Ladybug and Cat Noir land and jump down to Chloé's balcony. They sneak into her room.","Ladybug: No more evil-doing for you, little Akuma. (opens her yo-yo) Time to de-evilize! (catches the Akuma) Gotcha! (releases the now-purified Akuma) Bye bye, little butterfly. Miraculous Ladybug! (The Miraculous Cure spreads out, fixing the Bee Miraculous)
Ladybug &amp; Cat Noir: Pound it! (they fistbump)
Ladybug: I (have) to get the Miraculous back, Chloé. (in the background, Nadja's van arrives)"
queen_wasp_queen_s_battle_part_2__ladybug_0007,"Le Grand Paris, roof. Ladybug and Cat Noir land and jump down to Chloé's balcony. They sneak into her room.","Cat Noir: (puts a hand on Chloé's shoulder) I know that you did the things you did to impress your mother
Ladybug: Anyone can make mistakes, even a superhero. What matters is how you fix them. I personally made one by losing that Miraculous. Don't make the mistake of (not) giving it back. Act like a hero
Cat Noir: And show everyone how exceptional you can be
Ladybug: Thank you"
re_creation_the_final_day_part_2__ladybug_0001,"One month later. Exterior, the Agreste mansion, by the courtyard. The white light transitions to Adrien's face, with Marinette giving him a peck on his lips to wake him up. Adrien gets up and sees their friends throwing a summer party in the mansion's courtyard — Zoé and Nino with Rose perched up on Nino's shoulders are seen running along the garden, Alix and Nathaniel painting a mural on the courtyard's wall, Kim and Max swimming with Fang in the mansion's pool, Sabrina and Marc juggling a soccer ball, and the rest of their friends playing around in the pool. Jagged and Luka are also seen playing the guitar, with Su-Han doing a handstand, Kagami sketching Félix by the side of the pool, and Placide I.T. serving drinks to Nathalie and Amélie. Markov projects a screen in the middle of the garden as Penny signals them to watch the broadcast.","Gimmi: So be (it).[1]
Penny: Everyone, quick! It's starting!
Alec: (from the broadcast) Hello, folks, and welcome to Nouveau Monde! Mayor Caline Bustier, it's an honor! It's only been a few weeks since you became the new Mayor of Paris, and you've already completely transformed your city. What's your superpower? And hello to Harmonie, as well! (coos) Hewwo, little baby!"
reflekdoll_ladybug_0001,"The Trocadéro. The friends are in the middle of the photo shoot, laughing as they do so.","Adrien: Plagg? (Plagg!)
Lady Noire: (attacking Reflekdoll) Ahh!
Adrien: Oh?"
reflekdoll_ladybug_0002,The Eiffel Tower. Lady Noire dodges Reflekdoll's attacks.,"Adrien: (takes the Miraculous) Hm! Well...!
Lady Noire: Ah! Ah! Ah!
Mister Bug: Well, M'Lady Noire, it looks like you're playing the (easy) part today!
Lady Noire: Not so sure about that! (blocks Reflekdoll's attack with her staff) Looks like we'll be taking on two opponents with each other's power!"
reflekdoll_ladybug_0003,The Eiffel Tower. Lady Noire dodges Reflekdoll's attacks.,"Lady Noire: Not so sure about that! (blocks Reflekdoll's attack with her staff) Looks like we'll be taking on two opponents with each other's power!
Lady Noire &amp; Mister Bug: (dodge Reflekdoll's laser) Ah!
Lady Noire: Stay focused, Mister Bug. Use the yo-yo as a shield!"
reflekdoll_ladybug_0004,Eiffel Tower.,"Mister Bug: Just my luck, I'm gonna have to capture two akumas instead of one!
Lady Noire: No! One akuma, and one (amok!) (Reflekdoll attacks, Lady Noire tackles Mister Bug to save him.)
Mister Bug: Ahh!
Lady Noire: Reflekta has been reakumatized by Hawk Moth, but that giant doll of hers is a sentimonster, created by the owner of the Peacock Miraculous! (attacks Reflekdoll) Hah!
Mister Bug: (attacks Reflekdoll) Hah! Okay, so we have to find Reflekta's akumatized object, (and) the baby monster's amok! (They block another laser beam.)
Lady Noire: Can you manage, or should we switch back?
Mister Bug: C'mon, I'm totally capable of doin' it. I just need to use my Lucky—!
Lady Noire: (grabs his arm) No, wait!
Mister Bug: Why'd you do that?
Lady Noire: Because it's too early. You don't know enough about your opponent yet!
Mister Bug: (tackles her) Watch out!
Lady Noire: Ah!
Mister Bug: It's Reflekta controlling a giant doll! (pulls her away from a laser)
Lady Noire: (They run past Reflekdoll.) But you don't know where the akuma and amok are hiding!
Mister Bug: The akuma's probably in the same place as the first time we fought her— in her bracelet! (They bound up the Eiffel Tower.)
Lady Noire: Maybe! We're gonna have to check that
Mister Bug: If I could just get my hands on a mirror, I'd be able to reflect her own beam (back) at her! (They land on the first floor of the Eiffel Tower.)
Lady Noire: That's not how it works! (They dodge a laser. Reflekta growls with frustration.) The Lucky Charm doesn't just give you what you (want.)
Mister Bug: We'll see about that. Watch and learn! Lucky Charm! (a mirror appears) A mirror!
Lady Noire: (gasps) Beginner's luck!
Mister Bug: You're just jealous of my mastery, that's all
Lady Noire: Hmph! (They hear a loud )bong( and rush over to see Reflekdoll climbing the side of the Eiffel tower. Reflekta holds onto its face, and shoots at them with her bracelet. Mister Bug reflects Reflekta's own beam back at her, and she's knocked down into Reflekdoll. She growls as she makes Reflekdoll charge a large beam at them. They jump back.)"
reflekdoll_ladybug_0005,Eiffel Tower.,"Lady Noire: Hmph! (They hear a loud )bong( and rush over to see Reflekdoll climbing the side of the Eiffel tower. Reflekta holds onto its face, and shoots at them with her bracelet. Mister Bug reflects Reflekta's own beam back at her, and she's knocked down into Reflekdoll. She growls as she makes Reflekdoll charge a large beam at them. They jump back.)
Lady Noire: (sarcastically) (Very) effective, Mister Bug!
Mister Bug: But, I thought
Lady Noire: May I remind you that the Lucky Charm doesn't just give you an object to defeat the villain with? You actually have to figure out (exactly) how to use it to win the battle! Using your (head!) (She bonks his head with her staff. Reflekdoll reaches them.) Now that you've used up your Lucky Charm— (blocks a beam) you've only got a few minutes left— uh! (blocks another beam) Before you transform (back, Bugaboy!)
Mister Bug: Why don't you try (helping) me instead of making fun of me!? (They dodge a beam.)
Lady Noire: Apparently, (Bugaboy) doesn't have a sense of (humor.)
Mister Bug: (jumping up the Eiffel Tower) Sounds like (you're) wearing the clown costume now!
Lady Noire: (twirling her staff) You bet! I'm the cunning, funny, and ultra-charming (Lady Noire!) Watch and learn. Cataclysm! (She cataclysms Reflekdoll's face.)"
reflekdoll_ladybug_0006,The Eiffel Tower.,"Mister Bug: You could at least show a bit of gratitude! (breaks her bracelet, the akuma flies out) Besides, I think we look pretty good in these costumes
Lady Noire: Don't forget to capture the akuma
Mister Bug: I've always wanted to do this! (opens his yo-yo) Playtime's over little akuma. Time to de-evillize! (captures the akuma) Gotcha! (releases a white butterfly) Bye-bye, little butterfly. (Juleka turns back into herself, but a stray beam from Reflekdoll immediately changes her into another Reflekta copy.) Oh well, whatever. I'll just fix everything back up, anyway. Mira—!
Lady Noire: (grabs his arm) You might wanna stop Reflekdoll from destroying anything else (before) we go around repairing everything. (charges toward it) Haaah!
Mister Bug: (looks around, trying to figure out how to use his Lucky Charm) Okay, I admit it. It's not easy being a super Ladybug
Lady Noire: (keeping Reflekdoll occupied) And I admit that I (like) wearing your costume. It's a lot lighter on the shoulders. (They hide behind a chimney)
Mister Bug: I'll never be able to do this without you, m'lady
Lady Noire: Reflekta was controlling the doll from inside its eye. We're gonna have to get inside there and find the object containing the amok!
Mister Bug: But... how can we do that without getting hit by its beam?
Lady Noire: Why don't we just figure out how to use this mirror? You're a simple, straightforward guy
Mister Bug: Thanks for the 'simple' part
Lady Noire: While (I) always tend to come up with convoluted plans
Mister Bug: Not to say, surreal
Lady Noire: Of course! Simple and straightforward! (peers over at Reflekdoll) That access panel on the back of its head, (that's) how we're gonna get in. And all we need is a
Mister Bug: A screwdriver!
Lady Noire: Or a coin! (points at the mirror)
Mister Bug: That's right! Or something big and round (like) a coin!
Lady Noire: Mmhmm. (She trips Reflekdoll, and Mister Bug ties it up with his yo-yo.)
Mister Bug: I would've just asked for a huge coin if I'd known
Lady Noire: Sure, but you can never know in advance. (Mister Bug opens the panel with the mirror.) The stick shift is a hair clip!
Mister Bug: You're the best, m'lady! (Lady Noire breaks the helm with her stick, releasing the amok.) Time to de-evillize! (captures the amok) Gotcha! (releases a white feather) Bye-bye, little feather. (throws up his Lucky Charm) Miraculous Mister Bug! (The citizens cheer as the magical ladybugs turn everyone back to normal.)"
reflekdoll_ladybug_0007,The Eiffel Tower.,"Mister Bug: You're the best, m'lady! (Lady Noire breaks the helm with her stick, releasing the amok.) Time to de-evillize! (captures the amok) Gotcha! (releases a white feather) Bye-bye, little feather. (throws up his Lucky Charm) Miraculous Mister Bug! (The citizens cheer as the magical ladybugs turn everyone back to normal.)
Lady Noire &amp; Mister Bug: (fist bump) Pound it!
Hawk Moth: (clenching his fist) We (failed) yet (again!)"
reflekdoll_ladybug_0008,Paris rooftops. Lady Noire and Mister Bug bound across them.,"Tikki: Goodbye, Adrien! (takes the miraculous, which turn round and polka-dotted when she grabs them, and flies away)
Lady Noire: Claws in! (She detransforms. Plagg falls into her hands, and she gives him a bite of a macaron.)
Marinette: Bye-bye, Plagg. (hands over the disguised miraculous, which is rose gold) That was really awesome!"
reflekta_ladybug_0001,"Principal Damoclès' office. Marinette is still hiding under the desk, Chloé and Sabrina are searching for her.","Reflekta: You won't get rid of me by locking me in the bathroom this time!
Ladybug: (gasps) Juleka! (jumps in front of Reflketa) Juleka, stop this now!
Reflekta: I'm not the Juleka nobody notices anymore! Now, I'm the unmistakable (Reflekta!)"
reflekta_ladybug_0002,"Principal Damoclès' office. Marinette is still hiding under the desk, Chloé and Sabrina are searching for her.","Reflekta: I'm sure you're going to love your new image, Ladybug!
Ladybug: Thanks but no thanks, I prefer the one I've got!
Reflekta: You sure? Ask Cat Noir. I'm sure he (loves) his new look! (tries to transform Ladybug while giggling, but she dodges all rays)"
reflekta_ladybug_0003,"Paris, Reflekta continues transforming everyone.","Ladybug: You haven't just lost your body, Cat Noir. I think you've lost your sense of humor too!
Ladybug: (On TV) People of Paris! Reflekta is not invincible! You can help, all you have to do is put on a disguise! Then I'll be able to spot the real Reflekta and bring her down!
Reflekta: Everyone must look like me, even you, Mr. Mayor!
Ladybug: Remember, put on a disguise!"
reflekta_ladybug_0004,TVi studio.,"Ladybug &amp; Cat Noir: Pound it!
Ladybug: Could you take this girl back to her school please, Mr. Bourgeois? (brings Juleka to the mayor)
Mayor Bourgeois: Yes, of course Ladybug!
Ladybug: Thank you! (her Miraculous beeps) See you later Cat Noir! Bug out!"
revelation_ladybug_0001,On the streets. Hoaxer's illusion of Marinette as Monarch continues to brainwash every Parisian with their Alliances.,"Cat Noir: You were used by an akumatized supervillain. (Ladybug lowers him down.) But don't worry, we'll fix it!
Ladybug: So, you just need to remove the ring to escape Hoaxer's influence
Cat Noir: Good to know, but... we're not supposed to take (everyone's) rings off, are we?
Ladybug: (takes the Alliance ring from Cat Noir's hand) We need to get Hoaxer to come out of her ring and reveal herself. (examines the Alliance ring) But how?"
revelation_ladybug_0002,On the streets. Hoaxer's illusion of Marinette as Monarch continues to brainwash every Parisian with their Alliances.,"Ladybug: Lucky Charm!
Ladybug: I have an idea, but we need some very special items. I'll go grab them. In the meantime, you create a diversion
Cat Noir: No problem! I'm great at diverting new audiences"
revelator_ladybug_0001,Underground subway,"Ladybug: You can stop transforming back
Cat Noir: There's always room to evolve
Ladybug: Each one of you has already accomplished so much. (King Monkey detransforms. Vesperia rushes into a locker as she detransforms.) Together we foiled so many threats
Cat Noir: You'd be able to resist the temptation of evil
Ladybug: I entrusted you with your miraculous because I know you're good people"
revelator_ladybug_0002,Underground subway,"Ladybug: I entrusted you with your miraculous because I know you're good people
Ladybug: You're heroes!
Everyone: Pound it! (all fist bump)"
revelator_ladybug_0003,"Dupain-Cheng's Residence, Marinette's bedroom","Tikki: Whether you lied or not, this Vincent Secret would have made up some other fake stories to gossip about
Ladybug: (from the events of Miraculous London, At The Edge of Time: footage) But thanks to the heroic sacrifice, we are finally free from Monarch
Marinette: I couldn't tell Adrien the truth. He would have been completely ruined if he found out that Monarch was his own father"
revelator_ladybug_0004,"On the streets. Revelator runs across the rooftops, he drops down in front of a civilian.","Ladybug: I hope so
Ladybug: Cover us, Cat Noir!
Rena Rouge: I thought we were no longer keeping secrets from each other. (A Tram passes by, concealing them) Mirage!"
revelator_ladybug_0005,"Back on the streets. Cat Noir gets kicked onto the ground. Revelator shoots the illusions of Rena Rouge and Ladybug, making them fade.","Ladybug: Only so we could take Revelator by surprise
Ladybug: No more evil doing for you, Ultrakuma. (spins yo-yo around) Time to de-evilize! (captures Ultrakuma; yo-yo closes) Gotcha! (releases butterfly) Bye bye, little butterfly
Cat Noir: Maybe it was meant to erase the secret Rena Rouge found out?"
revelator_ladybug_0006,"Back on the streets. Cat Noir gets kicked onto the ground. Revelator shoots the illusions of Rena Rouge and Ladybug, making them fade.","Cat Noir: How come it didn't work, m'lady??
Ladybug: Nothing's broken...Secrets are not physical damage
Cat Noir: Ladybug's power can fix things, not destroy them
Ladybug: (Gets an idea and looks at Cat Noir) This time to repair things we have to destroy them
Cat Noir: But isn't that wrong?"
revelator_ladybug_0007,"Back on the streets. Cat Noir gets kicked onto the ground. Revelator shoots the illusions of Rena Rouge and Ladybug, making them fade.","Rena Rouge: (Turns around) Did what work?
Ladybug: Well done, Cat Noir
Rena Rouge: Did I miss something?
Ladybug: Only a part of it"
revelator_ladybug_0008,"Back on the streets. Cat Noir gets kicked onto the ground. Revelator shoots the illusions of Rena Rouge and Ladybug, making them fade.","Ladybug: Only a part of it
Ladybug: People should be free to have secrets and share them with whomever they want whenever they want if they (want) to
Vincent: And what am I supposed to do? Huh? Secrets are my thing"
revelator_ladybug_0009,"Back on the streets. Cat Noir gets kicked onto the ground. Revelator shoots the illusions of Rena Rouge and Ladybug, making them fade.","Cat Noir: And stop telling lies about people's private lives
Ladybug: The only time it's ok to reveal people's secrets is when someone is in danger
Chrysalis: I too have secrets. Everyone has secrets. So do you. You, too, have lied Ladybug"
reverser_ladybug_0001,Somewhere in Paris above the road. Reverser is flying on his plane. Marinette grabs a hold of his arm with her yo-yo.,"Marinette: Where did operation ""Comic Book"" go wrong? We better find out!
Ladybug: Stop, Reverser, listen! We don't need to fight, so (please) make the right choice and give up, Reverser!
Reverser: You talk a lot, Ladybug. But what will you do without your powers? Reversion! (throws paper plane)"
reverser_ladybug_0002,Somewhere above a river. Reverser is flying with Ladybug still attached to his arm. He stops to throw yet another plane.,"Cyclist: Wah! S-Sorry! How do I ride a bike?! Uuaaahh!
Ladybug: Oh no!
Cyclist: AAAAAAAH!!! (Ladybug saves the man) Thank you, Ladybug!
Ladybug: (sees paper plane approaching, blocks it with arms, to no avail) Aah! Ugh"
reverser_ladybug_0003,Somewhere above a river. Reverser is flying with Ladybug still attached to his arm. He stops to throw yet another plane.,"Cat Noir: (dodges) Oh, yeah, I'm so scared. Come on milady, let's wrap this up
Ladybug: Cat Noir, wait! (falls over) Aah!
Cat Noir: (distracted) M'lady?"
reverser_ladybug_0004,In the river. Cat Noir is trying to pull Ladybug through the water. They both use their weapons as oxygen masks.,"Reverser: All I want is to know where Nathaniel and Marinette are! RIGHT NOW!
Ladybug: Ah, even swimming is impossible with this curse
Cat Noir: (shivering) Achoo! Great. Now I'm sure I'm gonna catch a cold
Ladybug: (finds support on a concrete block) How are we gonna defeat him?
Cat Noir: What? You wanna face him again? I really don't wanna fight that bad guy! He looks so mean
Ladybug: We don't have a choice, Cat Noir. Reverser is looking for a boy named Nathaniel. We've gotta find him before he does. Luckily, I know where to look
Cat Noir: I can't do it! The stairs are too high. It's making me dizzy
Ladybug: (sighs, then sticks out her hand) Come on, little kitty. Here, kitty kitty. That's it, we're good. (Cat Noir whimpers.) See? You're gonna be just- WOAH! (falls over, yet again) Uugghh...We're not outta the woods yet"
reverser_ladybug_0005,In front of Collège Françoise Dupont. Cat Noir gets out of a taxi covered in a blanket.,"Ladybug: Sorry about that. He's not quite himself right now. (closes the door, yo-yo is stuck)
Ladybug: Ughh!
Jean-Pierre: I hate art and music! Let's destroy it all!
Ladybug: (holds onto the railing) Reverser got here first! (looks down at a drawing) Look! The Louvre is in almost every single one of Nathaniel's drawings"
reverser_ladybug_0006,"Inside the Louvre. Alix is skating around, talking to Nathaniel, who's sitting on a bench.","Nathaniel: Hmm, do you think I jumped the gun a bit?
Ladybug: Nathaniel! We need you, it's an emergenc- WHA! (trips over Cat Noir, Nathaniel and Alix stare in shock and confusion) This is getting tiring
Nadja: It's been confirmed, ten thousand tons of garbage have just been released from space and are about to rain down on Paris, unless mayor Bourgeois cancels the process, the city will soon be under a mountain of trash. The man behind the chaos, Supervillain Reverser has given an ultimatum"
reverser_ladybug_0007,"Inside the Louvre. Alix is skating around, talking to Nathaniel, who's sitting on a bench.","Cat Noir: AAH!
Ladybug: Ugh!
Alix: (offering her hand) It looks to me like you're going to need a helping hand"
reverser_ladybug_0008,"On the ground before the Eiffel Tower. Police are present, the four step out of a cab.","Alix: (looking at the sky) That's strange, the stars are out early
Ladybug: Those are not stars! The trash is entering the atmosphere! In just a few minutes, it'll be like having a meteor shower, except with dumpsters instead! (Cat Noir is shivering) Don't be scared, Cat Noir. We can do this
Cat Noir: (he takes his hood off his head) You're right, m'lady. Our powers may be all screwed up, but we still make a great team
Ladybug: Lucky Charm!"
reverser_ladybug_0009,"On the ground before the Eiffel Tower. Police are present, the four step out of a cab.","Ladybug: Ah! A bamboo-roll?
Ladybug: (using the traffic cone as a makeshift megaphone) Reverser! We're over here! I've got a deal for you. I'm gonna hand Cat Noir over to you now! (Cat Noir gasps) In exchange, you'll reverse Mayor Bourgeois to order the dumpsters back out into space! Only then will I give my miraculous and Nathaniel
Reverser: I'll only reverse the mayor back if I have Cat Noir (and) Nathaniel. Then I'll reverse Nathaniel, and he'll have no choice but to make a comic book with me!
Ladybug: (sighs) Okay!"
reverser_ladybug_0010,"On the ground before the Eiffel Tower. Police are present, the four step out of a cab.","Ladybug: You have to trust me. (hands Nathaniel her yo-yo) This is gonna work
Ladybug: (through the traffic cone) Cat Noir and Nathaniel are on their way! Return Mayor Bourgeois back and stop the space dumpsters!
Reverser: If you try to trick me, it'll cost you, dearly
Ladybug: What tricks do you actually think I can pull, Reverser? With the scaredy cat and me, super klutz, we don't stand a chance
Reverser: (grabs a paper plane in advance) What?!"
reverser_ladybug_0011,"On the ground before the Eiffel Tower. Police are present, the four step out of a cab.","Reverser: (continues throwing paper planes) Stay still you nasty fleabag!
Ladybug: (to Alix) Now turn back, a little to your right, Alix. (Cat Noir is still screaming) Yes, now a bit up. (through traffic cone) Cat Noir, now!
Cat Noir: (screaming) CATACLYSM! (disintegrates Reverser's paper plane)"
reverser_ladybug_0012,"On the ground before the Eiffel Tower. Police are present, the four step out of a cab.","Alix: Hey, Ladybug, you're gonna need this. (throws her her yo-yo back)
Ladybug: No more evil-doing from you, little akuma. Time to de-evilize! (captures akuma and purifies it) Gotcha! Bye-bye, little butterfly
Cat Noir: Cool. Feels good to be ourselves again"
revolution_ladybug_0001,"On the rooftops, Ladybug and Cat Noir watch Chloé's interview on Ladybug's Bugphone.","Cat Noir: Shall we go?
Ladybug: We can't do that
Cat Noir: Of course, we can! We have to! We can't let Chloé make up the rules
Ladybug: If she were akumatized, it'd be easy. Find the object, break it, de-evilize her
Cat Noir: But there is no object, and we can't attack someone who isn't akumatized, or we'd look like the supervillains
Ladybug: Surely someone will handle the situation
Cat Noir: You're right. Adults, an authority figure
Ladybug: And we carry on playing our role: fighting Monarch"
revolution_ladybug_0002,Tom &amp; Sabine Boulangerie Patisserie. Ladybug swings in through the balcony and de-transforms,"Ladybug: And we carry on playing our role: fighting Monarch
Ladybug: (off-screen) Spots off!
Young Woman: Finally, someone young, like us, representing us!"
revolution_ladybug_0003,"Exterior, the Louvre. Queen Mayor stands in front of a podium on a stage before a large crowd of Parisians with lights directed at her","Ladybug: Yes, we step in! But she won't take us by surprise this time
Ladybug: Lucky Charm!
Cat Noir: A mira-kini? My power can't compete with your creativity, m'Lady. Cataclysm!"
revolution_ladybug_0004,"Exterior, the Louvre. Queen Mayor stands in front of a podium on a stage before a large crowd of Parisians with lights directed at her","Ladybug: It's time we teach you how to say the word correctly, Chloé. De-mo-cra-cy!
Ladybug: (gasps) Cat Noir! The Lucky Charm has disintegrated!
Cat Noir: Let me try! (attempts to break the shield with his powers, only to fail) My Cataclysm isn't working either!
Ladybug: It's as if the power of Protection had been mixed with the power of invulnerability to create these prisons!
Cat Noir: Miraculous powers?
Ladybug: Monarch!"
revolution_ladybug_0005,"Exterior, the Louvre. Queen Mayor stands in front of a podium on a stage before a large crowd of Parisians with lights directed at her","Ladybug: (opens her eyes and realizes Cat Noir's words are true) You can resist, too! We need more time!
Ladybug: (towards the crowd of Parisians) We only have a few seconds left until we transform back! We won't be able to be superheroes again. You're going to have to keep fighting without us. You can do it because you've already been doing it this whole time... by supporting us. Some did it by being Miraculous holders anonymously by our side! You all did it— by not giving in to fear! Despite Monarch's constant threats, if anyone can do something, it's all of you! It's always been you!
Mylène: She's right! We have to do something!"
revolution_ladybug_0006,"Exterior, the Louvre. Queen Mayor stands in front of a podium on a stage before a large crowd of Parisians with lights directed at her","Queen Mayor: Attack them! Put them in detention!
Ladybug: Cat Noir, we have to do like them! We have to keep fighting!
Cat Noir: They're not giving up, and (we're) not giving up!
Ladybug: We won't de-transform back!
Cat Noir: Never again!"
revolution_ladybug_0007,"Exterior, the Louvre. Queen Mayor stands in front of a podium on a stage before a large crowd of Parisians with lights directed at her","Miss Bustier: (waltzes towards her) It's time for this to stop, Chloé!
Ladybug: (to the teacher) The Megakuma must be in her sash!
Miss Bustier: No more evil-doing for you! (takes Queen Mayor's sash and rips it in half, releasing the Megakuma and powering down the robots, as well as breaking the Shell-ters that trapped Ladybug, Cat Noir, and everyone else)"
riposte_ladybug_0001,Adrien's car.,"Adrien: Nobody's denying that. My friend Marinette made a bad call earlier
Ladybug: He's right. Referee errors can happen in fencing. You don't have to get so bent out of shape about it
Riposte: (growls angrily and glares at them.)"
riposte_ladybug_0002,"At the Louvre Palace, Ladybug and Adrien arrive and slide down the Pyramid.","Ladybug: I'll feel better once your safe, far away from that girl. Come on, let's go
Ladybug: Akuma alert! You must leave now! Evacuate the premises calmly!
Officer Roger: This way ladies and gentlemen. (He begins to direct citizens away.)"
riposte_ladybug_0003,"At the Louvre Palace, Ladybug and Adrien arrive and slide down the Pyramid.","Ladybug: A safe place, a safe place... There!
Ladybug: I'm sorry, but at least you'll be safe in here! (She begins closing the lid.)
Adrien: (Grabs the lid.) Please be careful, Ladybug
Ladybug: Oh... I'll be fine. Thank you, and you stay out of harm's way, okay? (She closes the lid and places a kiss to it.)"
riposte_ladybug_0004,King Tut exhibit.,"Ladybug: No!
Ladybug: He's gone!
Cat Noir: (flustered) Uhh, who?
Ladybug: Riposte is trying to get revenge on Adrien Agreste! I hid him inside the sarcophagus!
Cat Noir: Maybe he was feeling a little... claws-trophobic?
Ladybug: (stares at him, speechlessly.)"
riposte_ladybug_0005,King Tut exhibit.,"Ladybug: Prêt...!
Ladybug: and
Cat Noir: Allez!
Ladybug: (As she runs her finger down the middle of her yo-yo.) No more evildoing for you, little akuma. (She spins her yo-yo and throws it at the akuma.) Time to de-evilize! (The akuma is captured) Gotcha! (She releases the purified akuma.) Bye-bye, little butterfly! (Ladybug throws the radiator into the air.) Miraculous Ladybug!("
riposte_ladybug_0006,King Tut exhibit.,"Adrien: Later. Shh! (He watches Ladybug and Kagami approach.)
Ladybug: You go on. I have to find someone
Kagami: Thanks. (She leaves.)
Ladybug: Where could he have gone?"
riposte_ladybug_0007,King Tut exhibit.,"Ladybug: The girl is safe. (Her earrings beep.) Oh no! I'm about to change back! (She glances between Adrien and Kagami's saber, then resigns herself and points to it) You should be the one to return that
Ladybug: Bug out! (She smiles and waves before departing.)
Announcement: The Akuma Alert has been called off. The Louvre will soon be opening. Thank you for your cooperation"
risk_shadow_moth_s_final_attack_part_1__ladybug_0001,Jardins du Trocadéro. Ladybug uses her power to fix everything from an off screen battle and her and the rest of the team go on top of the Jardins du Trocadéro garden.,"King Monkey: (laughs) Good one, Carapace!
Ladybug: Well, he won't stay in the shadows long if we all de-transform right here. Let's rendezvous later so you can all return your Miraculous to me
Cat Noir: Can I come with you?"
risk_shadow_moth_s_final_attack_part_1__ladybug_0002,Jardins du Trocadéro. Ladybug uses her power to fix everything from an off screen battle and her and the rest of the team go on top of the Jardins du Trocadéro garden.,"Ladybug: Yeah, but you'll always be my favorite! (kisses Cat Noir on the cheek) Mwah! Byeeee!
Ladybug: Rena Furtive!
Rena Furtive: You can go now. The coast is clear
Ladybug: (waves to Nino after her earrings ring) Bug out!
Rena Furtive: Another perfectly organized operation, Mademoiselle Ladybug! Let's rest. (de-transforms into Alya)
Ladybug: And perfectly secure thanks to you, Mademoiselle Rena Furtive! Spots off. (de-transforms into Marinette)"
risk_shadow_moth_s_final_attack_part_1__ladybug_0003,Gare du Nord. Ladybug flies over the station. The risk mark activates once more and Ladybug drops by the station.,"Ladybug: Adrien! Adrien, you can't leave, I need you!
Ladybug: Ah! What I mean is uh... Paris needs you! Cause you know, Paris without Adrien Agreste is kinda like, Paris without the Eiffel Tower! I saw that in the news, all Parisians said that you're leaving. They're all at risk of being akumatised! Talk to your father and tell him that you can't go away for such a long time!
Félix: I already talked to him, Ladybug, but he wouldn't listen
Ladybug: You HAVE to (insist!) Stand up to him, you have to trust yourself enough to take that risk!
Félix: I don't have the courage. Unlike you, I'm (not) a superhero"
risk_shadow_moth_s_final_attack_part_1__ladybug_0004,Roof of the Gare du Nord. Ladybug sadly climbs up and detransforms.,"Andre: Hey! I have a perfect ice cream for you, Mr. Villain! Hot pepper for some spice, sugar hazelnut for the ultimate thrill!
Ladybug: (moans sadly) Spots off
Marinette: (crestfallen) It's all over, Tikki"
robostus_ladybug_0001,Courtyard,"Robostus: And (you) cannot separate me from my friend Max!
Ladybug: If you truly love your friend, then you should listen to him, Robostus!
Cat Noir: (jumping down next to Ladybug) Yeah! Like we do!"
robostus_ladybug_0002,Courtyard,"Cat Noir: Well, yeah. That's kind of our job
Ladybug: Do you really think Max is happy about his best friend becoming a supervillain? (Robostus looks at Max)
Max: You should stop this, Markov"
robostus_ladybug_0003,Parisian rooftops. Ladybug and Cat Noir watch the mecha leap away from the school.,"Ladybug: Speak for yourself!
Ladybug: Cat Noir, there!
Armand: Go away! Go away!"
robostus_ladybug_0004,Parisian rooftops. Ladybug and Cat Noir watch the mecha leap away from the school.,"Armand: Thank you!
Ladybug: Cat Noir!
Xavier: Ooh!
Ladybug: Take care of the vending machines!"
robostus_ladybug_0005,Parisian rooftops. Ladybug and Cat Noir watch the mecha leap away from the school.,"Xavier: Thank you, Ladybug
Ladybug: Always a pleasure, Mr. Ramier
Cat Noir: M'Lady, take a look at this! (shows Ladybug a TVi newscast from his staff)"
robostus_ladybug_0006,Parisian rooftops. Ladybug and Cat Noir watch the mecha leap away from the school.,"Cat Noir: Aw, come on! She could've at least finished saying my name!
Ladybug: (notices there are machines everywhere in Paris) We'll never be able to defeat them all. We must fight the problem at its source!
Cat Noir: Given his size, we shouldn't have any trouble finding him
Ladybug: Hey look! (points at a trail of giant craters in the street)
Cat Noir: I think we're on the right track
Ladybug: No more footprints
Cat Noir: Well it couldn't've just disappeared. He must've leapt over the stadium!
Ladybug: (gasps) The tunnels!
Cat Noir: He's trapped us in here!
Ladybug: We don't have time to deal with them! We must find Robostus now!
Cat Noir: (stuck upside down) I told you that giant hard drive would be trouble!
Ladybug: How about you give us a Cataclysm right now?
Cat Noir: (stifled) I can't! I can barely breathe!"
robostus_ladybug_0007,Stade des Princes. Ladybug and Cat Noir arrive to find nothing there.,"Robostus: I want to be a real human like you, Max!
Ladybug: What's this about making a wish?
Cat Noir: (groans) Doesn't Hawk Moth usually demand the Miraculous?
Ladybug: (hears something and groans) Uh, wh–what's that?
Cat Noir: What's going on, Ladybug? M'Lady?"
robostus_ladybug_0008,Stade des Princes. Ladybug and Cat Noir arrive to find nothing there.,"Robostus: I am Robostus now! And you betrayed me! I don't wanna be human like you anymore! Humans don't have a heart! (traps Max with the seatbelts) And that's exactly why I've decided to get rid of 'em! (laughs as his mecha tries to punch Ladybug and Cat Noir, but they both dodge it)
Ladybug: Lucky Charm! (A harp appears. It starts to fall toward Ladybug, but the excavator grabs it in mid-air.) What?!
Robostus: I told you, Ladybug. I have analyzed and calculated everything! You can't win without your Lucky Charm! (to the cars) Grab her! Lock her in! She'll be the first to go!
Ladybug: Do your thing, Cat Noir!"
robostus_ladybug_0009,Stade des Princes. Ladybug and Cat Noir arrive to find nothing there.,"Cat Noir: Analyze this! (uses his Cataclysm on the mecha, destroying it and freeing the harp)
Ladybug: (grabs the harp and lands on the hood of another car) Protect Max!
Robostus: (flies up) You're making this hard only for yourselves, Ladybug and Cat Noir! I will always be one step ahead of you!
Ladybug: Speaking too soon is a human weakness, Robostus! (throws the harp up) Cat Noir! (Cat Noir throws up his staff toward the harp.)
Robostus: (dodges both the staff and the harp) Really? Is that your last move?"
robostus_ladybug_0010,Stade des Princes. The akuma flies out of Markov's CPU.,"Markov: ""Akumatized""? Could you please define that word? (Ladybug, Cat Noir, and Max all laugh in amusement.) Did I say something funny?
Ladybug and Cat Noir: (fist-bumping) Pound it! (They both leave the stadium.)
Marinette: Are there some things you haven't told me about yet?"
rocketear_ladybug_0001,At the Stade des Princes stadium. Cat Noir and Carapace are keeping four dinosaurs in Carapace's Shell-ter whilst waiting for Ladybug.,"Cat Noir: Well, we're about to find out unless Ladybug gets back real soon!
Ladybug: Yeah, it's all good! We found the dino call!
Anne-Jeanne: (chuckles) It rolled under my cyclotron"
rocketear_ladybug_0002,At the Stade des Princes stadium. Cat Noir and Carapace are keeping four dinosaurs in Carapace's Shell-ter whilst waiting for Ladybug.,"Carapace, Ladybug and Cat Noir: Pound it!
Ladybug: (To Anne-Jeanne) Good luck with your good little T-rexes, Mrs. du Bocquale!
Anne-Jeanne: Bye! (waves her hand)"
rocketear_ladybug_0003,"Paris Rooftops. Cat Noir is going back home, Carapace is going at safe place with Ladybug to hand-over Miraculous, whereas Rena Furtive is hiding behind the wall.","Carapace: Shell off! (detransforms)
Ladybug: Thanks! (notices Nino is still upset.) Something's wrong, isn't it?
Nino: Well, uh..., well, why wasn't Alya- I mean, Rena Rouge, here today?
Ladybug: Oh, uh... because we needed you and... only you, and you've rocked it! Way to go!
Nino: I did?
Ladybug: Mm-hmm. (about to leave) Bug out! (leaves)"
rocketear_ladybug_0004,Sewers. Ladybug opens the lid and goes down while Rena Furtive hides behind a wall.,"Ladybug: Mm-hmm. (about to leave) Bug out! (leaves)
Ladybug: We weren't followed? No sign of Shadow Moth's traps?
Rena Furtive: Nothing to report
Ladybug: Perfect! Spots off! (de-transforms into Marinette)
Rena Furtive: (simultaneously) Let's rest! (de-transforms into Alya)"
rocketear_ladybug_0005,Movie theater. Alya and Nino are watching the trailer of an upcoming film of Ladybug and Cat Noir.,"Trailer: After Ladybug &amp; Cat Noir
Ladybug (in the trailer): (voiceover) Oh, Cat Noir, come back!
Cat Noir (in the trailer): (voiceover) I'll always love you, Ladybug!"
rocketear_ladybug_0006,Movie theater. Alya and Nino are watching the trailer of an upcoming film of Ladybug and Cat Noir.,"Nino: Well, I, for one, am not entertained!
Ladybug (in the trailer): (voiceover) She's right, Cat Noir. You and Rena Rouge should be so much better together!
Nino: Mademoiselle. (welcoming Alya outside the cinema) Should I take you home? Or"
rocketear_ladybug_0007,Boiler room. Marinette and Alya goes inside.,"Alya: (simultaneously) Let's pounce! (transforms into Rena Furtive)
Ladybug: Lucky Charm! (receives a projector) A video projector? What am I supposed to do with this? (lights it up)
Rena Furtive: Do like Nino and make up imaginary movies in your head?
Ladybug: (using her Lucky Vision, she looks around and sees Rena Furtive's flute, the video from Nino's phone, and the projector.) (to Rena Furtive) You said that if Nino could have heard what you were saying, there'd be no misunderstanding?
Rena Furtive: Absolutely!
Ladybug: How well do you remember what you guys said on the balcony?
Rena Furtive: Every. Word
Ladybug: Do you think you could make... a sound illusion?
Rena Furtive: Totally"
rocketear_ladybug_0008,Streets. Ladybug creates a Magical Charm and give it to Nino.,"Cat Noir: Everyone has doubts now and then, (looks down) even me
Ladybug: Is everything okay, Cat Noir?
Cat Noir: Yeah, yeah. (prepare his fist) Pound it!
Ladybug: (fistbumps) Pound it!"
rogercop_ladybug_0001,Principal's office. Mr. Bourgeois demands Denis Damoclès to find her daughter's bracelet.,"Rogercop: Ladybug. Paris has a new righter of wrong. Your services are no longer required
Ladybug: I can't let you go around accusing everyone of every little wrongdoing! (dodges Rogercop's lasers)
Chloé: Mr. Rogercop, I need your help"
rogercop_ladybug_0002,Principal's office. Mr. Bourgeois demands Denis Damoclès to find her daughter's bracelet.,"Cat Noir: (tries to grab his staff) Ugh! Unn, uh... nice day for a swim! (he grabs his staff. He is about to fall and he whimpers then he sighs but Ladybug grabs him with her yo-yo.) Well, hey. I'm head over heels to see you, my lady. (he tries to kiss her but Ladybug makes him fall and he hurts himself.)
Ladybug: You're welcome. You owe me one. (She holds out her hand to help Cat Noir up.)
Cat Noir: Sure thing. But I'll take the credit for that"
rogercop_ladybug_0003,City Hall at nighttime. Ladybug and Cat Noir hide from the police.,"Cat Noir: So now, we're the nation's most wanted felons?
Ladybug: And we haven't done anything!
Cat Noir: Exactly! You can't accuse someone without proof! We should go and defend ourselves in the Court of Law!
Ladybug: Not while Rogercop's the Chief of Justice
Cat Noir: (sighs) How many times have we saved Paris?
Ladybug: We're still saving Paris
Cat Noir: Something about Paris just makes you wanna dance"
rogercop_ladybug_0004,"Inside the City Hall. Ladybug enters, and Chloé notices her.","Rogercop: Ladybug, it is time for justice to prevail
Ladybug: You got justice and revenge all mixed up, Rogercop! Lucky Charm! (A oven mitt appears) Oven mitts? What am I supposed to do with this?
Hawk Moth: Fabulous... so wretchedly fabulous!"
rogercop_ladybug_0005,Outside the City Hall. Cat Noir defeated all the officers.,"Hawk Moth: Stop shooting like an idiot, Rogercop! You're supposed to seize their Miraculouses!
Ladybug: The akuma must be in his whistle. We've gotta get to it!
Cat Noir: How?"
rogercop_ladybug_0006,Outside the City Hall. Cat Noir defeated all the officers.,"Ladybug: Okay, I have an idea but I still need something like... a ring
Ladybug: Where am I gonna get a ring from?
Cat Noir: Ladybug, over there!
Ladybug: That's Chloé's bracelet! Exactly what I need. (grabs the bracelet) Fend off Rogercop as long as you can
Cat Noir: Whenever you're ready. Cataclysm! (uses his Cataclysm to destroy the floor beneath Rogercop, who falls. Cat Noir is held by a cuff. Meanwhile, Ladybug uses the two mitts attached to the belt to cover Rogercop's hands. She uses the belt to tie the hands, and then takes Rogercop's whistle.)
Ladybug: I gotcha! (stomps on the whistle, releasing its akuma.)"
rogercop_ladybug_0007,City Hall. Roger returns Chloé's bag to her.,"Mr. Bourgeois: Well, Roger, I do apologize for being so accusatory, and firing you for no good reason
Ladybug: I think Officer Roger has proven his excellence to you, Mr. Mayor. You'd be wrong not to keep him on
Mr. Bourgeois: Of course, Ladybug! You're absolutely right. And actually, it's Lieutenant Roger now"
sandboy_ladybug_0001,Parisian streets. People are still running and screaming everywhere. Cat Noir lands on a roof and watches the chaos below.,"Cat Noir: Ladybug!
Ladybug: What's happening? Aaah! (Ladybug almost falls off the roof, she manages to clamp onto the edge of the roof)
Hawk Moth: (from his lair) Good job, Sandboy. Without her powers, she won't be able to stop you from taking her Miraculous. Ladybug, your nightmare is my dream come true!"
sandboy_ladybug_0002,Parisian streets. People are still running and screaming everywhere. Cat Noir lands on a roof and watches the chaos below.,"Cat Noir: Stay behind me, M'Lady
Ladybug: (surprised) You still have your powers
Cat Noir: Losing mine is not what I'm afraid of
Ladybug: Then... what?"
sandboy_ladybug_0003,Parisian streets. People are still running and screaming everywhere. Cat Noir lands on a roof and watches the chaos below.,"Ladybug: Then... what?
Nightmare Ladybug: (voice) ♪ Cat Noir! ♪
Ladybug: Huh?
Nightmare Ladybug: Bad kitty! I'll never love you! I've always wanted to get rid of you!
Ladybug: You have weird dreams too"
sandboy_ladybug_0004,Parisian streets. People are still running and screaming everywhere. Cat Noir lands on a roof and watches the chaos below.,"Cat Noir: (taunting) You don't scare me! You're just a stupid dream
Nightmare Ladybug: You'll be kitty-kibble before you know it! (jumps up)
Ladybug: Now!"
sandboy_ladybug_0005,Parisian streets. People are still running and screaming everywhere. Cat Noir lands on a roof and watches the chaos below.,"Ladybug: Now!
Ladybug: Follow me!
Cat Noir: Anywhere, M'Lady. (Ladybug picks up the sword-tip)"
sandboy_ladybug_0006,Parisian streets. People are still running and screaming everywhere. Cat Noir lands on a roof and watches the chaos below.,"Ladybug and Cat Noir: Pound it! (they fist-bump)
Ladybug: (the cure washes over her as well; she grabs her yo-yo and touches it with one finger, it opens up) It works again. No more evil-doing for you, little akuma. Time to de-evilize! (she catches the akuma) Gotcha! (she releases a purified, white, butterfly) Bye-bye, little butterfly. (to civilian-Sandboy) Well, what was that all about, little friend?
Boy: Oh, Ladybug. I watched a movie on TV. It was kinda scary. And then I went to bed and had a really bad nightmare. I woke up and there was a black butterfly in my room and a weird man spoke right in my face
Ladybug: Hawk Moth. He fed off the negative emotion from a (nightmare)"
santa_claws_ladybug_0001,Outside Hôtel de Ville. Ladybug swings by and sees the damage caused by Cat Noir's Cataclysm.,"Ladybug: (singing) (♫ There is only one thing this kind of damage can bring, Cat Noir's Cataclysm, am I right? And look this gift wrap too, it's an important clue, it's from my present to Adrien tonight. Adrien disappears, and Cat Noir steps in, he must be working to protect him. My only explanation, my speculation, is that some supervillain is after Adrien. It's a good thing I'm here, I'll protect him without fear, this boy that I secretly love. Now with all of my might, I'll save you tonight, you're the boy that I secretly love. If you'll never know it's true, I'll be there for you, you're the boy that I secretly love. But what would you do if you knew what's true, that's why I so secretly love you. ♫)
Ladybug: Who could possibly been akumatized on Christmas Eve? Footsteps
Adrien: How about you, sir? Where will you be celebrating Christmas?"
santa_claws_ladybug_0002,"Outside the Agreste mansion. Adrien rings the doorbell while Santa is behind him, Gabriel answers.","Adrien: What? No, Ladybug stop! That man hasn't been akumatized!
Ladybug: I know when I'm looking at an akuma victim, trust me
Santa: C'mon! (runs away on his sleigh)
Ladybug: You're safe now. Go on home"
santa_claws_ladybug_0003,Streets of Paris. Ladybug realizes Santa Claus is not akumatized.,"Adrien: Yeah, okay
Ladybug: You… So you're not a supervillain?
Santa: Of course I'm not! I think you've been reading too many comic books, young lady
Ladybug: I'm so sorry, um, let me help you-
Santa: No thank you! I think you've helped me enough. (he walks away and, Ladybug sighs sadly, and swings away)"
santa_claws_ladybug_0004,Le Grand Paris hotel. André and Chloé are going to have Christmas dinner.,"Chloé: Hey! My presents!) with a cause! I'll punish and give you a fright! Have a horrible Christmas night. ♫) (Santa Claws flies away on his sleigh) Horrible Christmas, everyone!
Ladybug: It's just the two of us, Santa Claws!
Cat Noir: The three of us, m'Lady
Ladybug: Cat Noir? Where were you? What happened to Adrien?
Cat Noir: It's a-, long story. Cats have their little secrets too, y'know? (they get on Santa Claw's sleigh) Who's going to deliver presents to the children now, Santa Claws?"
santa_claws_ladybug_0005,Le Grand Paris hotel. André and Chloé are going to have Christmas dinner.,"Cat Noir: (while falling) I've been good all year round!
Ladybug: Not enough, apparently. (She dives down to save him) Hang on! (she ties her yo-yo to Santa Claw’s sleigh)
Santa Claws: How 'bout a nice sleigh ride, my little, wretched elves! Ho, ho, ho, ho! Hold on!"
santa_claws_ladybug_0006,Le Grand Paris hotel. André and Chloé are going to have Christmas dinner.,"Santa Claws: It's time to open your gifts, kiddies!
Ladybug: I'm gonna try to stop the sleigh. You deal with Santa Claws! (Cat Noir fight with Santa Claws. Ladybug gets on one of the reindeer) Woah, slow down! (Santa Claws falls off the sleigh, but Cat Noir catches him)
Santa Claws: Thank you. (He throws Cat Noir off the sleigh)"
santa_claws_ladybug_0007,Césaire apartment. Ladybug and Cat Noir swing in and fall on top of each other.,"Marlena: Right here
Ladybug: My Christmas list. Go to the Dupain-Cheng's bakery and grab these items. Then meet me back at the Eiffel Tower, I'll explain everything once we're there
Cat Noir: I've always dreamed of being your Santa Claus, M'Lady
Ladybug: Don't worry, Christmas will be back to normal soon enough"
santa_claws_ladybug_0008,Paris. Santa Claws flies by the Eiffel Tower and something catches his eye. He finds a present there with a drawing of him.,"Cat Noir: (singing) (♫ Rebel with the cause, you give us so much fright. We all have the right to a present on Christmas night. ♫) (Santa Claws tries to take the present, but Ladybug jumps out of it)
Ladybug: Merry Christmas! (Ladybug ties up Santa Claws)
Cat Noir: Cataclysm! (Cat Noir takes Santa Claws' hat and destroys it, then hands it to Ladybug.) Merry Christmas, milady
Ladybug: Thanks, kitty. No more evil doing for you, little akuma. Time to de-evilize! Gotcha! Bye bye, little butterfly. Miraculous Ladybug! (she tosses the Lucky Charm in the air, returning everything to normal)"
santa_claws_ladybug_0009,Paris. Santa Claws flies by the Eiffel Tower and something catches his eye. He finds a present there with a drawing of him.,"Ladybug: Thanks, kitty. No more evil doing for you, little akuma. Time to de-evilize! Gotcha! Bye bye, little butterfly. Miraculous Ladybug! (she tosses the Lucky Charm in the air, returning everything to normal)
Ladybug &amp; Cat Noir: Pound it!
Hawk Moth: Ladybug, Cat Noir. Go ahead and enjoy your Christmas this time, but we'll see who gets the best presents next Christmas"
sapotis_ladybug_0001,Streets of Paris,"Marinette: Time to transform!
Penny: To the airport
Sapoti: (turns to look back at the passengers from the driver's seat) Rock n' roll!
Penny: Hey, what's going on? (she and Jagged start to scream when two Sapoti clones start to drive the limousine at a fast speed)"
sapotis_ladybug_0002,Parisian streets. The Sapoti clones continue to cause chaos.,"Plagg: (hides all of his Camembert in a cupboard) These food thieves are real dangers! (closes the door) What are you waiting for?!
Ladybug: It's forbidden
Cat Noir: to play around with traffic lights!
Ladybug: You're just in time, kitty!"
sapotis_ladybug_0003,Parisian streets. The Sapoti clones continue to cause chaos.,"Cat Noir: How'd you know to destroy the monster's hat?
Ladybug: I...uh... Trial and error
Cat Noir: But no akuma's been released!
Ladybug: No, 'cause that monster was a clone! (A Sapoti clone leaps past in between them) These Sapotis multiply every time they eat. To get to the akuma, we'll have to destroy the original one — the very first one Hawk Moth akumatized
Cat Noir: So you mean we've gotta catch 'em all
Ladybug: Come on! I thought you liked a good challenge!
Cat Noir: Hey, don't eat that ice cream or things'll get catastrophic!"
sapotis_ladybug_0004,Pont des Arts bridge. The Sapoti clones are messing with André and his ice cream stand.,"Ladybug: It's strangely familiar
Ladybug: It's weird. I can't find anything!
Cat Noir: Hurry up! My kung-fu's not enough!
Ladybug: (looks at the teapot again, thinking of Cat Noir's words) Of course! I know someone who can help! Gotta go! (turns to leave)
Cat Noir: Right now? Can't it wait?
Ladybug: No, it can't. You've gotta trust me on this one"
sapotis_ladybug_0005,The Place des Vosges. Several Sapoti clones are hanging onto poles of the spinning carousel.,"Trixx: (to Ladybug) Not bad
Ladybug: She's an expert
Alya: Mind blown! (to Ladybug) By the way, how old are you? Do you have any idea of Cat Noir's true identity? There's no way—
Ladybug: Stay focused, Alya
Alya: Sorry, Ladybug. (puts on the necklace)
Ladybug: Ready to become a superhero?"
sapotis_ladybug_0006,The Place des Vosges. Several Sapoti clones are hanging onto poles of the spinning carousel.,"Rena Rouge: This is so awesome! But I look like Lila when she was akumatized in this suit
Ladybug: Yes, but the superhero version! Come on, I'll explain the rest to you on the way!
Rena Rouge: Wow! This is so cool!
Ladybug: Mission first!"
sapotis_ladybug_0007,Parisian streets. Cat Noir continues to try to take down the Sapoti clones.,"Cat Noir: Whoa! Who's this superhero friend of yours? No offense, but I thought I was the only one!
Ladybug: Cat Noir, I like to meet...uh
Rena Rouge: Uh... Rena Rouge! Yeah, my name is Rena Rouge!"
sapotis_ladybug_0008,Parisian streets. Cat Noir continues to try to take down the Sapoti clones.,"Cat Noir: Your friend seems pretty good
Ladybug: I surround myself with only the best!
Cat Noir: (to Rena Rouge) Welcome to our team! If you need any cool superhero tips, you know where to come. (kisses her hand chivalrously)"
sapotis_ladybug_0009,Parisian streets. Cat Noir continues to try to take down the Sapoti clones.,"Rena Rouge: We're surrounded!
Ladybug: We're retreating!
Cat Noir: There must be thousands of them!
Ladybug: Lucky Charm! (A unicycle appears)
Cat Noir: A unicycle?"
sapotis_ladybug_0010,Hôtel de Ville. The clones are wreaking havoc inside the building.,"Cat Noir: Mm-hmm
Ladybug: (to the Sapoti clones) Follow me, and I'll take you to Sapoti-Land! Where there's no bedtime! Where everything goes!
Sapotis: Sapoti-Land!"
sapotis_ladybug_0011,Hôtel de Ville. The clones are wreaking havoc inside the building.,"Sapotis: Sapoti-Land! (The clones all jump past the rickshaw and continue to run into the alley)
Ladybug: Phase two, Cat Noir! Now! (Cat Noir places his staff into the unicycle to form an axle) Step right up! Step right up! The Sapotis get in for free!
Cat Noir: All the Sapotis are in the alley! Phase three!"
sapotis_ladybug_0012,Hôtel de Ville. The clones are wreaking havoc inside the building.,"Ladybug: No more evil-doing for you, little akuma. Time to de-evilize! (captures the akuma and purifies it) Gotcha! (releases the now purified akuma) Bye bye, little butterfly. Miraculous Ladybug!
Ladybug, Cat Noir, and Rena Rouge: (3-way fist-bump) Pound it!
Rena Rouge: Etta—! (Ladybug stops her from saying one of the twins' names) Uh...gotta get going! Uh...before I transform back!"
sapotis_ladybug_0013,Hôtel de Ville. The clones are wreaking havoc inside the building.,"Cat Noir: Meow!
Ladybug: Cat Noir, can you make sure the two girls get back home safely? (Cat Noir nods)
Cat Noir: (to Ella and Etta) Okay, who's gonna tell me where you live?"
sentibubbler_ladybug_0001,Alya's bedroom. Trixx eats a piece of grape.,"Ladybug: (inside her bubble) (softly) Lucky Charm! (She uses her power and gets a polka-dotted pot. She uses her Lucky vision and looks at the coffee cup Shadow Moth is holding, Sentibubbler, and the tarantula that is trapped inside the bubble.) That cup's gotta be the object that allows him to control the sentimonster!
Ladybug: Tikki, Kaalki, Unify! (She transforms into Pegabug.)
Sentibubbler: Show yourself, Ladybug! It's over for you and Cat Noir!"
sentibubbler_ladybug_0002,Streets of Paris,"Ladybug: Gotcha! (She hands it over to Otis.) Can you hold on to this for me, please?
Ladybug: (to Cat Noir) Where did Shadow Moth go?
Cat Noir: I think he felt the wind start to change
Ladybug: This could've been the end of Shadow Moth. (looks down)
Cat Noir: (his ring starts to beep again) You know, I really thought today was the end of Cat Noir. But you guys really had it under control"
sentibubbler_ladybug_0003,Streets of Paris,"Cat Noir: (his ring starts to beep again) You know, I really thought today was the end of Cat Noir. But you guys really had it under control
Ladybug and Cat Noir: Pound it!
Ladybug: I guess you'll need a little something. I'll come back in a minute"
sentibubbler_ladybug_0004,The Césaire residence. Ladybug lands on the balcony and finds Rena Rouge who is holding their tarantula's terrarium.,"Ladybug: I guess you'll need a little something. I'll come back in a minute
Ladybug: (hugs Rena Rouge) You rocked, Rena Rouge!
Rena Rouge: See? When someone trusts me with a ""thing,"" I don't lose it
Ladybug: (takes the terrarium from Rena Rouge) I never should've second-guessed letting you hold on to the Miraculous. (swings back to where the Césaires are)
Rena Rouge: Let's rest! (de-transforms)
Ladybug: Miraculous Ladybug! (She throws the pot up high as the wall that Cat Noir smashed earlier is fixed back to normal, organized the mess inside the Césaire residence and brought back the Césaires, along with Nino, safely back home. She swings inside Alya's room.) Spots off! (de-transforms)"
silencer_ladybug_0001,TVi studio rooftop. Bob is being chased by Silencer.,"Silencer: Shh. (almost steals Bob's voice but Ladybug stops him with her yo-yo)
Ladybug: I can't let you do this, Silencer. (jumps in front of Bob)
Bob: And about time, too! (gets back up) What are you waiting for? (pushes Ladybug towards Silencer) Get to work!
Ladybug: (while fighting) Listen, Luka -- er, Silencer. You don't know what you're doing. Hawk Moth is evil. You think you're using your power for good but you're wrong. (gets kicked towards Bob)
Bob: Oh, come on! Stop mincing around and protect me! (uses Ladybug as a shield, causing her voice to be stolen and absorbed by Silencer) Sorry, Ladybug. Occupational hazard, I guess. No hard feelings? Bye! (escapes on the roof's elevator)"
silencer_ladybug_0002,TVi studio rooftop. Bob is being chased by Silencer.,"Silencer: (using XY's voice) Don't worry, Hawk Moth. Now that I've got Ladybug's voice, I have a plan to get ahold of her and Cat Noir's Miraculous. (using both XY's and Ladybug's voice) But first: revenge! (takes off)
Ladybug: (sends Cat Noir a message and then follows Silencer)
Plagg: Adrien, come see this"
silencer_ladybug_0003,Top of a Parisian building.,"Cat Noir: I'm right here, M'lady. Uh, I'm here now, so go ahead and fill me in. (Ladybug sends him a message) Of course, I should've thought of that. (Ladybug sends him another message) Hey, that's not very nice!
Ladybug: (signals that Silencer went to City Hall)
Cat Noir: You're right! Let's go! We'll get your voice back and talk ourselves out of this mess! (prepares to take off but is pulled back by Ladybug) I don't want to be catty but I really don't know what you mean. (Ladybug sends him a message, which he reads out loud)"
silencer_ladybug_0004,Top of a Parisian building.,"Cat Noir: You're right! Let's go! We'll get your voice back and talk ourselves out of this mess! (prepares to take off but is pulled back by Ladybug) I don't want to be catty but I really don't know what you mean. (Ladybug sends him a message, which he reads out loud)
We've got a major problem. I can't call out my Lucky Charm or say Miraculous Ladybug.: Ah, you've definitely got a point there. The magic ladybugs won't be able to fix up all the damage caused by Silencer. (Ladybug sends another message) And you can't say the detransformation words? Which means you'll be a mute Ladybug for the rest of your life? (Ladybug nods) But it has its advantages in a way. Now you'll never be able to pick on my jokes. (Ladybug hits him on the head with her yo-yo) I'm kidding, M'lady. Don't worry, you always get us out of the worst fixes. (Ladybug takes off) Meanwhile, I'll be able to babble to my heart's content. (takes off)
Bob: Get away from me, you filthy critters. (dials phone) André? André, it's me! I need you to send in the troops"
silencer_ladybug_0005,Outside City Hall.,"Cat Noir: Maybe I could imitate your voice? (in high-pitched voice) Lucky Charm, Lucky Charm, Lucky Charm, Lucky Charm! (notices Ladybug's slight irritated look) Uh... yeah, okay, I'll shut up now
Ladybug: (gets an idea and tries to signal it to Cat Noir)
Cat Noir: Uh... cat got your tongue? (Ladybug tries again) A night at the opera?
Ladybug: (facepalms and messages Cat Noir the idea)
Cat Noir: You want to make Silencer say the words Lucky Charm with the voice he stole from you? Very smart! Now let's hear how you're gonna do that. (Ladybug messages him the plan) Don't even think about it, M'lady. It'll never work. (Ladybug sends another message)"
silencer_ladybug_0006,TVi studio hallways. Cat Noir is running towards the film set when he is joined by Ladybug.,"Cat Noir: I don’t see how this is going to work any better than a lamp but at least you’ve got yourself a real Lucky Charm. (begins to fight Silencer inside the film set) I’m warning you, buddy! You haven’t heard the last from Ladybug!
Ladybug: (looks around and sees a power cable, Cat Noir's belt, and a camera; she plugs the vacuum into the cable and then whistles for Cat Noir to give her his belt)
Cat Noir: Catch this, M'lady! (throws belt towards Ladybug, who uses it to carry the vacuum Ghostbusters-style)"
simon_says_ladybug_0001,"Outside the studio. A group of people are waiting for the elevator, but Simon Says comes out of it.","Cat Noir: He's looking for Gabriel Agreste. We better get to him faster then they can! (his Miraculous beeps)
Ladybug: Cat Noir, you're about to change back. I'll take one last look around for Nino's friend
Cat Noir: Uh... Forget it. He's probably hypnotized"
simon_says_ladybug_0002,"Outside the studio. A group of people are waiting for the elevator, but Simon Says comes out of it.","Adrien: I'm fine. (sees Ladybug; timidly) ...Hello?
Ladybug: Uh... Hello! You sure you're okay?
Adrien: I'm fine, really. But we've got to get to my house now! My father's in danger!
Ladybug: Let's go. Cat Noir will meet us there
Adrien: Nathalie, where's my father? He's in danger!"
simon_says_ladybug_0003,Agreste mansion.,"Gabriel: Head up to your room now. You've had enough excitement for today. Nathalie, make sure they stay there. I have to apologize for my son, Ladybug. He's like his mother. Way too overly dramatic
Ladybug: But he's right, you know. Simon Says is a real threat. You're in a lot of danger!
Gabriel: What could possibly happen with you here to protect me?"
simon_says_ladybug_0004,Agreste mansion.,"Gabriel: Isn't he flawless?
Ladybug: What? Uhh.. What? Flaw-what?
Gabriel: Adrien, my son. He's the image of perfection, don't you think?
Ladybug: Oh, yes, he's perfect. I mean, um, I-I don't know him very well, but he seems
Gabriel: I've never noticed your earrings before. They really are quite unique. May I? (Ladybug's yo-yo rings)
Ladybug: Excuse me. (answers her yo-yo) Cat Noir, where were you?"
simon_says_ladybug_0005,Adrien's room. Ladybug sees there is a picture of Mrs. Agreste on the computer.,"Gabriel: Mmm
Ladybug: (gasps)
Adrien: My mother on her 17th birthday. She was pretty, huh?"
simon_says_ladybug_0006,Adrien's room. Ladybug sees there is a picture of Mrs. Agreste on the computer.,"Adrien: My mother on her 17th birthday. She was pretty, huh?
Adrien and Ladybug: She's... got your eyes. (both gasp and blush at the same time)
Ladybug: (pushes Adrien in the bathroom) Stay here! (closes the door)"
simon_says_ladybug_0007,TVi Studio.,"Gabriel: (Stars flapping with his arms and jumping around.) Flap flap, flutter flutter, flutter flutter, flap flap!
Ladybug: We've gotta save Mr. Agreste!
Simon Says: Tomorrow, Butterfly, you will be no more
Ladybug: The akuma's gotta be in one of those cards"
simon_says_ladybug_0008,TVi Studio.,"Simon Says: Ladybug, Cat Noir, you can save him by giving me your Miraculouses. Do the right thing
Ladybug: In your dreams. Lucky Charm! (throws the yo-yo into the air and her superpower gives her another yo-yo.)
Cat Noir: A regular yo-yo? But you've got a magical one!
Ladybug: I'll figure it out later"
simon_says_ladybug_0009,TVi Studio.,"Ladybug: This one yes (she holds up her normal yo-yo), but not that one (she holds up her Lucky charm yo-yo). Miraculous Ladybug!
Ladybug: My yo-yo! No more evil doing for you, little akuma. Time to de-evilize! (captures the akuma) Gotcha! (releases purified butterfly) Bye bye, little butterfly
Ladybug and Cat Noir: Pound it!"
simon_says_ladybug_0010,TVi Studio.,"Cat Noir: Prefer Ladybug? Can't say I blame you. (He puts his arm around Ladybug's shoulder. his Miraculous beeps.)
Ladybug: (sees the ring) Cat Noir, your ring! You better get out of here
Cat Noir: Like a cat on a hot tin roof. See you again soon, Mr. Agreste. (he shakes hands with Gabriel, who looks at Cat Noir's ring) And you, m'lady. (He bows to Ladybug then he runs away.)"
simpleman_ladybug_0001,Under the Eiffel Tower.,"Clara: Thank you, Ladybug!
Ladybug: When bad things happen, it's simply the fault of the big bad
Ladybug and Cat Noir: SHADOW MOTH!"
simpleman_ladybug_0002,Under the Eiffel Tower.,"Ladybug: Oh, of course!
Ladybug and Cat Noir: Let's go!
Recycling Man: Everything into the trash, much simpler this way"
simpleman_ladybug_0003,Under the Eiffel Tower.,"Chris: Ladybug and Cat Noir will be here soon, don't worry
Ladybug: HEY!! SHADOW MOTH! WE'RE HERE!
Cat Noir: Come and fight us!"
simpleman_ladybug_0004,Under the Eiffel Tower.,"Shadow Moth: (from his lair) Ha-ha! And I will stay hidden! That way I will win easily!
Ladybug: Hey, Shadow Moth!!
Cat Noir: Yoohoo!!"
simpleman_ladybug_0005,Under the Eiffel Tower.,"Ella and Etta: We're going to see the Lucky Charm for real! This is better than watching the movie!
Ladybug and Cat Noir: No!
Simpleman: (pause) Yes!
Ladybug and Cat Noir: No!
Simpleman: YES!"
simpleman_ladybug_0006,Under the Eiffel Tower.,"Manon: It'll be okay, Chris. Superheroes always win!
Ladybug: Fighting is much more simple!
Cat Noir: When nothing's complicated anymore!"
simpleman_ladybug_0007,Under the Eiffel Tower.,"Ladybug: Wow! Cool! Hey, Simpleman! Take this!
Ladybug: Oww! Boo-boo, Lucky Charm!
Shadow Moth: (from his lair) Candy! Simpleman, candy for Miraculous! Everyone loves candy!"
simpleman_ladybug_0008,Under the Eiffel Tower.,"Ella: And that you're smarter than the bad guys!
Ladybug: Lucky Charm is too complicated
Manon: No, it's very simple! It's like a riddle. For example, you can take the air out of the ball and then use a pipe to attach it to the bicycle pump! And... and... and then you throw it under the bad guy's stick!
Ladybug: Without air in it?"
simpleman_ladybug_0009,Under the Eiffel Tower.,"Chris: (throws the ball) Ladybug!
Ladybug: (catches the ball and thinks) Make it bounce! (throws it at Simpleman)
Simpleman: HEY!"
simpleman_ladybug_0010,Under the Eiffel Tower.,"Ladybug: And repairing everything is even more simple! (Ladybug captures the akuma) Gotcha! (releases the purified akuma, fluttering away) Bye-bye, little butterfly. The only thing I have to say is
Ladybug and the kids: Miraculous Ladybug!
Roger: Jail! Huh? What are you doing in my car?"
simpleman_ladybug_0011,Under the Eiffel Tower.,"Roger: Jail! Huh? What are you doing in my car?
Ladybug and Cat Noir: Pound it!
Manon: Ladybug, Cat Noir! You saved us!"
simpleman_ladybug_0012,Under the Eiffel Tower.,"Manon: Ladybug, Cat Noir! You saved us!
Ladybug: No, kids. You saved (us.)
Cat Noir: M'lady, to think we were this close to giving away our Miraculous... for candy?
Ladybug: Of all the things we've faced, I never would've thought that such a simple power would be the most dangerous"
simpleman_ladybug_0013,Under the Eiffel Tower.,"Ladybug: Of all the things we've faced, I never would've thought that such a simple power would be the most dangerous
Ladybug: Mr. Dupain, this magical charm will protect you from Shadow Moth
Roland: Oh, is that so? How could this little thing protect me from Shadow-What-His-Name? The world used to be so simple, I used to understand it! Now I don't understand anything anymore"
sleeping_syren_ladybug_0001,Collège Françoise Dupont roof. Kim sees Ladybug and Cat Noir in the distance.,"Ladybug: No, I'm good, I've made my choice. (swipes the monkey symbol away and calls all of the Miraculers present) We're going to need reinforcements
Ladybug: While you get people to safety, Cat Noir and I will take care of the akumatized villain. Ryuko, you're coming with us. We're going to need your water power
Miss Hound: Minotaurox is missing. Do you think he's been turned into a toad?
Ladybug: Don't worry, if he has, we'll see him again once we've deakumatized the Syren"
sleeping_syren_ladybug_0002,Collège Françoise Dupont roof. Kim sees Ladybug and Cat Noir in the distance.,"Ryuko: Water Dragon! (transforms into a water version of herself)
Ladybug: (eats a green magicaroon) Power Up! (transforms into Aquabug)
Cat Noir: (eats a green magic cheese) Power Up! (transforms into Aquanoir)"
sole_crusher_ladybug_0001,"Streets. Sole Crusher is chasing after Chloé, while Tikki is catching up to Sole Crusher.","Cat Noir: The bigger they get, the harder they fall
Ladybug: (on the stairs next to him) Sorry, I got held up
Cat Noir: (to Ladybug) We're not getting anywhere with this. If worst comes to worst (Sole crusher frees herself and falls into the building behind her.) I might have to cataclysm her before she destroys the whole city!
Ladybug: (grabbing his arm) No way! We don't know what will happen if you hit her directly! It could be fatal! Lucky Charm! (receives a shoe horn) A... shoe horn? Of course! The akuma must be hiding in her shoes!
Cat Noir: Let me trip her up a bit, m'lady. Cataclysm!
Ladybug: Where's... the Akuma?"
sole_crusher_ladybug_0002,"Le Grand Paris, Chloé's room. Ladybug and Cat Noir bust her doors down.","Ladybug: Sneakers? (to Cat Noir) What if the Akuma isn't in these shoes, but in the sneakers Chloé was talking about? Follow me! (she yo-yos away and Cat Noir follows on his baton, and Sole Crusher watches them leave with a knowing smirk)
Ladybug: If Chloé lended those shoes, the sneakers must be here somewhere. (Cat Noir looks in a cupboard, and Ladybug looks under Chloé's bed. She opens Chloé's cupboard and finds Sabrina.)
Sabrina: Five more minutes, I'm almost done!
Ladybug: Chloé's sister's sneakers, where are they?!
Sabrina: Huh? What? I don't know! (closes the cupboard doors)
Ladybug: She must have her own room!"
sole_crusher_ladybug_0003,"Le Grand Paris, Rooftop. The elevator dings and opens. The doors open to show Ladybug, Cat Noir and Mayor André.","Sole Crusher: (twice the size of Le Grand Paris) You can't measure up (to me)! I'm going to crush. You. All!
Ladybug: (tries to open the cellar, but it's stuck. She struggles, but realises) Of course! (take the shoe horn Lucky Charm to open the cellar door. As Sole Crusher's fist is flaming and about to reach them, Ladybug finds the akumatized sneaker and breaks it. The Akuma flies out and stops Sole Crusher, who returns back to Zoé.) (opens her yo-yo) No more evil doing for you little akuma. Time to de-evilize! ((catches the akuma)) Gotcha! Bye bye, little butterfly! ((throws the shoe horn into the air)) Miraculous Ladybug! (the streets are repaired, and the people in Le Grand Paris restaurant are restored)
Ladybug and Cat Noir: (as Zoé wakes up on a pool chaise) Pound it!
Ladybug: (opens her yo-yo and pulls out a Magical Charm)This is a magical charm, Zoé. (puts it in her hand) With it, Shadow Moth can't get to you any longer. Always keep it with you to remember what you overcame today"
startrain_ladybug_0001,Passenger Car.,"Alya: (snaps a photo of them, and then starts recording) Have you been on the train with us the whole time?
Ladybug: Of course not! We teleported here using a special Miraculous
Cat Noir: (To Miss Bustier) We're handling this. Gather everyone together at the back of the train, please"
startrain_ladybug_0002,Passenger Car.,"Chloé: I hope you remembered to bring (my) miraculous
Ladybug: Uh... actually
Cat Noir: We... didn't know you were going to be here, otherwise we would've, for sure"
startrain_ladybug_0003,Empty Passenger Car.,"Max: What're we gonna do? Markov's having a meltdown!
Ladybug: You have to finish the job, otherwise we're all gonna toast inside this car!
Cat Noir: She wasn't kidding, it feels like we're really close to the sun!"
startrain_ladybug_0004,Empty Passenger Car.,"Cat Noir: You two make an awesome pair, too. Just like me and milady
Ladybug: (gasps) Markov! Check the oxygen level in the next car
Markov: (flies over and connects to the door port) It's decreasing quickly!
Ladybug: Startrain is creating a void!"
startrain_ladybug_0005,Empty Passenger Car.,"Cat Noir: Max won't be able to hold on in these conditions without super powers!
Ladybug: (opens her yo-yo, and takes out a Miraculous box.) Max Kanté, here's the Miraculous of the horse, which grants the power of Teleportation. You will use it for the greater good. (Max takes the box.) Once the job is done, you will return the Miraculous to me. Can I trust you?
Max: You count on me one hundred percent, Ladybug. I'll do everything I can to save my friends, and my mom! (He opens the box, releasing Kaalki.)"
startrain_ladybug_0006,Empty Passenger Car.,"Kaalki: Are you glorious and famous?
Ladybug: Kaalki! We don't have time for that! Max is perfect for the job, trust me. We're going to the last car, to the door leading to the driver's cab, that's where Startrain is
Cat Noir: Gonna have to be fast and in sync
Ladybug: While I handle Startrain and Cat Noir uses his Cataclysm, we need you, Max, to teleport the train back to Earth! So that I can summon up my Miraculous Ladybug, so everything gets fixed!"
startrain_ladybug_0007,The Startrain's Operator Cab.,"Ladybug: (captures the Akuma nonceremoniously) Miraculous Ladybug! (The magical ladybugs fix Big Ben and return the train to the Gare du Nord in Paris. The heroes jump onto the roof of the train station, and Max detransforms.)
Ladybug: (releases the butterfly) Bye bye, little butterfly!
Max, Ladybug, and Cat Noir: Pound it!
Ladybug: (as Max hands her back the Horse Miraculous) Thank you, Max"
stoneheart_origins_part_2__ladybug_0001,Outside the school. Stoneheart is still holding Mylène and Chloé captive.,"Ladybug: You can't stay here. It's too dangerous
Ladybug: Cat Noir! Extend it! (he does so, and jumps out of the stone being's hand to the ground. Ladybug pulls him to safety hanging upside down) Sorry I was late
Cat Noir: M'lady, have I ever told you you turn my world upside down? (winks)
Ladybug: Oh, you're quite the jokester, aren't you? (sees the Stonehearts closing in) But your comedic timing needs work. We gotta get outta here!
Cat Noir: Hey, aren't we gonna take care of 'em?
Ladybug: (uses her yo-yo as a phone, most likely showing the news with helicopter footage of the original, to track down Stoneheart) No, if we wanna save them all then we go to the source. That one!"
stoneheart_origins_part_2__ladybug_0002,Outside the school. Stoneheart is still holding Mylène and Chloé captive.,"Chloé: Help! I promise I'll be nice to everyone, say please and thank you all-- AH! (Ladybug catches her) I didn't promise
Ladybug: What?
André: My little princess"
stoneheart_origins_part_2__ladybug_0003,Outside the school. Stoneheart is still holding Mylène and Chloé captive.,"Hawk Moth: Ladybug, Cat Noir, give me the ladybug earrings and the cat ring now. You've done enough damage to these innocent people!
Ladybug: (claps sarcastically while walking forward) Nice try, Hawk Moth, but we know who the bad guy is. Let's not reverse the roles here. Without you, none of these innocent victims would be transformed into villains. Hawk Moth, no matter how long it takes, we (will) find you, and YOU will hand us (YOUR) Miraculous! (jumps up and uses her yo-yo) Time to de-evilize! (uses her yo-yo to make Hawk Moth disappear by catching multiple akumas; Cat Noir and the others look at her, astonished) Let me make this promise to you. No matter who wants to harm you, Ladybug and Cat Noir will do everything in our power to keep you safe! (opens her yo-yo, and a busload of purified butterflies come out; Marinette's parents and the students are thrilled)
Cat Noir: Wow. Whoever she is beneath that mask, I love that girl"
stoneheart_origins_part_2__ladybug_0004,Outside the school. Stoneheart is still holding Mylène and Chloé captive.,"Ladybug: Home run! (breaks the paper, akuma emerges) No more evil doing for you, little akuma. De-evilize— Huh?
Ladybug: Cat Noir, you take care of Ivan!
Cat Noir: Cataclysm! (uses his Cataclysm on the Eiffel Tower, making it's stick-size part extend. He slides on it and rescues Ivan. Ladybug rescues Mylène and captures the akuma.)
Ladybug: Gotcha! (pulls the parachute out, then releases the purified butterfly) Bye-bye, little butterfly. Miraculous Ladybug! (throws the Lucky charm into the air, its energy starts turning everything back to normal, the stone beings are turned back into people)
Cat Noir: Whoa. Are you seeing what I'm seeing?
Ladybug: Yeah. It's beautiful and amazing. It's... uh... (miraculous!)"
stoneheart_origins_part_2__ladybug_0005,Outside the school. Stoneheart is still holding Mylène and Chloé captive.,"Ivan: It was scary, wasn't it? Is that why you left? I'm sorry, I'll be gentle. (Mylène hugs Ivan)
Ladybug: Oh, they're (so) made for each other
Cat Noir: Like us two. (his Miraculous beeps.)
Ladybug: Uh oh. You see that? Time to split. See you soon, Cat Noir
Cat Noir: Can't wait, m’lady. (bows before he leaves)"
stormy_weather_2_ladybug_0001,Flashback from Gorizilla.,"Hawk Moth: (thinking of what Nooroo said was true) What if Nooroo is right? Am I taking too many risks?
Ladybug: (You have to trust me! Quick!)
Adrien: (Always! (jumps out of Gorizilla's hand, and over the side of the building) Yeah-ha!)"
stormy_weather_2_ladybug_0002,Flashback from Despair Bear.,"Sabrina: Especially since she could have never defeated Despair Bear without you
Ladybug: (Chloé, would you be so kind? (Ladybug and Cat Noir both grunt as they continue fighting each other.)
Chloé: (Okay, Ladybug! (Spins the Table Umbrella as the Yo-yo string attached to the Puppet head gets detached from Cat Noir's leg.)"
stormy_weather_2_ladybug_0003,Flashback ends: Flashback from Malediktator begins.,"Queen Bee: (I've always dreamed of doing this… with you!)
Ladybug: (We must work together as a team, all right, Queen Bee?)
Queen Bee: (Venom!)"
stormy_weather_2_ladybug_0004,Flashback ends: Flashback from Queen Wasp begins.,"Ladybug: but we're also stronger than before. Cat Noir and I have gotten to know one another better
Ladybug: and we've learned how to fight together
Cat Noir: (We still don't know where his akuma is hidden.)"
stormy_weather_2_ladybug_0005,Flashback ends: Flashback from The Dark Owl begins.,"Ladybug: (She runs towards the robot) Over to you, Cat Noir.)
Ladybug: (We are Ladybug...)
Cat Noir: (...and Cat Noir! )
Ladybug: We've learned to trust each other. (Spots off. (transformed back to Marinette)
Cat Noir: (Claws in. (transformed back to Adrien)
Ladybug: And now, we have new super powers!"
stormy_weather_2_ladybug_0006,Flashback ends: Parisian streets.,"Adrien: Plagg-glacier, claws out! (Adrien transforms into Icecat)
Ladybug: After all, we've been through a lot together. We're not gonna let Stormy Weather defeat us, right, kitty?
Cat Noir: As usual, I completely agree with you, Bugaboo"
stormy_weather_2_ladybug_0007,Flashback ends: Flashback from Glaciator.,"Plagg: You mean like the time she stood you up after you invited her on a romantic date on a Paris rooftop, or when she told you that she was in love with someone else?
Ladybug: (I don't wanna play around with your feelings. It would be the same as lying to you. I don't wanna do that. You're more than a partner, Cat Noir. You're my friend. And I'd never wanna lie to a friend.)
Cat Noir: (But why do you think it'd be lying?)
Ladybug: (Because there's this boy, I...)
Cat Noir: (There's a boy? Who is...?)
Ladybug: (It's— I can't tell you who it is. We can't know anything about each other. Our identities must remain a secret. We're both superheroes, Cat Noir. We don't have a choice.)
Cat Noir: (I get it, Ladybug. Your friendship means everything to me. (kisses her cheek) You can keep the rose. It goes with your costume.)"
stormy_weather_ladybug_0001,The Place des Vosges.,"Ladybug: Why did I leave Manon? I should have never done that! No. Alya's right. She's in good hands. I must trust her. (to Alya and Manon) I'll get you out of there! Let's wire-cut this icy cake!
Ladybug: Or not? On to plan B! (to Alya and Manon) Don't worry, everything's gonna be okay!
Manon: Where is Marinette?
Ladybug: She hasn't forgotten about you, Manon
Manon: How did you know my name?
Ladybug: Ah! Uhh... Marinette told me! She's coming right back, okay? (swings away)"
stormy_weather_ladybug_0002,City. Stormy Weather leaves the park.,"Stormy Weather: Black ice! (uses her parasol to coat the street with ice; then creates another wind blast)
Ladybug: (catching Cat Noir) Gotcha!
Cat Noir: A little Cat Noir will take the wind out of her sails!
Ladybug: (grabs Cat Noir by his tail) Whoa, kitty kitty. You better think before you leap
Cat Noir: (while petting his tail) You got a plan?
Ladybug: Just follow my lead. (runs along the face of a building, prompting Cat Noir to do likewise on the other side of the street)"
stormy_weather_ladybug_0003,City. Stormy Weather leaves the park.,"Stormy Weather: Not you again! (fires a windy blast at them, knocking them backward through the air, along with several vehicles)
Ladybug: Huh? (sees a bus about to crash onto them)
Cat Noir: Ow!"
stormy_weather_ladybug_0004,City.,"Hawk Moth: (to Stormy Weather) You showed them all who the real winner is, my weather girl. But now is the time for you to fulfill your part of the agreement. And here's my plan
Ladybug: Maybe she's got some unresolved anger issues!
Cat Noir: Or she didn't pass her driving test!"
stormy_weather_ladybug_0005,City.,"Cat Noir: Already? But I look so good in a swimsuit. (he smiles and he wiggles his eyebrows and nose at Ladybug)
Ladybug: The catsuit will do, thanks. At least now we know where to find her
Stormy Weather: (from the screen) Prepare for the worst weather in history!"
stormy_weather_ladybug_0006,City.,"Cat Noir: Frosty the Snowgirl's getting away! (Ladybug trips and falls) Oh, do I hear a damsel in distress?
Ladybug: Some of us don't have night vision... Whoa!
Cat Noir: (grabs Ladybug's hand and leads her along the way) No need to bug out. Just trust me!"
stormy_weather_ladybug_0007,"Darkened KIDZ+ building. Ladybug and Cat Noir, who continues leading her by the hand, are looking for Stormy Weather, using Cat Noir's night vision.","Stormy Weather: There's no way out! Party's over, fools!
Ladybug: We're just-- (sees Cat Noir holding her hand)
Cat Noir: Heh-heh... (lets go of Ladybug)
Ladybug: We're just getting started, Stormy!"
stormy_weather_ladybug_0008,"Darkened KIDZ+ building. Ladybug and Cat Noir, who continues leading her by the hand, are looking for Stormy Weather, using Cat Noir's night vision.","Ladybug: Lucky Charm! (Ladybug's Lucky Charm superpower gives her a bath towel)
Ladybug: A bath towel? What am I supposed to do with this?
Cat Noir: Great. So, we're about to be obliterated, but... At least we'll be dry
Ladybug: Just hold your whiskers"
stormy_weather_ladybug_0009,"Darkened KIDZ+ building. Ladybug and Cat Noir, who continues leading her by the hand, are looking for Stormy Weather, using Cat Noir's night vision.","Cat Noir: So what's the plan for getting the akuma back? My arm's starting to get a cramp!
Ladybug: (uses her Lucky Vision. It shows her an HVAC tube, the bath towel, and a sign) See that sign over there? Check it out!
Cat Noir: All right"
stormy_weather_ladybug_0010,"Darkened KIDZ+ building. Ladybug and Cat Noir, who continues leading her by the hand, are looking for Stormy Weather, using Cat Noir's night vision.","transformation music from Cat Noir: plays. Stormy Weather attacks Cat Noir with lightning, but he dodges. He uses his Cataclysm to make the billboard fall down, its aim toward Stormy Weather. She blasts a hole in it and Ladybug wraps her yo-yo around Stormy Weather's ankle. The
transformation music from Ladybug: plays. Ladybug takes off running under pipes and against a crane before jumping over an HVAC. Opening the towel, Ladybug soars in the air, pulling down Stormy Weather. The speed at which she falls and the angle of the crane cause her to lose her parasol as Ladybug hears a screaming Stormy Weather. Cat Noir catches it, tossing it to Ladybug.)
Ladybug: Get out of here, you nasty bug. (breaks the parasol)"
stormy_weather_ladybug_0011,"Darkened KIDZ+ building. Ladybug and Cat Noir, who continues leading her by the hand, are looking for Stormy Weather, using Cat Noir's night vision.","Ladybug: No more evil-doing for you, little akuma. Time to de-evilize! (captures the akuma) Gotcha! (releases the purified butterfly) Bye-bye, little butterfly
Ladybug: Miraculous Ladybug! (throws the Lucky charm in the air and reverts all the damage)
Alya: And after defeating the three-headed dragon with...Huh?...Taekwondo"
strikeback_shadow_moth_s_final_attack_part_2__ladybug_0001,Roof of the Gare du Nord. Ladybug sadly climbs up and de-transforms.,"Ladybug: Tikki, Kaalki, unify—
Ladybug: Okay, I guess I'll have to deal with this small problem first, but I'll be back to save you soon, Adrien!
Nathalie: (holds Félix's hand) Try to make the most out of this trip, Adrien. You're about to discover the world, and then you'll return to all of your friends and your father with fantastic memories to share with them"
strikeback_shadow_moth_s_final_attack_part_2__ladybug_0002,"On the Parisian rooftops. Strikeback is still wandering around, and Ladybug chases after the sentimonster. Cat Noir jumps in from behind, joining her.","Cat Noir: Okay, m'lady. Let's wrap this one up quickly. I've got... a full schedule
Ladybug: Fine by me, kitty cat. I've got some urgent stuff to attend, too. (both heroes leap up)
Shadow Moth: My dear akumatized friend, sing as much as you can. We must ensure that Ladybug and Cat Noir will take countless risks today"
strikeback_shadow_moth_s_final_attack_part_2__ladybug_0003,Roue de Paris. Strikeback throws the landmark towards the Parisians.,"Cat Noir: Come on, no time to waste! Cata—
Ladybug: (holds his arm) What are you doing? (throws her yo-yo to catch Strikeback)
Cat Noir: I'll use my power, you get the akuma, and bam. We can both go back to what we were doing. (extends his staff)
Ladybug: Who knows what your power would do directly on an akumatized person? And if it's a sentimonster, a cataclysm would send it out of control!
Cat Noir: Well, brilliant. That's control? What's the difference with what I was saying?
Ladybug: No way, it's too risky
Cat Noir: (groans) That's the problem with you. You never want to take any risks
Ladybug: Of course, I do! I take risks all the time!
Cat Noir: Oh yeah? Would you risk knowing who I really am behind my mask?
Ladybug: You know (very) well that—
Cat Noir: Our identities have to remain secret, I know. (gets up) So why do you know the identities of the other holders? So why not me?
Ladybug: I already told you, if I knew who you were, Shadow Moth would only need to akumatize (me) to get to you. I'm doing this to protect you
Cat Noir: I don't need you to protect me. We'll never get akumatized!
Ladybug: You don't know what you're talking about
Cat Noir: Maybe because you never talk to me about anything!"
strikeback_shadow_moth_s_final_attack_part_2__ladybug_0004,Roue de Paris. Strikeback throws the landmark towards the Parisians.,"Ladybug: Uh... Rena who?
Ladybug: Fine, she's hidden. It's best you don't know where, it's too—
Cat Noir: Risky, yeah, right. I think I get it"
strikeback_shadow_moth_s_final_attack_part_2__ladybug_0005,Roue de Paris. Strikeback throws the landmark towards the Parisians.,"Ladybug: Maybe. All I know is that we won't be able to defeat him if we keep having to save people all the time. I'll go for reinforcements. Stall him!
Ladybug: (to Risk) Fighting supervillains isn't fun and games. Go find your parents. (leaps away)
Shadow Moth: (to Risk) Keep it up! Taking risks always pays off in the end!"
strikeback_shadow_moth_s_final_attack_part_2__ladybug_0006,Roue de Paris. Strikeback throws the landmark towards the Parisians.,"Rena Furtive: (on-call) Ladybug, that froggy kid still isn't getting it
Ladybug: Not again! Quick, come with me! (The heroes begin their run.) Vesperia, immobilize the villain!
Vesperia: Venom!"
strikeback_shadow_moth_s_final_attack_part_2__ladybug_0007,Roue de Paris. Strikeback throws the landmark towards the Parisians.,"Rena Furtive: (from the Montparnasse Tower) He can copy our powers!
Ladybug: Don't attack them! Don't hit him anymore! Or else it'll make him even more powerful! Retreat to city hall now! (swings away with Risk)
Ryuko: Wind Dragon!"
strikeback_shadow_moth_s_final_attack_part_2__ladybug_0008,"On top of the city hall, the heroes gather up. Strikeback grabs the Roue de Paris and, with Clout, launches it towards the direction where the heroes are.","Rena Furtive: (on-call from Tour Montparnasse) I-I'm sorry. I couldn't keep it from him
Ladybug: We'll talk about it later. (to Risk) Okay, you, that's enough now. You're putting us all in danger
Risk: (off-screen) ♪ I'm Froggy, here I come. I'm not afraid of anyone. ♪"
strikeback_shadow_moth_s_final_attack_part_2__ladybug_0009,"On top of the city hall, the heroes gather up. Strikeback grabs the Roue de Paris and, with Clout, launches it towards the direction where the heroes are.","Cat Noir: Blind! We were blind. We're not just dealing with a sentimonster. There's also an akumatized villain!
Ladybug: That's why we're being so careless. It's him that's making us taking all these risks!
Shadow Moth: (laughs maniacally) Now that Ladybug knows they've all been hit, she will doubt everything! And above all, herself!
Ladybug: Cat Noir, you need to de-transform!"
strikeback_shadow_moth_s_final_attack_part_2__ladybug_0010,On top of the city hall.,"Cat Noir: But I can help... (The frog mark takes effect as he takes the risk of fighting the sentimonsters, not following Ladybug's orders.)
Ladybug: Nothing! No akuma!
Risk: I tricked you! You'll never find my akuma 'cause my object's hidden from you!
Ladybug: Okay, let's split up! Keep looking!"
strikeback_shadow_moth_s_final_attack_part_2__ladybug_0011,An alleyway.,"Ladybug: A ticket for the Jardin des Plantes? It's from yesterday... (gasps) I know! I've gotta put an end to this madness ASAP! (leaps off)
Ladybug: Okay! I need someone who hasn't been hit
Félix (flashback): Farewell, Ladybug
Ladybug: (gasps) Adrien! But I've been hit by Risk! Maybe my idea's way too risky, or is it a risk not to take this risk? Am I doing this for the love of risk, or the risk of love? (groans)"
strikeback_shadow_moth_s_final_attack_part_2__ladybug_0012,An alleyway.,"Ladybug: (gasps) Adrien! But I've been hit by Risk! Maybe my idea's way too risky, or is it a risk not to take this risk? Am I doing this for the love of risk, or the risk of love? (groans)
Ladybug: No. It's Adrien, and he doesn't have the mark. It's a good idea! Tikki, Fluff, Kaalki, unify! (transforms into Pennybug)
Pennybug: Voyage!"
strikeback_shadow_moth_s_final_attack_part_2__ladybug_0013,"Startrain. Pennybug exits out of the lavatory, while Félix exits out of the adjacent. They are both surprised.","Pennybug: Oh! It's me, Ladybug. Or rather, Ladybug with a few extra powers. Pennybug! Wait!
Pennybug: (sighs) You're alright. Adrien, I need your help. (retrieves the Dog Miraculous) I have to find an object
Félix: Y... Your yo-yo gives you direct access to all the Miraculous?
Pennybug: The ones in my Miracle Box, yes. It's a magic shortcut
Félix: Wow!
Pennybug: Adrien Agreste, here is the Miraculous of the dog which will grant you the power to locate and fetch whatever your ball has touched. You will use it for the greater good, then you will return it to me.... Can I trust you?"
strikeback_shadow_moth_s_final_attack_part_2__ladybug_0014,"Startrain. Pennybug exits out of the lavatory, while Félix exits out of the adjacent. They are both surprised.","Pennybug: Adrien Agreste, here is the Miraculous of the dog which will grant you the power to locate and fetch whatever your ball has touched. You will use it for the greater good, then you will return it to me.... Can I trust you?
Pennybug: If you're doubting yourself, then trying is the only way you can gain the confidence you need
Barkk: Hi, I'm Barkk! The kwami of adoration! I'm so happy to have a new holder, you and I can play ball! All you have to say is, ""Barkk, on the hunt""!"
strikeback_shadow_moth_s_final_attack_part_2__ladybug_0015,"Startrain. Pennybug exits out of the lavatory, while Félix exits out of the adjacent. They are both surprised.","Barkk: Whoo!
Pennybug: Thanks to your superpower, you can locate any object that you've touched before
Flairmidable: Oh! Uh... (touches her yo-yo) Like this?
Pennybug: No! With the ball. A light touch will be enough
Flairmidable: Okay, I get it. What about the object I'm supposed to find? Where is it?
Pennybug: In the past. Burrow!"
strikeback_shadow_moth_s_final_attack_part_2__ladybug_0016,Burrow.,"Pennybug: In the past. Burrow!
Pennybug: We have to find the little boy before he was akumatized
Flairmidable: You can travel through time?
Pennybug: (reverses a window) Yes. And even though time travel is always risky, today we have to take that risk"
strikeback_shadow_moth_s_final_attack_part_2__ladybug_0017,"Ménagerie du Jardin des Plantes, in the past.","Pennybug: Found it!
Pennybug: As soon as we know which object is going to be akumatized, you have to hit it with the ball, but without anyone seeing so you don't interfere with the course of events
Froggy's Mom: Froggy, come back! It's time to go home!
Pennybug: His fluffy! Of course!"
strikeback_shadow_moth_s_final_attack_part_2__ladybug_0018,"Present timeline, Paris. Pennybug and Flairmidable step out the Burrow.","Pennybug: Thanks to your power, we don't need to
Pennybug: Fluff, Kaalki, divide! (reverts back to Ladybug)
Cat Noir: Come on, bring it! I'm not scared of you!"
strikeback_shadow_moth_s_final_attack_part_2__ladybug_0019,"Present timeline, Paris. Pennybug and Flairmidable step out the Burrow.","Cat Noir: Come on, bring it! I'm not scared of you!
Ladybug: (to Flairmidable) Hurry! He won't last long!
Flairmidable: (takes out his ball) Fetch!
Ladybug: No more evil doing for you, megakuma! (catches the megakuma and proceeds to throw her lucky charm object) Miraculous Ladybug!"
strikeback_shadow_moth_s_final_attack_part_2__ladybug_0020,"Present timeline, Paris. Pennybug and Flairmidable step out the Burrow.","Ladybug: It really suits you!
Ladybug and Flairmidable: Pound it!
Ladybug: Here you go, little buddy! Even though you're so brave that you're not scared of Shadow Moth, (hands Froggy back his frog plushie, this time with his own Magical Charm as its necklace) with this, you'll still remember to always be careful"
strikeback_shadow_moth_s_final_attack_part_2__ladybug_0021,A rooftop. The heroes are watching Strikeback wreck more buildings as Ladybug and Flairmidable arrive.,"Ladybug: Hey, everyone! Meet Flairmidable, the new holder of the Dog Miraculous
Ladybug: Oh, Cat Noir! Miraculous of the dog, Miraculous of the cat! Dog and cat! (laughs) Funny isn't it? (laughs)
Cat Noir: (unamused) Hilarious"
strikeback_shadow_moth_s_final_attack_part_2__ladybug_0022,A rooftop. The heroes are watching Strikeback wreck more buildings as Ladybug and Flairmidable arrive.,"Ladybug: I knew you two would get along. That's the magic of the Miraculous, even dogs and cats can exist in harmony! You're gonna be spending a (lot) of time together now that he's joined the team! (chuckles) Forever. (to all heroes) Ready Miraculous team?
Ladybug: Since we can't attack them, we're gonna trap them. We'll be cunning, no needless risks. Rooster Bold, since you can choose your power, give yourself the power to multiply objects. We'll need more pairs of sunglasses
Rooster Bold: Sublimation!
Ladybug: Next, we'll lure all the sentimonsters to the same place. Carapace, you'll create a shield so that they can't escape, and finally, I'll transform into Pegabug and open a portal that the sentimonsters will fall into"
strikeback_shadow_moth_s_final_attack_part_2__ladybug_0023,A rooftop. The heroes are watching Strikeback wreck more buildings as Ladybug and Flairmidable arrive.,"Ladybug: (wears the glasses) To some place where they can never hurt anyone again
Ladybug: It's showtime, guys!
Carapace: (off-screen) Shell-ter!"
strikeback_shadow_moth_s_final_attack_part_2__ladybug_0024,"Adrien's room. Adrien walks out of his bathroom displeased, while Ladybug swings in.","Nathalie: Sir?
Ladybug: Phew! There you are. I'm sorry I thought I told you we were supposed to meet up
Adrien: Meet up?
Ladybug: Yes, so you could give it back to me
Adrien: Give what back to you?
Ladybug: Well, the Miraculous of the dog
Adrien: But you didn't give me anything
Ladybug: Of course, I did! On the train
Adrien: The train? ...(Félix)!"
strikeback_shadow_moth_s_final_attack_part_2__ladybug_0025,"Adrien's room. Ladybug begins to panic now that she knows Flairmidable, or rather Félix, had already seized the opportunity to steal her yo-yo.","Gabriel: (overjoyed) Ah!! You've lost Ladybug! Finally!!!
Ladybug: (panicking panting) The ball! (Gasps) of the dog... Félix...He has the yo-yo!! and that means...HE HAS THE MIRACULOUS!!! (her hands slowly reach her head as she increasingly panics in shocking realization)
Gabriel: (laughs maniacally) My greatest wish will finally come true!!!"
style_queen_queen_s_battle_part_1__ladybug_0001,"Grand Palais, catwalk. Adrien is showcasing Marinette's hat. Many pictures are taken. Marinette is shaking out of nervousness.","Style Queen: Fine, I'll take you on trial!
Ladybug: (swings to a rafter) Style Queen!
Style Queen: (shakes head) What an atrocious suit! That bug looks so last year!
Ladybug: But the yo-yo makes a strong comeback this year!
Style Queen: You're a couple of sizes too small to beat me, Ladybug"
style_queen_queen_s_battle_part_1__ladybug_0002,Eiffel Tower.,"Chloé: Oh, it doesn't break. Adrikins, wake up!
Ladybug: (to her yo-yo-phone) Cat Noir, I don't know what you're doing, but there's a witch of a villain running loose and I really need you!
Chloé: Psst! Ladybug! Hurry up! Adrikins is crumbling!
Ladybug: Did you see where your mother's Akuma landed?
Chloé: It's in the rose she put on him. Where's Cat Noir?
Ladybug: I wish I knew
Chloé: You better come up with something fast, my mother is going to see you!"
style_queen_queen_s_battle_part_1__ladybug_0003,"Eiffel Tower, somewhere on a staircase. Alya is walking up, filming why walking. She jumps up when she's addressed.","Hawk Moth: (from his lair) Cat Noir isn't here? Nevermind, catch Ladybug and make her tell you where he's hiding. I need (both) Miraculous, now!
Ladybug: Alya, don't get so close to Style Queen! It's too dangerous!
Alya: It's hard to get a scoop when you're not in the middle of the action, Ladybug
Ladybug: Well (I) have a scoop for you. (holds out the Miraculous Jewellery Box, while Alya's still filming) Alya Césaire, here is the Miraculous of the bee which grants the power of subjection. You will use it for the greater good
Alya: Wow!"
style_queen_queen_s_battle_part_1__ladybug_0004,"Eiffel Tower, somewhere on a staircase. Alya is walking up, filming why walking. She jumps up when she's addressed.","Style Queen: (mockingly) ""Where's Cat Noir?"" Oh, lemme guess. He's hiding because he's ashamed of his outfit
Ladybug: Lucky Charm! (a tube of glue appears) A tube of glue!
Style Queen: Glue this, (bug!) (shoots more gold; Ladybug dodges)"
style_queen_queen_s_battle_part_1__ladybug_0005,"Eiffel Tower, somewhere on a staircase. Alya is walking up, filming why walking. She jumps up when she's addressed.","Plagg: (outta nowhere) Stay away from the Ladybug!
Ladybug: Plagg!
Style Queen: Agh, my, my. What do we have here? A talking rat?"
style_queen_queen_s_battle_part_1__ladybug_0006,"Eiffel Tower, somewhere on a staircase. Alya is walking up, filming why walking. She jumps up when she's addressed.","Audrey: What am I doing here? You're all fired!
Ladybug and Plagg: Pound it!
Ladybug: I hope Cat Noir finds his Miraculous"
style_queen_queen_s_battle_part_1__ladybug_0007,"Eiffel Tower, somewhere on a staircase. Alya is walking up, filming why walking. She jumps up when she's addressed.","Adrien: (watching from above) Oh, the fashion show! My father is gonna worry about me. (Ladybug lands behind him)
Ladybug: It's on my way! I can give you a lift if you want. (they swing off)
Hawk Moth: Style Queen was my greatest masterpiece. How could she have failed? How could (I) have failed? What should I do now? (his window closes)"
sublimation_episode__ladybug_0001,Place des Princesses. Caroline transforms into Sublimation.,"Sublimation: Take a good look at me, Sweetheart. Thanks to Sublimation, Ladybug is finally about to become a better superhero
Ladybug: I'm sincerely sorry. It was an unfortunate misunderstanding, but please, reject the akuma, and I promise I'll fix everything
Sublimation: If you're really as perfect as you pretend to be, why are you so afraid of being sublime?
Ladybug: I don't trust people under the influence of the Butterfly Miraculous holder
Sublimation: You're wasting my time, Ladybug. Maybe you don't want to be sublime, but at least fix the problems you have caused!"
sublimation_episode__ladybug_0002,"Exterior of Place des Princesses. Ladybug has fallen on a bunch of metal pipes and quickly gets up. Meanwhile, Sublimation jumps out to where Bob is.","Sublimation: Ladybug! You again. Have you figured out how to fix my daughter's protheses that you broke?
Ladybug: No, but I...I'm sorry. It was a mistake
Sublimation: You're keeping my daughter from securing a sponsor, Ladybug. Is this what superheroes do in Paris?"
sublimation_episode__ladybug_0003,"The streets of Paris. Bob Roth is being driven away, but then the car is stopped.","Cat Noir: (To Ladybug, who has jumped beside him) What's she talking about?
Ladybug: Sublimation makes people better simply by touching them
Cat Noir: Are you sure she's really a supervillain?
Ladybug: Well, she hasn't destroyed anything so far
Cat Noir: And to be honest, you can't be mad at her for trying to make Bob a better person. Right Bob?"
sublimation_episode__ladybug_0004,"The streets of Paris. Bob Roth is being driven away, but then the car is stopped.","Cat Noir: Ho-ho, we're being paid, M'Lady?
Ladybug: No, we're not. We protect everyone for free
Bob: (Laughs) Then you're being exploited
Ladybug: No, we're volunteers, Bob
Bob: How ridiculous
Ladybug: (To Cat Noir) Hide him somewhere Sublimation won't find him"
sublimation_episode__ladybug_0005,"The rooftops. Sublimation kicks Ladybug, causing her to roll down a roof.","Sublimation: You should be ashamed of protecting a scoundrel like Bob Roth!
Ladybug: You have no right to decide for others how they should behave!
Sublimation: You're jealous of my power because I can actually turn villains into good people!
Ladybug: Lucky Charm!"
sublimation_episode__ladybug_0006,"The rooftops. Sublimation kicks Ladybug, causing her to roll down a roof.","Cat Noir: What's she talking about, M'Lady?
Ladybug: It was an accident!
Sublimation: You must be a better version of yourself, Ladybug. Don't you wanna know?"
sublimation_episode__ladybug_0007,"The rooftops. Sublimation kicks Ladybug, causing her to roll down a roof.","Cat Noir: Wow, I told you M'Lady!
Ladybug: You, too, are the best version of yourself, Kitty Cat
Cat Noir: (Smugly) I know
Ladybug: And the most modest"
sublimation_episode__ladybug_0008,Stade des Princesses. Ladybug is seen swinging Caroline down to where Sublime and Séverin are.,"Ladybug: I sincerely apologize, Sublime. If I hadn't shown up, you would've finished your race. Your protheses would still be intact, and your mom would never have been akumatized. Miraculous Ladybug!
Ladybug: I hope you'll find the best sponsor there is
All five: Pound it!"
sublimation_episode__ladybug_0009,Stade des Princesses. Ladybug is seen swinging Caroline down to where Sublime and Séverin are.,"All five: Pound it!
Ladybug and Cat Noir: Good luck on your trial!
Workers: Wow! Best performance of the year!"
syren_ladybug_0001,Roof of Master Fu's massage shop building,"Ladybug: I'm sorry. It's not exactly easy for me either, trust me. (she leaps away while Cat Noir turns to see her leaving him)
Ladybug: (swings in and lands out of sight) Spots off! (detransforms, hidden, before looking around for Master Fu)
Marinette: Master Fu? Master?"
syren_ladybug_0002,"The swimming pool, submerged underwater. Kim is seated in the lifeguard's chair, which is surrounded by elaborate ornamentation, inside a large air bubble. Syren is swimming around in the water nearby.","Syren: (surprised; taken aback) What?!
Aquabug: (floating at the far end of the room) Oh, yes you will; don't worry! In fact, you'll probably make it to the next showing! (Syren is angry.)
Aqua Noir: (swimming into the room, with green-finned arms, feet and ""tail"" on his costume) The three of us can go together. (assuming a position next to Ladybug) I'll even share my popcorn"
syren_ladybug_0003,"The swimming pool, submerged underwater. Kim is seated in the lifeguard's chair, which is surrounded by elaborate ornamentation, inside a large air bubble. Syren is swimming around in the water nearby.","Kim: Your new outfits are (so) cool!
Aqua Ladybug: Oh, um, thanks! But tell me, what happened to your friend that got her (so) worked up?
Kim: We were playing a game of secrets, and I think she was trying to tell me that (I'm) the boy she likes. But, I was a doofus and didn't realize"
syren_ladybug_0004,"The swimming pool, submerged underwater. Kim is seated in the lifeguard's chair, which is surrounded by elaborate ornamentation, inside a large air bubble. Syren is swimming around in the water nearby.","Kim: We were playing a game of secrets, and I think she was trying to tell me that (I'm) the boy she likes. But, I was a doofus and didn't realize
Aquabug: Game of secrets? What kind?
Kim: It's a game Ondine invented. (making explanatory gestures) You write down a secret and put it inside the bracelet's capsule. It's awesome! You wanna know (my) secret?
Aquabug: (ignoring Kim's question, and noticing Syren's bracelet) That's where the akuma must be! Aqua Lucky Charm! (a car key appears) Car keys? I guess we should hit the road, then. (gives her yo-yo, opened up, to Kim) Here. You can breathe through this"
syren_ladybug_0005,"Paris underwater. Syren swims out of the swimming pool building, and searches around for Kim and Ladybug.","Syren: (spotting Ladybug) Ladybug! What have you done to my prince?!
Aquabug: (Kim is seen above water, hiding behind the chimney of a nearby building.) I think he took someone (else) to the ball
Syren: I won't let you steal him from me! Kim is (mine! (chases after Aquabug)
Aquabug: (using her ear-communicator) Cat Noir! Are you all right?"
syren_ladybug_0006,"Paris, above water","Aquabug: (raises her fist) We (are) a team, aren't we?
Aquabug &amp; Aqua Noir: (fist-bumping) Pound it!
Master Fu: Each blend corresponds to a new power"
the_bubbler_ladybug_0001,Rooftops. Ladybug is running towards the fireworks.,"Adrien: Okay, you're right. This might be the first day in my life that I actually get to do what I want for once
Ladybug: (to herself) It's you and me, Bubbler
Adrien: Yeah! (walks over to a sad-looking Rose) Hey, nice party, I guess, since it's my first one"
the_bubbler_ladybug_0002,Rooftops. Ladybug is running towards the fireworks.,"Chloé: Forget about (them), let's go dance! C'mon!
Ladybug: There is no way this is happening. Lucky Charm! (The Lucky Charm superpower gives her a record.) A record?
Bubbler: Dude! Who just hijacked my mix?
Ladybug: Yours truly. (her earring beeps.) Better bug out quick before I change back to normal. (jumps out of the balcony to the outside of Agreste Mansion.) Spots off"
the_bubbler_ladybug_0003,Rooftops. Ladybug is running towards the fireworks.,"Cat Noir: Looks like I made it just in time
Ladybug: I had it under control, (the yo-yo falls on Cat Noir’s head),) but thanks
Hawk Moth: (from his lair) Get the Miraculouses. I want those powers, NOW!"
the_collector_ladybug_0001,"Rooftops. Ladybug flings her yo-yo and flies above the school roof until she reaches a certain spot, where she attempts to call Cat Noir.","Cat Noir: (voicemail) Has the cat got your tongue? Leave a message!
Ladybug: Cat Noir, I think I know who Hawk Moth is! Get your whiskers over here fast!
Nathalie: What will you do without the book?"
the_collector_ladybug_0002,"Adrien's room. Adrien uses a remote to open his window, planning to evacuate his room.","Plagg: Oh my!
Ladybug: (from recorded message) Cat Noir, I think I know who Hawk Moth is. Get your whiskers over here, fast!
Cat Noir: Wow! I guess the Spellbook will have to wait a bit longer"
the_collector_ladybug_0003,Collège Françoise Dupont rooftop. Ladybug is starting to get impatient waiting for Cat Noir.,"The Collector: Nothing can inspire me more than imprisoning Ladybug and Cat Noir in these pages forever
Ladybug: (grunts and slides open her yo-yo to contact Cat Noir) Cat Noir, what did you do? (suddenly sees Cat Noir arriving) Cat Noir, did you get my messages?
Cat Noir: Yeah, and I can't wait to know more, M'Lady-tective. So, who's the suspect?
Ladybug: Gabriel Agreste. (Cat Noir gasps and almost trips after hearing the suspect's name) You know, the fashion designer?
Cat Noir: You got proof?
Ladybug: (stammers, as it is mostly secret) I can't tell you
Cat Noir: So, I'm supposed to just... (accept) that?
Ladybug: You must trust me on this. But it all makes sense. Gabriel Agreste is a secretive man and he never leaves his house. And get this. (shows Cat Noir images of Gabriel's fashion design logos on her yo-yo screen) Check out his brand's logo
Cat Noir: (stunned) A butterfly? (has flashbacks of the butterfly patterns on furniture inside his house, and sighs after thinking about it)
Ladybug: You okay, Cat Noir?
Cat Noir: (with grim determination) It's time to get the bottom of this"
the_collector_ladybug_0004,Gabriel's atelier. Ladybug and Cat Noir find many broken pieces of furniture as they come to investigate.,"Ladybug: (shocked) Whoa, what happened here? Looks like somebody had a little tantrum
Ladybug: Are you sure you're okay?
Cat Noir: Yeah. Yeah, let's keep going
Ladybug: (gasps) He's got a son! Let's go check his room; make sure nothing's happened to him
Cat Noir: Where's Gabriel Agreste?"
the_collector_ladybug_0005,Adrien's room. Ladybug and Cat Noir arrive there after the Collector chases them up there.,"Ladybug: You call Agreste turning into the Collector good news?!
Ladybug: Gabriel Agreste's son isn't at home?
Cat Noir: Maybe the Collector's already captured him
Ladybug: (gasps in shock) You think he'd take it out on his own son?
Cat Noir: Uh"
the_collector_ladybug_0006,Adrien's room. Ladybug and Cat Noir arrive there after the Collector chases them up there.,"Ladybug: No more evildoing for you, little akuma. Time to de-evilize! (catches the akuma with her yo-yo) Gotcha! (releases the akuma, turning it back into a normal butterfly) Bye bye, little butterfly. (The Collector turns back to Gabriel.)
Ladybug: Pound...Uh. (Ladybug sees Cat Noir heading towards Gabriel.)
Cat Noir: Are you okay, Faaa...sir?"
the_collector_ladybug_0007,Adrien's room. Ladybug and Cat Noir arrive there after the Collector chases them up there.,"Cat Noir: He...must be hiding?
Ladybug: Cat Noir is right, otherwise your son would have reappeared right here
Gabriel: Nothing must happen to him. He's too precious to me. (puts his hands on the shoulders of Cat Noir, who gazes at him, smiling)
Ladybug: (notices the spots on her earring are about to wear off and warns Cat Noir) We're about to transform back. Goodbye, Mr. Agreste"
the_dark_castle_ladybug_0001,Françoise Dupont cafeteria. The students are getting lunch.,"Bunnyx: I miss you too, gang
Ladybug: Bunnyx, I need you
Marinette: We'll post the video on the Zoo rabbit forum. Once it's online, she'll be able to watch from wherever!"
the_dark_castle_ladybug_0002,Burrow. Ladybug jumps through the portal to get into the burrow and hug Bunnyx.,"Ladybug: Uhh...not exactly
Ladybug: Happy birthday!
Bunnyx: Is this why you called me?
Ladybug: You don't like people wishing you a happy birthday?
Bunnyx: Uh...yeah, I do, but
Ladybug: Then you're going to like this
Bunnyx: What?
Ladybug: There's a surprise waiting for you at the Place des Vosges square
Bunnyx: But... I can't go. The Rabbit Miraculous must be kept safe here in the Burrow
Ladybug: I know... and that's why you're going to give it to me, and I'll stay here to keep it safe
Bunnyx: Are you sure that's a good idea?
Ladybug: Of course, I gave it to me myself-I mean-I'm going to give it to me myself so it has to be a good idea-I mean-it will be a good idea. (laughs) You get me, right?
Bunnyx: Counter-clockwise"
the_dark_castle_ladybug_0003,Burrow. Ladybug jumps through the portal to get into the burrow and hug Bunnyx.,"Ladybug: Of course not! I know the rules by heart, I am the Guardian you know
Ladybug: Tikki, Fluff, unify! (transforms into Bunnybug)
Bunnybug: Off you go now"
the_dark_castle_ladybug_0004,Burrow. Bunnybug pulls her future self through the portal with her.,"Bunnynette: Good luck, this villain's gonna be a toughie
Ladybug: Oh? Do you have any tips to make this... easier?
Bunnynette: Unfortunately, I'm not allowed to-
Ladybug: Interfere with the timeline, I know. (Groans)
Bunnynette: I know you'll be alright"
the_dark_castle_ladybug_0005,"Interior of the Louvre. The heroes jump into the building through the broken glass pyramid, where they face off against more knights.","Ladybug: Sounds like it's coming from inside
Ladybug: Whoever you are just what are you trying to achieve?
Dark Castle: Doing history justice. The Louvre must become a fortress protecting Paris again, like Phillip the second of France had wanted
Ladybug: You should brush up on your history! You're forgetting that the French revolutionaries fought to turn this castle into a museum so people could have access to art!
Dark Castle: Decadent art that tarnishes the values of monarchy!"
the_dark_castle_ladybug_0006,"Interior of the Louvre. The heroes jump into the building through the broken glass pyramid, where they face off against more knights.","Dark Castle: There is nothing you can do to stop the return of monarchy!
Ladybug: The crown gallery!
Cat Noir: You're right. If the villain thinks he's a monarch, he might be in there"
the_dark_castle_ladybug_0007,"Interior of the Louvre. The heroes jump into the building through the broken glass pyramid, where they face off against more knights.","Ladybug: It's a trap!
Ladybug: Lucky Charm!
Cat Noir: Cataclysm!
Ladybug: Come on, we've got to get out of here!
Cat Noir: Okay, so he isn't hiding in the castle
Ladybug: He (is) the castle!"
the_dark_castle_ladybug_0008,"Exterior of the Louvre. They make it out, getting out of the Louvre through the broken glass pyramid and stopping in front of it.","Cat Noir: M'lady, we could use some backup, don't you think?
Ladybug: No need for backup. We can do this on our own, kitty
Cat Noir: Your optimism never ceases to amaze me, m'lady!"
the_dark_castle_ladybug_0009,"Exterior of the Louvre. They make it out, getting out of the Louvre through the broken glass pyramid and stopping in front of it.","Dark Castle: You'll never reduce the monarchy to ashes
Ladybug: There!
Dark Castle: Tallyho!"
the_dark_castle_ladybug_0010,"Exterior of the Louvre. They make it out, getting out of the Louvre through the broken glass pyramid and stopping in front of it.","Ladybug: No more evil doing for you, ultrakuma! (She opens up her yoyo.) Time to de-evilize! (She catches the ultrakuma.) Gotcha! Bye bye, little butterfly! (She releases the butterfly.)
Ladybug: Miraculous Ladybug!
Armand: Again, with this vile pyramid?! It's defacing this noble building that was once home to the French sovereigns!
Ladybug: Mr. D'Argencourt, weren't the pyramids the last homes of the sovereigns of Egypt?
Armand: Uh...they were, indeed...you're right
Ladybug: This jewel will remind you that we shouldn't rewrite past history, for it helps us to make the right decisions in shaping our future
Armand: Thank you, Ladybug...You know, this pyramid isn't so ugly after all
Ladybug: and"
the_dark_castle_ladybug_0011,Burrow. Ladybug enters through one of the portals.,"Future Marinette: Good job, Ladybug
Ladybug: Thanks, Marinette. Fluff, Tikki, unify!
Future Marinette: (yawns) At last, I can go to bed"
the_dark_owl_ladybug_0001,Place des Vosges,"Mr. Damoclès: No need for that, Mrs. Michelle. (Whiskers start to hisses at him) Uh-oh! Whiskers! Stay calm! Come on now! (Whiskers bites onto Mr. Damoclès' hand) Ow!
Ladybug: Mr. Dam...um, Owl! This is the fifth time this week we come to your rescue!
Cat Noir: You're really going to get hurt one of these days. (Whiskers meows at him) At least wear a helmet"
the_dark_owl_ladybug_0002,Park,"Clara Contard: Any comments, Ladybug and Cat Noir?
Ladybug: Uh, you know, he's a great guy. But to all the children of Paris, you mustn't copy him, okay? It's very dangerous!
Cat Noir: Ladybug's right. So, don't try this at home. Okay, kids? (winks to the camera)"
the_dark_owl_ladybug_0003,Rooftops. Ladybug and Cat Noir are conversing about Mr. Damoclès' superhero antics.,"Cat Noir: The principal Mr. Damoclès has a good heart, but this is bound to end badly
Ladybug: And we can't spend all our time watching out for him either. (yawns in exhaustion) It's turning into a full time job!
Cat Noir: Perhaps we should convince him to stop trying to be a superhero by... scaring him, for example?
Ladybug: And shatter the poor man's dream? No way! On the contrary, maybe we should help him make his dream come true. He said all he wanted was to be a hero, even if it's just for one day
Cat Noir: Of course! If we make him a hero for a day like he always dream of, he'll be happy and quit playing this dangerous game. Spot on as usual, my Lady! We just have to figure out how?
Ladybug: I just may have an idea"
the_dark_owl_ladybug_0004,Principal's office. Mr. Damoclès (wearing his costume) is working on his grappling hook gun.,"Alya: I am ""Cardboard Girl"", a supervillain! I've kidnapped Ladybug and Cat Noir! (laughs evilly)
Ladybug: Help us, Owl!
Cat Noir: Save us, Owl!"
the_dark_owl_ladybug_0005,"Place des Vosges. Mr. Damoclès arrives to ""rescue"" Ladybug and Cat Noir","Alya: Give up, Ladybug and Cat Noir, I evil Cardboard Girl have taken your Miraculouses! No one can save you now!
Ladybug: (covering her ears) Oh no, my earrings!
Cat Noir: (covering his ring finger) Oh darn, we're done!"
the_dark_owl_ladybug_0006,"Place des Vosges. Mr. Damoclès arrives to ""rescue"" Ladybug and Cat Noir","Mr. Damoclès: Owl Talons! Hoo-hoo!
Ladybug: Mr. Damoclès, are you okay? You're not hurt, are you?
Mr. Damoclès: I am not Mr. Damoclès! I am The Owl! (He realizes that everyone is still snapping pictures of him) You've revealed my secret identity!
Ladybug: We're sorry Mr...Owl. We didn't mean to!"
the_dark_owl_ladybug_0007,Stade des Princes,"Dark Owl: Albert, the signal
Albert: (from Principal's office) At your service, sir
Dark Owl: It's perfect"
the_dark_owl_ladybug_0008,Rooftops. Ladybug and Cat Noir both notice the signal,"Dark Owl: It's perfect
Ladybug: Wow, that principal sure is holding a grudge
Cat Noir: Yeah, we definitely ruffled his feathers
Ladybug: We got to get a hold on his detonator and stop the countdown!
Cat Noir: If you want, I can distract him with a little chit-chat
Ladybug: You're certainly the cat for the job. (Ladybug pops an ear communicator out of her yo-yo and places it in her ear) Let's stay in touch
Cat Noir: Hoo-hoo! Mr. Damoclès?"
the_dark_owl_ladybug_0009,Stade des Princes. Cat Noir arrives to look for Dark Owl.,"Dark Owl: Where is Ladybug?
Ladybug: Grappling iron, boomerang, utility belt. The akuma must be in one of his weapons
Cat Noir: (to Ladybug) Yeah, but which one? ((to Dark Owl)) Ladybug will be here any minute"
the_dark_owl_ladybug_0010,Stade des Princes. Cat Noir arrives to look for Dark Owl.,"Cat Noir: Boom! Okay, I get it. (to Ladybug) Try to grab his detonator
Ladybug: I'm on it. (Ladybug throws her yo-yo at Dark Owl, knocking the detonator out of his hand) Over to you, Cat Noir!
Dark Owl: Ha! (catches the detonator) Hoo-Oops! Time flies! This is your last chance to save that helpless kitten! (throws the detonator onto the top of the crate)"
the_dark_owl_ladybug_0011,Stade des Princes. Cat Noir arrives to look for Dark Owl.,"Dark Owl: It's the end of the line for you!
Ladybug: Lucky Charm! (a pen appears) Huh, a fountain pen?
Cat Noir: What are you going to do? Ask him to sign you an autograph? I'll deactivate the detonator my lady. (He jumps on top of the crate and grabs the detonator. He presses the button, but it didn't work) What?"
the_dark_owl_ladybug_0012,Inside the crate,"Cat Noir: The countdown's still running!
Ladybug: What? That's impossible! (The crate starts to fill up with melted whip cream)) Come on, please!
Cat Noir: Looks like... (tastes the cream) Mmmm! Tastes like whipped cream
Ladybug: Oh no!"
the_dark_owl_ladybug_0013,Inside the crate,"Cat Noir: (bangs onto the door) He's right. We're done for
Ladybug: Not yet we're not. (to Dark Owl) You win, Dark Owl
Hawk Moth: (from his lair) The time has come! Excellent work, Dark Owl!
Ladybug: Close your eyes, and no peeking"
the_dark_owl_ladybug_0014,Stade des Princes.,"Cat Noir: We still don't know where the akuma is hidden
Ladybug: But we know that it's not in any of his weapons! (Dark Owl starts to charge toward her) Cover me! (Cat Noir fights hand-to-hand combat with Dark Owl to cover her) Lucky Charm! (a comic book appears) The first volume of (The Adventures of Knightowl)?
Dark Owl: Do you really think you can defeat me by reading to me, Ladybug? (laughs evilly)
Ladybug: The Knightowl has a partner! So does Dark Owl!"
the_dark_owl_ladybug_0015,Principal's office. Ladybug opens the window so she can get in,"Dark Owl: Bird!
Albert: Intrusion! Intrusion! Intrusion!
Ladybug: A computer! Of course!"
the_dark_owl_ladybug_0016,Place des Vosges,"Mr. Damoclès: (holding a camera) Say ""Hoo-hoo""!
Ladybug: Tending to gardens, handing out blankets to homeless people, feeding animals. The Owl really spread his wings
Cat Noir: He's a superhero in his own ways
Ladybug: Now we have a bit more spare time on our hands
Cat Noir: (Feline) going to a movie?
Ladybug: Sorry, but I've promised a friend that I must hang out with her as soon as I could. See you later, kitty cat"
the_evillustrator_ladybug_0001,"At the Library, Sabrina refuses to do Chloé's assignment.","Chloé: No! Stop!
Ladybug: Run and hide! (Chloé runs)
Cat Noir: I got wind that you were being blown away by a hairy situation
Ladybug: Fewer puns, more action!
Cat Noir: (sees the Evillustrator) Well, that guy looks pretty sketchy!
Ladybug: Where'd he go?
Cat Noir: I don't know, but he sure has a way of illustrating his point
Ladybug: (annoyed) Ughhh
Cat Noir: Seems this Evillustrator's targeting you specifically, Chloé. Any idea why?"
the_evillustrator_ladybug_0002,The hotel.,"Ladybug: (from phone) I'm sorry, that wasn't cool. But you can leave Chloé. I need you to protect this girl instead. Her name is Marinette. Really cute, isn't she? The Evillustrator is in love with her, and promised not to harm Chloé as long as Marinette comes to his birthday party
Ladybug: While he's distracted, I want you to take him down
Cat Noir: What about you?
Ladybug: I'm going on... a very important secret mission. I'll catch up with you later. Can you handle this alone?
Cat Noir: Ha! Please! It'll be a cinch! (closes the phone, and says to Chloé) You're out of danger, uh, so I'll see ya! Later! (jumps away)"
the_evillustrator_ladybug_0003,The hotel.,"Evillustrator: Grr!
Ladybug: Oops! Broke your heel! Better watch your ankles
Cat Noir: Well, well, look what the cat dragged in
Ladybug: No cat dragged me anywhere, Cat Noir. I flew in all on my own
Cat Noir: So what was this secret mission?
Ladybug: If I told you, it wouldn't be a secret"
the_evillustrator_ladybug_0004,The hotel.,"Ladybug: Lucky Charm! (Lucky Charm gives her a bouncy ball)
Ladybug: A bouncy ball?
Evillustrator: Just try and stop me with that, little lady! (laughs)
Ladybug: (uses her Lucky Vision, and spots the lights and lamps) Gladly! (throws the bouncy ball at the lamps, breaking them, and turning everything dark. She then drags the Evillustrator, making him fall. She grabs his pencil, and breaks it, releasing its akuma)"
the_evillustrator_ladybug_0005,The hotel.,"Ladybug: No more evil-doing for you, little akuma! Time to de-evilize! (captures the akuma) Gotcha! (releases the purified butterfly) Bye bye, little butterfly
Ladybug: Miraculous Ladybug! (throws the Lucky Charm into the air, its energy repairs all the damage, and turns everything back to normal)
Nathaniel: Huh? Where am I?"
the_evillustrator_ladybug_0006,The hotel.,"Nathaniel: Huh? Where am I?
Ladybug &amp; Cat Noir: Pound it!
Hawk Moth: Noooo! The Miraculous was practically mine! And they will be. Once I have them all in my grasp, I shall rule the world!"
the_illustrhater_ladybug_0001,"Passageway. Ladybug is helping take out the garbage, which Cat Noir waits for her to finish doing.","Ladybug: Oh! All good! Especially the looove department
Ladybug: Things are super duper awesome with me and my boyfriend. Everything feels simple and natural, and I perfectly know how it works when you're a couple. I'm not afraid at all of disappointing him or doing ANYTHING wrong! How about you and your girlfriend?
Cat Noir: Well, I guess we're fine, too?"
the_illustrhater_ladybug_0002,Streets of Paris,"Ladybug: We have to find her akumatized object ASAP!
Ladybug: Lucky Charm!
Carapace: I bet the Ultrakuma's in the sketchbook!"
the_illustrhater_ladybug_0003,Rooftop,"Ladybug: Exactly what I needed
Ladybug: Or not
Carapace: I can go get things to fill it with"
the_illustrhater_ladybug_0004,Rooftop,"BEFORE: the Illustrhater is de-akumatized and forgets everything?
Ladybug: (closes art supply box) Brilliant idea. (gives art supplies to Carapace, he and Ladybug jump out of frame)
Rena Rouge: Say, these are really pretty drawings! Does the person who gave you your powers like them?"
the_illustrhater_ladybug_0005,Rooftops,"Carapace: Carapace Express! Talk about same-day shipping, am I right?
Ladybug: Perfect! Thanks. Now do what she says; leave her be
Rena Rouge, Cat Noir, Carapace: Mhm! (jump elsewhere, Ladybug goes up to the Illustrhater)
Ladybug: You see, Illustrhater? It's just you and me now. Let's be friends! (opens the art supply box, gasps) Check out this beautiful art box! Would you like to trade with me?"
the_illustrhater_ladybug_0006,Rooftops,"The Illustrhater: Ha! Your case isn't even magic!
Ladybug: Of course it is! (takes out pencil) Look!
Rena Rouge: (quietly) Mirage!"
the_illustrhater_ladybug_0007,Rooftops,"Ladybug: No more evil doing for you, Ultrakuma. (spins yo-yo around) Time to de-evilize! (captures Ultrakuma; yo-yo closes) Gotcha! (releases butterfly) Bye bye, little butterfly
Ladybug: Miraculous Ladybug!
Rena Rouge: Vanish! (Mirage disappears; Rena Rouge jumps to join the other heroes and Ladybug jumps down holding Maya)
Ladybug: Are you okay? Do you remember what happened to you?"
the_illustrhater_ladybug_0008,Rooftops,"Ladybug: I understand why that made you angry, but when our emotions get the best of us, sometimes we do silly things
Ladybug: If the voices contact you again, this Magical Charm will remind you that you can resist. I have faith in you
Cat Noir: (off-screen) Wow!"
the_mime_ladybug_0001,The streets. Ladybug returns home from a mission. She reaches her home and detransforms back into Marinette.,"Alya: Girl, you will not believe what just happened to me! So Ladybug had just saved a bunch of workers from a supervillain! There were like a gazillion reporters waiting to interview her and... that's when it happened!
Ladybug: (from phone) Hey! Aren't you Alya, the girl who writes the blog about me? The...Ladyblog!
Alya: (from phone) Uh... yeah!
Ladybug: (from phone) I like your work. It's awesome. Keep it up! (her Miraculous beeps)
Alya: (from phone) Your earring, Ladybug!
Ladybug: (from phone) Ah! Thanks. Better get going. Bug out!"
the_mime_ladybug_0002,The Louvre. Ladybug is about to redo Alya's video.,"Ladybug: Are you okay? (Roger sees the Mime and runs away) It looks like Mylène's dad's hat. Oh no! Mr. Haprèle? If there's something ticking you off, we can talk about it, you know?
Ladybug: Or maybe not. (avoids the Mime's arrows.)
Nathalie: Yes, sir. Understood, sir. I'm, sure he'll understand, sir"
the_mime_ladybug_0003,The streets. Adrien is in his car with Nathalie and the Gorilla. Nathalie is talking to Gabriel on the phone.,"Adrien: As usual. The best money can buy
Ladybug: Get out of the car and find a place to hide, I'll cover you
Adrien: We gotta transform now, Plagg"
the_mime_ladybug_0004,The streets. Adrien is in his car with Nathalie and the Gorilla. Nathalie is talking to Gabriel on the phone.,"Ladybug: My pleasure, Cat Noir
Ladybug: Apparently, not seeing is believing
Cat Noir: We can't let him go like that!
Ladybug: No, wait, don't!
Cat Noir: There, I did it"
the_mime_ladybug_0005,The streets. Adrien is in his car with Nathalie and the Gorilla. Nathalie is talking to Gabriel on the phone.,"Cat Noir: There, I did it
Ladybug;: I wish you did. When he started miming the car, the bars disappeared. (swings away)
Cat Noir: Hey! Wait!"
the_mime_ladybug_0006,"The streets. The Mime is riding his invisible car, but Ladybug and Cat Noir reach him.","Ladybug: I could have done this on my own
Ladybug: Bug-and-cat team, you mean. Now drop me off over there
Cat Noir: Keep grip. (uses the staff to drop Ladybug to where the bus is) Where could the akuma be?
Ladybug: Inside his hat!
Cat Noir: How'd you know that?
Ladybug: I have hidden talents. Trust me on this one"
the_mime_ladybug_0007,"The streets. The Mime is riding his invisible car, but Ladybug and Cat Noir reach him.","Ladybug: I have hidden talents. Trust me on this one
Ladybug: You better distract him
Cat Noir: Gotcha. Meow"
the_mime_ladybug_0008,"The streets. The Mime is riding his invisible car, but Ladybug and Cat Noir reach him.","Hawk Moth: The Miraculous! Grab her earring!
Ladybug: His hat! Grab his hat!
Cat Noir: Look out!
Ladybug: We got to get the passengers to safety!
Cat Noir: Can I lend a helping paw?
Ladybug: Yeah, cover me!
Cat Noir: Hurry up, my lady!
Ladybug: Stop the bus!"
the_mime_ladybug_0009,"The streets. The Mime is riding his invisible car, but Ladybug and Cat Noir reach him.","Ladybug: (takes Sarah's glasses) Gotta borrow these. (grabs the Mime poster) A box, a magnifying glass, some light... (uses the bus's light to project the Mime poster) Voila! A homemade projector. Hey, Mime! Nice poster, don't you think?
Ladybug: Yes! Remember, he can only mime one thing at a time
Cat Noir: So he's cornered. Good thinking, my lady. (uses his staff to grab the Mime's hat) Yoink!
Ladybug: No more evil doing for you, little akuma. Time to de-evilize! (captures the akuma with her yo-yo) Gotcha! (releases the purified butterfly) Bye bye little butterfly. Miraculous Ladybug! (throws the Lucky Charm into the air, and its energy turns everything back to normal)"
the_mime_ladybug_0010,Inside the theater. Alya sees Ladybug.,"Marinette: Okay, you see that theater over there? There's something inside for you, on the stage
Ladybug: Hello! Alya, right? (Alya gasps) Last time I saw you, I was in a hurry, but I've got a bit more time now if you want to interview me for your Ladyblog
Alya: (gasps again) No... Seriously? Do I? Do I?! (runs to her excitedly)
Ladybug: Have a seat
Alya: You don't know me, but FYI, this is like the biggest moment of my life! (starts recording)"
the_pharaoh_ladybug_0001,Louvre. Pharaoh steals the scepter and the papyrus.,"Alya: Hey! Hands off the threads. I can walk myself!
Ladybug: (sighs) Seriously?! (throws opens the coffin and runs after Pharaoh) Let her go!
Cat Noir: Hiding behind an innocent bystander! You're weak, Pharaoh!"
the_pharaoh_ladybug_0002,Louvre. Pharaoh steals the scepter and the papyrus.,"Cat Noir: (his Miraculous beeps) Uhh, you go ahead. I'll join you as soon as my Miraculous is charged up again
Ladybug: Hurry up. It's gonna take both of us to defeat him. (they run separate ways)
Alya: Hey!"
the_pharaoh_ladybug_0003,Louvre. Pharaoh steals the scepter and the papyrus.,"Pharaoh: (laughs)
Ladybug: Hold on, Alya! (Ladybug runs into a time bubble, which traps her.) Whoa! Oh, no, I ran right into one of those time bubbles! (outside view; her voice is in slow motion) (""I've got to get out of this!"")
Alya: (from video) Ladybug, this is Alya! I just found out (I'm) the sacrificial offering to the sun god! Please hurry!
Ladybug: Hold on, Alya. (Outside view as she starts running inside the bubble; slow motion) (""I'm nearly there!"")"
the_pharaoh_ladybug_0004,Louvre. Pharaoh steals the scepter and the papyrus.,"Ladybug: No problem! We've gotta find the hidden akuma and free it before he sacrifices that poor girl!
Ladybug: I can't see her or Pharaoh
Cat Noir: Over there!"
the_pharaoh_ladybug_0005,Outside the Louvre. The ritual is about to begin.,"Alya: Did you say... Ladybug 5000 years ago?!
Ladybug: Everyone (does) have a past they can learn from
Cat Noir: Well, you don't look a day over 3000
Ladybug: Now you know why I'm so much wiser than you. Hm!"
the_pharaoh_ladybug_0006,Outside the Louvre. The ritual is about to begin.,"Pharaoh: Wait, this looks... like a trap!
Ladybug: Gotcha!
Pharaoh: Horus, give me your wings!"
the_pharaoh_ladybug_0007,Outside the Louvre. The ritual is about to begin.,"Ladybug: Cat Noir! This way!
Ladybug: We have to save Alya before she reaches the circle of darkness!
Pharaoh: You will not stop me from bringing Nefertiti back! I'll finish you off! Anubis, bring me mummies! (starts shooting beams at Ladybug and Cat Noir, but they dodge them. Ladybug uses his yo-yo to grab Pharaoh, while Cat Noir tries to rescue Alya.)"
the_pharaoh_ladybug_0008,Outside the Louvre. The ritual is about to begin.,"Pharaoh: Oh, Ra, god of the sun, accept this humble offering and return the princess to (me)!
Ladybug: Lucky Charm! (a Ladybug costume appears.) A Ladybug outfit?
Cat Noir: That's our last hope?
Ladybug: This offering isn't good enough for Nefertiti!"
the_pharaoh_ladybug_0009,Outside the Louvre. The ritual is about to begin.,"Pharaoh: Too late, Ladybug! The ritual has begun!
Ladybug: Set Alya free and sacrifice (me) instead! Wouldn't that be the sweetest revenge? 5000 years later! After all, I'm the one who kept Nefertiti from you all these years!
Pharaoh: It's true that you would make a much more precious offering than this mortal. (takes Ladybug's hand.) Horus, give me wings! (flies with Ladybug up to Alya.)"
the_pharaoh_ladybug_0010,Outside the Louvre. The ritual is about to begin.,"Hawk Moth: Take her Miraculous! The earring!
Ladybug: You win, Pharaoh... (she pretends to take off her earrings, then tricks the Pharaoh and grabs his pendent.) You want my Miraculous? Go get it! (throws the fake earrings)
Hawk Moth: Get it!"
the_pharaoh_ladybug_0011,Outside the Louvre. The ritual is about to begin.,"Alya: Thanks, Ladybug! But, uh, I still gotta ask: how old are you, really?
Ladybug: Um, much older than a high school student, that's for sure! (swings away)
Cat Noir: Don't you wanna know how old I am?"
the_puppeteer_2_ladybug_0001,Statue Room with Parisian Celebrities.,"Marinette: (runs into the elevator, the doors closing behind her) Tikki, spots on! (A glow emanates from the closed doors as she transforms. The Hawk Moth statue knocks Adrien down, and tries to stab Adrien, but Ladybug saves him.)
Ladybug: (sets him down) Go and find a safe place to hide, I'll handle this. (attacks the statue, Adrien runs off)
Adrien: (closes the elevator doors) Plagg, claws out! (Another glow emanates from the doors. Ladybug ties up the Hawk Moth with her yo-yo.)"
the_puppeteer_2_ladybug_0002,The Workshop. Ladybug fights the statue of Cat Noir.,"Cat Noir: (pins down the hand) Hands off, you pale imitation! Hah! (hits the statues against a wall, where they fall limp) Only one cat is allowed to have her hand
Ladybug: (stands) Thanks, Kitty
Cat Noir: (see her Lucky Charm) Have you found out what to do with your Lucky Charm? (fights ""Audrey Bourgeois"")
Ladybug: (spots a tub of glue, some paint brushes, paints, and cardboard stars) I do now!"
the_puppeteer_2_ladybug_0003,"The Wax Room. Cat Noir holds Ladybug's hands behind her back, leading her in.)","Ladybug: (spots a tub of glue, some paint brushes, paints, and cardboard stars) I do now!
Ladybug: Let go, you fake! (pretends to struggle)
Puppeteer: (evil laugh) I've almost beat you, Ladybug! Cat Noir, give me her earrings! (Cat Noir reaches for the earrings, then freezes) Cat Noir, (give) me her earrings!"
the_puppeteer_2_ladybug_0004,"The Wax Room. Cat Noir holds Ladybug's hands behind her back, leading her in.)","Puppeteer: I don't know, my wand stopped working!
Ladybug: Surprise! (holds up a fake version of the wand) I swapped them earlier. You lose, Puppeteer!
Puppeteer: Heh! I don't care! If you break my wand, I'll just turn them into (real) wax statues! (reveals Véronique and Théo tied up above the molten wax)
Ladybug: No! Don't do that! Fine, I'll give you your wand back
Puppeteer: (giggles, and grabs the fake wand. Hears Cat Noir's ring beeping) Huh? What is that? Hey! (gets the wands mixed up) If you're the real one, then that means that—! Ah! (Ladybug grabs the real wand from her.)
Ladybug: Too late! (breaks it)
Puppeteer: No!
Ladybug: (an akuma flies out of the wand) No more evil-doing for you, little akuma. Time to de-evilize! (captures the akuma) Gotcha! (releases a white butterfly) Bye-bye, little butterfly! Miraculous Ladybug! (throws up the Lucky Charm, everything turns back to normal)"
the_puppeteer_2_ladybug_0005,"The Wax Room. Cat Noir holds Ladybug's hands behind her back, leading her in.)","Ladybug: (an akuma flies out of the wand) No more evil-doing for you, little akuma. Time to de-evilize! (captures the akuma) Gotcha! (releases a white butterfly) Bye-bye, little butterfly! Miraculous Ladybug! (throws up the Lucky Charm, everything turns back to normal)
Ladybug &amp; Cat Noir: (fist bump) Pound it!
Hawk Moth: Soon, (I'm) the one who'll pulling the strings, Ladybug, and that day will come sooner than you (think!) (the lair's window closes)"
the_puppeteer_ladybug_0001,Subway.,"Marinette: Tikki, Spots on! Ha! (Marinette transforms into Ladybug)
Ladybug: Hey kitty, up here! (to Lady Wifi) Puppeteer! Such a shame, it's really not nice to steal from your babysitter
Cat Noir: Breaking and entering are grounds for a serious time-out"
the_puppeteer_ladybug_0002,Subway.,"Ladybug: Looks like you've just lost your signal, Wifi! (smashes phone, but no akuma comes out)
Ladybug: Where's the akuma?
Puppeteer: I want those dolls, Lady Wifi!"
the_puppeteer_ladybug_0003,TV studio.,"Cat Noir: Have you located her?
Ladybug: Inside the KIDZ+ TV building!
Cat Noir: Got it! (arrives, then taps her on the shoulder and Ladybug wrenches his arms)"
the_puppeteer_ladybug_0004,TV studio.,"Cat Noir: No! (Cat Noir becomes controlled by the Puppeteer)
Ladybug: Cat Noir! No!
Hawk Moth: Use Cat Noir to seize Ladybug's doll! When you control that one, you'll have won everything, and Ladybug will be defeated!"
the_puppeteer_ladybug_0005,TV studio.,"Ladybug: First I gotta get rid of them, then Puppeteer!
Ladybug: If you want this doll so badly, come and get it! (throws the doll to the top of the Eiffel Tower)
Lady Wifi: (creates fast-forward button) I'm faster than you! You're gonna lose, Ladybug! (a girl picks up the doll but Lady Wifi shows up) Gimme that doll! It's mine! (the girl cries as Lady Wifi gets the doll)"
the_puppeteer_ladybug_0006,TV studio.,"Cat Noir: You'll be super duper sorry!
Ladybug: Now that you're alone, I'm gonna-- huh!? Where is she!?
Puppeteer: Now I'm the winner! Haha!
Ladybug: Drop that doll, Manon!
Puppeteer: I'm not Manon, I'm Puppeteer! (uses Lady Wifi to attack Ladybug with pause symbols, but she dodges)
Ladybug: Lucky Charm! (a power strip appears) A power strip?
Puppeteer: You've lost, Ladybug!
Ladybug: (uses her Lucky Vision and notices Lady Wifi's phone, one of Cat Noir's boots and Rogercop's and the Evillustrator's arms. The Evillustrator erases the wall in front of her) There may be four of you but I'm twice as dangerous!
Puppeteer: Ladybug
Ladybug: Freeze
Puppeteer: Come to lif-
Ladybug: No more evil doing for you, little akuma. Time to de-evilize! (captures the akuma with her yo-yo) Gotcha! (releases the purified butterfly) Bye bye, little butterfly. Miraculous Ladybug! (throws the Lucky Charm into the air and fixes everything. Evillustrator is turned back into Nathaniel, Rogercop is turned back into Roger, Lady Wifi is turned back into Alya and The Puppeteer is turned back into Manon.)"
the_puppeteer_ladybug_0007,TV studio.,"Nadja: Manon! (Manon sees her and hugs her) Thank you Ladybug! Thank you
Ladybug: It's time I bug out
Marinette: I'm sorry about what happened last time, Mrs. Chamack. I shouldn't have given her the doll after you told her no"
the_ruler_ladybug_0001,"Collège Françoise Dupont. In front of the school. Shirel transforms into The Ruler, still holding onto Nathaniel's wrist","Nathaniel: Taking it out on me is one thing. But him... you shouldn't have done that
Ladybug: Nathaniel Kurtzberg, if you want to help me get somewhere safe!
Ziggy: Are we really about to confront your mother?!"
the_ruler_ladybug_0002,Collège Françoise Dupont. Back at the front of the school where Ladybug is still fighting The Ruler.,"Ruler: Get out of my way! I need to find my son!
Ladybug: Think for a second what you're doing! Don't you want your son to be happy?
Ruler: I'm doing this for his own good, so that he doesn't suffer in the future"
the_ruler_ladybug_0003,Collège Françoise Dupont. Back at the front of the school where Ladybug is still fighting The Ruler.,"Cat Noir: (robotic voice) Must cataclysm Ladybug! Must cataclysm Ladybug! (He starts chasing after her)
Ladybug: I liked it better when you were making puns, kitty cat!
Cat Noir: (robotic voice) Must cataclysm Ladybug!"
the_ruler_ladybug_0004,Collège Françoise Dupont. Back at the front of the school where Ladybug is still fighting The Ruler.,"Ruler: (cuts through the rubber with her weapon) It's not your son so be silent!
Ladybug: We'll turn her weapon against her to force her to remove her helmet. Can you draw something for me to catch her?
Caprikid: Mm-hmm! Genesis! (he draws and creates a carabiner. Ladybug hands him the rope.)
Ladybug: I'll go first to create a diversion"
the_ruler_ladybug_0005,Collège Françoise Dupont. Back at the front of the school where Ladybug is still fighting The Ruler.,"Ladybug: (robotic voice): Miraculous Ladybug! (She throws the rope into the air, and ladybugs shoot out of it, reversing the damage done by The Ruler, including the control put on her, Cat Noir, and Marc.)
Ladybug: No more evil doing for you, ultrakuma! (She opens up her yoyo.) Time to de-evilize! (She catches the ultrakuma.) Gotcha! Bye bye, little butterfly! (She releases the butterfly)
Shirel: What happened?!
Ladybug: Children must follow their own path, not a path that is planned for them. (She creates and gives a Magical Charm to Shirel) This magical charm will help you remember that"
timebreaker_ladybug_0001,The Trocadéro.,"Rose: Okay
Ladybug: Noooo!
Timebreaker: (steals Rose's energy) Hahaha! Sweet Rose! Always thinking of others before yourself! (looks at her time meter) One minute
Ladybug: I gotta destroy her akuma before everyone disappears for good! Where on earth is that cat? (swings away)"
timebreaker_ladybug_0002,The Trocadéro.,"Timebreaker: Exactly!
Ladybug: Don't let her touch you!
Cat Noir: (dodges Timebreaker) Missed me! Just a second too late"
timebreaker_ladybug_0003,The Trocadéro.,"Timebreaker: (grunts) Uh
Ladybug: Go ahead and try!
Timebreaker: Chill out, Hawk Moth. I have a sick plan!
Ladybug: Wh-What... just happened? (gets up. she sees everyone cheering.) Oh wow, we've gone back in time, haven't we?"
timebreaker_ladybug_0004,Trocadéro. (Past).,"Timebreaker: (annoyed) My watch!! (jumps up)
Ladybug: Chloé! Put the watch down!
Timebreaker: NOOOO!! (Past Alix stops) Ladybug! This time, it's (your) fault! (points accusingly at Ladybug) I need more energy. I gotta go further back in time! (Past Alix sees her watch broken)"
timebreaker_ladybug_0005,Trocadéro. (Past),"Hawk Moth: Could this be possible? Do I see double vision in my future? Or should I say, double villain? (turns a butterfly into an akuma) Fly away, my devilish akuma, and join this troubled soul!
Ladybug: Everyone, get out of here! Don't let her touch you! (Past Alix cries)
Adrien: Time to transform"
timebreaker_ladybug_0006,Trocadéro. (Past),"Past Marinette: (Crazy!)
Ladybug: Listen. I know it seems unbelievable, but trust me, I mean, trust...yourself? Oh, and dad's gonna call me! I mean, you, in two minutes! He won't be happy because Ms. Chamack is waiting for you outside the bakery door!
Past Marinette: The cake... But I, I still have
Ladybug: Time? That's what I thought too. Ms. Chamack will be early. Just leave now and make sure to take care of the cake. Don't worry, Ladybug can handle this single-handed. (Past Marinette runs to the bakery) How do I get myself into these crazy situations? (The two Timebreakers meet each other)"
timebreaker_ladybug_0007,Trocadéro. (Past),"Ladybug: Time? That's what I thought too. Ms. Chamack will be early. Just leave now and make sure to take care of the cake. Don't worry, Ladybug can handle this single-handed. (Past Marinette runs to the bakery) How do I get myself into these crazy situations? (The two Timebreakers meet each other)
Ladybug: (sees Cat Noir) Cat Noir, I can't explain now, but we've got to capture Timebreaker's akuma! Your life depends on it!
Cat Noir: Which life? I've got nine
Ladybug: I'm serious! The akuma is in her rollerblades. We gotta release it!
Cat Noir: Am I seeing double all of a sudden?
Ladybug: Another thing I don't have time to explain"
timebreaker_ladybug_0008,Trocadéro. (Past),"Timebreaker 2: Heh, I want my watch back! Let's do it!
Ladybug: Whatever you do, don't let either of them touch you!
Hawk Moth: Get the Miraculous, Timebreaker!"
timebreaker_ladybug_0009,"Trocadéro. The Timebreakers are skating, and Ladybug and Cat Noir chase them.","Timebreakers: (screaming)
Past Ladybug: Hey, you two! Need a hand?
Ladybug: Thanks!"
timebreaker_ladybug_0010,"Trocadéro. The Timebreakers are skating, and Ladybug and Cat Noir chase them.","Past Ladybug: They're insane on their rollerblades
Ladybug: Unstoppable on the ground!
Past Ladybug: So, what if they're (not) on the ground?"
timebreaker_ladybug_0011,"Trocadéro. The Timebreakers are skating, and Ladybug and Cat Noir chase them.","Hawk Moth: Don't fail me this time!
Ladybugs (in unison): They're planning to go back in time again! Lucky Charm! (A bicycle lock and a traffic cone appear) Any ideas?
Cat Noir: While you two figure it out, I'll try to buy us some time"
timebreaker_ladybug_0012,"Trocadéro. The Timebreakers are skating, and Ladybug and Cat Noir chase them.","Cat Noir: While you two figure it out, I'll try to buy us some time
Ladybug: Are you thinking what I'm thinking?
Past Ladybug: Of course!"
timebreaker_ladybug_0013,"Trocadéro. The Timebreakers are skating, and Ladybug and Cat Noir chase them.","Ladybug: Now!
Ladybugs (in unison): (break the skates; two akumas emerge) No more evil doing for you, little akuma. Time to de-evilize! (they catch the akumas.) Gotcha! (they release the purified butterflies) Bye bye, little butterfly. Miraculous Ladybug! (everything in the past turns back to normal as the new present.) Pound it! (the two Ladybugs become one, the watch is fixed, and two Timebreakers are turned back into Alix.)
Alix: Huh?"
timebreaker_ladybug_0014,"Trocadéro. The Timebreakers are skating, and Ladybug and Cat Noir chase them.","Alix: Huh?
Ladybug: Here. I think this is yours. (gives Alix the watch)
Alix: Sweet! How did you fix it? Thank you! I should never have given it to someone else to look after. It was my responsibility. My bad
Ladybug: Responsibility isn't something to be taken lightly. I should know
Alix: You're totally right. I'll be more careful next time for sure. Thanks, Ladybug"
timetagger_ladybug_0001,"Louvre, outside. Cat Noir is looking unimpressed at Mr. Pigeon, who is flying on a flock of pigeons in front of the Louvre.","Cat Noir: Hey there, m'lady. No need to brief you on this one, right?
Ladybug: (sighs) Nope. Let's just end this fast like the last 23 other times. (bored) Lucky Charm
Cat Noir: (bored) Cataclysm"
timetagger_ladybug_0002,"Jardin des Tuileries. Ladybug, Cat Noir and Mr. Ramier are sitting on a bench, eating ice cream. Cat Noir stuffs the entire ice cream down his gob.","Cat Noir: And Hawk Moth akumatises you again?
Ladybug: There must be some way to make sure this doesn't keep happening
Cat Noir: We gotta get going
Ladybug: Thanks for the ice cream"
timetagger_ladybug_0003,"Louvre, outside.","Cat Noir: (reading the inscription) Lord Ramier Featherbottom, knight of the king? Founder of the order of The Great Pigeon?
Ladybug: Only one minute left!
Cat Noir: No time to lose. (they run after Timetagger)"
timetagger_ladybug_0004,"Louvre, inside. They both run out of the lavatories at the same time. While running, they clash into Alix","Alix: Crazy! So the message was for real
Ladybug: What message?
Alix: (takes out her watch) This watch has been in my family since forever. It's never chimed, until today! And there was a message for you, Ladybug. (Alix hands Ladybug the watch, Ladybug takes it and opens it; blue mist arises from the watch face, a blue hologram of a woman holding a clock appears)"
timetagger_ladybug_0005,"Louvre, women's lavatory.","Bunnyx: Yes, well, no. It was actually your fault. Or more precisely, it will be. In the future, one of your cataclysms will accidently damage my Miraculous. (she emerges from the lavatory) That's how Timetagger will be able to send me into ancient Egypt and get me stuck in stone
Ladybug: Wait, then how are we going to do that without the Rabbit Miraculous?
Bunnyx: (to Alix) Do you have the watch?"
timetagger_ladybug_0006,"Louvre, women's lavatory.","Alix: So this was a Miraculous?!
Ladybug: In camouflage mode
Bunnyx: (to the watch) Fluff, counter-clockwise! (Fluff emerges)"
timetagger_ladybug_0007,"Louvre, women's lavatory.","Alix: Wow! I can't believe how cool I'm gonna be when I'm older!
Ladybug: But wait, it doesn't make sense. I never gave you, I mean her (points to Alix), I mean… I never gave either of you the Miraculous
Future Alix: You haven't given it to us, yet, Minibug, because you haven't realised just how awesome I really am. But don't worry, you will, one day"
timetagger_ladybug_0008,"Louvre, women's lavatory.","Cat Noir: (his ring beeps) Oops, time to feed my Kwami, too! (runs off)
Ladybug: I don't understand. If you're from the future, then you gotta know how this all ends. Your younger self has seen it with her own eyes. Which means you obviously know how to defeat Timetagger
Future Alix: Actually, uh… I've spent so much time in stone, I can barely remember. But I think, the logical thing to do, would be to take Timetagger back to the future, so he can be defeated by heroes his own size. (the background shows a simple animation of how this would go down) I'll take care of this"
timetagger_ladybug_0009,"Louvre, outside. The foursome emerges from the front entrance. The square is covered in graffiti.","Bunnyx: (bows head)Thanks for you involuntary help, my young friends. Now Bunnyx is going home! (makes rock n' roll symbol with hand)
Ladybug, Cat Noir and Alix: Bye, Bunnyx!
Bunnyx: Wait a second. This is not the exact right moment"
timetagger_ladybug_0010,"Louvre, outside. The foursome emerges from the front entrance. The square is covered in graffiti.","Timetagger: If she thinks she can trick me, she's wasting her time. Pun intended. Hahaha!
Ladybug: I don't have a pen. Could anyone lend me one, please?
Timetagger: Time's up, my moment of victory has arrived
Ladybug: (sighs) Ugh, I can't find the words. It's pointless anyway. I won't even be Ladybug in the future after we give up our Miraculous. (crumples up a sheet of paper from the notepad)"
timetagger_ladybug_0011,"Pont d'Iéna, bridge between the Eiffel Tower and Trocadéro. Bunnyx emerges from a portal. Adult Ladybug and Cat Noir are waiting for her.","Bunnyx: I'm sorry, Ladybug, I didn't deliver
Future Ladybug: Not true, Bunnyx. You didn't fail. Every problem has a solution
Hawk Moth: (from his lair) The future bird catches the worm. This time, the Miraculous are mine!"
timetagger_ladybug_0012,"Louvre, outside, present.","Ladybug: Cat Noir!
Ladybug: No more evil-doing for you, little Akuma. Time to de-evilise! (swings it around and catches the Akuma) Gotcha! (releases the now purified Akuma as a white butterfly) Bye bye, little butterfly
Chris: Ladybug? And Cat Noir? You're so young! Where am I?"
timetagger_ladybug_0013,"Louvre, outside, present.","Bunnyx: (emerges from a portal) C'mon, Chris, let's go home
Ladybug: (gasps) Chris? (Future Chris goes through the portal)
Future Ladybug: (throws back the note present Ladybug wrote) See girl? We did it. We always will"
timetagger_ladybug_0014,"Louvre, outside, present.","Bunnyx: As soon as you're as cool as I am, mini-me
Ladybug: Miraculous Ladybug! (The Miraculous Cure spreads throughout Paris, restoring the statue of Mr. Ramier back to himself, cleaning the square of its graffiti and reverting the posters in the Louvre museum back to how they were.))
Cat Noir: Why doesn't anyone tell me how awesome (I) am?
Ladybug: Because you already know you're the best, Kitty Noir
Cat Noir: (laughs; his ring beeps) I think we're gonna have to hurry, Bugaboo"
timetagger_ladybug_0015,"Pont des Arts. Ladybug, Cat Noir and Mr. Ramier are eating ice cream again. Cat Noir shoves, once again, an entire ice cream cone in his mouth.","Mr. Ramier: Another type of animal? That might be a good idea, Cat Noir. I'll think about it
Ladybug: Okay, we have to get going. Thanks for the ice cream, Mr. Ramier. (they walk off)
Cat Noir: Everything Bunnyx told us seems crazy. All those supervillains with weird names. Like doctor what's-his-name and Monsieur Rat? (Monsieur Rat?! (Ladybug giggles) What kind of a codename is that?! Maybe in the future, you might even agree to go see a movie with me. Hey, what if it was in the (very) near future, say, the next show? I can get a ticket… (their voices fade out)"
troublemaker_ladybug_0001,Jagged Stone's suite at Le Grand Paris. Penny Rolling heads to the door while checking off numbers on her to-do list with her clicking ballpoint pen. She opens the door to see Armand waiting outside.,"Penny: Mr. Stone would like his breakfast brought to him on the back of a polar bear. Could you arrange that for me, please?
Jagged: (heard inside) Fetch!"
troublemaker_ladybug_0002,Jagged Stone's suite at Le Grand Paris. Penny Rolling heads to the door while checking off numbers on her to-do list with her clicking ballpoint pen. She opens the door to see Armand waiting outside.,"Mayor Bourgeois: I'm sorry, Miss Penny, but you cannot allow your crocodile to just roam around the hotel by itself
Penny: (bringing Fang inside) I'm sorry, Mr. Bourgeois. (Penny's phone rings and she speaks into it) Yes, what— (tries to control Fang)
Jagged: (to Bob) What?! What is this trash?
Penny: Thanks, Mr. Mayor. (heads back to Bob and Jagged)
Jagged: (standing on the piano, holding two soccer balls) You want me to be a guest on (Rocker Wants a Wife?! (throws down the balls near Bob) There's nothing rock 'n' roll about that show. My fans will never watch it!"
troublemaker_ladybug_0003,Jagged Stone's suite at Le Grand Paris. Penny Rolling heads to the door while checking off numbers on her to-do list with her clicking ballpoint pen. She opens the door to see Armand waiting outside.,"Jagged: A real artist, with real talent! I can dig being a guest on a reality show, but it's gotta be music to my ears, you know? Quality!
Penny: (to Jean, while she has her phone to her ear) A pony is fine. Uh, can you throw an assortment of macaroons in too, please? Thanks. (shuts the door, and speaks into the phone) No, not you. Don't worry; there won't be any ponies, just a crocodile. (goes back to Jagged and Bob, who are fighting)
Bob: Deal with it, Jagged! You (will) be a guest on that show, whether you like it or not!"
troublemaker_ladybug_0004,"Marinette's room. Alec is trying on Marinette's pink floppy hat, while Jagged holds up a pink dress of hers.","Marinette: (seen on the program) No! I just need everyone to leave! (to the cameraman) And you, stop filming! (to Penny) Penny, do something!
Penny: (also on the program, firmly addressing everyone in the room) You heard the lady
Female commercial voice: (on Adrien's TV) Security and comfort... (Adrien looks at Plagg, surprised)"
troublemaker_ladybug_0005,"Marinette's balcony. Cat Noir has landed in Marinette's canvas deck chair, while Ladybug stands on the railing.","Troublemaker: (interrupts Cat Noir by grabbing his raised arm) So you wanna play rescue? No one's gonna be rescued today!
Ladybug: Right on time, Cat Noir
Cat Noir: (in relaxed repose) Good to see you, Bugaboo. Looks like we're gonna break bread today, huh?
Ladybug: Stop calling me ""Bugaboo""! (jumps down off the rail, and heads toward the bedroom access) Follow me!
Cat Noir: Oh wow! That's a lot of pictures!
Ladybug: (extends her arm to deflect Cat Noir's gaze) We can take the grand tour later, Cat Noir"
troublemaker_ladybug_0006,"Marinette's room. Troublemaker takes several knitting needles out of a drawer, and practices throwing one.","Ladybug: (joining Cat Noir) Sorry!
Ladybug: (annoyed) I said later, Cat Noir!
Cat Noir: Look out!
Ladybug: The akuma's inside the pen!"
troublemaker_ladybug_0007,"Marinette's room. Troublemaker takes several knitting needles out of a drawer, and practices throwing one.","Cat Noir: What're we gonna do? I can't touch her with a ten-foot pole even if I wanted to!
Ladybug: Her strength is also her weakness. In order to touch us, she must become touchable herself!
Cat Noir: Oh, uh, there you are. (puts Ladybug's arm back down at her side, and lets go) All right!
Ladybug: Be careful! She's probably hiding somewhere in this room! If she wants to take our Miraculous, she can't be untouchable
Cat Noir: And if we can grab her, we can also grab her pen
Ladybug: And capture the akuma! But we'll have to act fast!"
troublemaker_ladybug_0008,"Dupain-Cheng living room. Ladybug and Cat Noir arrive down the stairs from Marinette's bedroom, on the lookout for Troublemaker.","Cat Noir: (holding his still-active Cataclysm) That was a close call. Certainly not how I dreamed we'd share our secret identity. Oh no, not like that!
Ladybug: It'll have to wait, at least until we kick Trouble's butt and Hawk Moth! Lucky Charm! (receives a broken plate) A broken plate? (glances around for something to see by her Lucky Vision, but sees nothing) That's strange; I don't see how to use it!
Cat Noir: Maybe losing an earring weakened your power
Ladybug: (running to another part of the room) My power (has) to be working! (looking again, spies a tube of super-glue on the floor) It (is) working! (picks up the tube of glue) Sticking time!
Cat Noir: (skeptically) Seriously?"
troublemaker_ladybug_0009,"Marinette's room. Cat Noir bursts through the trapdoor, followed by Ladybug.","Ladybug: (anxiously, too late to stop Cat Noir) No! Don't leave me here alone! I only have a plate to defend myself! (glances around fearfully)
Ladybug: Stop!
Hawk Moth: (from his lair) Bravo, Troublemaker! Take her Miraculous!"
troublemaker_ladybug_0010,"Marinette's room. Cat Noir bursts through the trapdoor, followed by Ladybug.","Troublemaker: (detransforming back into Penny)
Penny: No! (slumps down to the floor)
Ladybug: No more evil-doing for you, little akuma. Time to de-evilize! (captures the akuma and purifies it) Gotcha! Bye bye, little butterfly. (tosses the re-assembled plate into the air) Miraculous Ladybug!
Penny: (glancing around, confused) Wha...? What happened? Where's Jagged?
Ladybug: (to Penny) You're always so helpful, putting everyone before you. (kneels down, putting her hands on Penny's shoulders) Let's worry about Penny for a change. How are (you) feeling?
Penny: (pauses to exhale) I'm fine. Thank you, Ladybug
Ladybug: Whoops! Gotta go! Rock and roll! (leaps up to the loft, then through the skylight)"
troublemaker_ladybug_0011,"Marinette's balcony. Ladybug and Cat Noir jump up to stand on the railing, Ladybug spinning her yo-yo.","Ladybug: (giggles) Silly kitty!
Ladybug &amp; Cat Noir: (fist-bumping) Pound it!
Marinette: (rushes over to hug Tom and Sabine, while Bob, on his phone, stands nearby) Mom! Dad!"
troublemaker_ladybug_0012,Tom &amp; Sabine Boulangerie Patisserie. Marinette enters through the rear door.,"Bob: Penny!
Penny: (standing in the hallway, clutching her to-do list and pen) Hi, everyone!
Jagged: (running up and hugging Penny, startling her) Penny! (Penny drops the items she was holding) Oh, Penny! (pulls back) I'm so glad to see you again without your supervillain costume! What would I do without you? You're the best! (again hugs Penny, who hugs him back, sighing happily)"
truth_ladybug_0001,The Liberty. Alya and everyone else are leaving.,"Truth: (determined) She must have another secret!
Ladybug: (leaving a message on her yo-yo) Cat Noir, Hawk Moth's merged his powers with the Peacock to become Shadow Moth. He's created a supervillain and a sentimonster at the same time. I need you out here!
Rose: (Truth walks towards Rose) Marinette doesn't have any secrets because she's the most honest girl in the whole world. (before Rose can be immobilized, Juleka protects her and is immobilized instead. Truth shoots his beam at her)"
truth_ladybug_0002,The Liberty. Alya and everyone else are leaving.,"Juleka: She loves Adrien, I guess
Ladybug: I'm the one waiting for you this time! (confronts Truth) Enough! (Truth starts shooting his beams at Ladybug. She dodges them but notices the guitar pick necklace) Luka? (gets immobilized by Lighteye and hit by Truth's beam)
Truth: Now, you must tell the truth to anyone who asks you a question. I'll do the honors. Who are you, Ladybug?"
truth_ladybug_0003,Le Grand Paris rooftop. Truth confronts Jagged Stone as he rehearses a song.,"Cat Noir: Hey, I wanna play too. Truth or dare?
Ladybug: (muffled) Mmhm
Truth: Truth and dare. Lighteye, freeze Ladybug and Cat Noir! (Lighteye distracts Ladybug and Cat Noir so Truth can talk) My name is Luka Couffaine and I have the right to know the truth! (shoots his beam at Jagged Stone) Are you or are you not my father?!"
truth_ladybug_0004,Alleyway. Ladybug uses her yo-yo to save Jagged Stone.,"Cat Noir: Now (you) stay out of sight while we deakumatize him. ((jumps))
Ladybug: ((muffled)) hmm! ((jumps))
Cat Noir: (attempting to get Lighteye's attention) Yoohoo!"
truth_ladybug_0005,"Ladybug and Cat Noir from behind a bush, watch Lighteye fall for the decoy they set up.","Cat Noir: Your idea was ""spots on"", Bugaboo!
Ladybug: (muffled) Mhmm
Barkk: (panics) He's gonna find the Miracle Box, Hawk Moth will capture all of us and it'll be the end of the world!"
truth_ladybug_0006,"Marinette's room. After rummaging, Truth then turns to the cabinet the kwamis are currently hiding and approaches it. The kwamis gasp in shock.","Cat Noir: (trips Truth) Top three favorite qualities in Cat Noir!
Ladybug: I have to say it's his courage, his self-confidence, but really the quality I like most in Cat Noir is his humor
Cat Noir: So you're saying you actually like it when I clown around?
Ladybug: Yes, and I couldn't do without it today!"
truth_ladybug_0007,"Marinette's room. After rummaging, Truth then turns to the cabinet the kwamis are currently hiding and approaches it. The kwamis gasp in shock.","Cat Noir: Use when all seems lost? (winks at her)
Ladybug: My Lucky Charm! (receives a box of aluminum foil). Before she could use her Lucky Vision, she gets interrupted by Light-Eye breaking in from behind her. She sees Cat Noir get immobilized and hit by Truth's beam) Cat Noir!
Truth: Cat Noir, tell me what- (interupted by Ladybug throwing a present at Truth)
Ladybug: ((covering her parasol with foil)) ...do you think about my new role as guardian!"
truth_ladybug_0008,"Marinette's room. After rummaging, Truth then turns to the cabinet the kwamis are currently hiding and approaches it. The kwamis gasp in shock.","Truth: Lighteye, stop!
Ladybug: No more evil doing for you little akuma! Time to de-evilize! (captures akuma and amok and purifies them) Gotcha! (Releases the now purified butterfly and feather) Good-bye! Miraculous Ladybug! (Throws the Lucky Charm into the air, and it explodes into a blast of energy. It turns everything back to normal, everyone's lips are now normal, the broken wall in Marinette's room is fixed, and Truth turns back into Luka)
Luka: What am I doing... in Marinette's room?"
truth_ladybug_0009,Random rooftop during the night.,"Cat Noir: Woo hoo! (sighs) M'lady, it's been awhile since I've had that much fun
Ladybug: If battling a supervillain with three eyes and a giant monster buddy is your idea of fun, I can't imagine what your other days are like
Cat Noir: A baddie, a sentimonster, and Shadow Moth. It's even more exciting with his new name, don't you think?
Ladybug: He can change his name as often as he likes. He'll still never win
Cat Noir: You can count on me (and) my jokes, Bugaboo
Ladybug: Well... you don't have to overdo it
Cat Noir: Truth is, I only ever have this much fun with you. Catch you later! ((vaults away)) Wee!"
volpina_ladybug_0001,The Place des Vosges. Marinette hides behind a tree. Lila is sitting on a bench.,"Adrien: (holding Lila's necklace) Are you telling me this is a Miraculous?! (Ladybug lands in front of them)
Ladybug: (sarcastically) Well hey Lila! How's it going? Long time no see. I saw your interview on the Ladyblog, awesome job. (puts her foot on the bench between Lila and Adrien, and leans closer to Lila) Oh sure! I remember our instant connection when I saved your life and we've been really good friends ever since! Practically BFF's! Uh actually, when did I save your life again, Lila? I don't recall. Oh yes! Of course, now I remember. (Never!) And we're not friends either! (to Adrien) Miss Show-Off here was trying to impress you and everyone around her
Adrien: (to Lila, who is crying) So I guess you aren't the descendant of a superhero either?
Ladybug: She's more like a super liar"
volpina_ladybug_0002,The Place des Vosges. Marinette hides behind a tree. Lila is sitting on a bench.,"Adrien: Wait! Lila! (Lila runs away) Hey, what was that all about? Uh, I mean, weren't you kinda harsh with her?
Ladybug: I...I don't put up with lies, especially when they're about me. (yo-yos away)
Adrien: (confused) What is with you, Ladybug?
Ladybug: I may have gone a bit overboard there, but at least I'm not dealing with her anymore. (grasps her yo-yo and leaves)"
volpina_ladybug_0003,Paris. Ladybug just arrives home when she also sees the meteor.,"Cat Noir: I can't believe it! It's Hawk Moth in the flesh! (Hawk Moth's figure is on a roof across from them)
Ladybug: He never shows up! Something big is going on. Really big!
Volpina: We can take him down, but it's gonna take all three of us. We better make the most of our individual talents"
volpina_ladybug_0004,Paris. Ladybug just arrives home when she also sees the meteor.,"Cat Noir: (Scratching the back of his head) Why thanks! You too, Volpina. (Ladybug gags)
Ladybug: First the meteorite, now Hawk Moth appearing both on the same day. Don't you think that's a little bit unusual?
Volpina: Why would you say that?
Ladybug: (annoyed) I was asking Cat Noir"
volpina_ladybug_0005,Ladybug is running after Hawk Moth and lands on an empty roof.,"Volpina: Good! Now for the other one
Ladybug: Where did he go?
Volpina: I wouldn't move an inch if I were you. (Ladybug gasps) Don't worry Ladybug, I don't wanna be your friend. At least now you won't be able to say we don't know each other. (laughs)
Ladybug: Lila?
Volpina: You will call me (Volpina!)
Ladybug: You're not a superhero. You're another one of Hawk Moth's akumatized victims!
Volpina: Everyone thinks I'm a superhero, including Cat Noir. So you won't be able to call me a liar anymore 'cause everyone will think you're the liar. (Hawk Moth speaks to Volpina)"
volpina_ladybug_0006,Ladybug is running after Hawk Moth and lands on an empty roof.,"Volpina: (To Ladybug) Before I get rid of you, you are going to give me your Miraculous
Ladybug: Never!
Volpina: Do you really think you've got a choice, Ladybug? You'll give me your Miraculous or the building goes down! (points to a nearby building)
Ladybug: You wouldn't do that! (Volpina blows into her flute and sends the building down) Stop! (reaches for her earrings)"
volpina_ladybug_0007,Ladybug is running after Hawk Moth and lands on an empty roof.,"Ladybug: It's an illusion! Just like the meteorite! Just like Hawk Moth! That's your power Volpina, isn't it?! Illusion, lies. Of course!
Ladybug: (She phones Cat Noir) Is Volpina with you, Cat Noir?
Cat Noir: (Through phone) No! And I can't find Hawk Moth either
Ladybug: Forget it. He was never there in the first place
Cat Noir: What do you mean? But we saw him
Ladybug: (On Cat Noir's staff) That's Volpina's power. She creates illusions. The Hawk Moth we saw wasn't real
Cat Noir: What are you trying to say?
Ladybug: She's not a real superhero. She was akumatized by Hawk Moth!
Cat Noir: I don't get it? Why did he do it?
Ladybug: I think it's partly my fault. I ruined her chances with a guy she likes
Cat Noir: Lila?
Ladybug: I'm sure she's going to his house. I'll send you the address. Meet me there!
Cat Noir: You got it! (He hangs up) I think I know the way already"
volpina_ladybug_0008,Adrien's room. Cat Noir arrives and detransforms.,"Ladybug: (hanging outside of Adrien's window) You'll see Ladybug isn't just a figment of your imagination, Volpina. (Ladybug calls Cat Noir, but he doesn't answer)
Ladybug: What is he doing? No time to hang around and wait any longer. (Ladybug swings into Adrien's room)
Volpina: See what I mean! She's jealous of me, of you, of us, but this time you aren't going to ruin our date Ladybug"
volpina_ladybug_0009,"Eiffel Tower. Volpina is dangling ""Adrien"" from a high brace.","Volpina: You wanna bet on that? (releases one finger at a time on her grip on ""Adrien"")
Ladybug: (screams) NO!! (reaches for her earrings)
Cat Noir: Don't do it, Ladybug! (throws his baton at Volpina and ""Adrien"")
Ladybug: No!"
volpina_ladybug_0010,"Eiffel Tower. Volpina is dangling ""Adrien"" from a high brace.","Ladybug: (spots the real Volpina) There she is!
Ladybug: Lucky Charm! (A chocolate popsicle appears) Huh? (she opens it and the bright inner wrapper makes her squint) I've got an idea to take down Volpina!
Cat Noir: With a chocolate popsicle?
Ladybug: Trust me. Get ready
Cat Noir: Cataclysm!
Ladybug: Trapped! Like a fox! (grabs Volpina's necklace) Your days are over, akuma! (breaks the necklace, releasing the akuma) Time to de-evilize! (captures the akuma in her yo-yo) Gotcha! (releases the white butterfly) Bye, bye little butterfly. (throws the ice cream in the air) Miraculous Ladybug! (The Miraculous wave puts everything back to normal, including Lila) Lila?"
volpina_ladybug_0011,Eiffel Tower. Ladybug and Cat Noir are still there.,"Hawk Moth: She's still angry. You're not done with Volpina yet, Ladybug. You haven't seen the last of her
Ladybug: There's one problem we still have to solve. Where's Adrien?
Cat Noir: Uh...everything's been put back to normal, right? So he must be safely back at home
Ladybug: I should check to make sure!
Cat Noir: Uh... No, don't worry about it! I'll go! You're about to change back. (Ladybug's earrings beep)
Ladybug: So are you. (Cat Noir's ring beeps) No arguing. I'll take care of it. (jumps off the tower)
Cat Noir: Ugh! That stubbornness... It's so...so... (fondly) ...irresistible. (leaps off to follow Ladybug)
Ladybug: Adrien? (Cat Noir is in a panic) Are you there? (slides open the bathroom door) Can I come in? (Cat Noir turns on the shower)"
volpina_ladybug_0012,"Adrien's room. Ladybug enters through the open window; meanwhile, Cat Noir lands in the bathroom.","Ladybug: Adrien? (Cat Noir is in a panic) Are you there? (slides open the bathroom door) Can I come in? (Cat Noir turns on the shower)
Ladybug: (hears the shower, quickly slides the door shut again, and jumps back) This is...Ladybug. Is everything okay?
Cat Noir: Uh...yeah, yeah. I had to grab a shower after all this excitement. (leans with his ear up to the door)
Ladybug: Uh....oh...yeah...sure. I'm sorry. I'll be off then, huh
Cat Noir: Thank you!"
weredad_ladybug_0001,Paris at night. There is an explosion near the Notre-Dame. An akumatized August is running through the streets.,"Gigantitan: Cake! (Gigantitan comes closer, the two huddle in fear. Ladybug and Cat Noir land in front of the bakery.)
Ladybug: No, Da—Mr. Dupain! Move aside! (She catches Gigantitan's wrist with her yo-yo)
Cat Noir: Wow, my heart is just like that yo-yo-wrapped baby's wrist. Taken prisoner by m'Lady forever. (He tries to kiss her, but Ladybug is yanked away by Gigantitan. She smacks into a billboard displaying Adrien's ad.)
Ladybug: Ah, Adrien's lips. (She slides off. Cat Noir catches her.)
Cat Noir: Admit it, for a second there, you almost fell for my poetic verse
Ladybug: I never fall for your poetry, but I do find your foolishness incredibly powerful"
weredad_ladybug_0002,Paris at night. There is an explosion near the Notre-Dame. An akumatized August is running through the streets.,"Ladybug: I never fall for your poetry, but I do find your foolishness incredibly powerful
Ladybug: Lucky Charm! (She receives a giant plastic doughnut. It falls on her and she struggles to hold it up.)
Gigantitan: Cake! (Gigantitan takes the doughnut and tries to eat it. Realizing it's not real, he throws it through the wall of Marinette's room.) Not cake!"
weredad_ladybug_0003,The bakery. Tom realizes Marinette's in trouble.,"Tom: That's Marinette's bedroom! (He runs up the stairs) Marinette! Marinette!
Ladybug: (voice) Cat Noir, grab this!
Tom: Marinette!"
weredad_ladybug_0004,The bakery. Tom realizes Marinette's in trouble.,"Tom: Marinette! Marinette! (He tries to enter her room, but the door is jammed)
Ladybug: (voice) Miraculous Ladybug! (The apartment and door are fixed, so Tom runs in)
Tom: Marinette! Marinette! (He sees Marinette in her bed and pulls back the covers. It is only a pillow that looks like her head instead.)"
weredad_ladybug_0005,The bakery. Tom realizes Marinette's in trouble.,"Cat Noir: So what was it this time?
Ladybug: A late night craving, huh, baby August? (She spins him around and he laughs) Oo, (giggling) you're so cute! (kisses him on the head lots of times)
Cat Noir: I'm a bit jealous
Ladybug: Don't be. (She hands August to Cat Noir.)
Cat Noir: Uh?
Ladybug: Here, you can have him
Cat Noir: Ee!
Ladybug: Bye bye, little guy! (She swings to the roof)
Cat Noir: I meant jealous of (him)!
Ladybug: Spots off! (She detransforms)"
werepapas_ladybug_0001,Ringmaster's boxing ring.,"Ringmaster: See? They're just proving me right, Ladybug!
Ladybug: (Receives Cat Noir's message. Takes out her yo-yo and reads it) Bla-bla-bla, ""I'm on my way, but I'll be a little late""? Ugh, Cat Noir!
Chrysalis: (Appears behind the woman) Ladybug doesn't even realize that they're the villains, not you. Get rid of her and seize her Miraculous"
wishmaker_ladybug_0001,"Exterior, Île aux Cygnes. Luka continues to play the violin while Marinette and Adrien watch him play.","Marinette: (to Tikki) I've got to protect Luka! Quick, Tikki! Spots on! (transforms into Ladybug)
Ladybug: (puts Luka down) You'll be safe here
Luka: Thank you, Ladybug!"
wishmaker_ladybug_0002,On the rooftops. The Robo Tech Ultimate Destructor fires lasers at Ladybug.,"Wishmaker: (Holding tight on his staff) Why are you trying to stop me? I'm making people happy!
Ladybug: Yes, but your doing it against their will without permission!
Wishmaker: I want people to live their dreams!"
wishmaker_ladybug_0003,"Exterior, Île aux Cygnes. Luka and crocodile Jagged lie side-by-side on the sand.","Jagged Stone: (as a crocodile) I didn't when I was a kid
Ladybug: Hello there, Croco-Jagged! I need a word with your son if that's okay with you
Jagged Stone: (as a crocodile) Rock and roll, Ladybug!"
wishmaker_ladybug_0004,On the rooftops. Ladybug gives Luka the Snake Miraculous as Sass emerges from the bracelet.,"Luka: You too, Sass
Ladybug: Use your power now. If Cat Noir and I get hit, you must come back to this (exact) moment
Luka: Understood, Ladybug"
wishmaker_ladybug_0005,On the rooftops. Ladybug gives Luka the Snake Miraculous as Sass emerges from the bracelet.,"Viperion: Second Chance!
Ladybug: No one can know about our secret identities!
Viperion: Count on me!
Ladybug: (smiles and uses her powers) Lucky Charm! (a dinosaur plush toy appears) A dino-huggie?
Viperion: Saving the world with a stuffed animal? I like that idea!"
wishmaker_ladybug_0006,On the streets of Paris. Cat Noir and Wishmaker continue to battle.,"Viperion: Watch out, Cat Noir! (drags Cat Noir with him on the ground to protect him)
Ladybug: (She looks around and sees Wishmaker, Viperion, and some people from afar. She raises the dino plushie above her head.) Does this stuffed animal mean anything to you?
Man with a red beret: (points at the dino plushie) It's a dino huggie!"
wishmaker_ladybug_0007,On the streets of Paris. Cat Noir and Wishmaker continue to battle.,"Viperion: Second Chance!
Ladybug: No one can know our secret identities! Lucky Charm! (a dino plushie appears) A dino huggie?
Viperion: I've already got the first part of the solution!"
wishmaker_ladybug_0008,"Île aux Cygnes, at the Paris Career Expo. Alec grabs the wig he was wearing earlier and puts it on.","Alec: When I was a kid, I just want people to be happy! So now, I'm gonna do what I should've been doing all along: help people through a new TV show! What about you guys? What are your dreams?
Ladybug: Sorry, Alec, but when you're a superhero, even your dreams have to remain a secret
Viperion: Bye, Alec! (him and Cat Noir salute as he leaves with Ladybug)"
wishmaker_ladybug_0009,In an alley. Luka returns the Snake Miraculous to Ladybug.,"Shadow Moth: I haven't unmasked you yet, Ladybug and Cat Noir. But the day will come when I, too, will find a way to make my dream come true! (the lair window closes)
Ladybug: Thank you, Luka. Thanks to you, our secret identities were preserved and no one discovered who Cat Noir and I really are. (about to swing but stops) Uhh... not even you, right?
Luka: Not even me. Luckily, Wishmaker never hit you or Cat Noir
Ladybug: Spots off! (detransforms into Marinette and catches Tikki in her hands)"
wreckless_driver_ladybug_0001,At the Île aux Cygnes. Parisians are hanging out at the beach.,"Aglaé: Don't touch me! Put me down!
Ladybug: Everything's okay! It's over
Aglaé: Let me go!"
wreckless_driver_ladybug_0002,Paris Street. Aglaé yells happily in the sky while Ladybug catches her. A parachute also appears to slow her descent as they fall to the ground.,"Aglaé: Thanks to Wreckless Driver I'm no longer scared of anything. Woohoo!
Ladybug: Uh... okay, still stay here it's safer
Aglaé: But there's no danger, she healed me. How amazing!
Ladybug: Yeah, well, she still needs to be deakumatized
Aglaé: (Sighs) If you must. But it's a shame, she's a great superhero too"
wreckless_driver_ladybug_0003,Paris Street. Aglaé yells happily in the sky while Ladybug catches her. A parachute also appears to slow her descent as they fall to the ground.,"Wreckless Driver: Are you afraid of me, Ladybug? Hmm, quite significant
Ladybug: Of course I'm not. We just have to stop you! (She ties her yo-yo to a part of the car and lands on top of it, then hangs on for dear life as Wreckless Driver tries to throw her off with violent swerving.)
Wreckless Driver: But you're not sure whether it's the right thing to do?
Ladybug: I am. You can't speed up solutions like this without there being some other price to pay. Sometimes meaningful help takes time
Wreckless Driver: Are you sure?"
wreckless_driver_ladybug_0004,Paris Street. Aglaé yells happily in the sky while Ladybug catches her. A parachute also appears to slow her descent as they fall to the ground.,"Ladybug: I'd rather go for a
Ladybug: Uh... okay, not sure this will help
Wreckless Driver: What in the world is all this?!
Ladybug: Those are some awesome illusions, Rena!"
wreckless_driver_ladybug_0005,Paris Street. Aglaé yells happily in the sky while Ladybug catches her. A parachute also appears to slow her descent as they fall to the ground.,"Ladybug: Those are some awesome illusions, Rena!
Ladybug: Pegasus, we need your portals
Pegasus: Voyage!"
wreckless_driver_ladybug_0006,Wreckless Driver's car. Aquanoir appears strapped down to the chair.,"Ladybug: (stuffs the sandwich in his mouth) No talking with your mouth full, Kitty Cat
Ladybug: Polymouse!
Polymouse: Attack!
Ladybug: Whenever you're ready, Purple Tigress!"
wreckless_driver_ladybug_0007,Paris Street with a river. Purple Tigress jumps up from a rooftop.,"Rena Rouge: Why hasn't she transformed back?
Ladybug: I don't see an Ultrakuma which means it wasn't in the car. (Gasps) Maybe it was something inside the car
Wreckless Driver: No!
Ladybug: No more evil doing for you, ultrakuma! (She opens up her yoyo.) Time to de-evilize! (She catches the ultrakuma.) Gotcha! Bye bye, little butterfly! (She releases the butterfly, then she takes the sandwich out of Cat Noir's mouth.)"
wreckless_driver_ladybug_0008,Paris Street with a river. Purple Tigress jumps up from a rooftop.,"Ladybug: Miraculous Ladybug!
Ladybug: This Magical Charm will help you remember that you should believe in yourself. You're a good therapist, I'm sure you've helped a lot of people. People who've had family problems, phobias, or communication issues. You never needed a magical solution because you already know how to de-evilize people for good, even though it can take a while sometimes
Dr. Psiquat: Thank you, Ladybug"
yaksi_gozen_ladybug_0001,Marinette's room. Marinette is hanging up Adrien's attempt of a T-shirt.,"Marinette: Tikki, spots on! (Transforms into Ladybug and pulls out her yo-yo, opening it to place the rings inside)
Ladybug: I'm touched by your trust, even though this is great responsibility... You're entrusting me with your lives
Kagami: You can decline, we don't want to force your hand
Ladybug: No, it's okay. I want to help you"
yaksi_gozen_ladybug_0002,Outside Tom &amp; Sabine Boulangerie Patisserie,"Cat Noir: It's so romantic!
Ladybug: It is Kittycat. And it's perfect this way. (Kagami and Félix nod in agreement)
Ladybug, Cat Noir, Kagami and Félix: Pound it!"
zombizou_ladybug_0001,Literature classroom,"Sabrina: Oh! What is that thing? (tries to wipe the kiss mark away)
Ladybug: Please, Miss Bustier! You've gotta snap out of it!
Zombizou: I'm not Miss Bustier anymore! (pulls on Ladybug's yo-yo, throwing her against the wall) I am Zombizou!"
zombizou_ladybug_0002,Literature classroom,"Students: Kissy-boo!
Ladybug: There! That should hold you for a while. (runs out of the classroom)
Students: (all over the hallway and courtyard) Kissy! Kissy-boo!
Ladybug: Oh! (yo-yos out of the area)"
zombizou_ladybug_0003,Collège Françoise Dupont locker room,"Ladybug: Anybody here?! (Zombified students get up from the tables, and run to attack Ladybug; but she knocks over a tray cart and runs away. She exits, sliding the door shut behind her and jamming it with a push broom.) Okay, not here either
Ladybug: Anybody here?
Chloé: Ladybug!
Ladybug: Oops! Sorry! Uh... Reflex"
zombizou_ladybug_0004,Collège Françoise Dupont locker room,"Nino: Ladybug!
Ladybug: Are you all okay?
Alya: Looks like it"
zombizou_ladybug_0005,Collège Françoise Dupont locker room,"Alya: Oh, man. He must've gotten kissed on the stairs when he was saving Chloé
Ladybug: We need to head to the roof
Ivan: Kissou! Mwah! Kissou!"
zombizou_ladybug_0006,Collège Françoise Dupont rooftop/streets of Paris,"Cat Noir: Hey guys, I'm all for our French greetings, but let's hold off on the kisses for now, huh?
Ladybug: I'm glad you're here, Cat Noir. Check this out. (shows Cat Noir the newscast)
Nadja: (voice-over on view of zombie attacks in the subway) Hordes of kissing zombies are spreading throughout Paris! (studio view) Let's go over to our Mayor, Mr. Bourgeois, live from City Hall"
zombizou_ladybug_0007,Collège Françoise Dupont rooftop/streets of Paris,"Kim: You take care of Chloé. Besides, you'll save all of us, like you always do, right?
Ladybug: Yeah. That's a promise!
Zombie: Lady wants a kissy"
zombizou_ladybug_0008,Bus,"Cat Noir: Na-na-na-na-nah! Kissy-kissy-kissy! (jumps down, then up on top of the bus) Hurry up; we gotta go now. (retrieves his baton)
Ladybug: I thought you said you knew how to drive!
Cat Noir: I've mastered every car and racetrack in Extreme Racing 3, but there are no buses in that game"
zombizou_ladybug_0009,Eiffel Tower,"Cat Noir: Stay together and follow me!
Ladybug: (pushing a vending machine towards the door) Nino! The vending machine! Quick! Everybody, inside the elevator!
Alya: (frantically pushing the elevator button) Faster, faster!
Ladybug: Alya!"
zombizou_ladybug_0010,Top of the Eiffel Tower,"Alya: Kissou. (hugs Nino)
Ladybug: Straight ahead. Gustave Eiffel's office! (opens door)
Cat Noir: Ladybug, catch!"
zombizou_ladybug_0011,Gustave Eiffel's office,"Cat Noir: (heard from outside, above) Cataclysm!
Ladybug: (happy with hope) Cat Noir!
Cat Noir: Kissou. (tries to grab Ladybug)
Ladybug: Don't worry, kitty... You'll get your kisses... But first, I have a Lucky Charm I need to use. (applies the make-up remover to the scarf while being chased)"
zombizou_ladybug_0012,Gustave Eiffel's office,"Ladybug: This is not true love!
Ladybug: No more evil-doing for you, little akuma. Time to de-evilize! (captures the akuma and purifies it) Gotcha! Bye bye, little butterfly. Miraculous Ladybug!
Hawk Moth: Ladybug... Cat Noir! If Zombizou is right...if love does always conquer...then someday, my most cherished wish will come true for sure!"
zombizou_ladybug_0013,Top of the Eiffel Tower,"Hawk Moth: Ladybug... Cat Noir! If Zombizou is right...if love does always conquer...then someday, my most cherished wish will come true for sure!
Ladybug &amp; Cat Noir: (fist-bumping) Pound it!
Miss Bustier: Ladybug?! Cat Noir? What on earth—? (gasps) The akuma overtook me, oh no, I...I let my negative emotions get the upper hand, how terrible! ...I'm terrible"
zombizou_ladybug_0014,Top of the Eiffel Tower,"Miss Bustier: Ladybug?! Cat Noir? What on earth—? (gasps) The akuma overtook me, oh no, I...I let my negative emotions get the upper hand, how terrible! ...I'm terrible
Ladybug: That's not true! It wasn't your fault. Hawk Moth is the one to blame
Miss Bustier: But I hurt a lot of people"
