id,scene,conversation
action_marinette_0001,"Before we enter the Collusion, we are now entering the Seine, where Marinette and Adrien arrive at the Liberty on Marinette's mini scooter. Nino is waiting for them. They take off their helmets.","Marinette: Everything okay, Nino?
Adrien: We came as soon as we got your message
Marinette: Adrien was giving me my first tamarin lesson- (stutters) I mean, first Mandarin lesson"
action_marinette_0002,Liberty. Nino is walking with Marinette and Adrien following.,"Nino: And it's still there in one form or another
Marinette: That's terrible. (A noise is heard, causing the houseboat to rumble.)
Nino: This morning, the situation suddenly got worse"
action_marinette_0003,"Engine room. Alya slams the toolbox on the engine. Passes tools to Anarka, Juleka, and Ivan.","Adrien: I'm sorry, I didn't even know about this
Marinette: (as she holds Adrien's hand) We know it's a 3d avatar of you. It's not your fault, Adrien. (the rumbling gets louder causing everything to shake once more.)
Ivan: The engine won't hold out! There's too much plastic to get rid of!"
action_marinette_0004,Tom &amp; Sabine Boulangerie Patisserie. Marinette and her friends are listening to Tom.,"Tom: (notices the state Mylène is in) Are you kids sure that you don't mind?
Marinete: Of course not. Daughters help parents and friends help friends. So friends help friends help friends parents, right parents-(stammers) I mean friends?
Warehouse Worker: And the 10,000 plastic candy bags for the Dupain-Cheng bakery! It's all here! (Mylène faints again with Ivan catching her.)"
action_marinette_0005,Bertrand King's plastic warehouse. A man is carrying a box and stacks it on top of other boxes.,"Warehouse Worker: And the 10,000 plastic candy bags for the Dupain-Cheng bakery! It's all here! (Mylène faints again with Ivan catching her.)
Marinette: Thank you, sir! (remembers something) Excuse me sir, would it be possible for us to meet your boss? (Both look toward a statue of Bertrand King.)
Warehouse Worker: Mr. Bertrand King? The King of Plastics? (laughs) No, he never comes here. (points upward) Bosses are up there, on top of the social ladder
Marinette: (as she also points upward) And where can we find the top of the social ladder?"
action_marinette_0006,Bertrand King's office. Bertrand walks to the table and sits down.,"Nino: Products such as plastic bags, wrappers
Marinette: and your Morpho fans
Adrien: What we've come to ask you is to help us put an end to plastic pollution"
action_marinette_0007,Bertrand King's office. Bertrand walks to the table and sits down.,"Marinette: The world won't change without us and you, Mr. Plastic (Stutters) Bertrand (Stutters some more) King-I mean, Mr. King of Plastic
Marinette: (as Markov stops projecting) We're done
Bertrand: That was the clearest presentation I've ever been given. And of course you're right, people buy cheap plastic items, (Max and Mylène look at each other and nod) throw them away and buy those same plastic items over and over again"
action_marinette_0008,Outside. The group is sitting on the steps feeling down.,"Max: The King of Plastic has caused our enthusiasm to drop 99.8%. (a Morpho fan is dropped in front of them. Marinette notices)
Marinette: There's no way we're standing by and doing nothing
André: But Parisians love the Morpho fans, my young friend. Removing the vending machines installed by City Hall across Paris
Marinette: Would make it possible to reduce pollution
André: But it would be very damaging to my image. (opens up a fan with his face on it)"
action_marinette_0009,City. Adrien is talking to Marinette on video with the others in the background.,"Adrien: (on phone) My father hasn't listened to me at all
Marinette: Hold on, we might have one more chance
Nadja: I just can't report Bertrand King's practices in my news broadcast
Marinette: (as Manon is drawing beside her) But, why not?
Nadja: Because the King of Plastic is also the king of our TV channel. It's the money from his advertisements that allows us to exist
Marinette: But if you don't talk about it, people will never know why the products he sells cause pollution. Please, Nadja. Do it for Manon! For the world she'll grow up in!
Nadja: If I did, the world she'll grow up in will be a world where her mom no longer had a job. I'm sorry, Marinette"
action_marinette_0010,Dupain-Cheng living room. Tom and Sabine are seen watching the broadcast.,"Marinette: Sorry to interrupt your TV news. I'm Marinette and for the past few days, my friends and I have tried to raise awareness of a serious problem to people who have the power to act
Marinette: But none of them have taken us seriously
Tom and Sabine: Marinette?!"
action_marinette_0011,Gabriel's atelier. Gabriel is watching the broadcast.,"Adrien: (while looking at Marinette, who blushes) It's so beautiful, that you'd want to keep it forever. (Marinette pulls out a bamboo fan of her own. She then raises it in the air.)
Marinette: Let's demand change from the people who have the power to implement environmentally sustainable solutions. (Closes the fan) For the world of tomorrow is built by the choices we all make today
Nadja: This initiative by young people from all around the world, which you discovered as an exclusive live in yesterday's broadcast, has elicited many reactions. (Screen changes to show André being interviewed.)"
action_marinette_0012,Marinette's balcony. Marinette is crouching down.,"Marinette: Monarch is polluting us with yet another one of his supervillains! (lets Tikki out of her purse.)
Marinette: Tikki, spots on! Yeah! (transforms into Ladybug)
Cat Noir: Meow, m'lady!"
adoration_marinette_0001,"Interior, the Dupain-Cheng's residence, in Marinette's room. Marinette takes Zoé in her room.","Denis Damoclès: Well, perfect, then! We'll meet with you both tonight to find out what you've planned. Surprise us!
Marinette: We're going to make a great team! Wait 'til you hear my ideas— (turns around to look at Zoé, who seems to have stopped moving) You okay, Zoé?
Zoé: (wide-eyed) Your room is... beautiful!!
Marinette: Oh! Silly me. You've never been here before. Let me show you around! (pulls Zoé with her) This is my chaise lounge. I made it myself from salvaged parts. (opens her chest which happens to have tons of photos of Adrien inside and her gifts for his future birthdays) That's my storage chest— IT needs some tidying up. (holds her mannequin) My mannequin for working on my fashion designs, (scurries to her computer table) my desk, where I do my homework... and now, my most important spot: my creative workshop — with my sewing machine, threads, fabrics
Zoé: (takes a look at Marinette's notebook) Woah... that's gorgeous!
Marinette: (chuckles) Thanks! It's just a sketch, of course. That's the dress I'd like to make for the dance. Well, I still have to get all the necessary pieces, but I hope I'll have time and... (accidentally pulls her ""Adrien"" drop down board) WAH! Oops, sorry! That's kind of dangerous and useless anyhow. I should just get rid of it already. I'm past all those ""crazy"" plans to try and talk to Adrien anyhow. (retracts her ""Adrien"" drop down board) Come on! Let's head to the patio!"
adoration_marinette_0002,"Interior, the Dupain-Cheng's residence, in Marinette's room. Marinette takes Zoé in her room.","Marinette: (chuckles) Thanks! It's just a sketch, of course. That's the dress I'd like to make for the dance. Well, I still have to get all the necessary pieces, but I hope I'll have time and... (accidentally pulls her ""Adrien"" drop down board) WAH! Oops, sorry! That's kind of dangerous and useless anyhow. I should just get rid of it already. I'm past all those ""crazy"" plans to try and talk to Adrien anyhow. (retracts her ""Adrien"" drop down board) Come on! Let's head to the patio!
Marinette: Outdoors at the Trocadero?
Zoé: Under the vault of the Grand Palais?
Marinette: (gasps) The Eiffel Tower! It's the perfect place! (starts sketching on her sketchbook) That's where we should have our first kiss! It has to be exceptional, magical, (miraculous—) (gasps) I know, I need to learn how to say ""I love you"" first. I'm good at dreaming about it, but when it comes to actually doing something? It's almost impossible. Although... you could help me!
Zoé: Help you with what?
Marinette: I was thinking we could ask your stepfather about using the Eiffel Tower for the dance. But... maybe you don't want to bother him with that
Zoé: No, totally the opposite! Let's go talk to Anaximandre!
Marinette: Um... who?
Zoé: I mean, let's go talk to my stepdad, the Mayor of Paris!
Marinette: I just realized that if your ""lovely"" half-sister sees us together, she'll make your life a living nightmare!
Zoé: Chloé doesn't have that power anymore!"
adoration_marinette_0003,"Exterior, Le Grand Paris. As the girls are about to enter the building, Marinette stops and panics for a moment.","Chloé: Don't you dare go ANYWHERE near my room!!
Marinette: Wow...! What happened to the scared Zoe who moved here from New York a few months ago?
Zoé: It's all thanks to you, Marinette. You're the one who helped me change!"
adoration_marinette_0004,"Exterior, Le Grand Paris. As the girls are about to enter the building, Marinette stops and panics for a moment.","Zoé: Marinette and I have been selected to plan for the end-of-the-year dance at school, and we were wondering if there is any way we can have it on the Eiffel Tower!
Marinette: (holds up her sketch book containing the sketches of her plan) There'll be a concert, then a DJ set, a buffet, and for those who don't like to dance, a trampoline stretched between the four pillars of the tower!
Andre: Interesting! (a montage of Andre as a cinematographer flashes on the background as he gets carried away) We could also film the evening, and the images would be projected in real time on a giant screen. A film within the film about the film of the party, because cinema is life and life is cinema... (montage ends) and if someone needed to proclaim their love for somebody else, this would be the perfect place and time for it... (clears throat) Well, by the power vested in me, the city of Paris authorizes to hold this party on the Eiffel Tower. (gives the sketchbook back to Marinette)
Marinette: (takes her sketchbook from Andre) Thank you, Mr. Mayor!
Andre: And by the way, if Chloé comes asking questions, (whispers) we never had this conversation"
adoration_marinette_0005,"Interior, Le Grand Paris, in Zoé's room. Marinette, who comes in with Zoé, enters the room, ecstatic.","Lila: (I) have the perfect plan to get rid of her (for good), but it's going to require... you two. (points at Chloé and Sabrina)
Marinette: Wow... we're actually getting the Eiffel Tower!! (squeals) Well, we should probably plan this afternoon, go see Kitty Section and Nino for the music, my parents for the buffet— oh, and we need a florist for the decor. This is going to be the best party ever!
Sabrina: But... I can't do something like that! (gets down on her knees) Chloé, I'd do anything to help you, but this... this goes against everything I stand for! You know my dad is a police officer! I just can't!"
adoration_marinette_0006,At the Eiffel Tower. All the people that Marinette and Zoé have collaborated with are gathered with them at the venue.,"Marinette: Uh— no! I don't think about him THAT much, you know? He doesn't belong to me. Well, I mean, he kinda does a little, but none of this matters because no one really belongs to anyone! What matters is (leans closer to Zoé) what brings us together and what you and I are supposed to do. You know, organize the school dance?
Marinette: Once all the students are here, Kitty Section will open the evening with a concert. Anyone who doesn't like dancing
Zoé: And who isn't afraid of heights
Marinette: can have fun on a huge trampoline set up between the feet of the Eiffel Tower"
adoration_marinette_0007,At the Eiffel Tower. All the people that Marinette and Zoé have collaborated with are gathered with them at the venue.,"Marinette: can have fun on a huge trampoline set up between the feet of the Eiffel Tower
Marinette: My parents will have to prepare a buffet with the Dupain-Cheng bakery's most popular specialty
Zoé: We'll also have the chance to enjoy beautiful decorative works by our talented, favorite florist!"
adoration_marinette_0008,At the Eiffel Tower. All the people that Marinette and Zoé have collaborated with are gathered with them at the venue.,"Chloé: There will be no obstruction to my justice!!
Marinette: (in disbelief) What???
Zoé: Chloé's planned all this!!"
adoration_marinette_0009,"Exterior, Le Grand Paris. Marinette's given Zoé a ride back to the hotel on her scooter.","Marinette: It was so kind of you, Zoé, but... don't ever sacrifice yourself for me or anyone else. And the same thing goes for your feelings
Marinette: (sighs) I know... you're in love with Adrien. Don't sacrifice your feelings for him because of me. He has the right to hear your declaration
Zoé: Adrien?! But you're the one he loves
Marinette: Even if he loves me, he'd be flattered to know that you love him too. Let him know how you feel about him... (Zoé frowns and looks down.) Zoé, you're an amazing person. One can only feel honored to be loved by you
Zoé: Are you sure?
Marinette: Of course! You can't keep it to yourself!
Zoé: But... Adrien’s not the one I’m in love with
Marinette: Oh? Who is it, then?"
adoration_marinette_0010,"Exterior, Le Grand Paris. Marinette's given Zoé a ride back to the hotel on her scooter.","Marinette: Oh? Who is it, then?
Marinette: Oh... Oh! Oh. (Zoé keeps her tender, loving smile and gaze at Marinette as the two share an embrace moments after) I am (truly), very honored. I mean it, Zoé
Zoé: Thanks, Marinette. (they let go of their embrace) You're right! It's such a relief to get these things off your chest. You should try it, too!
Marinette: What do you mean?
Zoé: Adrien! What are you waiting for? Go tell him you love him!
Marinette: But— wait what? How is he going to react? And what am I going to say to him?? What if I just do what I always do — mess things up and definitely ruin things between us?!
Zoé: Marinette... I've been wanting to tell you how I feel since the day I met you. But since you're madly in love with Adrien, I thought it would be pointless and ruin things between us. But look, I just told you, and I can see it doesn't change anything
Marinette: Which changes everything for me
Zoé: You were right: telling someone that you love them doesn't ruin anything. It's time you started taking your own advice, too. (Marinette becomes wide-eyed.) What are you waiting for? Go!
Marinette: Adrien!! (runs and pants as she stops in front of him)"
adoration_marinette_0011,"Exterior, the Agreste mansion, outside the gate. Adrien is seen walking towards the entrance.","Marinette: I— My hair is a mess, I'm not wearing my princess dress, there's no music, no rose petals everywhere, and we're not on the Eiffel Tower. But even though this isn't at all how I'd imagined this magical moment would play out, it feels right
Marinette: Adrien, I love you
Adrien: This couldn't be any more magical, Marinette"
alix_webisode__marinette_0001,Marinette's room,"Marinette: (narrating) Dear diary, today for a class project on friendship, Ms. Bustier
Alix: My old man gave me this for my birthday. This watch is totally a family heirloom
Marinette: (narrating) And I would've felt the same. That watch looked like there was something special about it
Alix: Ladybug, your gonna need this
Marinette: (narrating) Oh I think I got it"
anansi_marinette_0001,"Césaire apartment, living room. Alya and Nino are dancing in front of the television. Marinette is watching from behind, next to her phone with Adrien on videocall.","Marinette: They're so in sync with each other
Adrien: (on videocall) You're right. Someday I hope I'll find someone I can share everything with… (Marinette gasps) like they do. (in his room, Adrien sighs) But until my father starts letting me go out more often, that probably won't be happening
Marinette: (on videocall) Are you sure your dad won't let you come? It's such a bummer
Adrien: (on videocall) You know how overprotective he is. One day he'll realize I'm not a child anymore, but we're not quite there yet. (Marinette chuckles)"
anansi_marinette_0002,"Césaire apartment, living room. Alya and Nino are dancing in front of the television. Marinette is watching from behind, next to her phone with Adrien on videocall.","Nora: (spits out her drink) Oh no! Baguette and cappie can go with cellphone boy if they want, but you're staying here. (crushes a milk carton under her hand) It's (way) too dangerous
Marinette: But Nora—I mean, Anansi, you can't do that!
Nino: Yeah, no way dude, we're not going without Alya!"
anansi_marinette_0003,"Césaire apartment, living room. Alya and Nino are dancing in front of the television. Marinette is watching from behind, next to her phone with Adrien on videocall.","Adrien: Sorry, Nino; I'm sure we'll work (something) out
Marinette: We gotta go, or else we'll miss the fireworks
Alya: (resigned) Forget it; you guys go without me"
anansi_marinette_0004,"Césaire apartment, living room. Alya and Nino are dancing in front of the television. Marinette is watching from behind, next to her phone with Adrien on videocall.","Alya: (resigned) Forget it; you guys go without me
Marinette and Nino: Huh?!
Marinette: No way! (gasps and looks smug) Okay, Nino will arm-wrestle you"
anansi_marinette_0005,"Césaire apartment, living room. Alya and Nino are dancing in front of the television. Marinette is watching from behind, next to her phone with Adrien on videocall.","Nora: (fake yawns)
Marinette: (gasps) Over there, an akuma! (points past Nora)
Nora: (turns her head to look where Marinette pointed) What?!"
anansi_marinette_0006,"Césaire apartment, living room. Alya and Nino are dancing in front of the television. Marinette is watching from behind, next to her phone with Adrien on videocall.","Alya: That's it, Nora! You lost the challenge, so deal with it. I've had it with your overprotective big-sis-smothering. I'm going out with my BFFs and I don't care what you think. Alya out. (starts to leave, then motions for Marinette and Nino to follow)
Marinette: Uh, see you, Nora—I mean, Anansi. (chuckles nervously; Nino chuckles too)
Hawk Moth: A big sister with the best of intentions, unappreciated and unwanted — ideal prey for my akumas. (turns a butterfly into an akuma) Fly away, my little akuma, and evilize her broken spirit!"
anansi_marinette_0007,"Place de la Concorde, Ferris wheel. Marinette, Alya and Nino are in the Ferris wheel, watching the fireworks show. Marinette is holding her phone so Adrien can see, too.","Nora: Let the match begin, Hawk Moth. (is engulfed by purple and transforms into Anansi)
Marinette: Just in time! Look at that!
Alya: Wow! (looks at Nino, who looks sad, and her facial expression shifts to concerned) What's up?"
anansi_marinette_0008,"Place de la Concorde, Ferris wheel. Marinette, Alya and Nino are in the Ferris wheel, watching the fireworks show. Marinette is holding her phone so Adrien can see, too.","Adrien: (on videocall) Whoa! It's beautiful, thank you, guys. (suddenly looks shocked) Marinette, behind you! I saw something go by; what was it?
Marinette: (turns around and looks through the window) I don't see anything. Maybe it was a bird
Nino: (still embracing Alya) Dude, please don't tell me we're gonna be stuck up here!"
anansi_marinette_0009,"Place de la Concorde, Ferris wheel. Marinette, Alya and Nino are in the Ferris wheel, watching the fireworks show. Marinette is holding her phone so Adrien can see, too.","Anansi: (climbs up to the window of her sister's and friends' cabin) Well, well. There you are, fly-weights
Marinette, Alya and Nino: (in unison) Nora?!
Anansi: Nora's not here to protect you anymore. I am Anansi, super-spider. (picks up the cabin they were riding in, jumps down from the Ferris wheel and throws the cabin on the ground)"
anansi_marinette_0010,"Place de la Concorde, Ferris wheel. Marinette, Alya and Nino are in the Ferris wheel, watching the fireworks show. Marinette is holding her phone so Adrien can see, too.","Nino: (groans) Alya! (runs after Anansi when she leaps away with Alya)
Marinette: Nino! (runs after Nino as Anansi is seen running backwards atop cars, spitting webbing behind her; in the distant background the Ferris wheel continues rolling) Nino, wait!
Nino: (to Marinette) I'm not a fly-weight and I don't need your help to prove it! (continues running)
Marinette: (hides behind a car) Tikki, I think I messed up; we've gotta stop Nino...and save Alya!"
anansi_marinette_0011,"Place de la Concorde, Ferris wheel. Marinette, Alya and Nino are in the Ferris wheel, watching the fireworks show. Marinette is holding her phone so Adrien can see, too.","Marinette: (hides behind a car) Tikki, I think I messed up; we've gotta stop Nino...and save Alya!
Marinette: (unhappily) Tikki, spots on! Ah! (Marinette transforms into Ladybug)
Female civilian: Thank you, Cat Noir"
anansi_marinette_0012,Place de la Concorde. Alya and Nora are walking together; Nino comes running towards them. Marinette runs towards them as well.,"Nora: Fly-weights! (sighs) Truth is…I did lose the match…and my cool. Sorry about everything that went down
Marinette: Nor—uuh, uuh, Anansi. I...actually...you didn't lose the game
Nora: Huh?
Marinette: I helped Nino to win by distracting you. I'm sorry
Nora: Hey! We're cool, Marinette. (holds her hand out; Marinette takes it and Nora pulls her into a head-lock/hug) It's no big deal. (grabs Nino and head-locks him, too) Cappie proved that he doesn't need muscles to be strong"
animaestro_marinette_0001,Dupain-Cheng residence,"Marinette: Not a thing. Like, not in the slightest. I just want to help out my wonderful sweet parents who I love so much.(drops the balanced bowl and the fruit)
Marinette: (dejectedly) You guys don't trust me. Then again, I'm such a klutz. Even I wouldn't trust me. (picks up oranges)
Tom: Of course you're not a klutz, my darling. You're hired. We'll just—
Marinette: (hugs Tom) Oh, thank you! You're the best parents in the world! (dances out of the room while singing, and crashes into something)"
animaestro_marinette_0002,Inside event. Marinette is getting ready to serve the macaroons,"Jagged: She even designed my album cover!
Marinette: (giggles awkwardly) Er, thanks. Er, macarons? (Thomas goes to take a macaron but hands from offscreen take them before he gets a chance)
Tom: Phew. So far so good"
animaestro_marinette_0003,Inside event. Marinette is getting ready to serve the macaroons,"Marinette: No!
Marinette: No!
Chloé: (to Thomas) You! Go fetch me a chocolate macaron, but make sure it's dark chocolate, not milk chocolate. Got that?"
animaestro_marinette_0004,Inside event. Marinette is getting ready to serve the macaroons,"Chloé: (to Marinette) Actually, it's a really good thing you're doing the serving, Dupain-Cheng, because that means while I'm watching the movie with Adrien, you'll be washing dishes! (laughs)
Marinette: Excuse me. Sorry! Excuse me. Sorry! Excuse me. (crawls after the macaron while going near Adrien. Adrien goes to help her when Nathalie Sancoeur interrupts)
Nathalie: Adrien, you're expected to welcome the Tsurugis
Marinette: (catches her special macaron) Ah! (holds up the special macaron while Chloé walks beside her)"
animaestro_marinette_0005,Inside event. Marinette is getting ready to serve the macaroons,"Marinette: (catches her special macaron) Ah! (holds up the special macaron while Chloé walks beside her)
Marinette and Chloé in unison: (when they spot Kagami) Oh no! Not her! Huh? Stop it! You're copying me! Quit it! No, you quit it! (Marinette sticks a macaron in Chloé's mouth)
Marinette: Do you know her?"
animaestro_marinette_0006,Where Kagami and Adrien are talking.,"Chloé: Alright. (she looks at what Marinette has gathered) Garbage bag, ladle and what? (she holds up a spool of string) I asked you to get some rope!
Marinette: All I could find was this cooking string. You know, for tying up roasts
Chloé: Do I look like someone who knows anything about cooking roasts? (she grabs Marinette's arm and starts pulling her along)
Marinette: Hey, wait!"
animaestro_marinette_0007,Where Kagami and Adrien are talking.,"Marinette: Hey, wait!
Marinette: Chloé! We can't do this!
Chloé: Listen, Marinette! If we don't sacrifice a few macarons now Adrien is going to be eating sushi for the rest of his life!"
animaestro_marinette_0008,Another part of the event. Chloé is handing a cake to Jagged.,"Marinette: Thank you, Adrien! (The gum sits on the ground next to Kagami's foot)
Marinette: Here, Adrien. This is, uh, your favorite flavored macaron. Er, of course I'm just guessing. I mean, how would I know, right? (nervous giggle) But people do sometimes prefer some things to other things so... Here!
Adrien: Uh… thanks, Marinette!"
animaestro_marinette_0009,Another part of the event. Chloé is handing a cake to Jagged.,"Chloé: Phase two, Dupain-Cheng
Marinette: Can you please autograph this for me, Jagged? (Marinette holds up the poster of Jagged Stone)
Mrs. Tsurugi: Kagami! (Kagami straightens up and doesn't sit on the cake)"
animaestro_marinette_0010,Event. Adrien is peeling gum off Kagami's shoe.,"Marinette: I promise I'll never take Chloé's advice again!
Marinette: Tikki, spots on! Yeah! (Marinette transforms into Ladybug)
Cat Noir: We'd have come to your movie premiere if we'd have known how upset you were gonna get"
animaestro_marinette_0011,Event. Marinette is standing outside the movie theatre handing out macarons.,"Thomas: (after seeing the conversation) You know what. Take my seat and enjoy the movie. I've seen it ten times or more. What matters the most for the movie is to be seen by people who really want to see it right?
Marinette: (stutters) But... I-I... Uh... But
Thomas: Sorry, I guess you don't know who I am either
Marinette: Of course do. You're Thomas Astruc the movie director! (hugs him) Oh thank you, thank you, thank you, thank you, thank you!
Thomas: She recognized me. Somebody actually recognized me! (wipes away tears) This is the best day of my life! (eats a macaron)"
animan_marinette_0001,Collège Françoise Dupont courtyard.,"Marinette: (reading a magazine) ""Leo: Your heart's gonna roar"". (turns the page and sees pictures of Adrien in both pages) Wow, roar!
Adrien: (appears behind and teases Nino) FYI, Marinette's never gonna fall in love with a statue"
animan_marinette_0002,"Outside Collège Françoise Dupont. Alya and Marinette are walking out of the Collège, while Adrien and Nino are hiding behind a banister.","Adrien: Okay, I got your back. (Adrien and Nino fist-bump)
Marinette: (holding the magazine in front of her) Oh, he's (such) a—
Alya: Smartie, hottie, suavísimo, yummy-tastic spellbinder!
Marinette: All of the above. (bumps into Nino) Huh?"
animan_marinette_0003,"Outside Collège Françoise Dupont. Alya and Marinette are walking out of the Collège, while Adrien and Nino are hiding behind a banister.","Nino: Sorry
Marinette: (giggles and looks down to see the magazine pages with pictures of Adrien) Ahh!
Marinette and Adrien: Sorry. (Marinette grabs the magazine away)"
animan_marinette_0004,The Zoo. Marinette turns on a speaker in her left ear.,"Alya: Fine, just be yourself (and) look where you're going
Marinette: Oh, where are you, love of my life?
Tikki: How's Adrien supposed to be the love of your life if you can't even talk to him?
Marinette: (determined) Tikki, stay out of sight. I'm gonna talk to him, you'll see. I (will) speak to him!"
animan_marinette_0005,The Zoo. Marinette turns on a speaker in her left ear.,"Alya: (from the earpiece) Marinette, target at ten o'clock!
Marinette: NO!!! (Max and Kim stand there, confused) Aha, I mean, uh, thanks but...no thanks. I'm waiting for someone. Uh, you go ahead
Kim: 'Kay, maybe we'll see you later, then. (Kim and Max walk away)
Marinette: Yeah, later! (looks for Adrien, but she only sees Nino. He smiles nervously while waving and walking towards her. Marinette speaks to Alya) Where's Adrien?"
animan_marinette_0006,The Zoo. Marinette turns on a speaker in her left ear.,"Nino: We'll be better off without me
Marinette: (confused) Huh?
Plagg: (pops out of Adrien's hair, and the latter tries to shush him) Ah, this trip is turning out to be a lot more interesting than I thought. Turn up the volume! (Adrien sighs)"
animan_marinette_0007,The Zoo. Marinette turns on a speaker in her left ear.,"Alya: (reacting, from the earpiece) Of course we do, you dumbo!
Marinette: Of course we do, you dumb—oh I mean, wasn't he supposed to come? Don't you wanna wait for him?
Adrien: (from the earpiece) Tell her you want to be alone with her"
animan_marinette_0008,Marinette and Nino are sitting at a picnic table waiting for Adrien.,"Adrien: Hey, what are you doing?
Marinette: You do? Well, I can help you with that
Nino: You could?"
animan_marinette_0009,Marinette and Nino are sitting at a picnic table waiting for Adrien.,"Nino: It's youuu...uur best friend Alya!
Adrien, Alya and Marinette: What?!
Marinette: Alya? Awesome!"
animan_marinette_0010,The akuma flies and infects Otis' bracelet.,"Tikki: Why didn't you listen to Alya, Marinette?
Marinette: I couldn't help it! I didn't want Nino to be sad
Tikki: We'll deal with that later. Now it's time to transform!
Marinette: Tikki, spots on! Ha!(Marinette transforms into Ladybug)"
animan_marinette_0011,"Marinette's room. Ladybug transforms back into Marinette, exhausted.","Nino: Do you want one, Marinette?
Marinette: Uhh...What's he doing here?
Alya: Ladybug locked us up together in the same cage all afternoon"
animan_marinette_0012,"Marinette's room. Ladybug transforms back into Marinette, exhausted.","Alya: The funniest part of it was that Nino was being totally coached by Adrien at the zoo!
Marinette;: Adrien was there!
Alya: Yup! LOL, huh?"
antibug_marinette_0001,The bathrooms. Marinette walks inside the girls' bathroom where she sees crude drawings of Chloé and multiple instances of Chloé's name being scratched out are present on the walls and stall doors.,"Marinette and Adrien: (at the same time with their respective Kwami) Time to transform!
Marinette: Tikki, spots on! Ha! (Marinette transforms into Ladybug)
Adrien: Plagg, claws out! (Adrien transforms into Cat Noir)"
antibug_marinette_0002,"Outside Le Grand Paris. Reporters swarm Ladybug, but her transformation is about to run out.","Antibug: I love a good catfight! (Cat Noir and Antibug start fighting)
Marinette: Oh no! I don't have any food for you Tikki!
Tikki: Don't worry Marinette, you'll find something
Marinette: Uh, I'll try. (checks the news on her phone)"
antibug_marinette_0003,"Outside Le Grand Paris. Reporters swarm Ladybug, but her transformation is about to run out.","Tikki: I'm giving you advice, now take it! Don't make the same mistake twice!
Marinette: Got an idea! (taps something on her phone)
Antibug: Four…!"
antibug_marinette_0004,"Outside Le Grand Paris. Reporters swarm Ladybug, but her transformation is about to run out.","Cat Noir: Ready for round two? (they start to fight again and they go up to the rooftop)
Marinette: It worked!
Tikki: I'm good to go, Marinette
Marinette: Yes!"
antibug_marinette_0005,"Outside Le Grand Paris. Reporters swarm Ladybug, but her transformation is about to run out.","Marinette: Yes!
Marinette: Tikki, spots on! Ha! (Marinette turns into Ladybug)
Antibug: Bad kitty! Come here to get your leash back"
antibug_marinette_0006,"Collège Françoise Dupont, Literature classroom. Chloé walks into the classroom.","Chloé: Well? What are you doing? Sit down. (Sabrina gasps and sits down happily. Chloé shows a small smile)
Marinette: Did you see that? Chloé smiled nicely! Kinda. I think she's actually happy to have Sabrina back
Alya: Weirdly enough, I think the feeling is mutual. (Sabrina takes out her tablet, and Chloé slides another brooch in front of her)"
antibug_marinette_0007,"Collège Françoise Dupont, Literature classroom. Chloé walks into the classroom.","Chloé: Yeah, yeah. You can show me your gratitude later, class is starting. (smiles again)
Marinette: I think they'll always be BFFs. In their own way
Alya: I still prefer our way, though. (they playfully meet knuckles and smile to each other, below them Adrien smiles as well. Fades to the end card of them and pictures of Ladybug to the left, Cat Noir in the center looking at Ladybug, and Antibug to the right)"
backwarder_marinette_0001,Flashback near the Eiffel Tower in black-and-white except for red searchlights: comparatively young Wang Fu and young Marianne Lenoir are running away from the Nazis during World War II,"Marianne: (stops near the Seine and Fu turns around) Wait! We have to fight, Fu! Let's use the Miraculous: I'll take the Ladybug and you take the Black Cat!
Master Fu: But what if we fail? They'll get hold of this box and it will mean the end of the world! Come with me, we'll be safe in England"
backwarder_marinette_0002,Flashback near the Eiffel Tower in black-and-white except for red searchlights: comparatively young Wang Fu and young Marianne Lenoir are running away from the Nazis during World War II,"Master Fu: (as sad background music commences) I'll come back for this... and you
Marianne: (holding Fu's clenched fists) I'll be waiting for you, right here, every day!
Master Fu: Marianne, I've never told you this, but I—
Marianne: (placing her finger on his lips.) Shh. Tell me when you come back!"
backwarder_marinette_0003,"Meanwhile, at Marinette's room from the present day.","Marinette: Couldn't we try Juleka's idea instead?
Marinette: But I just can't do that! (dramatically flops her head down) I can't talk to him without (raises her head making melodramatic hand gestures) stumbling all over my words. I've been trying for months and... (gasps as she sees Wayzz peeking through her bedroom window) And... you're right! (nervously giggles and starts dragging the girls out of her room as they gasp in surprise) It's about time things change. I'll find the courage, somehow. Thanks, girls!
Alya: (turns to face Marinette in surprise) You sure you'll be okay?
Marinette: (nervously scratching the back of her head) Yeah, sure! I'll let you know what happens. (shuts the trapdoor, shooing Alya out) Bye, girls!"
backwarder_marinette_0004,"Meanwhile, at Marinette's room from the present day.","Marinette: (nervously scratching the back of her head) Yeah, sure! I'll let you know what happens. (shuts the trapdoor, shooing Alya out) Bye, girls!
Marinette: Wayzz! (Wayzz phases through the window and Tikki appears) What's going on?
Wayzz: Marinette, you must come with me! Master Fu needs you! (turns around and phases out of the window)
Marinette: (to Tikki) Do you think it's serious?"
backwarder_marinette_0005,The subway. Marinette rushes inside the train and takes a seat,"Marinette: (shuffles inside her purse to find a piece of paper and a pen) I'm gonna write Adrien a letter, and give it to him on the train platform just before he leaves. At least then I won't mess up anything when I open my mouth! (puts the tip of the pen atop the paper, takes a deep breath and commences writing)
Marinette: ""Dearest you, when you love someone you must never hold back from telling them when you have the chance, (two boys hear Marinette and listen in) because one day you might realize that it's too late and that all your hopes and dreams are ruined, with no way to go back in time and do it over. (comic starts running in the background) I want to tell it to you today, before you leave, so you can take my words with you. I'm hoping they'll make their way to your heart, and that when you come back, you'll give me a chance to prove how true these words really are. I... love you."" (comic ends)
Boys: (mocking her) I looooveee you!"
backwarder_marinette_0006,"Right outside Fu's massage shop, Marinette is climbing down the staircase, when she comes to an abrupt halt","Marinette: You can count on me, Wayzz! (exits)
Marinette: Hey, wait! Adrien's train is leaving at— (takes her phone out) Oh no! That's in 20 minutes!
Tikki: The meds, Master Fu's letter, Adrien's letter. You won't have enough time to do everything, Marinette!
Marinette: I won't have time, but (we) might!"
backwarder_marinette_0007,"Right outside Fu's massage shop, Marinette is climbing down the staircase, when she comes to an abrupt halt","Marinette: I won't have time, but (we) might!
Marinette: Tikki, spots on! Yeah! (transforms into Ladybug)
Ladybug: (hides behind the building) Spots off! (transforms back into Marinette)"
backwarder_marinette_0008,At the Gare du Nord train station. Ladybug comes swinging on her yo-yo,"Marinette: (rushes away) Sorry! (bumps into someone) Ugh! Medical emergency!
Marinette: (hides behind the building once again) I did it! I gave him the letter! I actually did it, after all this time! Why did I wait so long? It was so easy!
Tikki: I'm so proud of you, Marinette! You were right to take the plunge
Marinette: All right! Time for the next one! Tikki, spots on! (transforms into Ladybug and swings away on her yo-yo)"
backwarder_marinette_0009,Outside Collège Françoise Dupont. The girls are gathered around Marinette,"Mylène: Did you tell him?
Marinette: Yeah... (awkwardly rubs her arm) I mean... kind of. Basically, I gave him a letter. (The girls start cheering)
Rose: Tell us exactly what you wrote in the letter!
Marinette: (awkwardly) Oh, not much, it's not really important, is it?"
backwarder_marinette_0010,Outside Collège Françoise Dupont. The girls are gathered around Marinette,"Adrien: Uh. Hey, Marinette! (Alya pushes Marinette in front of Adrien.)
Marinette: (squeals nervously) Hey
Adrien: I was very surprised when I read your letter, but since it seemed to be so important, I spent the whole weekend walking around London looking for it. (holds out a medical bag as the girls shriek in astonishment) For you. (Alya helps Marinette get the pharmacist medical bag)
Marinette: (embarrassed) Thank you
Adrien: I'm glad I could help. (walks into the school)
Marinette: (Disaster!) (collapses)"
backwarder_marinette_0011,Outside Collège Françoise Dupont. The girls are gathered around Marinette,"Alix: Open it!
Marinette: No, we're good. (shifts the bag out of the girls' reach as they try to take it) Trust me, you really don't need to open it
Alya: (confused) Constipation capsules?
Marinette: (mortified gasp) Ah, uh, I... (bends her head low)"
bakerix_marinette_0001,Marinette's room. Marinette is watching the news on her computer while knitting a sweater.,"Tikki: But how is the train going across the sea between France and the UK, Marinette?
Marinette: Well, there's a tunnel under the English Channel, Tikki
Tikki: Did a superhero do that?
Marinette: (laughs) No, just regular men with machines
Tikki: I can't believe how many inventions humans have made since I last had an owner
Marinette: There's no stopping progress, Tikki
Tikki: There's no stopping you, either. This is gonna be a wonderful sweater!
Marinette: It's a tradition, you know. I always knit my dad a sweater every year for his birthday, so I wanna do something extra special for him this time around, but I couldn't think of anything
Tikki: I'm sure you'll come up with a perfect idea. You always do
Marinette: I'd better think of it now, 'cause his birthday is today!"
bakerix_marinette_0002,Marinette's room. Marinette calls Gina via video chat.,"Gina: Mmm, oh, he's always lived in the past. Well, it's complicated. If you really want to know about it, you should probably ask your dad or your mom
Marinette: Oh, okay, thanks Grandma, see you tonight. (hangs up and groans) Seriously, why won't anyone just answer me?! (suddenly gets an idea and jumps onto her computer)
Tikki: Judging by that look on your face, I'm thinking that you've come up with your idea
Marinette: You're right, Tikki. I know exactly what I'm getting for my dad for his birthday! I'm gonna get him and his dad back together again! I found Roland Dupain's address, let's go!
Tikki: What are you waiting for, Marinette?
Marinette: If I tell him who I am right away, he won't listen to me, just like with mom. (rings doorbell)"
bakerix_marinette_0003,Outside Roland Dupain's house. Marinette is in front of the outside gate.,"Roland: Oh! Come in, come in! The door's open
Marinette: (gasps, and runs to open the gate for him) Hello! I'm Marinette, Mr. Dupain's granddaughter! I was just about to go in, myself. You can leave me the sack, I'll bring it to him. It'll be a nice surprise
Gilbert: Roland has a granddaughter?
Marinette: He sure does! (Gilbert smiles and hands her the sack. She groans under its weight.)
Gilbert: I should probably help you
Marinette: Oh no! It's... light. Could I borrow your cap? I wanna play a prank on Grandpa
Gilbert: (puts his company cap on her head) Say hi to Roland for me! I'll grab my cap next time I come by! (He hops in his van and drives away, while Marinette struggles up the stairs.)"
bakerix_marinette_0004,Outside Roland Dupain's house. Marinette is in front of the outside gate.,"Marinette: Don't worry, I know how it's done. (she starts kneading it, and Roland sets down the sack) You take the dough and fold it in half, rhythmically, pressing it flat
Roland and Marinette: snapping it slightly- oh! Huh? (they look at each other)
Marinette: It gives it elasticity and develops the gluten in the dough, so that it holds together well after it's been baked"
bakerix_marinette_0005,Roland's Kitchen.,"Roland: (sinisterly) You can count on me, Hawk Moth. (A purple ether engulfs him, and his mice run away).)
Marinette: (knocks on the kitchen door) Grandpa! (Bakerix exits, knocking the doors off their hinges and knocking Marinette across the room.)
Bakerix: (appearing as an amalgamation of breads) There is no grandpa. I am Bakerix, and anyone who doesn't do things the way they should be done, will be served my indomitable wrath! Soon, Paris will look like it did (before) the modern world took over! (laughs, drinking from his yeast canteen)
Marinette: No! Grandpa!
Bakerix: (Bakerix's bread muscles expand.) Yah! (Marinette whimpers. He breaks through the walls of the house, and leaps out into the city.)
Marinette: We'll finish the baking later! (runs into the kitchen and turns off the oven)"
bakerix_marinette_0006,Roland's Kitchen.,"Marinette: We'll finish the baking later! (runs into the kitchen and turns off the oven)
Marinette: Tikki, spots on! Yeah! (turns into Ladybug)
Bakerix: (lands in front of a bus, which screeches to a stop) Huh? Why isn't this bus making any noise?"
bakerix_marinette_0007,Roland's House.,"Roland: (as soon as Cat Noir lands, jumps off his back and into the house) Marinette! Marinette!
Marinette: (by the oven) Grandpa? Cat Noir? Is everything okay?
Roland: Uh, yes. I was just scared- the bread might be overbaked. (she takes the bread loaves out of the oven, and he examines them) It looks all right
Marinette: You see? I (do) know how it's done"
bakerix_marinette_0008,Roland's House.,"Cat Noir: (his ring beeps) Uh, the thing is, I'm gonna transform back soon, and- whoa! (Roland pushes him toward the bread) You're a real tough cookie, even without your superpowers. (he tries both loaves) Mmm. Both these breads are delicious, d'you have any jam by any chance?
Roland and Marinette: That's not how you taste bread! (Roland smiles at her)
Cat Noir: They're both tasty, in different ways. This one's more traditional, and this one has a delicate flavor that makes it special. It's too hard to choose. (his ring beeps rapidly) I'm sorry but I really do have to get going. (runs to the front door) Thanks for the tasty snack! (leaps out)"
befana_marinette_0001,Marinette's Room,"Marinette: Are you kidding? He hates it! He has no reason to listen to it unless... He's making a playlist for my surprise party! Elementary
Marinette: Okay. Why was Alya having a secret convo with Adrien, huh?
Adrien: (loudly, in the flashback) Uh, uh... yes, Alya! I know a very good dentist and here's his number! (he holds out a paper to Alya and the flashback ends)
Marinette: Which means... He's going to be there!"
befana_marinette_0002,"Tom &amp; Sabine Boulangerie Patisserie, Bakery","Marinette: Fine, you know what? There's one no-fail way to find out if there's a surprise party in the making
Marinette: (in a whisper to Tikki) Watch their faces. (she flings open the door) Mom! Dad! Do you know anything about Alya planning a surprise party for my birthday?
Tom: Uh, oh, uh... Party? Uh, what party? Uh, which Alya, again?"
befana_marinette_0003,"Tom &amp; Sabine Boulangerie Patisserie, Bakery","Marinette: (to Tikki) See? Parents always know when there's a surprise party in the works
Marinette: And now, on the other side of this door, check out who's coming to get me! Just in time for the party! It's- (she opens the door) Grandma?!
Tom: (sticking his head around the corner) Mom?"
befana_marinette_0004,"Tom &amp; Sabine Boulangerie Patisserie, Bakery","Gina: (pushing up her sunglasses and speaking with an Italian accent) Marinetta! You're so tall for your age! Did you get my letter from Patagonia?
Marinette: Yes! And the ones from Australia, Bali, and Estonia, too! Did you really get chased by a bear?!
Gina: (laughs) Yes. But we wound up good friends in the end"
befana_marinette_0005,"Tom &amp; Sabine Boulangerie Patisserie, Bakery","Gina: (visibly startled) My. How time flies. (Marinette opens the package, and the shirt inside is obviously much too small for her. Gina waves her hand) That's okay. I'll ask my friend to make another one
Marinette: No! No, it's awesome! I can make this work. It's perfect, grandma. Thank you
Gina: Your Nonna has also brought you your favourite candy! (she places a tin in Marinette's hand)
Marinette: Oh! (she laughs uncertainly)
Gina: You still love them, right?
Marinette: Yes, yes of course
Gina: And that's not all, my fairy! We'll have a wonderful day, you and I! Just like the last time. Well go to the merry-go-round and to the zoo, then-!"
befana_marinette_0006,"Tom &amp; Sabine Boulangerie Patisserie, Bakery","Gina: You think she doesn't want to spend time with her Nonna, is that it?
Marinette: No! Of course I want to spend time with you! Uh, besides, it's not four o'clock yet
Gina: There. You see? Come on, let's go, Marinetta! We're going to have a ball! (she pulls Marinette out of the house)
Marinette: It's four o'clock. Maybe you were right. I jumped to conclusions, and there really is no surprise party. (she spits out another candy into the wrapper and puts it in the tin)"
befana_marinette_0007,The Place des Vosges,"Befana: And all those candies you pretended to be eating?
Marinette: I'm sorry, grandma. It's just that I didn't want to upset you
Befana: I'm not your grandma anymore. From now on, I am only Befana! And I'm going to punish you for all those lies! (she tries to shoot Marinette, but Marinette ducks. Mylène is hit instead and turns to coal)
Marinette: No!"
befana_marinette_0008,The Place des Vosges,"Befana: (firing coal shots at Marinette) You're not getting away unpunished, Marinetta! (Marinette trips and drops Adrien's present, which is turned to coal) You don't deserve all these presents, you spoiled little brat! Now, for what you really deserve. (she attempts to fire her gun again, but it is empty, forcing her to reload from the bag at her waist) Don't worry. You'll get what's coming to you
Marinette: (she crawls quickly under a table) This isn't how I envisioned my birthday party
Tikki: (as the table turns to coal) You need to transform!"
befana_marinette_0009,The Place des Vosges,"Marinette: Alya!
Marinette: No, Kim!
Befana: That's what you get for stealing candy, you bunch of ill-mannered kids!"
befana_marinette_0010,The Place des Vosges,"Befana: That's very disrespectful, to speak up without permission! But then again, it's quite noble of you to stick up for your friends. Okay. I shall make you a fairy. (She turns Rose into another white, angel-like fairy) You are going to help me discipline your friend. (laughs)
Marinette: Tikki, spots-
Cat Noir: Sorry I kept you waiting. We need to find you a better hiding place (he winks and holds out his hand for her) Shall we? (he lifts Marinette away with his staff)"
befana_marinette_0011,Eiffel Tower,"Marinette: It's time to—
Marinette: —save my Nonna! Tikki, spots on! Ha!
Befana: (sings) ♫ La Befana comes at night, on her shaky broom in flight. She gives out candy to those who are dandy. And only gives coal to brats with no soul. ♫ (Suddenly, Befana is knocked off her bike by Cat Noir's staff getting in her way)"
befana_marinette_0012,Marinette's party,"Marinette: (playfully) Heh, no weirder than yours, Tikki. (she winks)
Marinette: But that doesn't mean they're not both precious to me
Tikki: So you really did like the gift, then!
Marinette: (tucking the kwagatama back down her shirt) Of course I did. (As she is talking, it is shown that Adrien is standing under the trees as well, looking at the charm Marinette gave him and smiling) The most important thing about a present, Tikki, is the person who's giving it"
captain_hardrock_marinette_0001,Seine,"Marinette: Oops! Sorry Mylène. My bad! (picks up a box) I think this is yours, Rose. (hands a microphone to Rose)
Rose: Thanks, Marinette! Do you realize? It's our very first concert! It's going to be awesome
Marinette: He's not here yet"
captain_hardrock_marinette_0002,Seine,"Anarka: Captain Anarka speaking to ya'! So how's it comin' along me young pirates? Ready to celebrate the- (adjusts her glasses) Whatcha up to, there, matey?
Marinette: Uh, hello ma'am. I'm cleaning up for tonight! Your boat's gonna be clean as a whistle!
Anarka: You're cleaning? (laughs) We never pick up in this house! Didn't me daughter tell you? We like the lived-in look. We have no rules on (The Liberty)! Out of chaos comes creation! Messiness is life!"
captain_hardrock_marinette_0003,Seine,"Anarka: Marinette, right?
Marinette: Yes, ma'am... uh, Captain!
Anarka: Since you're free from your cleaning duties, could you go and tell Luka that we're waiting for him to start rehearsals?
Marinette: Of course. Uh, but who's Luka? And where is he?
Anarka: Luka's my son, you'll find him in his cabin
Marinette: (sees Luka) Uh! (Luka looks up at her) Hey, my name's Ma-ma uh Mamamarinette! Your mom sent me down here. The groove...uh... the group's waiting for you"
captain_hardrock_marinette_0004,Seine,"Roger: It's a music festival, not a noise festival. If you don't turn the volume down, I'll ban your concert altogether!
Marinette: Uh, maybe we could turn the volume down a bit Captain? Then there'd be no more problem, right?
Anarka: No, out of the question. I didn't name my galleon Liberty for nothing, you know! It's a matter of principle! Haven't you ever heard of freedom of speech, Roger? This is me home! I will do as I want!"
captain_hardrock_marinette_0005,Seine,"Anarka: A treasure in return for freedom? Ho, ho, ho then I shall be your pirate Hawk Moth. (black and purple smoke covers the ship)
Marinette: Oh no!
Captain Hardrock: Raise the mainsail me deck hands let's get swashbuckling around here. (laughs)"
captain_hardrock_marinette_0006,Seine,"Luka: Mom please, you can't ruin the Music Festival
Marinette: You can't force people to listen to your music!
Ivan: No way we're playing like this!"
cat_blanc_marinette_0001,Outside Collège Françoise Dupont. Alix is navigating around some cones on her rollerskates.,"Alya: The only way you'll know is to tell him how you really feel!
Marinette: I know, but... (reaches for something in a picnic basket but Rose shuts it)
Rose: That's it, Marinette! No more picnics, sleepovers, or going to the movies with us until you give him that gift! You made that hat for Saint Athanasius Day, which is today! How is Adrien's supposed to know you're thinking of him on his fifth name's day if you don't give him your gift?"
cat_blanc_marinette_0002,Near the Agreste Mansion,"Marinette: I'll be quick, Tikki, no one will ever know! (runs past the bodyguard's car)
Marinette: Tikki, spots on!
Ladybug: (gasps) Adrien's trophies... Adrien's basketball hoop... Adrien's foosball table... (lightly brushes her hand against his desk) Adrien's desk... Adrien's video games... (lies on his bed) Adrien's bed"
cat_blanc_marinette_0003,"Alternate Paris, full of destruction","Cat Blanc: Give me a hug... (
MARINETTE!!!!: )
Ladybug: You're wrong! I'm not Marinette! (seen from burrow) It's impossible, I never told you anything!'"
cat_blanc_marinette_0004,Burrow,"Bunnyx: Oh, no! What have you done, Marinette?! (rewinds)
Marinette: (running) Ta-da, I did it!
Alya: I'm so proud of you"
cat_blanc_marinette_0005,Burrow,"Alya, Rose, Juleka, and Mylène: Ohhh?
Marinette: Does that... does this mean that you... you like the beret?
Adrien: (smiles) It means that I love you"
cat_blanc_marinette_0006,Burrow,"Gabriel: (from tablet) If you refuse, I will not hesitate to withdraw Adrien from school, and he will never see his friends again
Marinette: (drops tray of heart macarons) Adrien doesn't deserve this!
Gabriel: (from tablet) Then make the right choice"
cat_blanc_marinette_0007,Burrow,"Adrien: Marinette? Why won't you come in? What's wrong?
Marinette: Adrien... I... forgive me, we're just... we're just not right for each other
Adrien: What are you talking about? Of course we are, we love each other!
Marinette: No. I don't love you... (anymore!) (runs away crying)
Adrien: No... Marinette! (runs after her, but his bodyguard won't let him in, to his bodyguard) Please let me through, it can't end like this! It can't end at all! I love her!"
cat_blanc_marinette_0008,Collège Françoise Dupont,"Bunnyx: Even if I did, I couldn't tell you. There's a time for everything and time is a fragile thing. That's the reason you picked me, Minibug. I know how to keep a secret. (enters Burrow)
Marinette: He wasn't home. His fencing competition probably ended later than expected
Alya: What did you do with the gift?
Marinette: Oh, I dropped it off at home before coming back here. I was gonna tell you that I've given it to him but the truth is I just couldn't do it! But I promise next time, it'll work. You know what they say, 563rd time's a charm! (Marinette’s friends hug her)"
cat_noir_as_seen_by_marinette_marinette_0001,Marinette's room.,"Marinette: Dear Diary: Oh wow, we avoided a disaster today! Cat Noir and I had just arrested a supervillain, but because I'd already used my Lucky Charm, there wasn't much time left! I almost transformed back right there under Cat Noir's nose! So I ran to a safe place as fast as I could, to change back to me, Marinette, without anyone seeing—and making sure Cat Noir hadn't followed me. I think he'd love to know who I am… he's so nosy! There's no way I'm letting that happen! No one can find out. Ugh, Cat Noir, we haven’t known each other very long, but it feels like we’ve been together forever!
Ladybug: (I thought cats always landed on their feet.)"
catalyst_heroes_day_part_1__marinette_0001,Early morning. Rooftops of Paris. Ladybug heads into Marinette's Bedroom and transforms back to Marinette.,"Marinette: (Yawns) Finally
Adrien: That villain was so tough. (Plagg yawns and falls onto the bed with Adrien)
Marinette: Good night, Tikki"
catalyst_heroes_day_part_1__marinette_0002,Tom &amp; Sabine Boulangerie Patisserie,"Marinette: No, Tikki. Because that was a secret and Ladybug's good deed. Heroes Day is when everyday citizens perform a good deed for other people's benefit. (Opens her purse) Come on, Tikki. (Tikki hides in Marinette's purse)
Marinette: Dad, Mom, it's Heroes' Day today!
Tom: Just like every year, sweetie. (Grabs the box of macarons) I've put one of every flavor in there for each of your classmates"
catalyst_heroes_day_part_1__marinette_0003,Collège Françoise Dupont. Lila is on video chat with Miss Bustier's class.,"Lila: It's absolutely amazing! Prince Ali invited me and my parents to his gorgeous palace
Marinette: Excuse me, Lila, but Prince Ali couldn't possibly have invited you because he is in the United States
Lila: (Laughs) I never said he was actually there, Marinette. I just said he invited us, that's all. His parents organized the visit-
Marinette: She's lying, and I'll expose her for the fake that she is"
catalyst_heroes_day_part_1__marinette_0004,Collège Françoise Dupont. Lila is on video chat with Miss Bustier's class.,"Lila: Today I'll be meeting up with Prince Ali to show him an idea I came up with. Marinette? Prince Ali is coming back to Achu today, isn't he?
Marinette: Yeah, that's right
Max: What idea is this, Lila?"
catalyst_heroes_day_part_1__marinette_0005,Miss Bustier's classroom.,"Miss Bustier: What about you, Marinette?
Marinette: Uh...so I, uh, yeah. I have...macarons
Chloé: Wow, like every year? You obviously went above and beyond, Dupain-Cheng"
catalyst_heroes_day_part_1__marinette_0006,Miss Bustier's classroom.,"Chloé: Hey, I am doing something. Now that I'm a superhero myself, I'll be signing autographs for anyone who wants one
Marinette: Wait! It's not just macarons for us. I'm actually organizing a school-wide macaron tasting
Miss Bustier's class: (gasps)
Marinette: Yeah. And they'll be more than just macarons, too. They'll be pastries and pies and fruits and cakes for anyone who wants them. I invite everybody to the biggest tasting at the park tonight"
catalyst_heroes_day_part_1__marinette_0007,Rooftop of Palais de Chaillot. The heroes plan their next move.,"Scarlet Moth: (Spins his cane then taps on multiple butterfiles creating many akumas with his cane) Fly away my little akumas. Find the Parisians as they despair over Cat Noir and Ladybug's final hour and EVILIZE each and every one of them. (Swarm of scarlet akumas exit the window lair.)
Marinette: I've got 32 minutes until the end of lunch break. At a rate of 10 macarons per minute that works out to... (opens oven and finds burned macarons) ...one big fail! Ah! Tikki, help me!
Tikki: Do you want me to go back and fetch some more sugar?
Marinette: Why don't you just transform me into Ladybug instead? With a bit of luck, my Lucky Charm will give us a giant electric whisk or an oven full of quiches
Tikki: (gives Marinette a disapproving look)
Marinette: I know. It wouldn't be very hero-like of me to use my powers just for my own purposes
Tikki: Just tell your friends the truth, Marinette
Marinette: But that'll spoil the whole party
Tikki: Today's Heroes Day, Marinette. Nothing can spoil the party
Marinette: (walking up the school steps) Well, anyone can get carried away from time to time"
catalyst_heroes_day_part_1__marinette_0008,Rooftop of Palais de Chaillot. The heroes plan their next move.,"Marinette: Oh no! We've got plenty! You're so cute. I mean, uh, it's so cute -- cool. It's cool that you can make it. (Adrien smiles and he and Marinette enter the building where they notice several students staring worringly at their phones. They approach Rose, Juleka, and Mylène)
Marinette: What's going on? (Rose shows her and Adrien a news broadcast with Nadja Chamack, Jagged Stone, and Clara Nightingale)
Nadja: Cat Noir defeated. Ladybug in the clutches of the terrible Hawk Moth. This is Paris' worst nightmare"
catalyst_heroes_day_part_1__marinette_0009,Rooftop of Palais de Chaillot. The heroes plan their next move.,"Marinette: (runs into the bathroom stall) Too many people have been akumatized. It'd be foolish to try to fight them all. We must go see Master Fu right away
Marinette: Tikki, spots on! (Marinette transforms into Ladybug) (Adrien is looking for a place to hide when suddenly Gorizilla spots and grabs him)
Scarlet Moth: Good, Gorizilla. Whatever happens, do not release Adrien. His safety is your number one priority. Now, come my dear akumatized friends. (akumatized villains all head in the same direction)"
chameleon_marinette_0001,Literature classroom.,"Marinette: Wait, wait, wait, wait, wait, wait, wait!
Marinette: (sees everyone in the class is sitting next to someone except for Adrien, who has an empty seat beside him, much to Marinette's excitement. She runs around the desks, towards Alya) How'd you pull this off, Alya? You're the best. I can't believe you got everyone to swap seats so I can sit next to Adrien. Then again, it might not be the best idea. It could keep me from paying attention in class, and if I fail it'd be a total disaster because then Adrien and I would never have our own house, the three kids, the hamster named–
Alya: (interrupts Marinette) Whoa girl, what are you talking about? You're not sitting next to Adrien. Your seat's over there
Marinette: At the back? Why? What's going on?"
chameleon_marinette_0002,Literature classroom.,"Alya: So to make it work Ivan sat next to Mylène, Nate sat next to Alix, besides she came up with the idea of moving Nino here, so now we get to spend more time together
Marinette: Who is this ""she""?
Miss Bustier: Good morning, students. I'm sure you've all heard by now, but Lila's home from her trip to Achu and she's back in school with us again"
chameleon_marinette_0003,Literature classroom.,"Lila: Oh, a seat in the front row! You all remembered my hearing issue! You're such sweethearts, all of you. (blows kisses)
Marinette: You have a hearing problem, Lila?
Lila: Yes, I suffer from tinnitus, a constant ringing in my left ear. I've had it ever since the sound of an airplane engine burst my eardrum on the runaway when I was saving Jagged Stone's lost kitten
Marinette: Isn't Jagged Stone's pet a crocodile?
Lila: Now it is, yes. But he had a kitten until he found out he was allergic to it. The best part is, since you're such an excellent student, Adrien, you'll be able to help me catch up with all the schoolwork I missed while I was traveling with my parents. Would you do that for me?"
chameleon_marinette_0004,"Collège Françoise Dupont, cafeteria. Marinette, Alya and Nino are grabbing food, Lila is sitting at a table full of food with the rest of the class around her.","Kim: (reaches for a plate between Marinette and Alya) Sorry
Marinette: Lila's totally lying. She made up that whole tinnitus story just so she could sit next to Adrien, and her sprained wrist's completely bogus, too
Alya: I don't get it, Marinette. You barely know Lila. Why all the hate?
Marinette: Fine, I'll tell you everything. (drags Alya and Nino to a separate table away from the others and sits down across from them) You remember Lila when she first came to school right after the summer break? She was only here for one day and then she left on that 'round-the-world trip. Everyone was captivated by her. Something just felt off to me. So I followed her"
chameleon_marinette_0005,"Collège Françoise Dupont, cafeteria. Marinette, Alya and Nino are grabbing food, Lila is sitting at a table full of food with the rest of the class around her.","Lila: (in flashback) Not only did Ladybug save my life, we've become very close friends
Marinette: She lies with every breath
Nino: Wait. You eavesdropped on Lila and Adrien? That's not cool"
chameleon_marinette_0006,"Collège Françoise Dupont, cafeteria. Marinette, Alya and Nino are grabbing food, Lila is sitting at a table full of food with the rest of the class around her.","Marinette: Well I–uh… I… I… Okay! You want proof she's lying? Hey Lila! You forgot your napkin!
Marinette: Ha, ha! See that? It's obvious she doesn't have a sprained wrist. (the class gasps and stares at Lila)
Lila: (drops napkin) Uh, ow! Once when I was in India, I witnessed someone getting their eye gouged out by the corner of a napkin. If I hadn't caught it, this napkin could've injured Max. I didn't have a choice. Ow!"
chameleon_marinette_0007,"Collège Françoise Dupont, bathroom. Marinette continues to growl, Lila enters.","Lila: Don't tell me it's because of this new seating arrangement in class! (Marinette turns away from Lila) It is! Of course, you're jealous because I'm sitting next to Adrien, because you would've given anything to sit there yourself. You know what? It's really not worth fighting over a boy. You and I could be friends, and who knows, I might even be able to help you with Adrien
Marinette: You and I will only be friends the day you stop lying, Lila! (Lila gasps) I can't prove it, but I know for a fact that you don't have tinnitus, that your wrist is just fine, that you don't know Prince Ali because you've never even stepped foot in Achu, and despite what you got Alya to write on her Ladyblog, Ladybug has never saved your life!
Lila: I only tell people what they want to hear
Marinette: It's called lying!
Lila: (Unconcerned) There's nothing you can do about it, anyway. People can't resist when they hear what they like to hear. If you don't want to be my friend, fine! But soon you won't have any friends left at all. And trust me, I'll make sure you never get close to Adrien in class or anywhere. You seem a little less dumb than the others, so I'll give you one last chance: You are either (with) me or (against) me. You don't have to answer right away. I'll give you 'till the end of class today
Marinette: I thought Chloé was evil, but Lila really takes the whole cake! She's like a supervillain who doesn't even need a costume!"
chameleon_marinette_0008,The bathroom. Marinette begins to cry.,"Tikki: (sees the akuma) Marinette, look out!
Marinette: Aah! An akuma!
Adrien: Hey, Lila"
chameleon_marinette_0009,"Collège Françoise Dupont, bathroom.","Lila: I can't stand those super goody-two-shoes. (sees the akuma) Yes, here's my chance!
Marinette: We can't let this akuma run loose
Lila: (grabs the akuma) Come here, akuma. (puts the akuma in her earring)) Hawk Moth, I am Lila. I know you want to destroy Ladybug and so do I"
chameleon_marinette_0010,"Collège Françoise Dupont, courtyard. Lila is sitting on a bench, the class is standing around her.","Lila: Oh no. Ladybug knows me so well that she brought me an earplug to stick in my right ear
Marinette: (standing at a distance) Right ear?! Did she say right ear?! This morning she said that the ringing was in her left ear! I've got her this time! (prepares to walk up to the group but is stopped by Adrien)
Adrien: Are you going to tell everyone?
Marinette: 'Course I am. Lila is—
Adrien: (interrupting) A liar. Yes, I know. But do you really think exposing her will make things better? If you humiliate her, she'll just be hurt more. Making a bad guy suffer has never turned them into a good guy"
chlo_as_seen_by_marinette_marinette_0001,,"Marinette: She told me that she had ripped her favorite teddy bear, and since I know about sewing, she would love it if I could help stitch it back
Marinette: Except Sabrina doesn't have a teddy bear, but I know someone who does: Chloé
Kim: Is that your teddy bear, Chloé? (Everyone Laughs)
Marinette: I don't know why I should help Chloé Bourgeois"
chlo_as_seen_by_marinette_marinette_0002,,"Marinette: Besides, it seems like Adrien is a good influence on Chloé. He even managed to make her do something nice once. Remember when she threw a party to make up for having been so mean?
Marinette: Of course. Chloé is still Chloé. She couldn't stay nice very long
Mylène: Woooh! All this dancing has made me thirsty! Do you know where the ice cubes are?"
christmaster_marinette_0001,Marinette's room. Marinette is playing with her felt dolls.,"Marinette: Come on, look at all the nice plushies, don't you want to play with them?
Chris: (angry) Dolls?! I hate dolls! I hate toys! They're for babies!!! (Chris kicks his backpack, scattering his toys on the ground.)
Marinette: Yes, but you're too young to play Grim Monster Clash 3
Chris: No I'm not, and I'm not scared of monsters anymore, you know. I'm—
Marinette: A big kid, yes, I know. (Marinette looks around her room. Chris has turned on the game on her computer. She turns it off.) Why don't we watch a cartoon instead? I have ""Pototty and Potato"" if you want?
Chris: That show's for babies. I'm a big boy. (He throws the game controller and Marinette catches it.)
Marinette: We could play with your snow globe? (Chris throws a ball at her face.)
Chris: Ew!
Marinette: Uh…
Chris: Hey, what's that? (Chris has opened Marinette's chest. There are white gifts with red ribbons on them inside.)
Marinette: (Marinette quickly sits on the trunk) That? Oh, uh, it's nothing
Chris: Hey, no fair! Come on! What are all those gifts?
Marinette: (thinking) Uh, look I can't tell you that these are the gifts I've made for Adrien's next 35 birthdays. Cause you'd tell your brother Nino and he'd tell Adrien and Adrien'd think that I'm totally crazy! Wait, maybe I am. (To Chris) Hmm. I can't tell you I'm one of Santa Claus's elves on a secret mission and that I'm looking after one of his boxes of gifts. You wouldn't be interested though; because gifts are for babies, right? And you're a big kid
Chris: That's a lie!
Marinette: What, that you're a big kid?
Chris: No, that you're one of Santa Claus's elves!
Marinette: I can't say anything more
Chris: Hey wait! That means you can give me my Christmas present early! Grobotech Ultimate Destructor! It's easy, it's gotta be the biggest one in the box. (He tries to open it)
Marinette: Now wait a minute, I thought toys were for babies
Chris: They are, most of the time. But Grobotech's different
Marinette: You don't say. Well, I'm sorry, but Christmas rules are very strict. You don't open gifts early. Santa gives them at Christmas, not at Easter or Halloween. Otherwise you'd might as well have a bunny or a witch delivering your presents
Chris: But, since you know him, you could ask him. Can't just you call him on the phone or send him an email?
Marinette: Oh no, you never disturb Santa Claus except at Christmas. The rest of the year he's… in the North Pole... d-of the, uh, supervising the production of toys. (Chris narrows his eyes) Besides, your present isn't here anyway. We elves don't watch over gifts for kids we know. One of the elves must have it. Santa's the only one who would know where to find it because he knows who's getting what. He has a list of good children. (Chris looks disappointed) There is one exception to the Christmas rule
Chris: Really? What is it, what is it?
Marinette: Santa is allowed to make one exception but only for the best-behaved kid in the whole world
Chris: Who's the best-behaved kid in the whole world?
Marinette: Hm, maybe Ladybug?
Chris: Well, seeing as she saved Paris a gazillion times, that makes sense
Marinette: Or a kid for example who cleans up all the mess he's made and plays quietly with toys that are for kids his age? (Chris starts to take his snow globe, but Marinette's door opens. Nino and Alya enter.)"
christmaster_marinette_0002,Marinette's room. Marinette is playing with her felt dolls.,"Nino: Did you guys have fun?
Marinette: Sure we did. How was the movie?
Nino: Awesome. Thanks for watching my bro, Marinette. What's wrong, little dude?"
christmaster_marinette_0003,Marinette's room. Marinette is playing with her felt dolls.,"Nino: See you at school tomorrow
Marinette: Yeah! Bye, Nino. See you soon Chris. (She closes her door)
Tikki: A Christmas elf on a secret mission, seriously, Marinette, don't you think you went too far this time?
Marinette: I know, Tikki, it was pure ridiculousness. But I couldn't tell him the truth about the gifts. Besides, I simply told Chris a nice little story, which hopefully will teach him some patience. (She picks up the felt dolls and walks to her desk. Tikki looks unsure.) Speaking of patience, I've got an idea of what I can give Adrien for his 50th birthday! Give me a hand?
Tikki: Um? Mm hm. (Montage of Marinette sewing with Tikki. Marinette falls asleep.)
Marinette: Wha- um, snow? Whoa, how long was I asleep? (Marinette climbs to her balcony. Fire-breathing catfish are swimming in the sky.) Ah!"
christmaster_marinette_0004,Marinette's room. Marinette is playing with her felt dolls.,"T-rex: Santa Claus? Have you seen Santa Claus?
Marinette: Okay, it's all just a dream. I'm going back to bed. (Tikki grabs her hair) Ow. Why did you do that, Tikki?
Tikki: See? You're not dreaming
Marinette: Well if I'm not, it means… (She looks at the Eiffel Tower. Catfish are swimming toward it, and it's decorated with ornaments and a star on top; which reveals that Hawk Moth has akumatized Chris to become Christmaster!) This does look like a nightmare though"
christmaster_marinette_0005,Marinette's room. Marinette is playing with her felt dolls.,"Marinette: Well if I'm not, it means… (She looks at the Eiffel Tower. Catfish are swimming toward it, and it's decorated with ornaments and a star on top; which reveals that Hawk Moth has akumatized Chris to become Christmaster!) This does look like a nightmare though
Marinette: Tikki, spots on! Ha! (Marinette transforms into Ladybug)
Soldier: Santa Claus, have you seen Santa Claus?"
christmaster_marinette_0006,Tom &amp; Sabine Boulangerie Patisserie. Marinette's room. Nino and Alya are leaving Chris with Marinette.,"Alya: Have fun!
Marinette: Sure will! It'll be awesome. We're really good buddies. (Alya closes the door) I know I shouldn't have told you that I was one of Santa's elves. But you were acting like—
Chris: A baby, I know. Mommy says lying is wrong. So from now on, we'll always tell each other the truth, okay? (He puts out his pinky)
Marinette: Okay. As long as you stop trying to act all grown up. (She links her pinky with his)
Chris: You're not an elf, but you still have another secret, right?
Marinette: (nervously) Uh, another secret, what-what do you mean, like a secret identity?
Chris: No, the secret in that chest! (Marinette looks at Tikki)"
climatiqueen_marinette_0001,Marinette's room. A notification pops up on Marinette's phone.,"Marinette: Yeah, yeah Tikki. I'll just move my favorite dummy for the fashion design workshop and Nonna's old travel sewing machine for the repairing/recycling workshop. And voilà!
Marinette: I just can't wait to use all of these!
Adrien: I can't wait for you to get here! I love you
Marinette: Aww! That's so sweet! (Gasp!) Oh wait! Now I have to come up with something equally sweet to text back! Poetic and funny and-"
climatiqueen_marinette_0002,The Agreste's kitchen,"Adrien: Marinette!
Marinette: Adrien! Are you okay?
Adrien: Yes, yes, uh, did you get my message this morning?
Marinette: Yes, of course I did, but I had a ton of things to do, but more importantly I wanted to come up with a text as sweet, poetic, and thoughtful as yours. And here's my reply. I love you, I love you, I love you, I love you, I love you, I love you!"
climatiqueen_marinette_0003,Agreste mansion exterior. Marinette and Adrien are riding Marinette's scooter.,"Marinette: Yes, of course I did, but I had a ton of things to do, but more importantly I wanted to come up with a text as sweet, poetic, and thoughtful as yours. And here's my reply. I love you, I love you, I love you, I love you, I love you, I love you!
Marinette: So, I'll be able to learn how to repair the sewing machine found in Grandpa Roland's attic. I told you about it the other day. It belonged to Gina. My grandmother loved to sew. Dad said must have inherited my passion from her
Adrien: Say, Marinette, how do you know when you have a passion?
Marinette: It's easy! A passion is something amazing and wonderful you can't stop thinking about. It's something you love unconditionally. Something that takes up a lot of space in your life. You know what I mean?
Adrien: Yes, I think it's pretty clear. I don't think I have a passion
Marinette: What about basketball? Piano? Your Chinese lessons? Fencing?
Adrien: Those are all activities my father picked for me. They're interesting, but I don't think about them all the time. Not like you and your creations. Do you think it's normal for me to not have a passion?
Marinette: Well, I don't know. There's no rule. I found mine right away, but some people find their passion later in life. And some people never find their passion at all. You'll find yours soon. I'm sure of it
Adrien: Could you help me?
Marinette: Of course. I have a degree in passionology"
climatiqueen_marinette_0004,The Collège Françoise Dupont courtyard. Marinette is stuffing all of her things in the elevator.,"Aurore: Yeah, yeah. I think I'm going to be just fine, thanks to you Aglaé
Marinette: It's simple! Since we love each other, we probably have passions in common, so how about you take the same workshops as I do?
Adrien: Why not? Let's give it a try!
Marinette: Did you see how amazing that plasma ball was! Electricity is so...so...electrifying! Your drawing was really awesome too for a first-timer, and your macarons were super yummy! See, we have the same passions; that's awesome!"
climatiqueen_marinette_0005,The courtyard. Marinette and Adrien exit the elevator.,"Marinette: Did you see how amazing that plasma ball was! Electricity is so...so...electrifying! Your drawing was really awesome too for a first-timer, and your macarons were super yummy! See, we have the same passions; that's awesome!
Marinette: You didn't like it
Adrien: I did, but
Marinette: You seemed to be enjoying it all
Adrien: I think I was enjoying it all because I was sharing these moments with you. If I had been on my own, I'm not sure I would've been
Marinette: I tried to get you involved in my own passions, but that was a mistake. You should choose your own activities and find your very own passion! What do you want to try doing?
Adrien: Well that's the thing, I just don't know
Marinette: I know! Since you don't like what I like, we should do things I don't like. That way, we'll see what you like!
Adrien: What about the repairing/recycling workshop? You wanted to go and restore your grandmother's old sewing machine
Marinette: Oh, that? No, no, that's okay, no worries"
climatiqueen_marinette_0006,The courtyard. Adrien and Marinette are exiting the elevator.,"Marinette: But not passion-worthy, right?
Marinette: Okay, we are not giving up. We'll keep looking! We still have a lot of workshops to attend. I know we'll find something you're passionate about!
Adrien: Are you sure? It's okay, you know. Like you said, I'll find something sooner or later...or never
Marinette: Yes, but no! You need to find a passion today!"
climatiqueen_marinette_0007,Cafeteria. Nino is laughing with a group of friends while Aglaé runs up to them.,"Climatiqueen: It's time for the sun to shine on me! You're all going to like my content to the heart of the storm!
Marinette: Aglaé, what's wrong?
Adrien: Get to safety, Marinette. I'll take care of Aglaé
Marinette: No, no. You go, I'll handle her
Adrien: Fine, let's do it together then
Marinette: (Gasps) I left my stuff on the grass! Nonna's machine, my sketches. I have to go get them!
Adrien: Can it wait?
Marinette: Well, uh, what if the supervillain destroys them with her lightning bolts?
Adrien: You're right. Stay here, Marinette. I'll go get them
Marinette: No! No, no, no, no. They're my things, so I should go. You stay here with Aglaé and barricade yourselves"
climatiqueen_marinette_0008,Hallway. Marinette walks into one of the rooms and closes the door.,"Marinette: No! No, no, no, no. They're my things, so I should go. You stay here with Aglaé and barricade yourselves
Marinette: Tikki, spots on!
Adrien: You know what you need, Aglaé? A tall glass of water. I'll be right back"
climatiqueen_marinette_0009,The Eiffel Tower. Aurore is looking at the engagement she is getting.,"Both: I love you. (They laugh and then kiss)
Marinette: Should we get back?
Adrien: I think I feel like walking, if you don't mind
Marinette: No, of course not. I don't mind at all"
climatiqueen_marinette_0010,The Eiffel Tower. Aurore is looking at the engagement she is getting.,"Marinette: No, of course not. I don't mind at all
Marinette: Normally, at this point, I'd get up and run after him, but I'm going to resist. I'm not gonna get up. I'm not gonna run. I'll just stay on the grass and do nothing
Tikki: Bravo, Marinette"
collusion_marinette_0001,"Interior, the Agreste mansion, in Nathalie's room. Nathalie is seen watching Emilie's old video log on the phone that is stored inside the vault.","Adrien: Morning, Marinette!
Marinette: Morning, Adrien!
Adrien: Watch out, Marinette!
Marinette: (after luckily catching the milk carton from falling) Oh! Thanks, Adrien! (chuckles)"
collusion_marinette_0002,In front of Collège Françoise Dupont. Adrien meets up with Marinette.,"Plagg: Forever? Well, in the meantime, you only have a few days left!
Marinette: Adrien!
Adrien: Marinette!
Marinette: (pulls out a paper bag) Choquettes?
Adrien: Thank you"
collusion_marinette_0003,In front of Collège Françoise Dupont. Adrien meets up with Marinette.,"Rose: You two, that's enough! Do it!
Marinette: Wha– What are you talking about, Rose?
Rose: The kiss! The wonderful act that will seal the eternal love between the cutest sweethearts ever! The sweethearts we've been waiting forever for! So — you two, kiss. Now. Or I will kiss you both!"
collusion_marinette_0004,Literature classroom,"Chloé: Adri-nothing and his baker girl, or ""how to go from magazine paper to toilet paper""!
Marinette: (unfazed) Be mean while you still can, Chloé. I'm gonna let you in on a secret. Remember your friend Lila who used to hurt everyone with her lies? See her anywhere in this classroom? No, because I put a stop to her nastiness and I'll do the same with you!
Chloé: Oh, I'd very much like to see that, Dupain-Cheng"
collusion_marinette_0005,Literature classroom,"Chloé: Bye-bye!
Marinette: Chloé, are you out of your mind? Miss Bustier is pregnant, she doesn't need this stress!
Mylène: We won't let you treat her like this!"
collusion_marinette_0006,Literature classroom,"Ivan: (stands in front of Chloé, prepared to punch her) What did you say to Mylène?!
Marinette: (stands in front of him with her hand raised) No, Ivan, that's exactly what she wants!
Cerise: (through the earpiece) Now"
collusion_marinette_0007,In front of Collège Françoise Dupont,"Caline: (grabs her wrist) It wouldn't do any good, Gisèle. (to her students) Besides, I'm sure we'll find a solution! I won't let you down!
Marinette: Neither will we, Miss Bustier! You can count on us
Chloé: (through the Alliance) Because it looks like they haven't (really) learned their lesson!"
collusion_marinette_0008,Below the deck of Liberty. The Resistance is gathered for a meeting.,"Mylène: First, Mr. Damoclès, and now Miss Bustier (and) Marinette all dismissed because of Chloé? We can't let that happen!
Marinette: There's only a few days left before the school year ends, Mylène
Alya: It's never too late for justice"
collusion_marinette_0009,Liberty. Adrien sits on one of the hammocks. Marinette approaches him.,"Adrien: I have to– uhh… I have to go! My father insisted I come home right away in case of a Megakuma alert. (runs off)
Marinette: (heads to the Liberty's quarterdeck) I hope Adrien isn't in trouble
Tikki: I'm sure he'd tell you if he were, Marinette
Marinette: You must be right. Tikki, spots on! (transforms into Ladybug)"
conformation_the_final_day_part_1__marinette_0001,Agreste mansion — Marinette's nightmare,"Marinette: Adrien! I'm going to save you!
Marinette: Mr. Agreste? (Trips.) WOAH! (Falls over and accidentally touches Gabriel with her sword, making him disintegrate.)
Adrien: Father, NO! (crying) Why did you do that, Marinette?
Marinette: (Wakes up in a panic.) Adrien! I have to free him from the dragon, I mean– from his father! Gah!"
conformation_the_final_day_part_1__marinette_0002,"Tom &amp; Sabine Boulangerie Patisserie, living room","Marinette: He won't, but maybe his assistant Nathalie will. Adrien told me that she was always kind to him. Let's go and talk to her
Marinette: (Runs downstairs and passes by her parents watching TV on the way.) I have an errand to do. See you later!
Tom: (Blocks the door.) A-Aren't you going to eat something before you leave?
Marinette: I'm not feeling very hungry, dad"
conformation_the_final_day_part_1__marinette_0003,"Tom &amp; Sabine Boulangerie Patisserie, living room","Marinette: Oh no, no, no, no, no, no, don't worry, I– (Experiences another flash of pain and grabs her head.)
Marinette: This has... (nothing) to do with Adrien. I'm fine! I promise. Besides, he's just in London, he's probably doing great, there's no reason to worry. I was just heading out to meet up with my friends. (Takes the bag of croissants from her dad.) And that mountain of croissants comes at a perfect time. Love you both! (Walks out.)
Tom: (Grabs his head in pain.) Ah, I've gotta tell you, I had the most horrible nightmare. Marinette was so sad that Adrien was gone that she stopped eating! And she became so teeny, teeny-tiny that a mouse gobbled her up!"
conformation_the_final_day_part_1__marinette_0004,Outside Tom &amp; Sabine Boulangerie Patisserie,"Alya: Marinette! I've gotta hide at your place! Monarch is about to find me and I'm terrified I'm gonna blab your– (Gasps and grabs her head.) Your secret identity! Oh no, it'll be even worse if I hide at your place. (Grabs her head again and falls down on the ground in pain.)
Marinette: Are you okay, Alya?
Alya: Yeah, it's just that... we can't be seen together! (Runs off.)
Marinette: Aly– AAH! (Winces in pain.) Tikki, I... I can't think... AH!"
conformation_the_final_day_part_1__marinette_0005,Outside Tom &amp; Sabine Boulangerie Patisserie,"Marinette: Aly– AAH! (Winces in pain.) Tikki, I... I can't think... AH!
Marinette: I just... need to talk to Nathalie... (Picks up the croissant bag.) Once I know Adrien is fine, we'll go see Alya. (Stuffs the bag into the basket on the back of her scooter.)
Anticat: I've destroyed everything... it's my fault"
conformation_the_final_day_part_1__marinette_0006,Agreste's kitchen,"Plagg: Sorry
Marinette: Where's Cat Noir?
Plagg: He fell victim to that wretched Alliance ring. What are you doing here?
Marinette: This is where Monarch lives"
confrontation_marinette_0001,"Interior, Collège Françoise Dupont, in the library. Marinette piles up every submitted application form and puts it on a table. Max and Kim are seen walking out the library.","Marinette: Awesome! (takes her folder) That is (so) you!
Marinette: (off-screen) A nurse?
Sabrina: (while holding a piece of sushi with her chopsticks) Well, yes! I love taking care of other people"
confrontation_marinette_0002,"Interior, Collège Françoise Dupont, in the library. Marinette piles up every submitted application form and puts it on a table. Max and Kim are seen walking out the library.","Marinette: Yes, and they'll be the ones presenting our friends' forms to the teachers during the teacher rep meeting. And they're just so
Marinette: What about you, Chloé? What do you want to do in life?
Chloé: Nothing! I don't need to do anything since I'm already rich! (scatters all the content of her folder on the floor)
Marinette: (reads Lila's application aloud) To the question ""What do you want to do in life?"", you answered, ""I want to resolve every political conflict on the planet in order to establish world peace and solve the environmental crisis. Also, free candy for everyone."" Are you serious?"
confrontation_marinette_0003,"Interior, Collège Françoise Dupont, outside the boiler room. Marinette takes the call.","Nathaniel: The design courses I want to take are available at the Performing Arts High School, so I won't be able to attend Jacques de Trémeuse
Marinette: H-Hello?
Mrs. Mendeleiev: See? Marinette just came out of the boiler room! And I saw the others go in earlier! Unacceptable!"
confrontation_marinette_0004,"Exterior, Collège Françoise Dupont, at the school's entrance. Marinette seems to be waiting for something, or someone. Her face immediately brightens up upon seeing Adrien stepping out of the car in front of the school. Adrien then walks up to Marinette.","Rose: Juleka's right. Except for Adrien, we've all already handed in our career forms
Marinette: Did you manage to figure out what you want to do?
Adrien: I think so. (smiles)"
confrontation_marinette_0005,"Interior, Collége Françoise Dupont, in Ms. Bustier's classroom. The Megakuma teleports in the room. Rose gives Juleka's Magical Charm and places it in her hand.","Reflektas: Together forever!
Marinette: Tikki, spots on! (transforms into Ladybug)
Adrien: Plagg, claws out! (transforms into Cat Noir)"
confrontation_marinette_0006,"Interior, Collége Françoise Dupont, in Ms. Bustier's classroom. The whole class is gathered around Juleka with Ms. Bustier.","Alya: What's on your sheet, Marinette?
Marinette: (looks at her sheet) I'm going to a high school where I can specialize in fashion just like I requested—
Chloé: A-ha! That totally proves that she's the villain!"
confrontation_marinette_0007,"Interior, Collége Françoise Dupont, in Ms. Bustier's classroom. The whole class is gathered around Juleka with Ms. Bustier.","Lila: Marinette is obviously mad at you for electing me to replace her as your class representative. But... you do realize that by creating those fake forms, you've destroyed their futures? You've risked losing all your friends?! Then, no one will ever trust you again. And then, everyone will call you... (a liar?)
Marinette: And how exactly would I have created those fake forms?
Lila: Well, by forging everyone's handwriting, for instance
Marinette: But I don't know how to do that, unlike Sabrina"
confrontation_marinette_0008,"Interior, Collége Françoise Dupont, courtyard. Chloé and Lila chase after Sabrina.","Marinette: A few days ago, Sabrina warned me about what you were planning
Marinette: Hello?
Sabrina: (inside Chloé's closet) I can't! Not anymore! What should I do, Marinette?!
Marinette: Exactly what they're asking you to. We're going to need proof and I have an idea to catch them!"
confrontation_marinette_0009,"Interior, Collége Françoise Dupont, courtyard. Chloé and Lila chase after Sabrina.","Marinette: It just took a little bit of... D.I.Y.!
Marinette: I'm sorry for the damage, but it's for everyone's good. I'll fix everything
Ms. Bustier: We owe you an apology, Marinette. And most of all, me"
confrontation_marinette_0010,"Interior, Collège Françoise Dupont, in the principal's office. The Megakuma flies out of a Voyage portal and flies towards Denis Damoclès. Marinette immediately notices the Megakuma and makes a run for it.","Monarch: Patience always pays off sooner or later! (sends off his Megakuma)
Marinette: (gasps) Again?! NO! (grabs a folder and fends off the Megakuma)
Denis Damoclès: I destroyed my students' futures... I'm unworthy of my title!"
confrontation_marinette_0011,"Interior, Collège Françoise Dupont, in the principal's office. The Megakuma flies out of a Voyage portal and flies towards Denis Damoclès. Marinette immediately notices the Megakuma and makes a run for it.","Denis Damoclès: Yes! I-I can do this, too! I can still make everything right!
Marinette: NO!
Monarch: NOOOOOOOOOOOOOOO!"
copycat_marinette_0001,Marinette's room.,"Marinette: Uhh, hello. Uh, Adrien's voicemail, uh, this is Marinette, who, uh, has a message for you, of course, cause it's, uh, your phone, so, umm... (chuckles) Callmeseeyoulater,bye! (throws the phone onto the chaise)
Marinette: (moans) What? What did you expect me to say? ""Hey, hot stuff, this is Marinette, I'd ask you on a date to a movie, but I've got such a crazy crush on you that the only way I can talk to you without foaming out the mouth is over this stupid phone."" Pretty ridiculous, right?
Automated voice: (from phone) If you wish to hear your message again, press 1. If you wish to erase your message, press 2
Marinette: (gasps)"
copycat_marinette_0002,Marinette's room.,"Alya: It's not as bad as you think
Marinette: Hmm?
Alya: Okay, it's bad. But you were gonna have to tell him one of these days, some way or another. Think of it this way: no more secrets!
Marinette: The voicemail recorded my whole conversation
Alya: Big deal!
Marinette: I called him ""hot stuff"". He cannot be allowed to hear that message, Alya! If he does, I'll die of shame!
Alya: Okay, okay. I got an idea. If Adrien's phone went to voicemail, it means the dude's busy. Which also means you can get to it before he does. Hmm, I wonder where he'd be
Marinette: Of course! He's got fencing club after school, that's why he didn't pick up! It ends in exactly twenty-two and a half minutes
Alya: You are seriously insane. You know that, right?"
copycat_marinette_0003,Dupain-Cheng House. Marinette and Alya are running down the stairs. They go outside and see Cat Noir.,"Alya: They're unveiling Ladybug and Cat Noir's sculptures today! I totally spaced!
Marinette: Me too
Alya: Uh, you never mentioned going to the unveiling before
Marinette: I'm not, I mean, I am! Uh, I mean, I forgot?
Alya: Listen. About Adrien's cellphone, what if we go right after?
Marinette: If we wait after the ceremony, Adrien's fencing training will be over, and he'll have his phone back by then
Alya: Shoot. I gotta cover this event for the Ladyblog... I'm sorry, Marinette!
Marinette: Don't sweat it. I can manage. I think!
Alya: You sure?
Marinette: Yes, yes. I'm sure
Alya: Cool. Good luck, and stay out of trouble. And don't improv!"
copycat_marinette_0004,Collège Françoise Dupont. Fencing class continues on.,"Théo: Please, just one minute more, Mayor Bourgeois, she's going to come, I can feel it
Marinette: I'm there! (sees all the lockers)
Tikki: Oh boy
Marinette: Which one's his?
Tikki: If you call him, you'll make his phone ring
Marinette: Nice, Tikki! (She calls Adrien, and puts her ear against each locker to figure out where the ringing is coming from.)"
copycat_marinette_0005,Marinette's room.,"Plagg: What are you looking at me for? I didn't eat it. I swear!
Marinette: How do you listen to messages on this— (The phone rings.) Home? (Marinette scrambles away from the phone) It's Adrien! He's looking for his phone! What if he tracks it? (Drawings appear onscreen, depicting what Marinette describes) He'll figure out I stole it, I'll be arrested for grand theft, I'll spend the rest of my life in jail, and worse, I'll never get to go to the movies with Adrien! (She collapses on the bed)
Tikki: Oh, Marinette. You really need to get your priorities in order
Marinette: I know. Some days it feels impossible to balance being Marinette (and) being Ladybug"
copycat_marinette_0006,"Marinette's room. Marinette is wearing goggles and baking mittens, and operating Adrien's phone with a Q-tip.","Marinette: 'Kay. (ends the call.) Cat Noir is a lot of things, but he's no thief. (takes goggles and mittens off) Time to transform!
Marinette: Tikki, spots on! (Marinette transforms into Ladybug)
Cat Noir: Whoa! Easy, tigers! You've got the wrong cat! That thief's an impostor. I'm the real Cat Noir!"
crocoduel_marinette_0001,"Collège Françoise Dupont Courtyard. Marinette hides behind a trash can while entering the school's main door. Juleka is all alone, leaning on a wall.","Marinette: (off-screen) Juleka! Hey!
Marinette: Psst! Psst! Psssst! Juleka!
Juleka: Talking garbage can? Awesome!
Marinette: (peeks her head over the trash can) No, Juleka, it's me! I'm really sorry. I told Alya I'd come to your birthday and I thought there'll be no problems with Luka but... I really hate to ask this; but do you think you could arrange for Luka to, like, not go?
Juleka: Uhh
Marinette: I know, it's his birthday, too, but it wouldn't exactly be a great birthday if the girl who broke his heart were there, right? I'd totally miss it if I could but Alya just won't drop it. You know, I feel terrible that I make Luka unhappy and that he got akumatized because of me. I don't think I could ever look him in the eyes again, and... and
Juleka: (sighs) I'll see what I can do
Marinette: Really! You'll talk to him? Oh, Juleka, you're the best!
Juleka: (sighs) Hey, I'd like to have a party here with the gang on Saturday after all"
crocoduel_marinette_0002,Under the deck of Liberty. Juleka enters their bedroom while Luka is playing his electric guitar.,"Alya: (on the phone) So, Juleka, everything good? Luka will be there, right?
Marinette: (on the phone) Hey, Juleka! Everything good? Luka won't be there, right?
Luka: (plays his guitar) I'm so happy that everyone will be there!"
crocoduel_marinette_0003,Under the deck of Liberty. Juleka wanders unhappy in the room.,"Marinette: (peeking behind the counter) Juleka!
Marinette: Why is he here? (Juleka shies away) You couldn't tell him, could you?
Shadow Moth: (from his lair) A young girl disappointed in herself and wrecked with guilt!
Marinette: Of course, you couldn't tell him. I asked you to do the impossible. I'm so sorry, Juleka. (embraces Juleka as she hugs her back)
Shadow Moth: (from his lair) Again? What's going on?"
crocoduel_marinette_0004,Under the deck of Liberty. Juleka and Marinette continue to talk.,"Shadow Moth: (from his lair) Ah, a young girl whose biggest fears have come true! (The akuma heads to the bottom of the deck and targets Juleka for the second time.) And what could be worse than not being loved by your own father
Marinette: Hang on, Juleka. I'm sure this is just a misunderstanding. You need to talk to your dad. That's how problems get solved. (stands up angrily from behind the counter to confront Jagged.) Jagged!
Jagged Stone: (shuffling his feet, shocked on Marinette's sudden appearance) Marinette!
Marinette: (notices Luka beside Jagged) Hi, Luka! Yes, I know we need to talk, and we will, but don't worry. But right now, I need to talk to your dad! Jagged, you can't just give an amazing electric guitar to your son and nothing... (struggles to pull Juleka from behind the counter) ...nothing... (grunts as she successfully pulls out Juleka beside her) ...and nothing to your daughter!
Jagged Stone: (sighs, sarcastic) Hey, thanks a lot for your incredible discretion, Marinette. Rock and roll. Actually, this was supposed to be a (surprise) gift for Juleka. Juleka plays bass for Kitty Section, right? So I thought it'd be cool if I gave her the very first bass I ever owned. (pulls out a bass guitar from the guitar case and hands it to Juleka) Happy birthday, Juleka"
crocoduel_marinette_0005,On the deck of Liberty. Anarka and Jagged Stone are arguing again.,"Jagged Stone: (off-screen) No, it's my fault
Marinette: (to Juleka) Juleka, you rock!
Jagged Stone: No, really, it was me!"
daddycop_marinette_0001,"Inside a compartment. Tikki looks around the things around her, confused. The kwami flies out of the box, and is now seen riding along Marinette's scooter.","Marinette: Oh no! This is a disaster!!
Marinette: But tomorrow will be too late, Mr. Mechanic! If you don't fix it now, it will be a disaster! If I don't get tonight's meal in the fridge in time, it will go bad and then I won't have anything for my evening with Adrien, which means I will have to cancel! (while her commotion on the phone continues, Sabrina attempts to help her.) AND I'll miss this once in a lifetime tonight only lucky conjunction! Our hundredth kiss won't happen and my future love life will be ruined forever!
Sabrina: Barkk, on the hunt! (transforms into Miss Hound)
Marinette: That's why you HAVE to get my scooter right no— (the other side of the line hangs up) Uh, hello?"
daddycop_marinette_0002,"Interior, Collège Françoise Dupont, in the cafeteria. Kagami, Mylène, Alya, Juleka, Rose, and Zoé are on the same table.","Rose: This is going to be the best movie night ever!
Marinette: (making her way through a line of students getting lunch) Sorry! Sorry! Sorry!! Excuse me! (pants)
Alya: Ah, here comes Hurricane Marinette
Marinette: Sorry! (pulls Adrien away from his table) I need to borrow him for a minute"
daddycop_marinette_0003,Back at the school courtyard...,"Zoé: (takes the bread) Thanks!
Marinette: What do you mean you're not coming?
Adrien: When you decide to do things with people, it's to spend your time with just them. I'm not sure your girls' movie night would feel special with them if I was there for a romantic evening at the same time. That's why I'm not coming. (gently puts his hand on Marinette's cheek) So you can focus on being with just them. We'll have our special evening together some other time, don't worry. (leans in to kiss Marinette)
Marinette: (leans away) No! No kiss. Not now
Adrien: Uh— Sorry?
Marinette: Sorry. I have to go t-to... to the bathroom!"
daddycop_marinette_0004,In the bathroom. Marinette quickly enters a cubicle and closes the door shut.,"Marinette: Sorry. I have to go t-to... to the bathroom!
Marinette: Oh no! This is an absolute disaster! If Adrien doesn't come over tonight, there will never be a hundredth-kiss conjunction, or a wedding, or a house, or hamsters named—
Tikki: Marinette!
Marinette: No! It took so long to get here. It cannot end like this! I HAVE to find a way to convince him to come over tonight despite the girls being there. (gasps) Of course! If they were okay with this, I'm sure I could change Adrien's mind. (she exits the cubicle. Tikki follows her from behind.)"
daddycop_marinette_0005,"In a classroom, during Electronics class. Zoé puts on her gloves and glances at the girls on the table. She walks towards them.","Marinette: (pushes Zoé back to the classroom with her) Uh, definitely! For sure!
Marinette: Say, girls, do you mind if we have an unexpected guest joining us tonight? I mean, I know it's a bit awkward. A different sort of person who doesn't quite fit the definition of our girlfriends' group, um—
Alya: Sure, no problem, Marinette
Marinette: Really? Oh! Thank you! Oh, this is such a relief"
daddycop_marinette_0006,In the school courtyard. Adrien and Marinette are seen walking out of the school premises.,"Sabrina: You're a great girl too
Marinette: Okay, you're right, it doesn't make sense to go back and forth between the patio and the room. I'll just stay with you and watch the movie on my phone. (chuckles)
Adrien: Marinette, this thirty-seventh idea isn't going to change my mind either
Marinette: But the girls agreed!
Adrien: No matter how you plan it, you won't really be with your girlfriends or with me. Let's just see each other tomorrow. It's no big deal. Enjoy your evening with your friends"
daddycop_marinette_0007,"Interior, the Dupain-Cheng's Residence, in Marinette's room. The girls seem to question about the ""romantic"" decorations for their girls' movie night.","Marinette: (frowning) Do you know how to make the Hoa Tinh star return to Jupiter another day?
Marinette: Then, no. Nothing can be done
Sabrina: Dad, can you please come get me?"
daddycop_marinette_0008,"Back on the streets. Sabrina is still sitting on the bench, as all the girls run towards her.","Sabrina: You only love me because you were (forced) to! (she runs away)
Marinette: (to Tikki) Oh no! This is a major disaster for real! (runs off-frame to transform) Tikki, spots on! (transforms into Ladybug)
All the girls: Sabrina, We love you!"
daddycop_marinette_0009,La Plage,"Roger: Are you sure everything's okay?
Marinette: Don't worry, Mr. Roger, sir, we'll take good care of her
Sabrina: Have a nice evening, daddy dear"
daddycop_marinette_0010,La Plage,"Marinette: Everyone makes mistakes. Besides, you were a victim of Chloe too. You were very brave separating yourself from her. And... I too want to apologize. I've been focusing so much on my relationship with Adrien that I forgot to give my attention to the ones who really needed it. I promise I'll be more attentive from now on. Welcome, Sabrina
Marinette: Wow! Your new look is awesome!
Sabrina: You-you think so?
Marinette: Oh! By the way, I forgot something. (kisses Adrien) One hundred. I wanted to save it for our special evening, but in the end, I realized that we don't need a conjunction or fireworks to love each other"
dark_cupid_marinette_0001,Collège Françoise Dupont. Miss Bustier is teaching Literature class.,"Miss Bustier: Very good, Adrien! Now, everyone, don't forget to finish (Sleeping Beauty) by Charles Perrault tonight, and happy Valentine's day, students!
Marinette: (to Alya) Hey, go ahead, I'll meet you outside
Alya: Mhm"
dark_cupid_marinette_0002,Collège Françoise Dupont. Miss Bustier is teaching Literature class.,"Sabrina: Maybe she's looking for some better clothes!
Marinette: Ughhh!
Tikki: Don't give them the time of day, they don't deserve it
Marinette: You're right, Tikki. (begins to read the letter) ""Your hair is dark as night, your pretty bluebell eyes, I wonder who you are beneath that strong disguise. Every day we see each other and I hope that you'll be mine, together our love could be so true, please, will you be my Valentine?""
Tikki: Whoa, now that's a love poem
Marinette: Who could he be talking about? Hair as dark as night, bluebell eyes?
Tikki: Uh... you?
Marinette: (laughs nervously) Me? No way. There are plenty of girls at school with dark hair and blue eyes
Tikki: Yeah, but bluebell eyes
Marinette: What do you think he means by ""strong disguise""?
Tikki: (sighs) This is poetry. He means who you are deep down inside. He wants to get to know you Marinette! He's talking about you!
Marinette: (laughs and jumps up and down excitedly) Pinch me!"
dark_cupid_marinette_0003,Collège Françoise Dupont. Miss Bustier is teaching Literature class.,"Marinette: (laughs and jumps up and down excitedly) Pinch me!
Marinette: Not literally!
Max: Operation Valentine's Day is commencing. According to my extensive research and cross-referencing of online shopping sites, this particular jewel, (reveals a heart box hiding behind his back) was ranked highest in popularity. (He hands the box to Kim.)"
dark_cupid_marinette_0004,Outside of Collège Françoise Dupont. Marinette laughs with Alya while holding the letter. The two are exiting the school Switch to Max standing on the sidewalk with Kim.,"Alya: (excited) Scoop! Kim's got a major crush! (takes picture with phone) Who's the lucky lady?
Marinette: (pushes Alya's arm down) It's gorgeous Kim. She's gonna be ecstatic! (Alya giggles)
Kim: (rubs back of head uncomfortably) Technically, she's still gotta accept it. (grabs Max) What if she says ""no""!?
Marinette: (Alya looks around worriedly) She won't Kim, no way! (pumps fist) Don't hold back, Kim. Go for it, no regrets!
Kim: Operation Valentine's Day is underway! (high-five's Max)"
dark_cupid_marinette_0005,Outside of Collège Françoise Dupont. Marinette laughs with Alya while holding the letter. The two are exiting the school Switch to Max standing on the sidewalk with Kim.,"Adrien: Let's go
Marinette: You're right. It's time I told him
Alya: Say what?!
Marinette: I'm gonna do it. I'm gonna tell Adrien my true feelings. Well... I'm gonna write them on a card, that is
Alya: (looks shocked then laughs) Yeah!
Marinette: Yeah! (they fist bump)"
dark_cupid_marinette_0006,Outside of Collège Françoise Dupont. Marinette laughs with Alya while holding the letter. The two are exiting the school Switch to Max standing on the sidewalk with Kim.,"Marinette: Yeah! (they fist bump)
Alya &amp; Marinette: Operation Valentine's Day! (they perform a handshake and run off. Cut to Aurore, Mireille and various other girls ogling over a poster of Adrien.)
Girls: He's so cute!"
dark_cupid_marinette_0007,Marinette's room. Marinette tries to write a love letter to Adrien.,"Chloé: Uh, she's not crying enough
Marinette: Dear Adrien, dear Adrien... Dear Adrien... (sighs) I'm no good at this love letter writing thing... I sound like a total dorkasaurus!
Tikki: Only when you say words like ""dorkasaurus""!"
dark_cupid_marinette_0008,Marinette's room. Marinette tries to write a love letter to Adrien.,"Marinette: It's perfect! Thank you, thank you, thank you!
Marinette: Voila!
Alya: Don't forget to sign it!"
dark_cupid_marinette_0009,"Tom &amp; Sabine Boulangerie Patisserie. Marinette and Alya enter, laughing, and Tom gives them candy apples.","Tom: Candy apples, girls?
Marinette: (takes the candy apples) Thanks, Papa
Alya: Come on, Marinette! Do it before you chicken out!"
dark_cupid_marinette_0010,The Place des Vosges.,"Marinette: Alya?
Marinette: Hey, seriously?!
Alya: You're not my BFF, (she reveals her face with the black lips) you're a joke! Adrien's gonna laugh his head off at your lame attempt at poetry! (runs away, cackling)
Marinette: Alya! (looks at Dark Cupid) What did he do to her? (looks at Dark Cupid's brooch) I've seen that jewel someplace before. It's Kim's pin! He's been akumatized! (pulls the candy apples off of her shirt) This is... not... good! We gotta find him, fast! (runs to a bench)"
dark_cupid_marinette_0011,The Place des Vosges.,"Marinette: Alya! (looks at Dark Cupid) What did he do to her? (looks at Dark Cupid's brooch) I've seen that jewel someplace before. It's Kim's pin! He's been akumatized! (pulls the candy apples off of her shirt) This is... not... good! We gotta find him, fast! (runs to a bench)
Marinette: Tikki, spots on! Ha! (Marinette transforms into Ladybug)
Chloé: Ugh! I never said 18-karat gold! Those gold tones will never match my 24-karat toilet! Idiots!"
dark_cupid_marinette_0012,"The Place des Vosges. The postman arrives, and opens the mailbox, full of letters.","Tikki: Hey, there's your chance to get your card back!
Marinette: That was before
Tikki: Before what? Tell me!
Marinette: I realized that even with all this hate everywhere, love still wins. But if I wanna win over Adrien, he needs to know the truth about how I feel
Tikki: Ah! This (is) a big day!"
darkblade_marinette_0001,Court. The students are talking about Marinette running for class rep.,"Juleka: Uh, you know... um, I don't-, you know
Marinette: Um... (Chuckles) Sure, Juleka
Alya: (sees Adrien) Adrien! Marinette can count on your vote, right?"
darkblade_marinette_0002,"The Dupain-Cheng residence. Marinette is in her room, thinking about her campaign.","Chloé: Ha! Whatever! The secret to winning in politics is ruining your opponent's reputation!
Marinette: Softer chairs, music in the library, whatever Juleka said... I'm writing down everyone's issues! Now I just have to get all this in my election speech
Tikki: I'm proud of you, I'm sure you're gonna win! You'll make an awesome class rep!
Marinette: They're all relying on me to defeat Chloé. Even Adrien, do you realize that?"
darkblade_marinette_0003,City Hall. Marinette arrives and sees the campaign launch party is starting.,"Chloé: And, when you vote for me, you'll get free tickets to Jagged's next concert!
Marinette: Huh! You got an autograph?
Alya: Uh... Yeah, got you one too. Sorry, couldn't help myself
Marinette: Nope, I'm not falling for it. But, I'll consider forgiving you if you vote for me"
darkblade_marinette_0004,City Hall. Jagged Stone is still signing autographs. Sabrina arrives to where Chloé is.,"Chloé: And I'm supposed to believe you? Ughhh... Why do I bother?
Marinette: Do you realize that you're all being bribed? Concert tickets are awesome, but they aren't gonna solve classroom problems
Nathaniel: So what's your campaign then, Marinette?
Marinette: Well, uh, I'm, uh, thinking cushions would be more realistic than buying new chairs. (to Rose) Your cushion could be very pink. And I'll see about listening to music in the library. Through headphones, of course"
darkblade_marinette_0005,City Hall. Jagged Stone is still signing autographs. Sabrina arrives to where Chloé is.,"Ivan: What are we gonna do?
Marinette: The doors, quickly!
Chloé: ""The doors, quickly!""
Marinette: Quick, Chloé!
Chloé: ""Quick, Chloé!"" Oh"
darkblade_marinette_0006,City Hall. Jagged Stone is still signing autographs. Sabrina arrives to where Chloé is.,"Chloé: Then you're out of luck. You'll have to ask someone else!
Marinette: Hmmm... (goes upstairs) Tikki, we need to talk
Tikki: What are you going to do?
Marinette: Cat Noir needs Ladybug, but the students need me, too!
Tikki: Trust your instincts
Marinette: Kim, Ivan, lock the doors! Make sure all the windows are closed too, quickly! (They go and lock the doors) Nino, Juleka, Rose, Mylène and Alya, you come with me!"
darkblade_marinette_0007,City Hall Office. Marinette is talking with Tikki.,"Chloé: Well, I was going to say the exact same thing. Sabrina, Ivan, Kim, go lock the doors!
Marinette: We have to barricade the entrance!
Nino: I hope they haven't gone too medieval on Cat Noir!
Marinette: It's time to retreat! Sir, we've gotta get out of here!"
darkblade_marinette_0008,City Hall Office. Marinette is talking with Tikki.,"Marinette: I'll catch up with you guys! I'll make sure all the windows are closed first! (opens her purse and Tikki appears) This should be safe now
Marinette: Tikki, spots on! Ha! (Marinette transforms into Ladybug)
Cat Noir: Back off, you tin cans!"
darkblade_marinette_0009,"City Hall. Ladybug enters through a window, and turns back into Marinette.","Chloé: I told you, I never took her diary! And I'm offended that you're accusing me
Marinette: Then how did you even know that my diary was in here?
Chloé: Oh, well, uh... Sabrina told me. It was all (her) idea!"
darkblade_marinette_0010,"City Hall. Ladybug enters through a window, and turns back into Marinette.","Alya: At least now we know nobody will be voting for Chloé. You're gonna be our new representative!
Marinette: Uh... Not so fast, Alya
Chloé: Ha ha ha! See? She's undependable! She's already throwing in the towel!
Marinette: No, I'm not! I just wanna be voted in fairly, not because you don't wanna vote for Chloé, but because you believe in me! I'm not gonna make promises that I can't keep, and I'm not gonna be able to get you everything that you want. But I am resourceful and I know how to prioritize. I'm a good listener and a great multi-tasker. Representing you all is something I truly believe in. And most importantly, I believe in myself. So... Vote for Marinette, for class representative!
Chloé: (sees Sabrina applauding) What are you doing? Are you out of your mind?! Ugh, what are you even good for?! (walks away)"
dearest_family_marinette_0001,Marinette's room. Tikki is found sleeping as the delicious aroma of the galette from downstairs wakes her.,"Tikki: (panics) Marinette! Marinette, what's that smell?
Marinette: (half-asleep, voice hoarse) It's a galette. Made for King's Day. Every year, same day, same time, whoever finds the charm in their slice gets to wear a golden paper crown. (yawns) Go back to sleep, Tikki. It's too early for a Sunday. (covers herself with her blanket)
Tikki: But I've never smelled anything so sweet and wonderful! May I please go and try a little bit?
Marinette: No, Tikki! No one can see you!"
dearest_family_marinette_0002,"Interior, Tom &amp; Sabine Boulangerie Patisserie. Tom brings out another fresh galette out the oven. Roland helps him cook two more, putting the raw galettes on the pan as Tom brings the tray back in the oven. Sabine organizes the galettes and puts them in boxes.","Marinette: (sits up on her loft bed) Oh, okay. I get it
Marinette: (sleepy) Good morning
Roland: Oh, it's my baby sweetiepie!"
dearest_family_marinette_0003,"Interior, Tom &amp; Sabine Boulangerie Patisserie. Tom brings out another fresh galette out the oven. Roland helps him cook two more, putting the raw galettes on the pan as Tom brings the tray back in the oven. Sabine organizes the galettes and puts them in boxes.","Marinette: (chuckles) Alright. I'll go try and get you a piece. I do want to try Dad and Grandpa's new galette! Hide, Tikki!
Marinette: Um... I was just thinking, maybe I could help you by handing out little samples of the galette to the customers standing in the line outside! It'll help them stay patient!
Roland: Great idea!"
dearest_family_marinette_0004,Marinette's room. Marinette comes back with the slices of galette for the other Kwamis.,"Marinette: Nino! Chris! Happy King's Galette Day! (The Lahiffe brothers grab a one piece each from the tray.) A quartet of queens for the King's Galette! (Alya, Nora, Ella and Etta grab pieces of galette from Marinette as well.) Enjoy, girls!
Marinette: Here you go! I brought you all some of that delicious ga— (gasps as she found a lethargic Tikki who finished all the slices of galette she shoved inside her purse) Uhh... I... must've... dropped the pieces! Sorry! (scratches the back of her head)
Sass: That's not what happened!"
dearest_family_marinette_0005,Marinette's room. Marinette comes back with the slices of galette for the other Kwamis.,"Sass: The pastry your father and his father created together is exceptional, unique. I'm afraid its impact on Tikki will—
Marinette: You're exaggerating, Sass. It's just a galette
Sass: I'm sorry to have to tell you this, but I think you don't know Tikki as well as you think you do
Marinette: What?! Of course, I know her! I can say that I know her better than anyone!"
dearest_family_marinette_0006,Marinette's room. Marinette comes back with the slices of galette for the other Kwamis.,"everybody!: )
Marinette: You're absolutely right, Tikki! So, everyone just stay here like good Kwamis and Tikki and I will be back soon with some galette for everyone, okay?
Ziggy: We're never gonna get to taste that sublime galette!"
dearest_family_marinette_0007,"Dupain-Cheng Residence, stairs. Marinette goes to the bakery downstairs with Tikki to grab some galette.","Tikki: Um, Marinette, what are you going to do about the galette? (points at the galette on the shelf)
Marinette: Don't worry, Tikki. I'll put aside a piece for you and the others. (runs towards the bakery exit)
Gina: Happy birthday, Marinetta! (leans on her motorcycle gift wrapped with a big red ribbon)"
dearest_family_marinette_0008,"Dupain-Cheng Residence, living room. Gina, Roland, Tom and Sabine sit together on the sofa.","Roland: Nonsense! Marinette will be an adult when she's twenty-one! Until then, she's a child. Allowing her to think otherwise is crazy enough—
Marinette: I don't think I—
Tom: You guys didn't come here to argue again?! I know my little girl better than anyone, and I think that huge bike is way too dangerous for her!
Marinette: Hey, I'm—"
dearest_family_marinette_0009,Marinette's room. Marinette quickly closes the trapdoor in panic.,"Sabine: That's not what I said!
Marinette: Tikki is not acting normal!
Sass: It's not as if we didn't try to warn you"
dearest_family_marinette_0010,Marinette's room. Marinette quickly closes the trapdoor in panic.,"Ziggy: She becomes out of control!
Marinette: There is still one way to take control of this situation. Tikki, spots on!
Ladybug: (sighs in relief) That was close! (her stomach grumbles) What's going on? (folds her arms around her stomach...) I'm... (...and looks at the Kwamis, now overtaken by Tikki's uncontrollable cravings) ("
dearest_family_marinette_0011,"Parisian rooftops. Ladybug escapes Dearest Family. She slips her feet and tumbles on the roof, hitting a wall, sending her lying on her back. Her stomach continues to grumble.","Ladybug: Spots off!
Marinette: Tikki! What's going on? So, Sass was right? I don't know you as well as... I thought?
Tikki: (looking down) Sorry, Marinette... (looks up to Marinette with a crazy expression) ("
dearest_family_marinette_0012,"Jardin des Tuileries. Empty boxes are scattered around the place. Marinette arrives to find Tikki as a man runs away screaming, seeing Tikki finishing off the galettes from cake to crumbs.","Adrien: Get your strength back, Plagg. We're not out of this yet!
Marinette: Tikki! (The Kwami continues to feed off the galettes from the boxes.) Tikki, you can't stay here! People aren't supposed to see you! Come with me!
Tikki: I'm sorry, Marinette. I just can't help myself! (puts her hands on her face)
Marinette: You've gotta try to keep it together, Tikki. My family's been re-akumatized! I need you!
Tikki: Oh, there's only one piece left. It means if I eat it, it'll be all gone! Oh! I know how to get more! (grunts as she uses her power, a powerful pink aura of energy surrounding her)
Marinette: Tikki, no! A Kwami that uses their power without their owner always causes a disaster!
Tikki: ("
dearest_family_marinette_0013,Jardin des Tuileries.,"Plagg: Tikki, Ladybug's Kwami
Marinette: Tikki! I'm begging you! Stop this! Control yourself!
Tikki: But Marinette, I'm just making the biggest galette in the world!!!"
dearest_family_marinette_0014,In the sewers.,"An even BIGGER ONE!!!: )
Marinette: So, Sass was right. But... why didn't you tell me anything?
Tikki: (cools down) I was afraid you'd think less of me... because of my cravings
Marinette: Oh! Of course not! I'll always like you, Tikki! Everyone has weaknesses, you know? (reaches out her hand) Let me help you overcome yours, just like you're always helping me overcome mine. (Tikki's stomach grumbles) You (can) resist! I have faith in you! Look at me! (Tikki flies to hold Marinette's hand and Marinette cups her in them) Bravo! (goes to hide behind a tree) Now, Tikki, spots on!"
dearest_family_marinette_0015,"Dupain-Cheng Residence, living room. Ladybug runs to the galette where the akumatized charm is. Cat Noir follows behind her, being chased by thr four villains, pushing the door close against them.","Sass: In front of Tikki?
Marinette: Go ahead! Tikki's controlling herself very well! (pats Tikki's head with her thumb)
Tikki: I'm really sorry, Marinette. I thought I'd never have one of those craving episodes again, but the galette your family created is really an exceptional event in the culinary history of humanity!
Marinette: (chuckles softly) I don't blame you, Tikki. But what are we gonna do next year on Galette Day?
Tikki: I've given this some thought! I'm sure that I can reduce my cravings if I just eat galette more often!"
dearest_family_marinette_0016,"Exterior, Tom &amp; Sabine Boulangerie Patisserie. The Dupain-Cheng family stand outside before Gina's motorcycle gift to Marinette.","Sabine: How you were feeling about it?
Marinette: Actually, you all know me pretty well! This bike will be awesome, in a few years. However, I'd be super excited to have an electric mini scooter!
Tom: Uh, a scooter's okay. But with a helmet, right?"
deflagration_the_kwamis_choice_part_2__marinette_0001,Parisian streets. Scarabella is seen swinging from building to building. She arrives in her room and lands in safely.,"Alya: Marinette!
Marinette: (gives the bag of chouquettes to Ella and Etta) Enjoy, you little tornadoes
Ella and Etta: Yay!
Marinette: Tikki couldn't have made a better choice to replace Ladybug"
deflagration_the_kwamis_choice_part_2__marinette_0002,"Interior, Collège Françoise Dupont, in the cafeteria. Zoé places a large amount of cheese on her tray, and sneakily gives one to Plagg who is inside her sling bag.","Plagg: (while hugging the piece of cheese inside Zoé's sling bag) Ahh, never before has pasteurization tasted so much like freedom!
Marinette: (as Adrien helps her with her seat) Thanks, Adrien
Adrien: Did you see today's lunch salad is heart of palm? (raises his fork with a piece of the heart of palm)
Marinette: (nervously) Yes, palms! They remind me of the beach... (plays with her salad)
Adrien: What about the hearts? Do they remind you of something?
Marinette: Of course, they do! They remind me of... the heart of the beach!"
deflagration_the_kwamis_choice_part_2__marinette_0003,"Interior, Collège Françoise Dupont, in the cafeteria. Zoé places a large amount of cheese on her tray, and sneakily gives one to Plagg who is inside her sling bag.","Adrien: Are you okay, Marinette? If you're not ready, you don't have to
Marinette: (while struggling to reach out for Adrien's hand) No! I can... do this!! (grunts aggressively)
Adrien: You know, we can just be friends if you prefer
Marinette: No! No, I don't want to be friends with you!
Adrien: (taken aback and gasps) I see
Marinette: No! I didn't mean it like that! Ugh, my hand... will obey me!!"
deflagration_the_kwamis_choice_part_2__marinette_0004,"Interior, Collège Françoise Dupont, in the courtyard. Plagg's cataclysm deflagrates the school as well. Tikki's lucky charm object tumbles towards Marinette.","Plagg: Cataclysm!
Marinette: A Lucky Charm? This looks like the trash cans we have in our restroom. (gasps as she realizes and hides the trash can behind her) Alya! (calls Alya on her phone)
Monarch: (stands up) You stay here!"
deflagration_the_kwamis_choice_part_2__marinette_0005,"Interior, the Dupain-Cheng's Residence, in Marinette's room. Marinette gathers a helmet, a tube of red and black paint, a red ribbon, a sports suit, a ball of blue yarn and the trash can she grabbed back in school's restroom.","Adrien: You're right, Comrade Ketchup!
Marinette: (flexing her arm) Time to work my magic!
Monarch: (to Tikki) What's happening? And where's Plagg?"
deflagration_the_kwamis_choice_part_2__marinette_0006,Arènes de Lutèce. The chaos continues to ensue before Monarch.,"Tikki: I entrusted it to the Universe. It is where it is supposed to be, but I don’t know where that is
Marinette (disguised as Ladybug): I'm here, Tikki. Everything's going to be okay
Monarch: Ladybug?? I thought I was done with you!
Marinette (disguised as Ladybug): I'm afraid your dreams haven't come true yet, Monarch
Monarch: You no longer have any powers. Your earrings and your Kwami are mine now!
Marinette (disguised as Ladybug): But you have a problem. By using their powers without a holder, the Kwamis have triggered a series of events that will destroy Paris and then the world if I don't call up my Miraculous Ladybug. And only the person with the Lucky Charm can do it. (brings out the Lucky Charm object) You need to give back my earrings and Tikki so I can fix everything!
Monarch: That will also fix Cat Noir’s ring, won't it?
Marinette (disguised as Ladybug): Yes
Monarch: In that case... Voyage! (steals the Lucky Charm from Marinette and knocks her off to the side) Nooroo, Tikki, unify! (He combines the Butterfly and the Ladybug Miraculous and becomes Monarch Bug)"
deflagration_the_kwamis_choice_part_2__marinette_0007,Arènes de Lutèce. The chaos continues to ensue before Monarch.,"Adrien: You're up, Ladybug! (gives the earrings)
Marinette (disguised as Ladybug): Thanks, comrade! (grabs it and runs to hide) Tikki, spots on!
Ladybug: Miraculous Ladybug!"
deflagration_the_kwamis_choice_part_2__marinette_0008,"Interior, the Dupain-Cheng's Residence, in Marinette's room. Marinette is seen sitting beside Alya with Plagg and Tikki.","Tikki: We're going to have to find new holders
Marinette: We don't know how Monarch did it, but we do know that he doesn't know who Ladybug and Cat Noir are; otherwise, we would've lost long ago
Tikki: But if you take your Miraculous back, then you'll no longer be able to have your love story... and you'll be sad again. (pouts)
Marinette: But we (will) win, Tikki. I know we will. (to Plagg) Go and give this ring back to Cat Noir"
derision_marinette_0001,"Interior, the Dupain-Cheng's Residence. In her room, Marinette is in her bed, sleeping. Her phone beside her vibrates shortly after. Seeing that Adrien is calling, Marinette immediately picks up.","Marinette: Adrien?
Adrien: (on the phone) Good morning, Marinette! I was just going to tell you how excited I am that we're meeting at the swimming pool later, and to wake you up just in case you were still sleeping
Marinette: (heartily laughs) Good call! I'm super excited, too"
derision_marinette_0002,"Exterior, at the swimming pool. Adrien is seen standing by the door, waiting for Marinette. And just in time, Marinette arrives on her scooter.","Marinette: (gives Sabine a kiss) Thanks, Mom
Marinette: Good morning!
Adrien: Good morning!"
derision_marinette_0003,"Exterior, at the swimming pool. Adrien is seen standing by the door, waiting for Marinette. And just in time, Marinette arrives on her scooter.","Kim: Right. You guys wouldn't know. (swims a lap and swims back to Adrien and Ondine) Let me explain, you'll see; it's hilarious! It was last year, when Marinette and I were in eighth grade
Marinette: What's wrong with me?! I'm destroying everything I've ever wanted!
Monarch: (from his lair) Panic, I am Monarch. I have sensed your distress. It's a terrible thing when emotions get so strong that you lose control of your physical being. If you want, I can give you the power
Marinette: (voiceover) This can't be happening... I've got to pull myself together! I have to figure out why I get like this every time I get close to Adrien! Otherwise, I'm gonna fall apart!"
derision_marinette_0004,"Exterior, at the swimming pool. Adrien is seen standing by the door, waiting for Marinette. And just in time, Marinette arrives on her scooter.","Chloé: Shush! If I'm not the one who's said it, it's (not) funny
Marinette: Chloé, this was another one of your dirty tricks!
Ms. Mendeleiev: Not only are you late and wasting everyone's time running around, now you're groundlessly accusing one of your classmates? Why don't you go and see what the Principal thinks of this?
Marinette: But I just came back from his office!
Ms. Mendeleiev: Well, go back!"
derision_marinette_0005,"Exterior, at the swimming pool. Adrien is seen standing by the door, waiting for Marinette. And just in time, Marinette arrives on her scooter.","Mylène: So did mine! And you don't see me having fun bullying Marinette. We've got to do something about your pants. I'm afraid they might be ruined for good
Marinette: Oh— They were my favorite pair
Kim: (off-screen) You can have my swimming trunks if you'd like!
Marinette: (blushes and titters) Thanks, but swimming trunks are for swimming pools. It'd be weird to be wearing them in the school yard"
derision_marinette_0006,"Exterior, at the swimming pool. Adrien is seen standing by the door, waiting for Marinette. And just in time, Marinette arrives on her scooter.","Rose: (whispers as the three of them walk away) We'll talk in the cafeteria
Marinette: The only place she never goes to, for now
Chloé: (to Kim) Parasite means you, too, goldfish brain!"
derision_marinette_0007,"Exterior, at the swimming pool. Adrien is seen standing by the door, waiting for Marinette. And just in time, Marinette arrives on her scooter.","Socqueline: Marinette, I promised your mom I'd keep an eye on you, but I can't be around all the time. And next year, I won't even be here anymore! You've gotta learn to stand up to Chloé!
Marinette: Well, even the teachers are afraid of her. And the semester's almost over... Hopefully, next year we won't be in the same class again
Socqueline: Don't tell me you're crushing on this dingbat?
Marinette: Why not? He's nice, funny... and kinda cute!
Socqueline: And are you going to do something about this, for a change?
Marinette: You're right, I've gotta do something. I know! I could ask him out to the swimming pool after school, what do you think?"
derision_marinette_0008,"Exterior, at the swimming pool. Adrien is seen standing by the door, waiting for Marinette. And just in time, Marinette arrives on her scooter.","Marinette: I don't know... I'll just see if we're having a good time, and if I feel like the moment's right at some point, I'll just tell him how I feel, that's it. This isn't Taekwondo, Socqueline! We're just going to the swimming pool. I don't need to have a plan or go over my every move
Marinette: I'll tell you how it went tomorrow!
Socqueline: Right
Marinette: You know, Kim, I think you're really funny... and nice... and sweet, too. And I... I think I'd like us to be more than friends"
derision_marinette_0009,"Exterior, at the swimming pool. Adrien is seen standing by the door, waiting for Marinette. And just in time, Marinette arrives on her scooter.","Kim: Come on! It was just a practical joke! (walks away)
Marinette: (sobs) I will never, (ever) fall in love again!
Socqueline: It wasn't your fault, Marinette
Marinette: Yes, it was! You were right! I should've known, been more prepared... I should've had a plan! I should've been careful! (wipes her tears as her face shifts to anger) I'll never tell another boy that I love him before I know (slams the door with her fist) (everything) about him! Whether he's kind or not, thoughtful, what he does outside of school and with who, I'll know everything, his birthday, all his first names, his schedule, his favorite things! And above all, I'll make sure that he is NOT friends with Chloé! (breaks down and hugs Socqueline)"
derision_marinette_0010,"Exterior, at the swimming pool. Adrien is seen standing by the door, waiting for Marinette. And just in time, Marinette arrives on her scooter.","Chloé: Good riddance
Marinette: (off-screen) Socqueline, wait! (catches up to Socqueline, who then stops walking upon hearing Marinette) I'm sorry. This is all my fault. It's not fair you're being punished because of me!
Socqueline: (places her hands on Marinette's shoulder) Every good fight is worth fighting. We shouldn't be influenced by our chances of winning, but by whether or not it's the right thing to do! (starts walking away) Remember, Marinette: you gotta know when to step in; that's the only way you can change things in life!
Marinette: (laughs triumphantly) I know why I'm so afraid!"
derision_marinette_0011,"Interior, in the swimming pool. Kim goes up the stairs as the Megakuma flies towards him, entering his goggles.","Kim: At least (you) get my sense of humor! (succumbs to the akumatization and transforms into Dark Humor)
Marinette: Adrien! I know what's wrong with me! (goes down the stairs) It's not my fault, and it's not your fault, either! It's all Chloé's fault!
Dark Humor: So, all you wet blankets, ready to learn to have fun?"
derision_marinette_0012,"Interior, in the swimming pool. Kim goes up the stairs as the Megakuma flies towards him, entering his goggles.","Dark Humor: So, all you wet blankets, ready to learn to have fun?
Marinette, Adrien and Ondine: Kim?!
Lifeguard: Hey, you! There's no flying in the pool!"
derision_marinette_0013,"Interior, in the swimming pool. Kim goes up the stairs as the Megakuma flies towards him, entering his goggles.","Adrien: Stay here. I'm going to get help! (closes the door)
Marinette: (gasps) At least when we're running away hand in hand, I don't shake like a leaf! Tikki, spots on! (transforms into Ladybug)
Adrien: Kim's gone WAY too far! Plagg, claws out! (transforms into Cat Noir)"
derision_marinette_0014,"Interior, at the swimming pool. Kim, Ondine, Marinette and Adrien are at the poolside.","Kim: You're right, Ondine. I'm just a fool who doesn't think about the consequences of what I say or do. But I'm going to change. (to Marinette, apologetically) I'm sorry I hurt you, Marinette. Can you please forgive me?
Marinette: (smiles kindly at Kim for his sincere apology) Apology accepted, Kim
Ondine: (hugs Kim) There! That's the boy I fell in love with! (kisses Kim's cheek)
Marinette: I finally figured it out why I keep making things so difficult — why I'm so afraid of telling you how I feel. I know you'd never mean to hurt me, but... somehow I'm still scared. And, I'm afraid I'll be scared for a long time to come"
despair_bear_marinette_0001,Literature classroom. Tom Dupain is teaching Marinette and her class how to make pastries.,"Alya: (whispers to Marinette) I love it when your dad comes to class and gives us pastry lessons!
Marinette: (chuckles) So does he!
Chloé: Urgh! Do they seriously think I'm going to get my hands dirty, cooking like some maid? If I want a croissant, I'd just make my butler get it for me"
despair_bear_marinette_0002,Literature classroom. Tom Dupain is teaching Marinette and her class how to make pastries.,"Tom: Now we need to chill it for half an hour. Marinette?
Marinette: (gasps as her dad calls her name) Yes, dad?
Tom: Could you put this in the school cafeteria fridge for me, please? In the meantime, I'm going to show your friends how to whip up egg whites!
Marinette: Of course!"
despair_bear_marinette_0003,Literature classroom. Tom Dupain is teaching Marinette and her class how to make pastries.,"Marinette: Not yet, Tikki. Control that sweet tooth of yours
Marinette: Hide, Tikki!
Miss Bustier: Quietly, students. Single file line, please. Just keep moving"
despair_bear_marinette_0004,Collège Françoise Dupont. Denis Damoclès is explaining the false situation to the students.,"Denis Damoclès: Hold on! I want the guilty party to apologize to you
Marinette: (whispers to Alya) I'm sure it was Chloé. I saw her on her phone right before the alarm went off!
Alya: You seeing her make a phone call isn't solid proof
Marinette: (sighs)"
despair_bear_marinette_0005,Collège Françoise Dupont. Denis Damoclès is explaining the false situation to the students.,"Alya: Do you see what just went down?
Marinette: I know. Adrien just talked in my ear!
Alya: (annoyed) Seriously, Marinette?"
despair_bear_marinette_0006,"Marinette's room. Alya takes pictures of Rose, Juleka and Mylène who are modeling Marinette's hat designs.","Chloé: (Chloé starts having flashbacks when Mr. Cuddly used to comfort her as a child, one of which is with her mother.) I remember, Jean-Luc. Adrien's going to see just how nice I can be
Marinette: And these are jewels I designed that you can customize yourselves
Rose: Oooh. They are so cute"
despair_bear_marinette_0007,"Marinette's room. Alya takes pictures of Rose, Juleka and Mylène who are modeling Marinette's hat designs.","Rose: That's so nice of Chloé!
Marinette: Chloé and nice in the same sentence? Can't be her
Mylène: Maybe somebody hacked her phone then
Marinette: (pulls out her phone) I haven't received a text"
despair_bear_marinette_0008,Le Grand Paris. Chloé is hosting a party.,"Jean: Well, that's what Mr. Cuddly would do. (Chloé exhales.) This way, you will prove to your good friend, Adrien that you really are nice
Marinette: This whole party thing is way weird
Adrien: Well, I've known Chloé for a long time. She can be really cool, sometimes!"
despair_bear_marinette_0009,Le Grand Paris. Chloé is hosting a party.,"Alya: (chuckles) I should have got you guys on video!
Marinette: (mumbles) Don't rub it in
Chloé: I did it. Adrien seems happy. Are we done now?"
despair_bear_marinette_0010,Le Grand Paris.,"Hawk Moth: (shocked and confused) What are you doing, Miss Bourgeois? Where's that natural cruelty I'm counting on?
Marinette: This BFF act she's doing is just one big charade. She's just doing it to please Adrien
Alya: Ahem. How funny. That reminds me of a girl who didn't want to go to a party until she heard she heard Adrien would be there
Marinette: Please don't compare me to Chloé. (Alya giggles)"
despair_bear_marinette_0011,Le Grand Paris.,"Alya: Go over and ask him, girl!
Marinette: Uh, what?! Adrien?! No, you're crazy!
Adrien: Hey, Marinette. Wanna dance?
Marinette: (stutters) I, uh"
despair_bear_marinette_0012,"Le Grand Paris. Everyone is dancing. Despair Bear leaves the kitchen and starts searching for a victim to taunt Chloé. He then finds Sabrina and attaches himself on to her leg, making Sabrina mind controlled by him.","Despair Bear: Oh, what a gentleman. Despair Bear praises a knight in shining armor. (attaches himself on to Kim's leg, making him mind-controlled and Adrien and Marinette see this)
Marinette: Uh, I think I had too much orange juice. I gotta go. See ya
Adrien: No problem. I have something to do, anyway. See ya"
desperada_marinette_0001,Couffaine Houseboat.,"Marinette: You're so talented, Luka. How long have you been playing for?
Luka: Since I was in diapers. (strums guitar)
Marinette: (giggles)"
desperada_marinette_0002,Couffaine houseboat. The three girls watch Marinette and Luka together.,"Alya: Kagami might be on to something, you know
Marinette: Luka? You know he's just a friend. (Marinette runs off; Alya sighs and follows her.)
Jagged Stone: You know perfectly well you were my first choice. You're the only one, Nanarky"
desperada_marinette_0003,Seine.,"Marinette: Me? -- Guitar? I-I can play a few notes on the flute, but I don't think
Marinette: No wait, Jagged. I know the perfect musician
Jagged Stone: Really? You rock, Marinette!
Marinette: I'm sure you know Adrien Agreste. He's the cutest -- uh -- the greatest model -- I mean, musician in the world!"
desperada_marinette_0004,Seine.,"Jagged Stone: Uh, okay, you sure? How 'bout that young dude with the awesome T-shirt? Don't you think he's better equipped for the job?
Marinette: Of course! You're right, Jagged! (they sigh) Luka can let Adrien borrow his guitar, can't you, Luka?
Luka: If you like, Marinette... (they groan) put it to good use, Adrien"
desperada_marinette_0005,Couffaine houseboat.,"Desperada: In that case, you'll be (my) first choice (too!) (fires at Anarka and she disappears) I never miss a musical note. Vivica ALWAYS hits her targets! (fires at Kagami and she disappears as well)
Marinette: I never should've given that guitar to Adrien. Why did I do that, Tikki?
Tikki: You have a troubled heart, Marinette
Marinette: (groans) What is happening to me?! Tikki, spots on!"
desperada_marinette_0006,"Fu's massage shop. Master Fu opens the gramophone to reveal the Miracle Box, and places the box between him and Marinette.","Master Fu: Marinette Dupain-Cheng. You must pick an ally you can trust to fight alongside you on this mission. Once the mission is over, you will take the Miraculous back and return it to me
Marinette: Desperada's relentless. There's no room for error with her -- there'll be no second chance. Or maybe this one
Master Fu: The snake's power is a very strong one, Marinette. Whoever uses it must be wise enough, not to be tempted to manipulate time for their own personal gain
Marinette: I understand, Master Fu, I know (just) the perfect person. I can't believe I didn't think of him before -- a perfect match"
el_toro_de_piedra_marinette_0001,"Agreste mansion. Upper floor, Adrien's room. Marinette runs into the room Adrien is looking through a few boxes.","Adrien: I forget it did that
Marinette: That was your father's voice?
Adrien: Yes. When I was a kid he could always make me laugh and then he started travelling... Thank you Marinette it's nice reminiscing about Papa corn"
el_toro_de_piedra_marinette_0002,"Agreste mansion. Upper floor, Adrien's room. Marinette runs into the room Adrien is looking through a few boxes.","Marinette: Look! He wrote a letter to santa. That's so sweet!
Marinette: Huh? What's this doing in that old album? Adrien's dad only created alliance rings recently, right before
Tikki: The Alliance rings didn't exist back when Adrien was six
Marinette: That's right Tikki and if the box was closed there's no way...(She gasps) Unless Gabriel Agreste put it here on purpose"
el_toro_de_piedra_marinette_0003,Agreste mansion. Nathalie's room. Nathalie is sitting at her desk on her laptop in a meeting of some kind.,"The Scepter: Good. Otherwise there won't be another chance
Marinette: I have to talk to you!
Nathalie: Not now. (Marinette pulls the letter from her jacket. Nathalie looks surprised) Not here"
el_toro_de_piedra_marinette_0004,Agreste mansion. Gabriel's atelier. Nathalie hold the letter in her hand.,"Nathalie: There's only one thing we can do. (Nathalie starts to rip the letter)
Marinette: Wait! (Marinette takes the letter) Should we be doing this?
Nathalie: Protecting Adrien?
Marinette: No! I mean do we get to make this decision for him? Is erasing part of his past really protecting him?"
el_toro_de_piedra_marinette_0005,"Exterior, Collège Françoise Dupont, school courtyard. Marinette stands at the stage addressing a crowd of people.","Nino: (gets on stage ) And also that learning is cool
Marinette: We've searched for awhile for the right words to honor you, Miss Bustier, and we all agreed there are only two
Everyone on stage: Thank you!"
el_toro_de_piedra_marinette_0006,"Agreste mansion. Upper floor, Adrien's room. Adrien props up his Froggy toy on his bedside table, Marinette walks in letter in hand.","Mylène: I'm so glad you're finally talking
Marinette: You ok?
Adrien: Yeah, I'm fine. It's just...things were so hard with dad in recent years. How did he go from Papa Corn to father....I wish could face him like Ivan said and understand, but when he was still here I didn't to try and tell him anything and now it's too late. Still I'm glad I got to remember Papa corn today thanks to you"
ephemeral_marinette_0001,In the alleys. Ladybug and Cat Noir land safely.,"Marinette: (flustered) Please, say something!
Marinette: (flustered) I guess, now that you know it's me, you don't like me anymore
Adrien: No! (holds Marinette's hands) It's that, I just found out that one of my closest friends is the person I love and admire most in the world"
ephemeral_marinette_0002,In the movie theater. Marinette waits for Adrien.,"Shadow Moth: (interrupting him) Enough, Kwami! I am your master now! (Adrien transforms into Ephemeral)
Marinette: Adrien?
Shadow Noir: Hello, Ladybug
Marinette: Tikki, spots on! (transforms into Ladybug)"
ephemeral_marinette_0003,In the movie theater. Shadow Noir grabs Marinette.,"Shadow Noir: Those earrings are MINE!!!
Marinette: WAH!! NO!!! NO!!!! ADRIEN! HEEEEEEEEEELLPPP!!!!!!!
Shadow Noir: Ah! (throws Marinette away) YES!!! My greatest wish will finally come TRUE!!!"
family_marinette_0001,Marinette's room,"Marinette: Mom? Hmm, the first thing that comes to my mind when describing Mom is how calm and gentle she is. Whatever happens she never panics, unlike me
Marinette: But watch out! You don't want to get on her wrong side because Mom knows how to fight back!
Sabine: (grabs a peel and skillfully twirls it around in a martial-arts defensive maneuver with yelps, finishing by aiming it at Bob) (I demand an apology!)
Marinette: She always finds a solution to every problem
Sabine: (Okay I'll help you, we can manage.)
Marinette: Come to think of it, I resemble her the most when I'm Ladybug. ((giggles)) Which makes sense, actually, since Mom is my everyday-life super hero"
family_marinette_0002,Marinette's room,"Marinette: Come to think of it, I resemble her the most when I'm Ladybug. ((giggles)) Which makes sense, actually, since Mom is my everyday-life super hero
Marinette: What about Dad? You'd never guess it but he's a true romantic
Tom: (Candy apples, girls?)
Marinette: (Thanks papa!)"
family_marinette_0003,Marinette's room,"Marinette: I probably take after him on that
Marinette: He tends to get carried away sometimes like, big time!
Tom: ( Welcome to our home!)"
family_marinette_0004,Marinette's room,"Marinette: Wait I almost forgot the rest of the family
Marinette: Uncle Cheng for example. The great chef. True, communication can be challenging, since we don't speak the same language
Wang Cheng: (Nǐ hǎo)
Marinette: (Uh welcome Mari you're at nets. Uh um welcome to Marinette's you're Chinese. No no no...)"
family_marinette_0005,Marinette's room,"Marinette: Well I think that's it. Looks like I'm a mixure of everyone in the end but who knows maybe there's someone else who's exactly like me
Marinette: After all, I haven't met everyone in my family yet. I'll ask Mom and Dad. I'll let you know. Goodbye for now dear diary
THE END: )"
feast_marinette_0001,Nadja Chamack is reporting on TVi from the museum.,"Alya: And here, a lady, or a Butterfly superhero. Now this, Hercules, or Lion Miraculous holder
Marinette: Okay, so now there's a Lion Miraculous?
Alix: Why not a Bunny Miraculous while you're at it?"
feast_marinette_0002,Nadja Chamack is reporting on TVi from the museum.,"Alya: I'm sure my video will help Ladybug unmask Hawk Moth!
Marinette: Wait! You're gonna publish your theories on the Ladyblog?
Alya: Actually, I already uploaded a video"
feast_marinette_0003,Fu's massage shop. Marinette shows Master Fu the Ladyblog video,"Master Fu: Impossible! That's impossible! We're doomed!
Marinette: Because of a statue? But just a second ago, you were saying—
Master Fu: That's not a statue, Marinette. It's a Sentimonster! A magical creature conjured from an emotion shaped by the power of the Peacock!
Marinette: But, Master. Cat Noir and I have already defeated Sentimonsters created by Mayura
Master Fu: Yes, but... None of them came close to the power of this one. It was born from a negative emotion of a young man who had no idea what he was creating. Remember when I told you I made a terrible mistake? For you to understand, I must tell you the entire story. (as Master Fu explains, a montage of what happened is shown) I was younger than you when I was chosen to be a Guardian. My parents told me that it was a great honor. That I couldn't turn it down. So they took me to the temple. I wasn't very happy there. I would have preferred to live with my parents and be with other children my age. I didn't want to be a guardian of anything. One of the test to become a Guardian required me to watch over a Miracle Box. For a full twenty-four hours without any food. All I had for support was my apprentice's staff. Soon I was hungry. With each passing hour I became hungrier. And it was all because of the Miraculous. Because I had to watch over them. I couldn't take it any longer. So I took the Peacock Miraculous and used its power. All I wanted was a nice little companion I could sent to the kitchen to fetch me some rice balls. But the Miraculous must never be used for the wrong reasons. The anger I was feeling mingled with my intense hunger. And I created a Sentimonster that was very different from the one I had envisioned. A ravenous Sentimonster out to devour everything, but specifically the Miraculous, since they were the bane of my life at that very moment. In my panic, I lost my staff. The very object that would have enabled me to control it. I was just a young boy. I was so afraid I didn't even think of destroying it by simply using the Peacock Miraculous. I tried to erase all traces of the foolish thing that I had done. A monk told me to run away with the grimoire he managed to save and the Miraculous Box. The very last Miraculous Box. That's when I realized my Sentimonster had devoured all the other Miraculous Boxes that were kept in the temple. And when the monks tried to stop it... the temple, the Order of the Guardians, everything, it was destroyed. I tried to run away from the Sentimonster. But by doing so, I lost the grimoire and both the Butterfly and the Peacock Miraculous. I thought the Sentimonster had disappeared forever. (montage ends) As soon as Hawk Moth finds out about it, he'll be able to use the power of the Peacock to bring it back to life
Marinette: Master, if that happens, Cat Noir and I will be there
Master Fu: But you won't stand a chance! He's totally immune to the powers of the Miraculous! And please stop calling me Master. I have never been a Guardian to begin with. I will not make another mistake! You and Cat Noir will give me your Miraculous back and I'll leave Paris with the Miracle Box, since that's what the monster is after. It will come after me, sparing the city and its inhabitants
Marinette: But what if it catches up with you this time?
Master Fu: That will be my fate. It's all my fault, after all
Marinette: I won't let you leave on your own! When you chose me to become Ladybug, you placed your trust in me. I'm asking you to do the same today
Master Fu: Thank you, Marinette. Thank you for everything"
feast_marinette_0004,Outside the Tom &amp; Sabine Boulangerie Patisserie.,"Marinette: Wayzz? (read the letter) ""Marinette, you're a most incredible Ladybug, but I cannot let you and Cat Noir risk your lives to fix a mistake that I made. I hope you can forgive me. Be happy and forget all about me. Signed, Fu."" (the letter disappears) No way! Tikki! No! Master! Wait!
Marinette: No! Master! Wait!
Wayzz: Master, is this the best solution?"
feast_marinette_0005,Parisian streets.,"Cat Noir (Adrien): Just call me Bananoir
Ladybug (Marinette): It doesn't matter who (we) are. That man is being chased by a monster and we have to help him!
Bus Driver: Okay, you can count on me!
Ladybug (Marinette): Thank you, Super Driver. Now!"
feast_marinette_0006,Parisian streets.,"Cat Noir (Adrien): Hey, have a taste of this! Some exploding banana split from Bananoir!
Ladybug (Marinette): Much tastier than any Miraculous!
Wayzz: Just look, Master. There's no use in running! Your disciples never give up the fight, no matter what! With or without their Miraculous, they (are) Ladybug and Cat Noir!"
friends_marinette_0001,Marinette's room,"Marinette: Dear diary, the girls helped me set up a romantic date with Adrien yesterday. Well, tried to help me
Marinette: It didn't really go as planned
Gigantitan: Lollipop!
Marinette: But still, the girls were here for me… as always. The really are the best. They inspire me every day. Each one in their own way. I wish I had some of their qualities. You already know Alya of course aka my BFF"
friends_marinette_0002,Marinette's room,"Marinette: But there's still some work to be done on that front
Marinette: This is where I wish I were as brave as Alix. Alix never backs down from a challenge. She doesn't let anyone intimidate her and always knows what to say
Alix: (talking to Kim) Your ridiculous bets are over. I'm gonna leave you in the dust, meathead!
Marinette: Me on the other hand…"
friends_marinette_0003,Marinette's room,"Marinette: They're just so cute together
Marinette: I guess I could be more romantic too like Rose
Rose: It’s so romantic!
Marinette: Whenever I try to do something romantic, it never goes as planned. (Marinette bumps into Adrien.)"
friends_marinette_0004,Marinette's room,"Marinette: She never gives up and she gives me the courage to keep trying
Marinette: Even Juleka the shiest person in the whole world. Even she manages to surpass herself to our awesome group of girlfriends. The girls are like everyday superheroes always saving me
Alya: Woohoo! Super-size!
Marinette: Sometimes without even knowing it. (Gigantitan turns around to see Alya riding the rickshaw. Mylène, Juleka, and Rose are sitting on the passenger seat holding onto the fake No-Parking sign.)"
friends_marinette_0005,Marinette's room,"Ladybug: Thanks, girls!
Marinette: And next time Ladybug has Miraculous to assign I'm sure she’ll think of them
Marinette's Friends: (All the girls put their hands together) Here we come! (The girls raise their hands up and cheer.)
Marinette: I'll let you know my dear diary. Goodbye for now"
frightningale_marinette_0001,"Marinette's room On Marinette's computer, music is playing called ""Big Bang"" by Clara Nightingale. Marinette is dancing to the music in the middle of her room","Clara: Never, you see
Marinette: See that, Tikki? She's a true artist!
Alec: You've come to Paris to film the video for your next song, which is gonna be titled ""Miraculous"""
frightningale_marinette_0002,Grand Palais. Auditionees for Clara Nightingale's video have gathered out front.,"Alya: (excitedly) We're gonna be in Clara Nightingale's music video! This is humongous!
Marinette: (shrieks with delight) I can't believe this is happening!
Clara: And now, meet our rising star"
frightningale_marinette_0003,Grand Palais. Auditionees for Clara Nightingale's video have gathered out front.,"Rose: Go Marinette! You deserve it!
Marinette: (to Clara) That's so nice of you, and...I'm one of your hugest fans, but...I came here to be an extra with my friends, and I really wanna stay with them
Clara: That's a pity, a shame; but I understand it's true
Marinette: Oh! Thank you! Thank you!"
frightningale_marinette_0004,Grand Palais. Auditionees for Clara Nightingale's video have gathered out front.,"Alya: Uh, heads up; brat alert in the immediate vicinity
Marinette: Don't worry. Knowing Nightingale, Chloé doesn't stand a (chance) of being chosen
Alya: Wow! What's happening to (you) today? (bowing to Marinette) I have to bow before so much wisdom!
Marinette: That's right. From now on, the name's (Master) Marinette Dupain-Cheng!"
frightningale_marinette_0005,Grand Palais. Auditionees for Clara Nightingale's video have gathered out front.,"Alya: (to Marinette) Is there a problem, Master Dupain-Cheng?
Marinette: (angrily) Chloé playing Ladybug? No way! Not gonna happen!
Alya: Oh? (That) bothers you more than not being with Adrien in the video?
Marinette: Uh, if I (were) Ladybug, I wouldn't want a brat like Chloé playing (me.)"
frightningale_marinette_0006,Grand Palais. Auditionees for Clara Nightingale's video have gathered out front.,"Adrien: (nervously) Adri-cat, yeah. (chuckles likewise)
Marinette: (standing up) Hey wait!... I've changed my mind! I (do) wanna be Ladybug!
Clara: Awesome! This will be the best video yet!"
frightningale_marinette_0007,Grand Palais. Auditionees for Clara Nightingale's video have gathered out front.,"Tikki: (to Marinette) Ooh! Great choice of fabric! And these seams! Amazing craftsmanship! Almost like the real thing, don't you think?
Marinette: Uhh, yeah, it's (too) well done! Oh wow, Tikki; I really messed up this time! If they see me with this mask on, they're all gonna recognize me for sure! There's no way I can wear it!
Stagehand: (through the door, which he knocks on) You ready, Marinette?
Marinette: (anxiously) Yes, I'm coming! (places the mask within a pile of folded fabric on a shelf, and runs out to the stage)"
frightningale_marinette_0008,Grand Palais. Auditionees for Clara Nightingale's video have gathered out front.,"Clara: Spot on! And spotlight! (Spotlights switch on)
Marinette and Adrien: No! Uh...uh...yeah! (both chuckle) Aah
Mayor Bourgeois: But sweetie, there's no way we can cancel the shoot (now.)"
frightningale_marinette_0009,Grand Palais. Auditionees for Clara Nightingale's video have gathered out front.,"Adrien: (nervously) Uh, I didn't see it. I looked everywhere in the dressing room for it but it was
Marinette: (simultaneously, also nervous) Uh, well, I...found the costume, but the mask was, um
Marinette and Adrien: nowhere to be found!"
frightningale_marinette_0010,Grand Palais,"Marinette: (runs inside a trailer, where Tikki flies into view) Time to transform!
Marinette: Tikki, spots on! Yeah! (Marinette transforms into Ladybug.)
Adrien: (to Plagg) Ready to vocalize?"
frightningale_marinette_0011,"Collège Françoise Dupont library. The finished ""Miraculous"" video is being displayed on the large screen, incorporating the main series theme song, while the students watch.","Alya: Besides, even though Marinette and Adrien (kinda) look like Ladybug and Cat Noir, they really weren't believable
Marinette: I couldn't agree more! And I wouldn't have had any fun playing Ladybug. It was (so) much better being with you guys!
Adrien: Yeah, I prefer this version, too. I couldn't have pulled off playing Cat Noir
Marinette: I know. (dismissively) Worlds apart!
Adrien: (gasps wondering what Marinette meant) What?
Marinette: (runs over to Adrien) What I meant was that you'd be more lame as Cat Noir than in real life. No! N-Not that you're lame in real life, right? It's just, compared to Cat Noir, you're just, I mean...you don't look a thing like him, that's what I mean
Adrien: (chuckles) And you don't look a thing like Ladybug either
Marinette: Huh?
Adrien: Uh, yeah, I mean, I'm sure she's not as funny as you are!
Marinette: Yeah"
frozer_marinette_0001,Couffaine houseboat. Marinette just told the girls what happened.,"Mylène: You had to finish an essay on Periwinkle's migration
Marinette: Actually, girls... I don't think I want to cancel
All Girls: Huh?
Marinette: Adrien really needs me and if he wants my advice then why not? After all, it's not an issue and I'm definitely not jealous because"
frozer_marinette_0002,Couffaine houseboat. Marinette just told the girls what happened.,"Mylène: There's everything between you, actually
Marinette: I always jumble my words around him. So how could I even manage going out on a date? I think we're actually just meant to be friends. Whenever I talk to him as a friend, I hardly stammer at all. That's a sign right there. Right?
Juleka: Um"
frozer_marinette_0003,Ice rink.,"Philippe: (cuts in between Luka and Marinette) I'll give you a week's worth of lessons for free. Just a few hours a day and you'll be a star
Marinette: (thinks about her Ladybug activities) Thanks, but I'm already very busy as it is
Philippe: (notices Adrien) Is that Adrien Agreste!? (approaches him) Adrien Agreste, I can see it now. Grace and style model, and professional ice skating champion. If you take lessons with me, I'll have you shining like the candles on a birthday cake"
frozer_marinette_0004,Ice rink.,"Luka: Marinette? Are you okay?
Marinette: I think I hurt myself. It's probably best we call it a day. (heads to the bathroom)
Adrien: (notices that Marinette seems sad) Marinette doesn't look too good. Sorry, Kagami, I have to go and check on her. (follows her)"
frozer_marinette_0005,Parisian streets. Frozer continues to turn Paris into a giant ice rink.,"Marinette: (sees the ice forming in the bathroom stall) Is that ice? (pulls out her magical macarons) Woah, let's try out Master Fu's magic-aroon
Marinette: Tikki, power up! (Tikki's forehead spot glows, and she spins into a flash as she becomes...)
Tikki: Stalac Tikki! (now has two icicles on her tail)
Marinette: Stalac Tikki, spots on! Ha! (Marinette transforms into Ladyice)"
frozer_marinette_0006,Outside the ice rink. Adrien takes a selfie with Philippe.,"Kagami: (looks over at Marinette) The day you realize you've got the wrong target, I'll be here. (kisses his cheek and enters her car)
Marinette: (looks sadly at Adrien and Kagami)
Luka: You wanna take the subway together, Marinette. (notices that Marinette is staring at Adrien and smiles) You should probably go over and talk to him. Thanks for inviting me out today
Marinette: Thanks for coming with me, Luka. (kisses Luka's cheek and then runs towards Adrien, who has entered his car) Adrien! (ADRIEN! (The bodyguard and Adrien hear Marinette screaming and stop)"
furious_fu_marinette_0001,Marinette's room. Marinette seems slightly panicked as she is trapped in the bedlam of Kwamis pleading and reasoning with her.,"Kwamis: Pleeeeeease!
Marinette: Ugh, you know why you can't come. When he made me the new Guardian, his memory was magically erased. Now, Master Fu is just like everyone else. He can't know about the Miraculous, my secret identity or you Kwamis! (She picks up her purse) Come on, Tikki! Let's go
Kwamis: It's not fair!"
furious_fu_marinette_0002,Marinette's room. Marinette seems slightly panicked as she is trapped in the bedlam of Kwamis pleading and reasoning with her.,"Marinette: I just can’t take all of you at once! (The Kwamis start to sulk and question why.)
Marinette: Because... because the Miracle Box has to be guarded, protected, that's why!
Trixx: So you're saying is if one of us stays here to keep watch... the rest of us can come, right?
Marinette: Huh? What? Of course not!"
furious_fu_marinette_0003,Marinette's room. Marinette seems slightly panicked as she is trapped in the bedlam of Kwamis pleading and reasoning with her.,"Blue Knight In Movie: En garde, my lord!
Marinette: Thank you, Barkk. (She picks up and opens her school bag.) Come on! Everyone inside! (All the Kwamis cheer as they fly inside.) But I'm warning you, not even a peep out of any of you. (After closing her bag, the Kwamis continue to cheer delightfully.) You're peeping! (The Kwamis still continue their celebration as Marinette puts the bag on her back and exits her room. Cut back to Barkk watching the movie.)
Red Knight In Movie: By jove! We're not out of the woods yet, my lord!"
furious_fu_marinette_0004,Gare du Nord,"Marinette: Ugh, this phone starting on its own again. (at her backpack) If it doesn't stop right now, I swear it's gonna end up in the trash! (Marinette throws her phone back in her backpack, civilians shrug and keep talking, Su-Han watches from a trash can and moves away.)
Marinette: Hi, Marianne. (hugs Marianne)
Marianne: Hello, Marinette. (turns back to Fu) Do you remember her, my love? She's the young girl who found you after your paddleboat accident. The accident that caused your amnesia. (Fu smiles at Marinette, Marinette tearfully hugs him)
Marinette: I'm so glad to see you again, Master... I mean, Mister Fu"
furious_fu_marinette_0005,"A bench in the Seine. Marinette hands out cakes to Fu, who then takes his cake and hands second cake to Marianne.","Wang Fu: Actually, as a thank you for helping me, I want to give you this painting. (hands Marinette a painting with a lot of scribbles)
Marinette: Thank you. It's... really... Uh, am I holding it the right way?
Wang Fu: (laughs) Yes. I'm not sure myself what it's supposed to represent. (Marinette sees Wayzz on the ground and panics, and tries to grab him) But when I think of you, this is what I see. So, there you go. (sees Wayzz and picks him up) What's this? (pokes Wayzz head) That's such a cute little doll. Is it yours? (hands Wayzz to Marinette)
Marinette: (laughs nervously) Yes! It probably fell out when I took out the cake. (put Wayzz into her backpack)"
furious_fu_marinette_0006,"A bench in the Seine. Marinette hands out cakes to Fu, who then takes his cake and hands second cake to Marianne.","Marinette: Another slice of cake? (hands Marianne a piece)
Marianne: Please. (painting of the scene appears)
Roaar: He looked as strong as a tiger!"
furious_fu_marinette_0007,Marinette's room. Marinette returns to her room.,"Su-Han: How come you are in possession of the Mother Box, young lady?
Marinette: Uh... (looks to the sewing box where the Miracle Box is usually kept, realizing it is empty) Who are you?
Tikki: (flies) That's Grand Master Su-Han. The Celestial Guardian of the Miracle Box
Marinette: But I'm the Guardian of the box
Tikki: Celestial Guardian was in charge of it before that incident caused by Master Fu. (Barkk flies back to the other Kwamis)
Marinette: (angry and confused) How did you find me?"
furious_fu_marinette_0008,Marinette's room. Marinette returns to her room.,"Su-Han: ((gets in fighting stance)) Challenging me like this is akin to pulling on the tiger's whiskers, you villain! (charges at the computer)
Marinette: (stops him) Whoa! Easy, there. Calm down! It's just a movie. See?
Su-Han: (amazed) Such a powerful spell! How did that warrior end up in this flat prison of glass and metal? ((knocks on the computer screen)) Anyway, we must waste no more time! Take me to Cat Noir, young lady!
Marinette: (to Tikki) Do you think this is a good idea?"
furious_fu_marinette_0009,Marinette's room. Marinette returns to her room.,"Marinette: Oh, I guess you're right
Marinette: (unhappily) Tikki, spots on! Ah! (Marinette transforms into Ladybug)
Su-Han: What are you doing to your weapon?"
furious_fu_marinette_0010,"Jardin des Tuileries. Su-Han attempts to take Wang Fu's cane from him, but Fu gets hold of his cane.","Wang Fu: (sternly) Have you lost your mind, young man?!
Marianne: Leave my partner alone! (whacks Su-Han with her cane several times)
Su-Han: (sees akuma headed for him, gasps) An akuma! Whirlwind of Wisdom! The Virtuous Wind resists the Temptation! (begins meditating) My anger is mine but I am not my anger. My anger is mine but I am not my anger. (akuma flies off) Enough! Fool, you're making me lose precious time! (aggressively grabs cane from Wang Fu, causing both Fu and Marianne to fall. He looks inside the cane, noticing a hidden compass, and starts to walks away)"
furious_fu_marinette_0011,Stade des Princes. Ladybug and Cat Noir talk about a plan just off the field.,"Ladybug: (confidently) Oh, but my plan was never to defeat you myself
Marianne: Sorry, I need to borrow that. (takes the paintbrush off Furious Fu's ear and breaks it) There, exactly like you said on the phone, Ladybug. (Furious Fu drops both Ladybug and Cat Noir as he is deakumatized)
Ladybug: Thank you, Marianne. That was perfect. ((opens her yo-yo)) No more evil doing for you little akuma. Time to de-evilize! ((catches the akuma)) Gotcha! Bye bye, little butterfly! ((throws the bolt cutters into the air)) Miraculous Ladybug! ((the storm clears and Su-Han is unfrozen))"
furious_fu_marinette_0012,Stade des Princes. Ladybug and Cat Noir talk about a plan just off the field.,"Ladybug: Thank you, Marianne. That was perfect. ((opens her yo-yo)) No more evil doing for you little akuma. Time to de-evilize! ((catches the akuma)) Gotcha! Bye bye, little butterfly! ((throws the bolt cutters into the air)) Miraculous Ladybug! ((the storm clears and Su-Han is unfrozen))
Ladybug, Cat Noir, and Marianne: Pound
Cat Noir: Whoops, sorry! (realizing his cataclysm is still active, he bends down to use it on the ball)"
furious_fu_marinette_0013,Stade des Princes. Ladybug and Cat Noir talk about a plan just off the field.,"Cat Noir: Whoops, sorry! (realizing his cataclysm is still active, he bends down to use it on the ball)
Ladybug, Cat Noir and Marianne: (they, along with Marianne, fist bump) Pound it!
Ladybug: (Ladybug takes a Magical Charm out of her yo-yo and hands it to Fu) Here, carry this with you at all times. It will protect you from future attacks"
furious_fu_marinette_0014,Gare du Nord.,"Wang Fu: The bat and the red beetle were incredible! Paris is always filled with good people ready to devote themselves for the greater good. Like you, Marinette
Marinette: You should really thank Marianne, you know. From what I heard, she was the true superhero of the day
Su-Han: (upset) Involving Marianne in the fight - a human without powers was against the precepts too. (Marinette looks down, saddened) This has proven two things: the first thing is that you have the audacity to invent your own rules, and as crazy as it may seem, somehow they all work. (Marinette is surprised) The second thing is that your natural instincts tell you who you can trust, an essential quality for a Guardian. Whiny Chicken- uh, sorry... Master Fu may not have made such a bad choice after all. (Marinette smiles) The Miracle Box is the mother of all boxes. It's the very first one that was created, and the one that holds the most powerful magic jewels. I cannot imagine what would happen if it were to fall into the wrong hands. But I am going to trust you. (hands Marinette the box, she takes it happily) I will keep watching you from a distance, but be wary, one failure and I will take the Miracle Box back. (Marinette nods as she walks over to her special hiding place for the box, inputs the code, and sets it inside) I will make the most of my time here in Paris to get accustomed to modern life. How can I be a good guardian if I don't try to understand the world around me?
Marinette: Thank you, Master. I have something for you too. I think you're gonna need these. (She holds up a new pair of shoes, causing Su-Han to look down at his old and worn out pair. Marinette and Su-Han share laugh.)"
f_lix_marinette_0001,Couffaine houseboat,"Adrien: Don't be so hard on him, Plagg. It's been a year today since Mom... went away forever
Marinette: We can't leave Adrien all alone on a day like this
Alix: (through video call) True that, but there's no way his old man's gonna let us see him
Marinette: Okay, why don't we make them a video and tell him how much we all care about him?"
f_lix_marinette_0002,Couffaine houseboat,"Alya: (points her tablet at her) Okay, go Marinette!
Marinette: (startled) Ah - ! Yee- ! No, no, someone else go - (nervously giggles) I still need to go figure out what I'm going to say
Alya: (smiles) Okay, girl. So Nino, ready? (he nods) Action! (starts recording him)"
f_lix_marinette_0003,Couffaine houseboat.,"Alya: What's goin' on, girl? You feeling sick or somethin'?
Marinette: (shoves tablet in front of her) Promise me you'll send the video without looking at it! No one can see my part!
Alya: (excitedly) No, don't tell me you... ! (She grabs the tablet, and tries to tug it away from Marinette, who doesn't budge.)
Marinette: Promise
Alya: You have my word. (Marinette lets go.) I can't believe it! Wow! (She turns and runs to the others) We got all the messages, guys! I'm sending this to Adrien!"
f_lix_marinette_0004,Adrien's Bathroom.,"Félix: (annoyed) Chloé. Just as annoying as usual
Marinette: (via video message) Adrien... I love you. I'll always be there if you need me
Félix: Pathetic. (He deletes their messages.)"
f_lix_marinette_0005,The Couffaine Houseboat.,"Nino: He did?
Marinette: Oh no! I don't wanna know! (walks away, then turns back, determined) Yes, I do wanna know! (throws up her hands and runs away) No, I don't! (in Luka and Juleka's room) What if he tells me that he loves me? Or that he doesn't love me? Or that he likes me, but not in that way - ah! (sees Luka sitting across the room with his guitar) Luka? Please don't tell me you heard me
Luka: (gets up and sits down next to her) You know, I'll be really happy for you and Adrien if it works out. (strums a few jubilant chords, ending on a sad note) And if it doesn't... (plays triumphant tune) I'll be here for you
Marinette: Thanks, Luka. (He takes out his phone, and plays the message of Félix impersonating Adrien.)"
f_lix_marinette_0006,The Couffaine Houseboat.,"Kim: (watching with the others on the other side of the boat) Uh... So is he happy about it, or not?
Marinette: (concerned) There's something wrong
Félix: (via video message) My father was right. What could I possibly get of going to school? Hanging out with you people is a total waste of time!"
f_lix_marinette_0007,The Couffaine Houseboat.,"Félix: (via video message) And Chloé, you're still the same spoiled brat you ever were, you know that? (Chloé gasps, taken aback.)
Marinette: (stands up) That's not him. Impossible! There's no way that's Adrien! (runs out of the room)
Nathalie: Sorry, sir. Lila Rossi just sent this to us. It's a message from Adrien's phone. (Gabriel presses a button on his computer, revealing the message on his screen.)"
f_lix_marinette_0008,The Couffaine Houseboat.,"Alya: Let's not forget he was friends with Chloé before he met us. (The Akuma flies into view)
Marinette: Don't believe this video, it can't be Adrien! (The Akuma is absorbed into the tablet, and Juleka, Rose, and Alya all look up scornfully. Marinette gasps, and runs off)
Hawk Moth: (From his lair) Lady Wifi, Reflekta, Princess Fragrance - You are now the Punisher's Trio! I'm giving you the power to chastise the boy you thought was your friend, who has hurt you so terribly. I'm only asking you one thing in return, Ladybug and Cat Noir's Miraculous!"
gabriel_agreste_episode__marinette_0001,"Collège Françoise Dupont, the Art classroom.","Marc: Every week, we'll think of a new plan, so that the knight can finally kiss the princess! And they can finally live happily ever after with buckets of hamsters! And the plan will always take place in the one and only location where the witch can't get to, which is
Marinette: The school!
Chloé: A-ha! You forgot me in your ridiculous fairy tale!"
gabriel_agreste_episode__marinette_0002,"Interior, the Agreste mansion.","Sarah: We're just here for food prep in the kitchen and overseeing the children. The robots will be serving the adults. Follow me, everything will be fine
Marinette: I've got the muscles, I'll carry the heavy stuff. Don't you worry, partner!
Gabriel: Thank you
Marinette: I'm in!"
gabriel_agreste_episode__marinette_0003,"Interior, the Agreste mansion.","Chloé: (waving her hand) Mr. Agreste, I need you to show you a video, it's really important that you see this!
Marinette: Woaah! Oh no!
Chloé: My phone!"
gabriel_agreste_episode__marinette_0004,"Interior, the Agreste mansion.","Adrien: That was very thoughtful of you, Father
Marinette: I can handle serving the youngsters, I've always been good with kids
Sarah: I'd rather you stay in the kitchen"
gabriel_agreste_episode__marinette_0005,Adrien's room. Kagami is drinking juice and Félix and Kagami are staring at each other angrily.,"Adrien: Chloé, No!
Marinette: (handing the tray of drinks to Adrien) I will take care of it. I've always been good with young people
Félix: (standing up) I need to speak to my mother"
gabriel_agreste_episode__marinette_0006,Soirée room. Gabriel's guests are dancing to lively music while Marinette is searching for Chloé.,"Marinette: (searching for Chloé) Where are you Chloé? You are here somewhere
Marinette: (to herself) She's looking for her phone! I won't let you do it
Sentimonster Gabriel: (from behind Félix, surprising him) What are you looking for, Félix?"
gabriel_agreste_episode__marinette_0007,"Outside Gabriel's atelier. Chloé is walking towards the atelier's door, followed by Marinette and Bob Roth.","Collector: (seeing Félix) And you Félix! Where did you hide my ring?
Marinette: (from inside the room) Tikki! Spots on!
Cat Noir: Hey M'Lady! Looks like the Collector is gone high tech"
gabriel_agreste_episode__marinette_0008,"Marinette's room. Her friends are worried, but is shocked to see Marinette as she enters the room.","Nathalie: As is yours
Marinette: Oh, guys! What a night!
Marc: It gave us an idea for another plan, Marinette. Nate? So we thought—
Marinette: Oh— uh, that looks really terrific, but... I think the knight in shining armor needs her beauty sleep before she can go on a new adventure"
gamer_2_0_marinette_0001,Miss Bustier's class.,"Max: Interested in playing the best fighting game in the world? 100% created by your best friend!
Marinette: A fighting game... he designed himself! Oh, what's wrong with me?
Kim: I'm sure I'd get the highest score. But I've got swimming practice. Ondine's waiting for me"
gamer_2_0_marinette_0002,Library.,"Max: Ah, Marinette! The most skilled gamer in the whole class. We won the Ultimate Mecha Strike inter-school tournament together. Of course she won't say
Marinette: NO!
Max: But, I haven't said anything yet!
Marinette: And I don't want you to say it. Because then I wouldn't be able to refuse. And I have to (resist!) I've got too much to do today. A Kitty poster to sew for Jagged Stone. I mean, a Jagged T-shirt for drawing Kitty. I mean, ah! (bangs head on table)"
gamer_2_0_marinette_0003,Marinette's room. Marinette finishes up designing the T-shirts for Kitty Section.,"Adrien: No, I smell (evil.) Plagg, claws out! (transforms into Cat Noir behind the stall door)
Marinette: The last one! (Juleka, Rose, Mylène, and Ivan suddenly disappear)
Gamer 2.0: (onscreen) What do you do when no one wants to play with you? You give them no choice
Marinette: Max?
Gamer 2.0: Ladybug, Cat Noir. All of these people were once akumatized and then saved by you. If you want another chance at freeing them, you're going to have to come and play with me"
gamer_2_0_marinette_0004,Marinette's room. Marinette finishes up designing the T-shirts for Kitty Section.,"Marinette: Then let's make it quick. I still have a lot to do
Marinette: Tikki, spots on! Yeah! (transforms into Ladybug)
Cat Noir: First one who finds a way in wins"
gamer_2_0_marinette_0005,Tom &amp; Sabine Boulangerie Patisserie.,"Sabine: To the living room!
Marinette: Tikki, I'm almost done with the T-shirts, and Jagged's poster can wait a (bit) longer, can't it?
Tikki: It sure can, Marinette
Marinette: Leave a few bugs for me! Here I come!"
gamer_marinette_0001,Marinette's room. Marinette is writing in her diary.,"Marinette: Dear diary, guess what? I was two spots away from transforming back and revealing my true identity to Cat Noir
Tikki: Hey Marinette, weren't you meeting Alya back at school this afternoon to research your term paper?
Marinette: Oh no, I'm late! Again!
Tikki: What's that noise?
Marinette: Hide, Tikki!"
gamer_marinette_0002,"Collège Françoise Dupont. Suddenly, Marinette hears something from the Library.","Kim: Actually, the tryouts offer a partner to team up with Max in the Tournament
Marinette: Why Max?
Kim: 'Cause he's unbeatable! He's a total rocksord! He's got the highest APM over anyone!
Marinette: APM?
Kim: Actions per minute? This tournament is his whole life! He's been grinding all year to level up"
gamer_marinette_0003,"Collège Françoise Dupont. Suddenly, Marinette hears something from the Library.","Alya: I see where you're going with this, Little lady
Marinette: Just imagine, teaming with Adrien!
Alya: Are you out of your mind, girl? This is about stepping up and representing! Not snuggling up and snogging! This is serious business!
Marinette: Seriously Alya, you think I'd actually go through with that?"
gamer_marinette_0004,"Collège Françoise Dupont. Suddenly, Marinette hears something from the Library.","Marinette: And now, quarter circle plus heavy kick, and Flying Hyper Storm! Triple hit combo, Marinette style! Booyah!
Marinette: Woo! Yeah! Woo hoo! I win! Uh-huh!
Kim: Wha! I can't believe it! She... she beat him?"
gamer_marinette_0005,"Collège Françoise Dupont. Suddenly, Marinette hears something from the Library.","Adrien: Well, I guess I'll be coming over to practice. With my new partner. See you later
Marinette: See... ya
Alya: Now you gotta win and you're gonna be representing the school, not just hanging out with Adrien
Marinette: Oh, Adrien
Alya: Oh, brother"
gamer_marinette_0006,Outside Collège Françoise Dupont,"Max: Absolutely, Hawk Moth. Game on! Now they'll see who's the greatest gamer in Paris! (transforms into Gamer)
Marinette: Ah, training with Adrien! Adrien!
Tikki: All you wanted to do is spend time with Adrien, there are other ways to do that!
Marinette: What are you getting at?
Tikki: You know how much Max wanted to be in that tournament. Kim said he'd been training for it all year
Marinette: You're right. All I could think about was Adrien. Hey! Adrien's coming to my house. (gasps) Adrien's coming to my house! No, this is a total disaster! I have to... clean my room!
Tikki: That's what I've been trying to tell you all along
Marinette: Oh, this... is not... happening!!
Tikki: Calm down, Marinette. You still have time. It's not like he's gonna show up this very minute"
gamer_marinette_0007,Marinette's room. Marinette is scared that Adrien will see all the photos of him.,"Sabine: You two are a pair, huh? I'm not surprised. Marinette talks a lot about you, you know?
Marinette: Mom! ...Come up, Adrien!
Adrien: Uh, very nice to meet you"
gamer_marinette_0008,"Dupain-Cheng House, Marinette's room. Marinette and Adrien start practicing for the Tournament.","Adrien: Your parents seem nice
Marinette: Oh yeah, they are. But... sometimes... (sees Tikki on a photo of Adrien) Ahhhh! (takes the photo of Adrien away)
Adrien: Sometimes what?"
gamer_marinette_0009,"Dupain-Cheng House, Marinette's room. Marinette and Adrien start practicing for the Tournament.","Marinette: Thanks, but no thanks! Papa!
Marinette: Sometimes my parents could be a little nosey. (sees Tom and Sabine entering the room, they close the door) Where were we?
Gamer: I'll be at level 2 in no time! My skills are indisputable! (his ship absorbs people and vehicles) I am unstoppable! Hahahaha! (his ship evolves into a two-legged robot) Excellent! (the robot starts absorbing people, gaining more power.)"
gamer_marinette_0010,Marinette's room. Marinette and Adrien win a round.,"Marinette: Papa, we're trying to work here!
Marinette: Actually, you know what? I've got a secret. (shows him her lucky charm) This is why I win
Adrien: Are you messing with me?
Marinette: Try playing a match with it"
gamer_marinette_0011,The Place des Vosges. Marinette and Adrien are eating a snack.,"Adrien: Uh, Marinette. A little snack wouldn't hurt, would it?
Marinette: Uh, I'm really sorry. It's impossible to get anything down with my parents around
Adrien: It's okay. (eats his pie) I didn't know your dad made such yummy pie!
Marinette: Oh, uh, I... yeah! So, shall we go back?
Adrien: Let's see if it works. (takes out Marinette's lucky charm)
Marinette: Tell me this isn't some kind of publicity stunt for the tournament!"
gamer_marinette_0012,The Place des Vosges. Marinette and Adrien are eating a snack.,"Gamer: Game over, Marinette!
Marinette: How does he know my name? Max! (the Gamer's robot fires lasers at her) I guess he really did want that spot in the tournament!
Adrien: Time to transform"
gamer_marinette_0013,The Stade des Princes. The gaming tournament is about to start.,"Adrien: By winning the tournament... with her
Marinette: Huh?
Adrien: Go on, Marinette. You're a hundred times better than me. You belong on the team. Win the tournament for the school. I know you can do it"
gang_of_secrets_marinette_0001,"Collège Françoise Dupont, the girls' restroom.","Alya: But the real problem here is that Marinette never told us anything. If Luka hadn't told Juleka, who told Rose, who told Mylène, who then told Alix, who finally told me. Then I, her BF in the whole world would still be in the dark! Yesterday I was in the restroom and I heard her crying
Marinette: (crying)
Alya: Marinette? Have you been crying?
Marinette: (whilst faking the emotion) Me? Crying? Are you kidding? I'm super happy! Let's celebrate and have a party! I'm so happy!"
gang_of_secrets_marinette_0002,Alya's room.,"Alya: She's not picking up
Marinette: (over voicemail) It's Marinette, leave a message, beep!
Alya: (over phone) Hey Marinette, it's us!"
gang_of_secrets_marinette_0003,Marinette's room.,"Aquabug: (frantically) Oh no! Tikki, spots off! (Aquabug de-transforms into Marinette)
Marinette: (with tears on her eyes) Are you okay, Tikki?
Tikki: Better than you, Marinette. We should have a little talk"
gang_of_secrets_marinette_0004,Marinette's room.,"Alya: Marinette!
Marinette: What are you doing here?
Alya: We're just checkin' in on you, girl"
gang_of_secrets_marinette_0005,Marinette's room.,"Marinette: (lashes out at them in rage) Well then maybe I don't want you to be my friends
Marinette: (struggling with her emotions) I had no choice Tikki, I had to do it
Tikki: (sadly) I know, Marinette
Marinette: At least now I won't have to lie anymore, since, there'll be no one to lie to"
gang_of_secrets_marinette_0006,Marinette’s room.,"Marinette: Thanks Trixx
Marinette: (unhappily) Tikki, spots on! Ah!
Ladybug: When a kwami uses their power without a holder to channel its energy, doesn't it often set off some kind of catastrophe?"
gigantitan_marinette_0001,"Marinette's room. Marinette and Alya are having a meeting with Alix, Juleka, Mylène, and Rose.","Alya: No, but it's almost as hot. Marinette is—
Marinette: Wait, Alya. (whispering to Alya) Do you really think this is such a good idea?
Alya: I don't think it is, I (know) it is. But remember, girls, your lips are sealed. Got it?"
gigantitan_marinette_0002,"Marinette's room. Marinette and Alya are having a meeting with Alix, Juleka, Mylène, and Rose.","Alya: Because ""Rose"" is your real name
Marinette: It won't be a codename if we call you ""Rose"". (Rose thinks for a moment) This afternoon, ""Buttercup"" has a photo shoot at the Trocadéro fountains
Rose: Hmm"
gigantitan_marinette_0003,"Marinette's room. Marinette and Alya are having a meeting with Alix, Juleka, Mylène, and Rose.","Rose: Ah!
Marinette: His security guard, a.k.a. the ""Nanny"", will be waiting for him in the car on the other side of the esplanade, in the ""chariot"". He's supposed to take ""Buttercup"" back home after the photo shoot, except that's not gonna happen. This is where you guys come in. (All the girls nod their heads) Step one: ""Rose"" will have a fake ""No Parking"" sign. She'll go over to—
Mylène: Um, who's ""Rose"" again?"
gigantitan_marinette_0004,"Marinette's room. Marinette and Alya are having a meeting with Alix, Juleka, Mylène, and Rose.","Marinette: (narrating) Step two: ""Sunflower"", you'll go find a police officer and say to him: (imitating Mylène's voice) ""Hello, Mr. Police-Officer. Oh, look! That car's parked illegally"". (imitating Roger's voice) ""Well, you don't say! I shall enforce the law right this second! Thank you, young lady.""
Marinette: Step three: No more ""Nanny"". (All the girls nod their heads) Step four: ""Tiger-Lily"" will let us know as soon as ""Buttercup""'s done with his photo shoot
Alya: (points at herself) ""Tiger-Lily""
Marinette: (narrating) But, instead of meeting up with the ""Nanny"", Adrien's gonna find
Alya: ""Lotus""!"
gigantitan_marinette_0005,"Marinette's room. Marinette and Alya are having a meeting with Alix, Juleka, Mylène, and Rose.","Alix: (using ""quotes"" hand-gestures) But when ""Buttercup"" sees that the ""chariot's"" gone, he'll just text his ""Nanny"", won't he?
Marinette: (chuckles in mock-evil triumph, before we zoom out again) Impossible. ""Buttercup"" always leaves his personal items in the car when he's on a photo shoot, even his phone! (adoringly) Such a professional!
Alix: (whispers to Rose) She knows everything about Adrien! Creepy, no?"
gigantitan_marinette_0006,"Marinette's room. Marinette and Alya are having a meeting with Alix, Juleka, Mylène, and Rose.","Marinette: So then
Marinette: (narrating while imitating Adrien's voice) ""Hey, Marinette!"" (They walk closer to each other, Eiffel Tower in the background, as several pigeons fly away) ""What are you doing here? What an incredible crazy coincidence!"" (normal voice) This is where ""Tulip"" springs into action! You give the signal to the rickshaw driver to come and park in the Nanny's car spot, then all I need to do is say to Adrien—
Alix: (interrupting fantasy with a silly expression) Bdi-di-di-di, di-di-di-di, di-di-di-di-di-di-di-dii!"
gigantitan_marinette_0007,"Marinette's room. Marinette and Alya are having a meeting with Alix, Juleka, Mylène, and Rose.","Alix: Wooo! Yeah!
Marinette: (narrating) So I say to him, ""Since your car's not here we might as well ride home together. Hey, look! What a co-inky-dink! There's a rickshaw right here!"" (imitating Adrien's voice) ""Awesome idea, Marinette! I've always dreamed of going on a rickshaw with you!"" (Marinette gets into the rickshaw, pulling Adrien in with her; then she speaks normally) We take a really romantic ride along the banks of the Seine and over the Pont des Arts bridge, where we just happen to run into André, the sweethearts' ice cream maker! (Marinette and Adrien get out of the rickshaw, holding hands. André presents them with ice cream, a green scoop on top of pink) Then, ""Violet"" skates by and showers us with rose petals! (Marinette and Adrien share the ice cream) It's gonna be perfect!
Rose: It's...it's... so beautiful!"
gigantitan_marinette_0008,The Trocadéro. Adrien is having his photo shoot.,"Juleka: Um, you guys, I've got a problem
Marinette: ""Rose""?
Rose: Yeah, what?"
gigantitan_marinette_0009,The Trocadéro. Adrien is having his photo shoot.,"Mylène: Uh oh! (catches up with Juleka to help her carry the sign) What's this big sign made of?
Marinette: Metal, like, you know, the type road signs are made of. Why?
Mylène: Couldn't you have made it out of cardboard or something? (notices Roger walking away) (to Juleka) Go and get the police officer
Marinette: Caution! The photo shoot of ""Buttercup"" will be over soon!"
gigantitan_marinette_0010,"Parisian streets. Juleka finds officer Roger, who is humming ""La Marseillaise"".","Juleka: Huh?
Marinette: Come on, ""Rose""! Do it now!
Rose: Okay! (signals the rickshaw driver, Théo Barbot, to start driving)"
gigantitan_marinette_0011,"Parisian streets. Juleka finds officer Roger, who is humming ""La Marseillaise"".","Roger: Hmm?
Marinette: Yes!
Roger: Oh!"
gigantitan_marinette_0012,The Trocadéro.,"Roger: Mm-hmm
Marinette: Bravo, girls! Step two, commence!
Vincent: It's perfect! Hold it right there!"
gigantitan_marinette_0013,The Trocadéro.,"Alya: ""Lotus""— Uh, Marinette! Stay here!
Marinette: (picks up the mother's phone and gives it to her) Hello, ma'am. (walks to the front of the stroller) Hello, little baby! (starts to help the mother carry the stroller)
August's mother: Thank you so much!"
gigantitan_marinette_0014,The Trocadéro.,"Alya: (noticing that Adrien's photo shoot is over) Look out, ""Buttercup's"" on the move!
Marinette: Sorry! (runs down and grabs the bottle before Adrien can see her, then returns the bottle to the mother) Here you go!
August's mother: Thank you, young lady
Marinette: You're welcome! Bye!"
gigantitan_marinette_0015,The Trocadéro.,"Marinette: You're welcome! Bye!
Marinette: Red alert! The ""Nanny""'s back!
Juleka: What? (finds Roger again) Um"
gigantitan_marinette_0016,"The Trocadéro. While Placide I.T. is still looking for him, he crosses paths with August and his mother.","Gigantitan: LOLLIPOP!!! (Everybody around him starts to run away) Lollipop!
Marinette: Kids these days. They grow up so fast! Am I right?
Bystander: It's a baby!"
gigantitan_marinette_0017,"The Trocadéro. While Placide I.T. is still looking for him, he crosses paths with August and his mother.","August's mother: August!
Marinette: Stay out of danger, ma'am. Ladybug and Cat Noir will be here any moment now and save your little August
Plagg: Aww, I was just about to take a cheese break!"
gigantitan_marinette_0018,"The Trocadéro. While Placide I.T. is still looking for him, he crosses paths with August and his mother.","Cat Noir: Let's go splish-splash, mega-baby. (jumps onto Gigantitan's forehead, and then down to the ground) You can't catch me! (Gigantitan starts to follow him) Let's get our feet nice and wet. But we can't squish anyone, okay?
Marinette: Lure him to the river where there's nothing to destroy. Nice move, Cat Noir!
Tikki: Looks like that romantic outing with Adrien is on hold
Marinette: We'll be pausing for an epic battle with Cat Noir instead"
gigantitan_marinette_0019,"The Trocadéro. While Placide I.T. is still looking for him, he crosses paths with August and his mother.","Marinette: We'll be pausing for an epic battle with Cat Noir instead
Marinette: Tikki, spots on! Ha! (Marinette transforms into Ladybug)
Gigantitan: Lolli! (grabs Cat Noir and is about to suck on him)"
gigantitan_marinette_0020,The Trocadéro. Marinette meets up with her friends again.,"Hawk Moth: Ladybug and Cat Noir, Gigantitan may not have been big enough for the job, but I promise my next villain will be more than you can handle!
Marinette: Hey, guys!
Rose: Marinette!"
gigantitan_marinette_0021,The Trocadéro. Marinette meets up with her friends again.,"Juleka: Awesome
Marinette: No. No more complicated plans. Sometimes it's best to just get straight to the point. (Adrien is about to reach the car) Adrien!
Adrien: Marinette! What are you doing here?"
gigantitan_marinette_0022,The Trocadéro. Marinette meets up with her friends again.,"Rose: It's just like a romantic movie!
Marinette: I came here to do some sketching! (holds out her sketch pad) I can't believe we've run into each other here! Hey, would you like to—?(She and Adrien hear his bodyguard honking the car horn impatiently) Hang pout? I mean, hang about? No, hag out? (The bodyguard groans again) Oh, forget it. (chuckles) Better not keep your guard waiting
Adrien: Uh, okay. (Marinette sighs when she realizes she still couldn't ask Adrien out. Her friends are all annoyed at her as well.) But (we) can take you home if you want it"
gigantitan_marinette_0023,The Trocadéro. Marinette meets up with her friends again.,"Juleka: All right!
Marinette: No, it's okay! I'll take a coleslaw home. Thanks!
Adrien: Okay... enjoy your meal, then. (gets in the car) See you at school tomorrow! (He closes the car door, and the car drives off.)
Marinette: (after waving at Adrien) Why did I say ""no""? I'm so lame! I could have ridden home with him in his car!"
gigantitan_marinette_0024,The Trocadéro. Marinette meets up with her friends again.,"Juleka: Sure will
Marinette: Thanks, girls. (Behind her, Alix throws the rose petals at her.)
Alix: Don't tell me ""Buttercup"" left the flowerbed with the ""Nanny"""
glaciator_2_marinette_0001,The Dupain-Cheng residence In Marinette's room. Marinette goes through her chest full of gifts.,"Marinette: Uh— Yeah, but um... go ahead and leave the poster there. Bye! Love ya— Uh— I mean, goodbye! (ends the call) Tikki! Adrien is sad! ""Operation: Bye-bye, Blues"" is a go!!
Marinette: (while searching through the gift boxes) A present for Adrien's name day, for the mock final exam of the year, in case he ever gets a cast... quick! We got to get to the park before he leaves!
Tikki: (holds out a red gift box) Is it this one?"
glaciator_2_marinette_0002,"The Dupain-Cheng residence, on the balcony. Marinette scrolls over her phone contacts.","Adrien: Plagg, claws out! (transforms into Cat Noir)
Marinette: No... nope... no, that'd be way too weird. Ugh, it's impossible! I'll never be able to find anyone to practice on! (spots Cat Noir on a nearby rooftop) Oh! Cat Noir! He's the perfect choice! There's no way he has any feelings for me— well, for the other me, yes, but not for the (real me) me!
Tikki: Isn't it kind of strange that he's out here all alone when nobody has been akumatized?
Marinette: Aw, cat on a rooftop, what could be more normal? Hide, Tikki!"
glaciator_2_marinette_0003,"The Dupain-Cheng residence, on the balcony. Marinette scrolls over her phone contacts.","Marinette: Cat Noir!
Marinette: Here, kitty, kitty!
Cat Noir: Marinette Dupain-Cheng, is everything okay?
Marinette: Yeah, perfect timing, actually! I need a boyfriend
Cat Noir: (startled) A boyfriend? Oh, no no no! I'm done with all that lovey-dovey stuff! I'm not in love with anyone, and don't plan it on anytime soon
Marinette: Then, that's perfect! Exactly what I need. See, I have a problem with my boyfriend, who's not my boyfriend yet, because I can't talk to him about how I feel, so I need someone to play my crush, who for sure doesn't have a crush on me, and you'd be perfect for the role since there's no way you'd fall for me, since you don't love anyone!
Cat Noir: No one, exactly! And I mean no one! (scratches his head) But, uh, I still don't get it. You need me to do what exactly?
Marinette: To play my boyfriend who's not my boyfriend yet! And I'll play the girlfriend, but the girlfriend who does things right, who doesn't mess up everything she says. Know what I mean?
Cat Noir: Uh, not much more than before?
Marinette: Great! Let's do this then. (lets Cat Noir sit on a chair) You sit there, and I'll come in. (takes a deep breath and reads her confession on a paper) Dear Cat Noir, ever since I met you, I've had three suns in my heart. They shine so brightly that whenever I see you, they make me melt until the slightest thought has reduced to droplets! Those suns are only three little words, but they're burning my lips! Please soothe me, Cat Noir, and tell me that you love me as much as I love you— uh—
Cat Noir: Uh, Marinette? Sorry, I'm really flattered, but, like I told you, I'm not in love with anyone
Marinette: Of course! I'm not talking to (you)! This is for the boyfriend who's not really my boyfriend yet!
Cat Noir: Ah, got it! But since you said Cat Noir, I thought you were actually talking to me
Marinette: Oh, right, shoot!
Cat Noir: Well, what's your boyfriend's name?
Marinette: Uh— that's private
Cat Noir: (groans) That's not gonna make things any easier
Marinette: Okay... Buttercup
Cat Noir: (chuckles) His name is ""Buttercup""?
Marinette: Of course, that's not his real name, it's a code name! Come on, start over. (pushes Cat Noir back on his seat) Dear Buttercup, ever since I met you, I've had three suns in my—"
glaciator_2_marinette_0004,"The Dupain-Cheng residence, on the balcony. Marinette scrolls over her phone contacts.","Marinette: Of course, that's not his real name, it's a code name! Come on, start over. (pushes Cat Noir back on his seat) Dear Buttercup, ever since I met you, I've had three suns in my—
Marinette: Come on, would you please concentrate? This is serious!
Cat Noir: Sorry! It's the Buttercup name. (clears throat)
Marinette: Dear Buttercup, ever since I met you, I've had three suns in my heart. They shine so brightly that whe—"
glaciator_2_marinette_0005,"The Dupain-Cheng residence, on the balcony. Marinette scrolls over her phone contacts.","Marinette: Dear Buttercup, ever since I met you, I've had three suns in my heart. They shine so brightly that whe—
Marinette: What's with the face? Are you hurting or something?
Cat Noir: Uhh, I'm being serious
Marinette: Uh, well, okay, that's not being helpful at all. Be serious, but not serious like you're trying to solve a math problem"
glaciator_2_marinette_0006,"The Dupain-Cheng residence, on the balcony. Marinette scrolls over her phone contacts.","Marinette: Uh, well, okay, that's not being helpful at all. Be serious, but not serious like you're trying to solve a math problem
Marinette: (a little aggressive) Dear Buttercup! Ever since I met you, I've had three suns in my
Cat Noir: I'm sorry, Marinette, but what face am I supposed to make then?
Marinette: (angrily) Who cares!?
Cat Noir: I don't know, you're the one who was saying—
Marinette: I know! It doesn't matter how you feel right now, I'm the one training here! Just act like you're a little interested in me! It's good to be interested in other people now and then, you know? Always me, me, me! (pushes Cat Noir again on his seat) Let's start over"
glaciator_2_marinette_0007,"The Dupain-Cheng residence, on the balcony. Marinette scrolls over her phone contacts.","Marinette: I know! It doesn't matter how you feel right now, I'm the one training here! Just act like you're a little interested in me! It's good to be interested in other people now and then, you know? Always me, me, me! (pushes Cat Noir again on his seat) Let's start over
Marinette: Dear Buttercup!! Ever since I met you, I've had three suns in my heart. They shine so brightly that whenever I see you, they—
Cat Noir: Woah, that's the most beautiful thing anyone has ever said to me!
Marinette: But I hardly said anything!
Cat Noir: I know, but the way you open your mouth was just so moving, it was like the skies after the storm, like a rainbow sweeping my heart!
Marinette: (unamused) You're overdoing it
Cat Noir: You think?
Marinette: Yes. Really"
glaciator_2_marinette_0008,"The Dupain-Cheng residence, on the balcony. Marinette scrolls over her phone contacts.","Marinette: Yes. Really
Marinette: (hastily and annoyed) Dear Buttercup! Ever since I met you, I've had three suns in my heart. They shine so brightly that whenever I see you— (Cat Noir stands to interrupt her) What is it now!?
Cat Noir: Uh, well, if you don't mind me saying, now it sounds like you're mad at me instead of in love with me
Marinette: (furious) I'm not mad! I'm declaring my love to you, isn't it obvious?
Cat Noir: Let's just say it could be more obvious
Marinette: Alright, since you're so good at this, show (me) how it's done. I'll be you, and you'll be me. Come on
Cat Noir: Dear Buttercup, ever since I met you, I've had three suns in my heart. They shine so brightly that whenever I see you, they make me melt until the slightest thought has reduced to droplets! Those suns are only three little words, but they're burning my lips! Please soothe me, Buttercup, and tell me that you love me as much as I love you!
Marinette: (stands up) Wait a minute, do I sound (that) corny when I'm saying it?
Cat Noir: I'm just performing, you know? I'm not here to judge the wording
Marinette: Oh man, this is awful! I'll never be able to do this
Cat Noir: Boy, you sure like to take the hard route. You put too much pressure on yourself. Of course, you'll be able to do it. I know, let's take a short break, just to air our heads out"
glaciator_2_marinette_0009,"The Dupain-Cheng residence, on the balcony. Marinette scrolls over her phone contacts.","Cat Noir: Boy, you sure like to take the hard route. You put too much pressure on yourself. Of course, you'll be able to do it. I know, let's take a short break, just to air our heads out
Cat Noir and Marinette: Movie?
Marinette: Is there a problem?"
glaciator_2_marinette_0010,"Inside a bus. The two climb aboard. Marinette scans her card, while Cat Noir searches his pocket.","Cat Noir: What movies are playing?
Marinette: ""Little Love Notes"". We're trying to think of something else, so no romantic comedies. ""Captain Supreme: the Ultimate Duel?""
Cat Noir: Could we possibly avoid films about superheroes?
Marinette: Got it. What about ""Sharktank vs. Mechatiger""?
Cat Noir: With a title like that, I think we should be safe!"
glaciator_2_marinette_0011,"The Dupain-Cheng residence, on the balcony. Marinette and Cat Noir land back safely.","Cat Noir: Again?
Marinette: No, no, no! We're not in love, it's just practice!
Cat Noir: Stay here. (leaps away)"
glaciator_2_marinette_0012,"The Dupain-Cheng residence, on the balcony. Marinette and Cat Noir continue where they left off with their practice.","Cat Noir: This time's the one. You'll see! (takes his seat and smiles at Marinette)
Marinette: Ever since I've met you, I've had three suns in my heart. They shine so brightly that whenever I see you... (stops and frowns)
Cat Noir: That was a good start. What's wrong?
Marinette: What's wrong is that this is not really me. (crumples the paper) The first time I saw you, I misjudged you. I thought you were conceited and superficial. But then, I got to know you. I saw who you really were deep down—someone sweet, sincere, and generous. Since then, there's something I've been wanting to tell you. But every time I try, it's like my brain suddenly freezes. But now, I think I'm ready. I love you
Cat Noir: Your declaration was beautiful, Marinette. The boy you're in love with is a lucky guy
Marinette: Thanks! The girl who falls in love with you will be lucky, too"
glaciator_2_marinette_0013,Collège Françoise Dupont Courtyard. A fencing competition ensues. Adrien claims victory and holds up a trophy. Marinette is watching very happily but gets pulled out by Kagami shortly after and they head to the locker room.,"Marinette: Coming, Dad! (enters her trapdoor)
Marinette: Hey! What's going—
Kagami: Did you do what I told you to?
Marinette: Uh— kind of? I mean, not yet
Kagami: Good. I was worried, 'cause that's a very risky technique. When you start practicing with a boy, you could fall in love with him, and then you might run away together to a desert island where you might get attacked by zombie carnivorous plants
Marinette: (confused) What?
Kagami: (holds up a manga book) And I haven't even finished Volume 3 yet. But I think it gets even worse later
Marinette: Hang on. You've been giving me advice that you got from a (manga?)
Kagami: From ""The Robinsons of the Catastrophe"". Why shouldn't I?
Marinette: (shakes her head) Kagami, Kagami, Kagami. You really need to spend more time with me and the gang. (Kagami looks surprised)"
glaciator_marinette_0001,"Tom &amp; Sabine Boulangerie Patisserie. Sabine, Tom, and Marinette are just finishing dinner.","Tom: And as a dessert
Marinette: Huh?
Tom: Ta-da! (places a cake on the table)
Marinette: Wow! Uh, no thanks, Dad
Tom: But isn't this your favorite?
Marinette: And it still is, Dad! (kisses Tom's cheek) But... (kisses Sabine's cheek) I told you I was going out with friends. We're gonna get ice-cream at André's—"
glaciator_marinette_0002,"Tom &amp; Sabine Boulangerie Patisserie. Sabine, Tom, and Marinette are just finishing dinner.","Sabine: That was where your father asked me—
Marinette: To marry him
Sabine: He hid the ring in a scoop of vanilla ice-cream
Marinette: And you almost swallowed it too! (chuckles)
Sabine: They say that couples who eat ice-cream at André's will stay in love forever"
glaciator_marinette_0003,Trocadéro. Marinette meets up with her friends,"Plagg: Don't even give me a minute to digest my fooooood!
Marinette: Hey, Alya!
Alya: Hey, Marinette! (Both she and Marinette kisses each other's cheeks)
Marinette: Where's Adrien?
Alya: Don't get upset, okay? But Nino just got a text. Adrien's dad isn't letting him go out
Marinette: Once again"
glaciator_marinette_0004,Trocadéro. Marinette meets up with her friends,"Alya: Come on, Marinette! (grabs Marinette's arm and start following them)
Marinette: Yeah! Awesome! (She chuckles as she and her friends all left to the Pont des Arts bridge)
André: ♫ My name is André! André! Glacé! The sweetheart matchmaker! ♫ (He rings a bell to let everyone knows that he's ready) ♫ With one scoop or two, I'll find up for you with magical ice-cream flavors! My name is André! André! Glacé! The sweetheart matchmaker! With one scoop or two, I'll find up for you with magical ice-cream flavors! ♫"
glaciator_marinette_0005,Pont des Arts bridge. André is opening his ice-cream stand.,"André: (startled gasp) André's ice-cream has always melted hearts. But the magic will only work if you eat it! I'll make you another one
Marinette: (depressed) Thanks, but it's really not necessary
André: (shows Marinette another cone) Yes it is, my dear. See here? My ice-cream has brought everyone together. Every famous loving couple in Paris! Edith and Marcel, John and Serge, Olive and Tom! Your loved one is out there! Somewhere! All you need is to believe in the magic of André's ice-cream!
Marinette: You're very nice, André. But I don't have a loved one"
glaciator_marinette_0006,Random balcony,"Cat Noir: (hiding behind a building) What on Earth is that? Another supervillain in love with you?
Marinette: No! That's André the ice-cream maker
Cat Noir: The sweetheart's ice-cream guy? He isn't looking too sweet right now
Marinette: It's—It's a long story"
glaciator_marinette_0007,Random balcony,"Cat Noir: Go inside, Marinette. I'm gonna lead him away from you
Marinette: (grabs Cat Noir's tail) Cat Noir! Thanks for cheering me up
Cat Noir: It was the least I could do. (leaves)"
glaciator_marinette_0008,Random balcony,"Marinette: Yeah, maybe I was wrong about him. (smiles at Tikki)
Marinette: Tikki, spots on! Ha!
Cat Noir: Hey, Snow Dude, you lookin' for me?"
glaciator_marinette_0009,Canal Saint-Martin. André opens his stand for his costumers.,"Plagg: Blagh! All this sweet talk is grossing me out! I need Camembert!
Marinette: Hello, André
André: Hey, pretty Marinette! Can I offer you some ice-cream? To eat this time
Marinette: Of course! How else would I know if your ice-cream is really the best in Paris?
André: (scoops up an ice-cream for Marinette) Peach pink like his lips and mint like his eyes! (gives Marinette her ice-cream)
Marinette: (tastes the ice-cream) It's delicious!
André: Do you still think it doesn't lock two loves together?
Marinette: Never say never. Have a good day, André! (walks away to the end of the bridge)
André: See you again soon, my dear!"
gorizilla_marinette_0001,Marinette's room. Marinette is still watching the,"Commercial voice: Adrien
Marinette: (giggles) Um, yeah! I'll be right there! (laughs nervously)
Tikki: Marinette?"
gorizilla_marinette_0002,Métro,"Adrien: (takes deep breaths) I'm so sorry I got you in this crazy mess, Marinette. Plus, now everyone thinks you're my girlfriend!
Marinette: (mock indignation) Oh, that's terrible, yeah. (normally) I mean no! I mean it's not that terrible, really. Is it? Or...not? Anyway, do you think it's gonna be okay between you and your father?
Adrien: How can anything bad happen... with my Marinette lucky charm? (takes out said item from his pocket while he winks and puts his left hand near his face)"
gorizilla_marinette_0003,Cinema. A car commercial is playing on-screen. Marinette and Adrien are both wearing disguises to hide from the fans.,"Adrien: Good thinking, Marinette. Without these disguises we never would have made it here
Marinette: No. It was your idea to duck into this dark theater, remember? (That) was smart
Adrien: Actually, this is where I was heading when those crazed fans suddenly showed up. Thanks to you, my father won't find out
Marinette: Wait. You aren't allowed to go to the movies?
Adrien: I am. With my bodyguard or Nathalie, of course. But I'm not sure my father would've allowed me to see this particular movie
Marinette: (scared) Oh, no! Please don't tell me it's a horror movie! I hate horror movies!
Adrien: No, no. Don't worry. It's a very rare movie that I've never been able to see. It's not on the Internet and my father's hidden the only DVD somewhere at home. See, my mother played the leading role
Marinette: Wow. I had no idea
Adrien: It's only being shown once. Today, in this theater. I couldn't talk to my father about it, so I decided to sneak out, unnoticed. (A movie patron next to Adrien is looking at him. He turns around to avoid being recognized by the patron)
Marinette: I don't think the ""unnoticed"" bit went too well, actually
Adrien: Oh well. At least I'll get to see it. Not to mention this is the first time I've ever come to the movies with a friend. (Marinette chuckles at him)"
gorizilla_marinette_0004,Cinema. A car commercial is playing on-screen. Marinette and Adrien are both wearing disguises to hide from the fans.,"Commercial voice: Radiant. Carefree
Commercial voice and Marinette: Dreamy. (Adrien)... the fragrance
Marinette: Ooh! It's starting!"
gorizilla_marinette_0005,Cinema. A car commercial is playing on-screen. Marinette and Adrien are both wearing disguises to hide from the fans.,"Marinette: Ooh! It's starting!
Marinette and Adrien: (surprised) Huh?
Movie patron: (texting) ""Adrien in a helmet at the movies with his girlfriend wearing a towel!"""
gorizilla_marinette_0006,Cinema. A car commercial is playing on-screen. Marinette and Adrien are both wearing disguises to hide from the fans.,"Wayhem: (puts on the helmet) Adrien, I'm coming to save you! (runs to the door and exits the theater)
Marinette: Adrien needs me!
Wayhem: Put Adrien down right now!"
gorizilla_marinette_0007,Marinette's room. Marinette falls onto her bed with happiness.,"Wayhem: (hugging the mask) I promise, Adrien!
Marinette: Oh, Tikki! I went to the movies with Adrien! It's the best day of my life! (sits up as realization dawns) Oh no! I went to the movies... with Adrien, in my pajamas, wearing funny glasses, and a towel! Oh! It's the worst day of my life! (her phone suddenly rings) Alya! (picks up the phone to see Alya with Juleka, Mylène, and Rose)
Alya: Okay, Marinette! We all saw your pics online! But we're totally lost! We need the scoop
Marinette: Oh, right! (chuckles) Not surprised. I'll just change, then I'll be right over! Wait, where are you?
Alya: At the swimming pool? We're still waiting, girl! (She and her friends all chuckle in amusement)"
grendiaper_marinette_0001,Collège Françoise Dupont. Schoolyard. Sabrina is walking with her head down while watching a video of Chloé on her phone.,"Chloé: (On the video): Can you believe this new look? Ridiculous. Utterly ridiculous
Marinette: Sabrina, what's wrong?
Sabrina: I knew I shouldn't have uploaded this"
grendiaper_marinette_0002,Collège Françoise Dupont. Schoolyard. Sabrina is walking with her head down while watching a video of Chloé on her phone.,"Rose: Don't let her ruin your day. I love your new look. You're beautiful
Marinette: (Takes out her phone) That's right. We can't let Chloé have the last word. (Puts one arm around Sabrina and uses the other to lift her phone and record a video) Hi, everyone. I wanted to show you my friend Sabrina's new look. It's creative, bold, in one word, stunning (Stops recording and uploads the video)
Rose: Amazing! (Takes a photo with Sabrina) ""Sabrina, my friend, and my fashion inspiration of the day."" (Meanwhile Nino takes a photo with Sabrina too) and posted (Uploads the photo)"
grendiaper_marinette_0003,Collège Françoise Dupont. Cooking class. Marinette is packing a heart-shaped tart in a box.,"Nelson: (Whispers in Loïc's hear) Write a mean message in the box
Marinette: (On Nino's table) I don't know which one to pick between the two
Ray: Don't do it, cockroach. Unless you want everyone to find out what you did in New York City (Holds up his phone)
Marinette: (To Nino) Thanks for your help. I couldn't decide"
grendiaper_marinette_0004,Collège Françoise Dupont. Cooking class. Marinette is packing a heart-shaped tart in a box.,"Marinette: (To Nino) Thanks for your help. I couldn't decide
Marinette: (Closes the box and puts a blue ribbon on top of it) There
Adrien: Wow! (Grabs the tart and gives it a bite) Oh! It's absolutely delicious, Marinette"
grendiaper_marinette_0005,"Marinette's room. Marinette is working on something using her sewing machine, but she receives a call through her earrings from the Horse Miraculous.","Markov: Affirmative. We have a huge system error on our hands
Marinette: Pegasus?
Pegasus: The driver wouldn't let us out and this person... Uh, this superhero... showed up!"
guiltrip_marinette_0001,Collège Françoise Dupont courtyard. Marinette and Rose are walking to the nurse's office.,"Marinette: (snaps out of it) Wah! Yes, of course. (walks out of classroom with Rose)
Marinette: So who's this Miss Heady? An imaginary friend like Unicorn Lilly you had in sixth grade?
Rose: (laughs) No, uh, Heady is just a nickname I have for my headache when she pays me a little visit. That'll teach me to leave the house without Mr. Brekkie. (Marinette looks confused) Wakie Wakie, I'm Mr. Brekkie, the big breakfast to keep you healthy!
Marinette: (laughs) I love how you see the world through rose-colored glasses. And come back as soon as you can. Say hi to Sissy for me!
Rose: Sissy?
Marinette: (shows Rose the nurse's office) Nurse Sissy's office!
Rose: (laughs) Don't worry Marinette. Sissy never keeps me long. (Rose enters the nurse's office and Marinette walks back to class)
Marinette: (opens door and walks inside) Everything's okay, Rose just missed breakfast is all"
guiltrip_marinette_0002,Courtyard at Collège Françoise Dupont. Juleka runs into the boiler room as Marinette looks around for her.,"Marinette: Juleka! Uh, I was just trying to make a joke! Uh, no, Juleka!
Marinette: Juleka!
Shadow Moth: Oh, how well I know that feeling of loneliness. The intense anxiety that no one else can share. And that only an akuma can ease. (creates akuma) Fly, and evilize that lonely heart!
Marinette: Juleka! (bumps into Adrien) Uh! (groans, and sees Adrien and immediately becomes flattered) Oh, excuse you Adrien, I didn't mean to crush on you- uh, I mean, (crash) into you! (to herself) Ugh, Marinette, this is no time for nonsense! (back to Adrien) I'm looking for Juleka, she ran out the cafeteria in tears, and"
guiltrip_marinette_0003,Back at the Boiler Room. Marinette walks over to Adrien and Juleka,"All: (The boiler room?!)
Marinette: I'm so sorry. I really am the worst class rep ever. But I don't get it, did I say something that upset you? (Juleka looks up; her face in tears)
Juleka: It's not you, it's Rose... (continues sobbing)
Marinette: What do you mean Rose?
Juleka: (tearfully) I'm worried about her
Marinette: Uh, no. Don't worry, she's fine. She's just resting in the nurse's office. Juleka, you know you can tell us anything. We're your friends, I promise we won't tell anyone else"
guiltrip_marinette_0004,Back at the Boiler Room. Marinette walks over to Adrien and Juleka,"Marinette: Uh, no. Don't worry, she's fine. She's just resting in the nurse's office. Juleka, you know you can tell us anything. We're your friends, I promise we won't tell anyone else
Marinette: Rose... (isn't) in the nurse's office..?
Everyone: She's (in the hospital?!)"
guiltrip_marinette_0005,Back at the Boiler Room. Marinette walks over to Adrien and Juleka,"Juleka: She made me promise not to tell you guys
Marinette: (guiltily) Oh, of course she made you promise not to tell us
Juleka: Please don't tell her I said anything about it"
guiltrip_marinette_0006,Back at the Boiler Room. Marinette walks over to Adrien and Juleka,"Juleka: (smiling) Thank you
Marinette: That's what friends are for
Adrien: Rose trusts you and you can trust us. We won't say anything, but now we see what you're going through. And we can help you if you need"
guiltrip_marinette_0007,Entrance of Collège Françoise Dupont. Rose and Juleka walk up the steps and Adrien hurriedly greets them.,"Juleka &amp; Rose: Hi!
Marinette: Hi there, girls!
Juleka &amp; Rose: Hi!
Marinette: Oh! (hugs Rose) I love you, Rose! I don't say it enough"
guiltrip_marinette_0008,Literature classroom.,"Rose: (heading to her seat, Marinette places a pillow on her seat.) Thank you
Marinette: These chairs are so uncomfortable. (taps the chair) But I decided to make one of these for everyone and lucky you, you just happen to be the first one to get one
Rose: Uhm.. Thank you?"
guiltrip_marinette_0009,"The cafeteria. As Marinette gets her next food, she let Rose and Juleka pass through first.","Rose: Thank you, but I actually like writing my own notes for class
Marinette: Oh, you guys can go ahead of me
Kim: Let Rose through. Everyone out of the way and let Rose through. (Juleka becomes suspicious) Uh, because it would make me very happy?"
guiltrip_marinette_0010,Science classroom.,"Olga Mendeleiev: Today, we're going to study viruses, germs, bacteria, and all the terrible illnesses that are caused by them
Marinette: (panicking) Quick! Call her parents, hurry up! (place a blanket on Rose) Put these on. Grab her tightly
Alya: (rings her phone) I can't get hold of her parents!
Marinette: Nino, call an ambulance! (pops up his phone)"
guiltrip_marinette_0011,"Bathroom. Juleka runs into a stall, and closes it shut.","Rose: Juleka. (she knocks) Juleka, I'm sorry. This is all my fault. Open up
Marinette: (in a group conversation) This is all my fault. I'm so sorry
Juleka: Everyone feels guilty because of me. (swipes her phone screen, which displays her friends conversation with countless emojis)"
guiltrip_marinette_0012,Literature classroom.,"Ladybug: She never needed a Miraculous to be a superhero
Marinette: I'm taking my present back, you'll just have to wait until your birthday like everyone else. (Everyone is shocked) Oh come on, guys, she's not made out of glass
Rose: (laughs) Oh no, I'm gonna pass out from laughter so someone take me to the nurse's office!"
guitar_villain_marinette_0001,Tom &amp; Sabine Boulangerie Patisserie. Bob is speaking with Marinette in front of her parents.,"Bob: So, are you interested?
Marinette: Uh...wait, wait, wait. Let me get this straight. You want...(me) to design the album cover for Jagged Stone?! My...all-time favorite singer?!
Bob: That's right! Requested by Jagged Stone himself. (pulls out an XY album) I brought a few visuals so you can get a sense of what we're going for
Marinette: (looks at album design) This doesn't seem like Jagged Stone material. More like...a perfume ad!
Bob: This is the direction of his new image. More modern, current!
Marinette: really? Wow. I was thinking more along the lines of–
Bob: (interrupts Marinette) Don't think! (This) is what is selling these days
Marinette: Uh...sure
Bob: And one last thing, Marinette. We're in a hurry! We need your proposal by the end of the day. You up to it?
Marinette: (looks at her parents, who nod reassuringly) Uh, yeah! Okay
Bob: (leaves the bakery) See you later, then!"
guitar_villain_marinette_0002,Le Grand Paris. Marinette presents her design to Jagged Stone in front of Bob and Penny.,"Jagged: Doesn't it look a lot like the cover of that YZ guy? Marinette, don't listen to Bob. Could you do another one? You know, Jagged style?
Marinette: (hesitantly) Yeah, sure! (Bob puts a hand on her shoulder) But I don't know if–
Jagged: (holds Marinette's hands) You're my girl, Marinette. Remember: raw, impulsive artistry. I think we're all done here, Bob"
guitar_villain_marinette_0003,Outside Le Grand Paris. Marinette is walking while looking at the cover of XY's album.,"Chloé: Sooo, you get a private meeting with your favorite star. He's staying right here in Daddy's hotel! Is Chloé the best, or is Chloé the best?
Marinette: (to Tikki) Did you hear that?
Tikki: Chloé speaking in the third person? Totally annoying!
Marinette: No! The part where Adrien likes Jagged just like me! Now I definitely can't mess up the artwork
Tikki: So, now what?
Marinette: I'm going to design Jagged Stone's next album (my) way, and no one else's
Tikki: Way to go, Marinette! Follow your instinct!"
guitar_villain_marinette_0004,Inside Le Grand Paris. Chloé and Adrien are waiting for the elevator.,"Marinette: I've gotta transform! (hides behind a tree)
Marinette: Tikki, spots on! (Marinette transforms into Ladybug)
Ladybug: Cat Noir, you okay?"
guitar_villain_marinette_0005,Le Grand Hotel. Marinette presents her second design to Jagged Stone in front of Bob and Penny.,"Jagged: (interrupts Bob) Fine, then I'm outta here! I'm sure another record company will be perfectly happy with the #2 chart topper
Marinette: Yee-haw! Tikki, I can't believe I've just designed a cover for Jagged Stone's new album!
Tikki: I'm so proud of you, Marinette! (Marinette chuckles)"
guitar_villain_marinette_0006,"Collège Françoise Dupont. Marinette and Alya are hanging out near the stairs, looking through the magazines.","Adrien: Um... hey there, Marinette. (Marinette tries to stay cool, but she almost trips) So, actually I'm a huge fan of Jagged Stone's and I saw you designed his new album cover
Marinette: I...I did! (chuckles) Crazy, huh?
Adrien: I... wanted to ask if... I could get it... autographed?
Marinette: Um, okay, sure... uh, I'll ask him. (grabs Adrien's marker and album cover)
Adrien: Ah, no. Um, actually I meant (you). (he points to her)
Marinette: (realizes everyone is watching her) Me? Me? (signs her name on the cover)
Adrien: If you wouldn't mind. (Marinette gives the marker and album cover back to him) Awesome! Thanks, Marinette! (walks away while looking at Marinette's signature)"
hack_san_marinette_0001,Marinette's room. Tom enters the trapdoor.,"Tom: Don't make me do this alone. (closes the trapdoor)
Marinette: (groans) I used up an entire month's worth of excuses in one go and it's still wasn't enough! What am I gonna do? Ladybug can't abandon Paris!
Tikki: You can't abandon your family either, Marinette!
Marinette: (groans louder and goes down from her bunk bed) I'll have to come up with a better excuse on the way. (The kwamis fly to her before she goes downstairs.) You stay here and be good. I'll be back"
hack_san_marinette_0002,Marinette's room. Tom enters the trapdoor.,"Marinette: (groans louder and goes down from her bunk bed) I'll have to come up with a better excuse on the way. (The kwamis fly to her before she goes downstairs.) You stay here and be good. I'll be back
Marinette: (from downstairs) Ow! I must've twisted my ankle! There's no way I can walk anywhere like this!
Tom: (from downstairs) I'll carry you, sweetie, don't worry"
hack_san_marinette_0003,"Interior, Gare du Nord.","Sabine: Marinette! Don't try to run away. I know my sister can be difficult. But if I survived my whole childhood with her, you can survive one weekend!
Marinette: Mom, I just really need a hug from Alya. She's my BFF, you know?
Sabine: Alright, but make it quick. The train's about to leave
Marinette: (while running towards Alya) I don't think we have a choice, Tikki"
hack_san_marinette_0004,"Interior, Gare du Nord.","Alya: You can't leave Paris. What do we do if there's a supervillain and you're in London?
Marinette: Well, we'll do... (takes off her earrings and hands it over to Alya, along with her keys) this
Alya: What do you expect me to do with these??
Marinette: If everything goes fine, nothing. Otherwise, Ladybug. And don't forget to feed the kwamis. (hugs Alya) I trust you. (runs to enter the train)"
hack_san_marinette_0005,In the train. Marinette sends Alya a message.,"Nino: Uhh... super, I guess?
Marinette: (v.o) Protip 33: When Cat Noir tells a joke, try to laugh at it even if it isn't funny. It makes him happy
Tom: (to Sabine) We can have lunch, but we don't have to stay for dessert"
hack_san_marinette_0006,In the train. Marinette sends Alya a message.,"Sabine: She doesn't like cake either
Marinette: (v.o) Pro-tip 34
Gabriel: Hack-San behaves like a computer virus"
hack_san_marinette_0007,In the train. Marinette continues to send protips to Alya.,"Alya: Markov's been re-akumatized? (removes her phone battery from her phone)
Marinette: (v.o) Protip 675: Once you've called out ""Miraculous Ladybug"", don't forget to give them the magical charm. That's all. X-O-X-O
Tom and Marinette: It's not our fault! Promise!
Marinette: There's something weird— Don't pick up!!"
hack_san_marinette_0008,In the train. Marinette continues to send protips to Alya.,"Tom: Marinette
Marinette: (panics) Alya, I'm counting on you! (continues to escape)
Tom: You're what we hold most valuable"
hawk_moth_and_the_akumatized_villains_marinette_0001,"Flashbacks from Gamer, The camera slowly drifts into Marinette's room as she writes in her diary.","Marinette: Dear diary.. Cat Noir and I just defeated another akumatized villain, and I don't know how many there have been but I still lose count
Ladybug: [Flashbacks from using the de-evilize process] Time to de-evilize! [The Akuma is caught in the Yo-yo]
Marinette: Someone has a strong negative emotion you can beat that Hawk Moth will use it to turn them into a super-villain"
hawk_moth_and_the_akumatized_villains_marinette_0002,"Flashbacks from Gamer, The camera slowly drifts into Marinette's room as she writes in her diary.","Marinette: By creating villains to fight for him, Hawk Moth been hiding in his shadows (Stoneheart is roaring and akumas coming from his mouth are forming Hawk Moth's face) he knows that we won't be able to stop him if he doesn't show up in person
Marinette: But he did mistakes
Robostus: AHAHAHAHAHAHAH, you really thought you can control me? [Robostus creates a spreading incorporal globe of data that hacks Hawk Moth's lair]"
heart_hunter_the_battle_of_the_miraculous_part_1__marinette_0001,"Continuing narration: Ladybug and Cat Noir sitting together, in view of the Eiffel Tower.","Marinette: Some people lose hope
Marinette: Others lose patience
Ladybug: (looks at him, smiling) Really? That's so awesome"
heart_hunter_the_battle_of_the_miraculous_part_1__marinette_0002,Ending narration: Luka humming while biking and delivering pizza.,"Marinette: Some lose their certainties... ((receives message from Luka, gasps and smiles warmly))
Marinette: And some have nothing to lose
Luka: ((continues humming, hands pizza to customer)) That's it! I got it! ((to customer) Gotta go, enjoy your meal. ((returns to bike)"
heart_hunter_the_battle_of_the_miraculous_part_1__marinette_0003,In the kitchen: Adrien and Kagami hide from Bodyguard.,"Adrien: ((laughing with Kagami)) Take that! ((Bodyguard burst through door but Adrien and Kagami hide behind a counter))
Marinette: ((startles)) Hey ((giggles nervously)) are you looking for something? ((Bodyguard grunts, then leaves. Marinette sighs with relief))
Adrien: Thanks, Marinette
Marinette: Kay I.. better get going. I have to take these umbrellas back to my- ((Adrien interupts))
Adrien: No wait!"
heart_hunter_the_battle_of_the_miraculous_part_1__marinette_0004,"Adrien, Marinette, and Kagami sit together on a bench","Adrien: I think we're far enough away now
Marinette: Aren't you going to get in trouble with your parents?
Adrien: It's not every day we can escape from everything they expect of us. ((turns to Kagami and they both start laughing))"
heart_hunter_the_battle_of_the_miraculous_part_1__marinette_0005,"Marinette sees Heart Hunter, transforms","Marinette: ((runs into a back alley)) Time to transform!
Marinette: Tikki, spots on! Heh!
Mayura: ((coughs))"
heart_hunter_the_battle_of_the_miraculous_part_1__marinette_0006,Ladybug and Ryuko talk about Adrien,"Kagami: Honor is mine, Longg-Sama
Marinette: The boy's famous, isn't he? You're bound to break a lot of hearts
Kagami: There's only one person I don't want to hurt. Marinette. She's the only other friend I have. But Adrien and I are made for each other. We're so alike, ((puts on Dragon choker)) I can't give him up, even for the sake of friendship
Marinette: Sometimes choices can be so hard
Kagami: We have a mission to do. Longg, bring the storm! ((Longg goes into the choker))
Marinette: Tikki, spots on! ((Tikki goes into the earrings))"
heart_hunter_the_battle_of_the_miraculous_part_1__marinette_0007,Place des Vosges,"Tikki: Don't worry, Marinette. Master Fu is very wise. If anything's happened he'd know what to do
Marinette: But Tikki, if anything's happened to him it's because of me
Adrien: Kagami! ((running towards her)) Is everything okay? What happened with Ladybug?"
heart_hunter_the_battle_of_the_miraculous_part_1__marinette_0008,Place des Vosges,"Adrien: ((surprised)) People in love? ((Kagami nods and walks towards him, placing her hands around him, they both lean in))
Marinette: ((opening the gate, distraught))
Luka: ((rides up on his bike and notices)) Are you okay, Marinette?
Marinette: ((forced)) Yeah I'm fine. ((facade breaks)) Actually no, I'm not fine at all. ((Luka walks over to her)) I'm so tired Luka, ((leans against Luka)) of all these responsibilities, of having to put up a front all the time! ((Takes a breath, crying)) of never being able to be who I truly am. ((continues crying))
Luka: ((trying to comfort her)) It's alright Marinette. You can tell me everything, or... nothing if you prefer. You can be yourself with me you know, ((Marinette straightens and looks at him, he smiles)) just yourself. ((Marinette rests her head back on his chest, he lets go of his bike and holds her.))"
horrificator_marinette_0001,Collège Françoise Dupont. Marinette's class is making a movie.,"Chloé: You ask me, he doesn't even need a mask! (she and Sabrina laugh)
Marinette: What a bratty snob!
Nino: Ivan, put the mask back on, you're playing the monster! And Mylène, we need you to stay in character!"
horrificator_marinette_0002,Collège Françoise Dupont. Marinette's class is making a movie.,"Chloé: Yeah, so what?
Marinette: Mylène! Anyone gonna go after her?
Ivan: Mylenè, wait! (takes his monster mask off and runs after her)"
horrificator_marinette_0003,Classroom. Nino is angry at Chloé for making fun of Mylène.,"Chloé: Me, lame?
Marinette: Hey, hey! Everyone chill out! You're right, Chloé is lame. But fighting isn't gonna bring Mylène back. I'm the producer, and I'm gonna do everything in my power to finish filming tonight!
Max: The deadline for the Parisian Student Short Film Festival is tomorrow evening, precisely 26 hours, 15 minutes and 14, 13 seconds from now
Marinette: Thank you, Max! And we still have editing, post-sound, soundtrack"
horrificator_marinette_0004,Classroom. Nino is angry at Chloé for making fun of Mylène.,"Chloé: Of course I have! The first scene anyway. I can even tell you that it ends with a kiss between Agent Smith and Officer Jones!
Marinette: (screams as she imagines Chloé and Adrien kissing) You wrote that?!
Alya: Hold up! (sees the script) I didn't write that!"
horrificator_marinette_0005,Classroom. Nino is angry at Chloé for making fun of Mylène.,"Max: She's right. Principal Damocles is only allowing us to use school until 6 p.m. sharp. Which leaves us 9 hours, 12 minutes and 12 seconds. 11, 10, 9, 8, 7, 6
Marinette: (grabs Alya) Adrien and Chloé kissing cannot happen! No way!
Alya: It makes no sense story wise anyway. The main character's emotional journey
Marinette: Hold on! (runs to where Adrien is) We can't let Mylène just leave just like that, it's... wrong! We all chose her to play the leading female role! And... we're all in this movie together! She needs our support. I'm gonna go find her and bring her back"
horrificator_marinette_0006,Bathrooms. The akuma arrives at the school and reaches the bathroom.,"Mylène: Yes, Hawk Moth. (turns into the Horrificator, spits goo at the mirror)
Marinette: Mylène? Mylène? (she sees the mirror, covered in goo)
Alya: Marinette! Did you find Mylène?
Marinette: No
Alya: Well, you better come ASAP, producer! There's some serious lip puckering about get going on!"
horrificator_marinette_0007,Classroom. The students are filming again.,"Chloé: I'm not scared of that Horrificator thingy, Officer Whatever-your-name-is, now kiss me!
Marinette: (opens the door, yells) CUT!!!
Nino: Marinette, what gives? We're in the middle of a shoot, and I'm the director, FYI. I say cut, no one else. Comprende?
Marinette: And (I'm) the producer! Mylène's supposed to be the star of this movie
Nino: We're out of time, and from what I can see, Mylène is MIA. Let's take it from the top, people"
horrificator_marinette_0008,Classroom. The students are filming again.,"Alya: What?
Marinette: Everyone calm down! This movie's a team effort! (to Chloé) Your nurse idea's perfect, Chloé!
Chloé: Of course it's a perfect idea. Because it's mine!
Marinette: But, Chloé, you don't have a uniform
Chloé: (gasps)"
horrificator_marinette_0009,Classroom. The students are filming again.,"Nino: Nice going, Miss Producer! Now we have no lead again!
Marinette: Yeah, but now we've just gotten rid of Chloé!
Nino: And now what?
Marinette: We go find Mylène! She's here somewhere!
Nino: I told you. Tick tock, there's no time, we need a lead now!"
horrificator_marinette_0010,Classroom. Marinette looks at Adrien.,"Max: No. What?
Marinette: Totally unbelievable
Adrien: What's that?
Marinette: Uh, I said... uh, it's... got to be believable!
Adrien: Don't worry, you'll do fine"
horrificator_marinette_0011,Classroom. Marinette looks at Adrien.,"Nino: Action!
Marinette: I'm not scared of that monster, officer Jones!
Chloé: (gasp) CUT!!! I knew it!"
horrificator_marinette_0012,Classroom. Marinette looks at Adrien.,"Chloé: If this is another one of your silly ploys to get me out of the way, you can forget it! Besides, I—
Marinette: I definitely heard that. We better scope this out!
Rose: A fruity snack for the road?"
horrificator_marinette_0013,"Court. The students go out to find what's going on, while Nino is filming.","Alya: Or they're playing a sick joke on us
Marinette: We should go to principal Damocles' office and tell him what's going on! Nino, come on! Stop filming!
Nino: Not a chance! This is just getting good!
Marinette: (to herself) Looks like it's time to bring in the alter ego
Nino: Yo, Adrien! Where are you going?"
horrificator_marinette_0014,Principal's office. Alya looks for Mr. Damocles.,"Rose: Even Principal Damocles is nowhere to be found!
Marinette: Time to transform
Nino: Anyone seen Agent Smith? I mean, Marinette"
ikari_gozen_marinette_0001,"Marinette's room. On the computer, Aurore and Mireille announce the annual Friendship Day contest.","Juleka: (mumbles; then looks happy and walks off)
Marinette: With one turn of a handle, I can raise the level? What evil mind came up with this one?
Kagami: It's no use, Mother. I am not worthy of fighting against you"
ikari_gozen_marinette_0002,Canal Saint-Martin.,"Tatsu: Very well, Ms. Tsurugi
Marinette: Here we are! With one turn of a handle, I can raise the level. Ta-da! It's Canal Saint-Martin. The water rises when the locks are opened with the handle
Tikki: Very clever, Marinette!
Marinette: Now let's keep our eyes peeled. Hopefully my new friend is here somewhere. (gasps) Oh no!
Tikki: What is it? A supervillain?
Marinette: Worse, Tikki. Kagami? My new friend? No way! She's brilliant, strong, cute
Tikki: And?
Marinette: And she's got a huge crush on Adrien! They're already fencing partners, their parents are friends, so if we win, she gets all the credit and she'll wind up being his girlfriend for sure! There's no way I'm doing this with her. Nope. Nu-uh. Not doing it! Uh-uh!"
ikari_gozen_marinette_0003,Canal Saint-Martin.,"Tikki: Marinette, this isn't fair to Kagami. If you won't be her friend, she won't be able to play
Marinette: Yeah, right. She's so smart, I'm sure she'd figure a way around it. Probably even do it twice as fast by herself. In fact, I bet I'd just slow her down if I went. (gasps) Of course! You're right, Tikki! If I stick with her, I can make us lose. And then Adrien would never see Kagami win and they'll never fall in love
Tikki: Uh, come to think of it, perhaps it would be better for you not to go
Marinette: Hide, Tikki! The game is on! (runs over to Kagami) Kagami! Woah! This must be fate! I mean, what were the odds of you and I being paired up? One in ten million at least. Right? So awesome! (chuckles)"
ikari_gozen_marinette_0004,"Sidewalk in Paris, near the Seine. Kagami is leading the way as Marinette trails behind. Her phone rings and shows a new message from Alya. Marinette opens it.","Alya: (in video) Hey girl! I sure hope your partner's as cool as mine; meet Wayhem! You'd better hurry up if you wanna get to Adrien before we do, 'cause we've already solved our first riddle!
Marinette: (hides behind a tree before recording a video herself) I'm with Kagami, can you (believe) this? Go for the win, 'cause there's no way I'm gonna let us find Adrien as long as I'm with her. (stops the recording and sends it to Alya)
Kagami: Look, we were right. We have to fish up the next clue using this rod and magnet. Here. (gives Marinette the fishing rod) Now fish"
ikari_gozen_marinette_0005,Jardin des Tuileries. Marinette crashes down on a bench and sighs.,"Tikki: What are you doing?
Marinette: Nothing
Tikki: (glares) She placed her trust in you when she gave you her phone
Marinette: But she kept looking at it the whole time. Don't you wanna know why? For all we know she could've been chatting with Adrien, texting him. Who knows what else?
Tikki: Marinette, no!
Marinette: (opens the messages app) Huh? Zero messages except the ones from the contest. (opens the contacts app) And there's only one number in her list of contacts: her mom's. She doesn't even have Adrien's number? (clicks on a third app) What's this app? Oh, shoot! So this is what Kagami was looking at the whole time
Tikki: 30 tips for making friends
Marinette: That explains everything. Her strange behavior, her weird questions
Tikki: Kagami was just trying to be your friend
Marinette: I feel so bad. Oh no! She's got my phone. If she sneaks a peak, she'll see the messages Alya and I were sending each other
Tikki: Do all humans really sneak through other people's things? (Marinette smiles guilty) You better run!"
ikari_gozen_marinette_0006,"Jardin des Tuileries, back where they separated. Kagami is slowly walking towards the sprinting Marinette.","Hawk Moth: (from his lair) Ikari Gozen, I am Hawk Moth
Marinette: Ma'am, please don't punish your daughter. Ma'am? Hello?
Tomoe: (through phone) With pleasure, Hawk Moth
Marinette: I'm sorry, I really did try to smooth things over but I think your mom's super-duper angry now and will be looking for you. I actually think you might wanna hide someplace where she won't find you"
ikari_gozen_marinette_0007,"Jardin des Tuileries, back where they separated. Kagami is slowly walking towards the sprinting Marinette.","Kagami: No! Mother! (Marinette gasps)
Marinette: I was completely wrong about Kagami
Tikki: It's never too late to make things right, Marinette"
ikari_gozen_marinette_0008,Cinema. Marinette walks up to the counter.,"Cat Noir: At least bring me back some popcorn!
Marinette: Hello, I'd like to see this movie, please
Master Fu: Excellent choice, Marinette!
Marinette: Master Fu?
Master Fu: I had to find a cover now that Hawk Moth knows my identity. Besides, I love the movies. (grabs the Miracle Box) Marinette Dupain-Cheng, pick an ally you can trust right alongside you on this mission. Choose wisely; such powers are meant to serve the greater good
Marinette: As elusive as the wind, as powerful as the flood, as swift as lightning. Yeah! (she picks up the Dragon Miraculous) I hope you enjoy the show, master"
ikari_gozen_marinette_0009,Bridge across Canal Saint-Martin. Marinette is standing atop it. Kagami approaches.,"Kagami: The game is over. We lost. (shows Marinette and image of Alya, Wayhem, Mireille, Aurore, Adrien and the Gorilla)
Marinette: No, we won the right to get orange juice together. If you still want to, that is. Nothing can stop us now
Kagami: I was wrong about you, Marinette. I'm glad this game randomly put us together. Now I understand why Adrien considers you a good friend
Marinette: Oh– uh– did he tell you that… I mean… that we're friends? (Kagami nods; Marinette manages a bitter-sweet smile; she and Kagami walk off) By the way, I've been thinking about this blood type thing. Isn't that a bit like the Zodiac thing? What's your sign?
Kagami: Dragon
Marinette: No way! I'm snake! Do they go well together?
Kagami: Actually, I don't really believe in that stuff
Marinette: Me neither, but you know what, I'm glad we're friends"
intuition_marinette_0001,Monarch's lair. Gabriel places his Alliance ring on the pedestal in front of him.,"Claudie: In space, the jet will be flying at well over six thousand miles per hour! Any more questions? (Marinette raises a hand) Marinette!
Marinette: You said the Space Jet was equipped with artificial intelligence. Can you explain how it works?
Claudie: Of course, Marinette! You're right, I haven't introduced A.D.A. yet. In fact, I'll let her introduce herself"
intuition_marinette_0002,Monarch's lair. Gabriel places his Alliance ring on the pedestal in front of him.,"Markov: That's what all little sisters say. Ha-ha, ha-ha!
Marinette: You wrote a program for Mrs. Tsurugi's Space Jet?
Max: No, I just made Markov's tech available for free on the internet, and Tsurugi Industries decided to use it"
intuition_marinette_0003,Monarch's lair. Gabriel places his Alliance ring on the pedestal in front of him.,"Markov: I'm 100% sure that someone hacked into the Space Jet remotely to cut off all the sensor's feedback circuits!
Marinette: Max, can you fix it?
A.D.A. System Control: Welcome to the A.D.A. System. Please enter your password"
intuition_marinette_0004,"On top of Tour Montparnasse. As Monarch steps out of the portal, he falls down on his knees in pain.","Miss Bustier: Everybody stay calm. Ladybug and Cat Noir are going to take care of the problem
Marinette: (fakely) Oh, Alya... I'm not feeling very good. I think I should go see the nurse
Adrien: I'll take you over there, Marinette
Marinette: (in a high-pitched voice) Uh— Okay. Thanks, Adrien"
intuition_marinette_0005,"On top of Tour Montparnasse. As Monarch steps out of the portal, he falls down on his knees in pain.","Marinette: (in a high-pitched voice) Uh— Okay. Thanks, Adrien
Marinette: Thanks for walking me over, Adrien
Adrien and Marinette: (to each other) Be careful, okay?"
intuition_marinette_0006,Monarch's lair. The lair window opens.,"Ziggy: Is it over...?
Marinette: (from the monitor) Max! You're the greatest genius the world has ever seen!
Max: (from the monitor) Only up to 99.86%!"
ivan_webisode__marinette_0001,More talking in the locker room between Marinette and Ivan. (Clip from Stoneheart.),"Marinette: The first prize was two concert tickets to see his favorite band, (The Zombie Skull Crushers,) and he wanted to go with Mylène. That's so cute!
Marinette: I tried to comfort him and told him he could enter the next contest, but he was really bummed out
Ivan: ((sighs)) I'm no good with words, anyway
Marinette: True, he doesn't talk much, combined with the fact that he looks like a giant, can sometimes give the impression that he's a big bully"
kagami_as_seen_by_marinette_marinette_0001,Marinette's room,"Marinette: Dear diary, today Kagami has asked me to come and cheer her on at a fencing tournament this weekend. I know, things have changed a lot since I first met her. Remember?
Marinette: She had shown up at school as a mysterious, masked fencer. She was really good, problem is I'm not the only one who was impressed that day. Adrien, (my Adrien) completely fell under her spell! And even worse I helped him get closer to her!
Adrien: (I was just asking you what you thought I should do about Kagami.)
Marinette: (The ice queen?)
Adrien: (What?)
Marinette: (The ice rink! Yeah that's what I said, no better place to break the ice than the ice rink.)
Adrien: (The ice rink?...)
Marinette: And they see each other all the time because their parents are friends. Remember when they went to London together?"
kagami_as_seen_by_marinette_marinette_0002,Marinette's room,"Marinette: (What if Adrien is blown away by her awesome dress and hairstyle, and if they dance together at the reception, and what if they tour the city on a romantic horse and buggy ride? It would be the end of the world!)
Marinette: And I was right. It did bring them closer. Kagami was even akumatized because of her feelings for Adrien. (Scene from ""Oni-Chan"" )
Oni-Chan: (You've been hosed Ladybug! Adrien will be mine now, forever!)"
kagami_as_seen_by_marinette_marinette_0003,Marinette's room,"Marinette: She just wants to make friends that's all. Even though she can be pretty clumsy about it sometimes
Marinette: (What's this app? Oh shoot! So this is what Kagami was looking at this whole time.)
Tikki: (Thirty tips for making friends.)
Marinette: So I don't know what to do. Can I really be close friends with the girl who loves the same boy as I do? What if she and Adrien ever- no I don't want to think about that. There's no way. I'm gonna go to the fencing tournament with her and everything will be just fine. Goodbye for now dear diary"
kung_food_marinette_0001,The Dupain-Cheng family living room. Marinette uses a French-to-Chinese translation app.,"Marinette: You'll see Tikki. With this app, I'll say it just fine. (presses the microphone button on the app) Welcome to my home. My name is Marinette
Translator App: 欢迎来到我的家，我的名字叫马里内特。
Marinette: (repeats after the translator app, pronounces the sentence wrong) No, that's not right. (repeats the translated statement and gets it correct)"
kung_food_marinette_0002,The Dupain-Cheng family living room. Marinette uses a French-to-Chinese translation app.,"Marinette: Uh, welcome Mari you're at Nette's. Uh ah, welcome to Marinette's! You're Chinese! No no no no! In Mandarin! (attempts to greet her Great Uncle in Chinese) Ugh, no wait. (Marinette reaches for phone and hands Wang Cheng the flowers, who smells them)
Marinette: (whisper shouts to the translator app on her phone)( Welcome to my home. My name is Marinette. Ugh, this is so lame
Translator App: 欢迎来到我家。我的名字叫马里内特。哎，这个真差劲。哎，这个真差劲。哎，这个-... (app malfunctions and keeps repeating ""Ugh, this is so lame!"" [However it translates to ""Ugh, this sucks""] until she closes the app and let her great uncle inside)
Marinette: (on the phone with Alya, whom she just dialed) Alya, you've gotta help me. I don't know what to do with my mom's uncle. You know, the one I told you about? Well, I don't think I can pull this off"
kung_food_marinette_0003,In the car on the way to the contest.,"Adrien: I thought you couldn't speak English
Marinette: Uh, me too
Wang Cheng: Oh, no, not good. My English not good"
kung_food_marinette_0004,"Outside the Le Grand Paris. ""The World's Greatest Chef""'s logo flashes.","Adrien: Japanese people make sushi, Chloé. Cheng Shifu is Chinese!
Marinette: Besides, he's not like ""everyone else"". My Great Uncle is the best chef in the world. His soup is legendary!
Chloé: Well, I despise soup
Marinette: So what?
Chloé: Didn't you know? I'm on the jury. Your uncle will not be getting my vote, for sure
Marinette: Oh yeah? Well, he doesn't need (your) vote to win! There are other judges with much better taste than yours
Chloé: Ugh!
Marinette: Huh, silly me, you don't have any taste! I mean, look at what you're wearing
Chloé: Ew! Don't talk about (me) like that. (walks to the stairs angrily) You've made a big mistake"
kung_food_marinette_0005,Le Grand Paris lobby.,"Adrien: (trying to push the door open) Eh! (bends down and sticks his finger in the liquid)
Marinette: What's that?
Adrien: Caramel? (tastes it) Mmm. It might taste good but it's totally indestructible. Looks like we're trapped inside
Marinette: My Great Uncle is still upstairs!
Adrien: Don't worry, I'll go find him
Marinette: Thanks. I'll... look for a way out of here"
kung_food_marinette_0006,Le Grand Paris hallway.,"Marinette: Uncle?
Marinette: I never should have riled up Chloé! I've gotta save my Uncle!
Tikki: You'll do it Marinette! I'm sure you will!
Marinette: Mhm mhm!"
kung_food_marinette_0007,Le Grand Paris hallway.,"Marinette: Mhm mhm!
Marinette: Tikki, spots on! Yeah! (Marinette transforms into Ladybug)
Adrien: Time to transform!"
kung_food_marinette_0008,Le Grand Paris kitchen. Wang Cheng cooks up the new batch of Celestial Soup and Marinette brings him flowers.,"Wang Cheng: (bows to jury) Thank you, but no longer Celestial Soup. Now called: Marinette Soup
Marinette: Huh? 谢谢 (Thank you)!
Wang Cheng: You're welcome"
kuro_neko_marinette_0001,Next morning. Marinette's room. The kwamis are asleep while Marinette continues trying to solve the issue.,"Plagg: I sure hope so
Marinette: I've got it! (This awakens the kwamis. She traces lines on her plan.) I meet him anonymously and make sure he's already got a girlfriend and that for real he thinks Ladybug is cool and all, but just like a friend. Then, I mail him the Miraculous and— ah, shoot! I need his address to mail him the Miraculous and his name too! (She scrunches up a piece of paper and tosses it into a large pile of paper which suffered the same fate.) Curse you Cat Noir! This is all your fault! (groans) Why do you have to be in love with me, huh? What am I supposed to do now?
Plagg: (to Tikki) And yet she loves my holder"
kuro_neko_marinette_0002,Marinette's room. She is psychotically scribbling over a photo of Cat Noir.,"Plagg: Who said anything about lying? I'm just asking you to smile and nod! (He flies over to a growling Marinette and clears his throat.) My dear guardian, you cannot continue keeping both the Miraculous of destruction and creation under the same roof. If Shadow Moth ever found that out and came here
Marinette: I know that, but I can't figure out how to recruit a new Cat Noir
Plagg: Because you can't know his identity, right?
Marinette: (groans and falls down, slumping)
Plagg: Well, dry your eyes! We've found the solution! Tikki's the one who reminded me of it actually
Marinette: (looks at Tikki in surprise)
Plagg: It's true that my owner is fantastic, but there is one other boy. Master Fu hesitated between the two of them when he was choosing Cat Noir, and Tikki and I liked him even better. (Tikki nods again.) He'd make a perfect Cat Noir! And more importantly, he's not in love with you, and I mean not at all!
Marinette: How can you be sure of that?
Plagg: Because... it's a kwami power! (Tikki continues nodding awkwardly nodding.) And, since I can go and present the Miraculous to him myself, you'll never know who he is! That way, you'll have a new Cat Noir, who's not in love with you at all and everything will be perfect!
Marinette: (looking at the Miraculous) But... isn't it kind of risky to leave you on your own outside without a holder with your own Miraculous? What if Shadow Moth would capture you?
Plagg: Shadow Moth doesn't even know that Cat Noir has given his Miraculous back!
Marinette: We have to agree that this new Cat Noir would be up to the challenge, right? We're spending time together, so I have to be able to get along with him. He'll have to be nice, generous—
Plagg: Hang on, I'm talking about a top shelf Cat Noir here. Brave but calm, and rational too! As strong as he is intelligent, thoughtful, and trustworthy. I promise you, take the time to get to know him and you'll see he's the Cat Noir of your dreams!
Marinette: (skeptically) Are you trying to pull one over on me Plagg?
Plagg: Oh, Sugarcube, tell her! She can trust me, can't she?
Marinette: Okay then
Plagg: (grabs the ring as the kwamis exclaim) I promise you won't regret it!"
kwamibuster_marinette_0001,The girls' restroom at Françoise Dupont High School.,"Kwamibuster: (At the TVi Tower) Wait! The show's (not) over! I am Kwamibuster! And I'm going to conduct one last scientific experiment!
Marinette: I just can't stop thinking about who Cat Noir really is! He has to be one of the boys. (exits the restroom)
Nadja Chamack: (in the news report) A new akumatized person has appeared near the TV station. It appears to be a teacher from Françoise Dupont High School"
kwamibuster_marinette_0002,The girls' restroom at Françoise Dupont High School.,"Alec: (in the safe) False! It won't!
Marinette: We gotta go, Tikki. I have to find a way to convince Cat Noir that Marinette Dupain-Cheng can't possibly be Ladybug, otherwise I won't to be able to (be) Ladybug anymore. Tikki, spots on! (transforms into Ladybug)
Plagg: Adrien, won't you like, summon me to jump in action or something?"
kwamibuster_marinette_0003,TVi Tower rooftop.,"Cat Noir: Ladybug! Ladybug, is everything...!?
Marinette: No! Don't look over here!
Hawk Moth: (from his lair) You can find out who Ladybug is and take her Miraculous from her, she's powerless now that she's lost her Kwami"
kwamibuster_marinette_0004,Fu's massage shop.,"Marinette: (puts on the Miraculous) Don't worry, Master, I only need one power, the Mouse's. I'm just wearing the other Miraculous so I can free the Kwamis. I need them to pull off my plan
Marinette: Mullo, get squeaky! (transforms into Multimouse)
Multimouse: And now, I'm Multimouse! Uh... (collapses)"
lady_wifi_marinette_0001,"Outside the classroom. Alya tries to call Marinette, but gets her voicemail instead.","Miss Bustier: Tonight I want you all to read chapter three of ""The Breathtaking France, the First Thousand Years."" Then, answer this simple questionnaire. (gives two to Alya) See to it that Marinette receives her homework
Marinette: (recording) It's Marinette, leave a message. Beep! He he
Alya: Marinette?"
lady_wifi_marinette_0002,"Outside the school. Chloé boards her limousine, Alya follows her.","Nino: So-- (Alya shushes him)
Marinette: (recording) It's Marinette, leave a message. Beep! He he
Alya: Ughh. I hate when she goes AWOL. She's not calling me back! Where is that girl?!"
lady_wifi_marinette_0003,Paris. Ladybug is jumping above ceilings. She reaches a billboard and detransforms into Marinette.,"Tikki: Time flies fast when you're saving the world. Day's already over!
Marinette: Tell me about it. I missed an entire half day of school AND half day of seeing Adrien!
Tikki: Whoever's behind all of this sure is keeping us on our toes!
Marinette: (laughs) But you don't have any toes!"
lady_wifi_marinette_0004,Marinette's room. Marinette brings out the homework from her schoolbag.,"Marinette: Good idea, mom. I'll start tomorrow. (Sabine kisses her)
Marinette: Ladybug saved Paris from destruction once again, but who's gonna save Marinette from her homework? (sees a sticky note) What's this? ""Call me. I know who the real Ladybug is""?
Tikki: No way! You think she knows?
Marinette: I doubt it. Alya's always jumping to conclusions before she has her facts straight
Tikki: But just in case
Marinette: No worries Tikki. I got it covered"
lady_wifi_marinette_0005,Marinette's room. Marinette brings out the homework from her schoolbag.,"Marinette: No worries Tikki. I got it covered
Marinette: Dang. No signal
Civilian: Sorry, miss. Cell tower maintenance. The whole neighborhood's down. No signal for the next hour!"
lady_wifi_marinette_0006,Collège Françoise Dupont. Marinette runs to the front door.,"Marinette: I'm late, I'm late, I'm late, I'm so, so late!
Marinette: (from phone) It's Marinette, leave a message. Beep! He he!
Hawk Moth: Lady Wifi, I heard through the grapevine that you're seeking to unmask Ladybug... I'd like to help you if you agree to help me too"
lady_wifi_marinette_0007,"Literature classroom. Marinette enters, and sees Adrien and Nino.","Mr. Damoclès: Yes, I was
Marinette: Oh, no! Alya! Tikki, time to transform!
Tikki: You're going to have to fight your best friend!
Marinette: Nope! I'm gonna have to save my best friend!"
lady_wifi_marinette_0008,"Literature classroom. Marinette enters, and sees Adrien and Nino.","Marinette: Nope! I'm gonna have to save my best friend!
Marinette: Tikki, spots on! Yeah! (Marinette transforms into Ladybug)()(
Lady Wifi: For my next scoop, I'll be taking you to meet the girl who's been hiding behind the Ladybug mask! (puts a pink stop icon on Denis Damoclès, freezing him) Stay connected! (turns the screen off)"
lady_wifi_marinette_0009,Outside Le Grand Paris. The mayor and two police cars are there.,"Tikki: Phew, that was too close for comfort!
Marinette: Tell me about it. (opens the door, seeing nobody outside)
Plagg: That was the chance to find out who the love of your life really is! What were you thinking?"
ladybug_cat_noir_origins_part_1__marinette_0001,Tom &amp; Sabine Boulangerie Patisserie. Marinette is in her bed sleeping while her phone is ringing.,"Marinette: Dad, these are so awesome!
Marinette: Thank you Dad, my class will love them! You're the best!
Tom: We're the best, thanks to your amazing designs. (Marinette hugs Tom, dropping the box. He catches it on his foot and tosses it up in the air, catching it before handing it to her)
Marinette: (giggles) Thanks. (Sabine hands Marinette her school bag and Marinette kisses her cheek. Tom leans down and Marinette kisses his cheek as well before rushing towards the door) See you tonight!"
ladybug_cat_noir_origins_part_1__marinette_0002,Marinette runs out of the bakery and onto the sidewalk with the box of macarons in hand and her backpack on her back. She struggles to catch herself before she stumbles out onto the sidewalk in front of an approaching car.,"Marinette: (giggles) Thanks. (Sabine hands Marinette her school bag and Marinette kisses her cheek. Tom leans down and Marinette kisses his cheek as well before rushing towards the door) See you tonight!
Marinette: (sighs in relief) Aah... (sees Wang Fu crossing the street slowly with his cane and a car fast approaching) Uuuhhaawh? (looks around at the other people stopped at the crossing, but everyone is distracted by their phones. Marinette runs onto the street and grabs Fu's wrist, hurrying him off the road as fast as she can. They manage to make it to the sidewalk in time, barely missing the car. Marinette trips on the curb while trying to get off the road, dropping the box of macarons and faceplanting onto the concrete.) Bleh
Wang Fu: Thank you, Miss. (looks at the open box of macarons, at least seven of which have been knocked out of the box and sit amongst broken pieces of another macaron splayed out across the sidewalk in front of Marinette. Fu covers his mouth) Oh! What a disaster
Marinette: (people start crossing the street. Marinette cries out and reaches her hand towards one of the macarons on the ground as a pedestrian crushes it under his shoe, looking at his phone. Marinette grabs the box and stands up) Don't worry, I'm no stranger to disasters. Besides, there are still a few left. (tilts the box towards Fu, offering for him to try one of the remaining macarons)
Wang Fu: (takes a macaron from the box and bites into it) Mmmh. Delicious! (looks up at Marinette with a grateful smile. Marinette smiles back as she shuts the box. Suddenly, the school bell rings)
Marinette: (hears the bell at her school) Oh no, I'm gonna be late! (turns back to Fu, standing up straight. She bows slightly) Ah, have a nice day, sir! (runs across the street towards the school.)
Wang Fu: (watches Marinette run off and looks down at a black box sitting in his palm with red markings on the lid) Thank you very much, young lady. (pockets the box and walks off past the bakery, holding his cane behind his back)"
ladybug_cat_noir_origins_part_1__marinette_0003,"Collège Françoise Dupont. Marinette runs through the open door past the janitor and rushes to her classroom. Cut to Marinette stumbling into the classroom, playing it off.","Chloé: Marinette Dupain-Cheng
Marinette: Ugh. Here we go again
Chloé: That's my seat
Marinette: But Chloé, this has always been my seat"
ladybug_cat_noir_origins_part_1__marinette_0004,"Collège Françoise Dupont. Marinette runs through the open door past the janitor and rushes to her classroom. Cut to Marinette stumbling into the classroom, playing it off.","Chloé: So why don't you just go and sit beside that new girl over there? (points at Alya)
Marinette: But
Chloe: Listen. Adrien's arriving today and since that's going to be his seat, (this) is going to be (my) seat. Get it?
Marinette: Who's Adrien?"
ladybug_cat_noir_origins_part_1__marinette_0005,"Collège Françoise Dupont. Marinette runs through the open door past the janitor and rushes to her classroom. Cut to Marinette stumbling into the classroom, playing it off.","Alya: Wouldn't you like to know? (walks away and grabs Marinette by the hand) Come on
Marinette: (trips and falls, spilling all but one macaron) Sorry, sorry, sorry
Miss Bustier: Alright, has everyone found a seat?"
ladybug_cat_noir_origins_part_1__marinette_0006,Marinette's room. Marinette is cowering on her seat.,"Marinette and Adrien: (confused) What's this doing here? (they open the little boxes and start glowing)
Marinette: Ahh! Help! It's a giant bug! A... a mouse! A... a bug-mouse!
Tikki: Everything's okay! Don't be scared!
Marinette: Ahh! Bug-mouse talks! (throws things at Tikki, which she dodges)"
ladybug_cat_noir_origins_part_1__marinette_0007,Marinette's room. Marinette is attempting to open the trapdoor.,"Plagg: (flies out of Adrien's hands) Your father must never know that I exist! Or anyone for that matter
Marinette: Mom! Dad!
Tikki: No, no, no! Shh! No! (flies out of the glass) I'm your friend, Marinette! You must trust me. You're the only one who can stop Stoneheart!"
ladybug_cat_noir_origins_part_1__marinette_0008,Marinette's room.,"Wang Fu: I only got it wrong once. It will never happen again. At least I hope not. (closes the box and gramophone)
Marinette: This must be some mistake! The only superpower I could possibly have is super-awkwardness. I know! Alya would know! That's my friend. Well, at least I think she would. She loves superheroes! She'd totally be up for the job! You should totally go see her!
Tikki: Marinette, you're the chosen one! (Marinette is taken aback)"
ladybug_cat_noir_origins_part_1__marinette_0009,Marinette's room. Marinette puts on the Ladybug Miraculous.,"Plagg: (rolling on top of a toilet paper roll) No good. That's why it's all going to change soon. If you're willing to change, that is
Marinette: Okay, so all I have to do is break the object where the whatchama-call-it is hiding?
Tikki: It's called an akuma. Which you must encapture
Marinette: Got it! Capture it! And what's that charm thing again?
Tikki: Your Lucky Charm! It's your secret superpower!
Marinette: (groans) This is all going too fast, Tikki. I-I... won't be able to pull this off!
Tikki: Trust yourself, Marinette. Just say ""Spots on""
Marinette: Spots on? (the earrings activate) Whoa! What is happening?! (Marinette transforms into Ladybug for the first time)"
ladybug_cat_noir_origins_part_1__marinette_0010,Adrien's room. Adrien looks exasperated while he watches Plagg eating Camembert.,"Plagg: Only Ladybug can capture akumas and repair damage caused by supervillains
Marinette: If Cat Noir can't capture the akumas, then just find another Ladybug. I told you, I'm not cut out to be Ladybug! (takes her earrings off) I'm sorry Tikki
Tikki: No, don't do--
Marinette: Tikki? (puts the earrings back in the box and puts the box in the drawer) I'm really sorry, Tikki"
ladybug_cat_noir_the_movie_marinette_0001,"Exterior, Paris. The camera pans to an overview of the Eiffel Tower, the city, to the facade of the Tom and Sabine Boulangerie Patisserie. Tom places a plate full of croissants on a shelf, with Sabine alongside him who also placed a plate piled with pastries. The two look at each other in satisfaction until a sound of a door closing is heard in the background as Marinette goes down the stairs while inserting a book inside her bag.","Tom: Ah, there she is! Marinette, your breakfast is getting cold, honey
Marinette: Sorry, Daddy. I'm not hungry today. (successfully inserts the book in her bag and zips it to close it) Gotta go!
Tom: That's fine. I'll grab some croissants on the road!
Marinette: The road??
Tom: Oh! I am so excited to take you to school!
Marinette: What— No! No, no, no, no, no. Dad, this is not the day. I'm going there alone. (wears her backpack) You don't want them to make fun of me, do you?
Tom: Of course not, honey
Marinette: (sighs) Thank you
Tom: I'll come get you after school. (Marinette eeps and stops.) I made beautiful sweets for all your friends and I didn't forget your favorite unicorn cakes!
Marinette: Oh, no. How many times do I have to tell you? I have zero friends"
ladybug_cat_noir_the_movie_marinette_0002,"Exterior, Paris. The camera pans to an overview of the Eiffel Tower, the city, to the facade of the Tom and Sabine Boulangerie Patisserie. Tom places a plate full of croissants on a shelf, with Sabine alongside him who also placed a plate piled with pastries. The two look at each other in satisfaction until a sound of a door closing is heard in the background as Marinette goes down the stairs while inserting a book inside her bag.","Tom: (gasps) No, no, no! Not the baguettes!
Marinette: Ugh, I'm sorry, Mom. I know Daddy means well, but—
Sabine: What's wrong, honey?
Marinette: I'm worried they'd make fun of me. Can you imagine what they'd think?
Sabine: Stop worrying about what others think. There's only one thing you have to listen to. (places her hand on Marinette's chest and smiles at her)
Marinette: Mom, but... how do you make your dreams come true?
Sabine: You just have to believe in yourself
Marinette: (lets out a hopeful smile) You're right, Mom"
ladybug_cat_noir_the_movie_marinette_0003,"Exterior, Collège Françoise Dupont. Nino arrives at school with his skateboard and high-fives with Alix. He spots Nathaniel and greets him as well.","Chloé: You just ruined my Gabriel Agreste sweater!
Marinette: (panics) I… I'm so, so…
Chloé: (grabs Marinette by her collar) Marinette!! You... are so—"
ladybug_cat_noir_the_movie_marinette_0004,"Interior, Collège Françoise Dupont. Marinette and Alya walk the along the corridor.","Chloé: (exasperated) I know! (proceeds to walk dramatically inside the school)
Marinette: You didn't have to do that
Alya: Oh, sorry. Did I need to take a number behind the line of friends coming to your rescue? (Marinette frowns.) Joking. Name's Alya. (puts out her hand for a handshake)
Marinette: Thanks, I… (shakes Alya's hand) I'm Marinette
Alya: You have a rep around here: a magnet for catastrophe. You do not disappoint. Some people have to try to fail that hard
Marinette: Yeah, I try… not to. You might want to stay away
Alya: Are you kidding? I live for the action shots. I'm gonna stick to you like glue. (chuckles)"
ladybug_cat_noir_the_movie_marinette_0005,"Interior, Collège Françoise Dupont. Classes are over and so Marinette and Alya walk out the classroom.","Chloé: Hey, Marinella! (closes Marinette's locker) Why don't we braid each other's hair after school? Then, I could (strangle) you with it! How does that sound?
Marinette: Wait, is that another girl wearing an Agreste sweater?
Chloé: (gasps) Who dares?? (notices that Marinette has run off) Hmph, you won't escape me, Marinella!
Marinette: (after bumping into Rose) Excuse me! Sorry"
ladybug_cat_noir_the_movie_marinette_0006,"Interior, Collège Françoise Dupont. Classes are over and so Marinette and Alya walk out the classroom.","Marinette: (after bumping into Rose) Excuse me! Sorry
Marinette: There must be an exit. An emergency exit. (leans on a shelf and groans) My life is over. I'll have to leave Paris, change my name, dye my hair! (groans and leans back on the shelf) A little luck here, please
Adrien: Are you okay? (removes one of his ear-pods)
Marinette: Oh, uh—uh... me?
Adrien: Are you crying?
Marinette: What? No, I'm not! Um... This is just, uh, allergies. There's a lot of pollen in here. I mean, not pollen, dirt— I mean... Dust! I must have it in my eyes
Adrien: Are you sure you're alright?"
ladybug_cat_noir_the_movie_marinette_0007,"Exterior, Collège Françoise Dupont. Marinette walks out of the school building until she hears Chloe call out.","Marinette: Gotta run!
Marinette: Sorry! Sorry!
Chloe: Friends don’t run from friends who hate them!"
ladybug_cat_noir_the_movie_marinette_0008,"Exterior, Collège Françoise Dupont. Marinette walks out of the school building until she hears Chloe call out.","Sabrina: Not here!
Marinette: (relieved but Tikki as a wisp unlocks the door Marinette notices) Huh? Wha? (the door opens and she falls through as it closes.)
Raymond: I knew since the moment I met you"
ladybug_cat_noir_the_movie_marinette_0009,Marinette in Master Fu's shop,"Marinette: Who saves a life saves the world?
Marinette: Uh?
Tikki: That took long enough! Phew! Huh? My goodness! (Noticing a lamp behind her tapping it with her antenna) Exciting! You discovered electricity! (Eyeing Marinette's outfit) Girls can wear pants! Finally!"
ladybug_cat_noir_the_movie_marinette_0010,Marinette's bedroom,"Tom: Honey? I can't figure out what's missing from Grandma's soup. Thyme or parsley?
Marinette: Um… rosemary?
Tom: Haha! Of course! What would I do without my choux-choux-chef? (blows a kiss) Mwah!"
ladybug_cat_noir_the_movie_marinette_0011,Marinette's bedroom,"Tikki: And…
Marinette: [deep inhale]
Tikki: And out!
Marinette: [deep exhale] You left me all alone!
Tikki: You were not alone! The other guardian?"
ladybug_cat_noir_the_movie_marinette_0012,Marinette's bedroom,"Plagg: I don't know, figure it out!
Marinette: I am never doing that again! One utter failure is enough. Mic drop. Marinette out!
Tikki: Pretty please! [whimper]
Marinette: Bye! (removes earrings)
Tikki: You- (disappears)
Marinette: [sigh] (puts the Ladybug Miraculous in the box and throws it out the window) It wasn't real. It's just a dream. Just a very, very bad dream. (it suddenly flies back in and hits her in the back of the head) Ouch! [groan] Huh? (sees the box) Oh! No, no, no! (throws the box away but shuts the windows this time but it somehow still returns and hits her in the head again) What? You wanna play this game? Haha! Fine! Two can play this game! Bye bye, you strange little fairy! Find someone else's life to ruin!
Tikki: (suddenly appears in front of her)
Marinette: Ah!
Tikki: You are the chosen one. Your challenges are adapted to your potential. Don't you understand?
Marinette: No, you don't understand! I'm afraid! I… I'm afraid. Please… leave me alone. (Tikki disappears into thin air)"
ladybug_cat_noir_the_movie_marinette_0013,Marinette and Alya are walking to the fair.,"Alya: If only you'd been there to see it!
Marinette: I think I got the gist
Alya: Can you believe it? A butt-kicking girl superhero, and I took her first picture! Couple goals, don't you think?
Marinette: You're nuts!
Alya: Why? What's up?
Marinette: That's not my… Uh, I mean, her boyfriend
Alya: How do you know?
Marinette: It's obvious. Look at the pictures. They don't look like they like each other. (Alya's phone shows the two heroes tied up together in the Notre Dame as she continues swiping) Not in this one. Or this one! Or even that one!
Alya: Anyway, I'll ask when I see her in action again
Marinette: It could be dangerous, Alya
Alya: If you want to be a reporter, you have to get close to the action"
ladybug_cat_noir_the_movie_marinette_0014,Nino and Adrien attending the fair.,"Marinette: I won't…
Marinette: I won't be afraid. Not anymore
Tikki: Are you ready, Marinette?
Marinette: What if I fail?
Tikki: You must face your own fear to protect the people you love
Marinette: Tikki! Spots on!"
ladybug_cat_noir_the_movie_marinette_0015,At Marinette's room,"Marinette: I'm gonna ask Adrien to the ball
Marinette: I've got everything planned: my outfit, what I'm gonna say, a cute bow tie
Tikki: Hawk Moth is still on the move we must stay focused
Marinette: Relax, Tikki! We've sent every villain he sent out packing"
ladybug_cat_noir_the_movie_marinette_0016,At Marinette's room,"Marinette: Relax, Tikki! We've sent every villain he sent out packing
Marinette: He's probably hiding scared
Tikki: Or, it's the calm before the storm"
ladybug_cat_noir_the_movie_marinette_0017,In the ruins of the Eiffel Tower the trio are inside the akuma swarm.,"Tikki: Marinette! Get back on your feet! Stand up! Don't let your fear win
Marinette: He's too strong. I need Ladybug. I'm nothing without her
Cat Noir: (weakly) Help me, Ladybug"
ladybug_cat_noir_the_movie_marinette_0018,Dupont School Winter Ball begins.,"Nino: Yeah, classy!
Marinette: Have you seen Adrien?
Nino: I saw him outside. He said he would join us"
ladybug_cat_noir_the_movie_marinette_0019,Outside in the streets.,"Adrien: I miss you so much Ladybug
Marinette: Cat Noir!
Adrien: (surprised) Marinette
Marinette: Or you can call me Ladybug"
ladybug_episode__marinette_0001,Outside Tom &amp; Sabine Boulangerie Patisserie. Marinette is surprised after seeing the bracelet.,"Adrien: Thank you, Father
Marinette: Ah
Adrien: I always carry the lucky charm you gave me wherever I go, and I think it works pretty well. So"
ladybug_episode__marinette_0002,"Flashback from ""Chameleon"".","Lila: (From now on, you and I are at war. You will lose your friends and wind up all alone and Adrien will soon be mine.)
Marinette: (We'll see about that, Lila, we'll see.)
Lila: My plan is taking a little longer than expected, sir. But you won't be disappointed"
ladybug_episode__marinette_0003,Collège Françoise Dupont. Everyone goes inside the classroom.,"Miss Bustier: I've graded your mock exam papers. Most of you did quite well, some better than others, but before I hand them back, Marinette, could you bring your schoolbag to me, please? I need to check something. (Marinette does so) Today, someone placed an anonymous note in my mailbox, claiming that you'd stolen the exam answers, and it looks like the anonymous person was right! (Everyone gasps)
Marinette: But that's not true! Someone must've planted that piece of paper in my bag!
Miss Bustier: But you've answered all of the questions correctly
Marinette: I did? Yes, but because I've studied"
ladybug_episode__marinette_0004,Collège Françoise Dupont. Everyone goes inside the classroom.,"Lila: This is so terribly unlike you, Marinette. You're usually so well-behaved
Marinette: Of course! You put the answers in my bag! You're the ""anonymous informer""!
Lila: (gasps) I'm coming to your defense and you're accusing me?!"
ladybug_episode__marinette_0005,Mr. Damocles' office.,"Mr. Damocles: In my office!
Marinette: But, sir, it wasn't me! I didn't do anything!
Lila: I don't know why Marinette doesn't like me! I've really tried to be her friend, but she keeps calling me a liar, getting the others to gang up against me, and now, she's pushing me down the stairs? (fakes sadness)
Marinette: Those are total lies!"
ladybug_episode__marinette_0006,Mr. Damocles' office.,"Mr. Damocles: Took, as in stole?
Marinette: Huh? That's not true! I never stole anything!
Tom: My daughter is not a thief!"
ladybug_episode__marinette_0007,Locker room.,"Lila: (gasps) My Grandma's pendant!
Marinette: She's making up this whole thing! It wasn't me! I didn't do anything, I swear! (Sabine is crying) You know Lila's lying, don't you, Adrien?
Adrien: Mr. Damocles, I don't think-"
ladybug_episode__marinette_0008,Collège Françoise Dupont.,"Tom: (declines call) We're not done with our flaky pastry yet
Marinette's voicemail: It's Marinette. Leave a message
Alya: Okay, so here's the skinny on my investigation so far. No fingerprints, no evidence. Whoever did this was very thorough. I'm sorry. We'll be in touch"
ladybug_episode__marinette_0009,Tom &amp; Sabine Boulangerie Patisserie.,"Marinette: I gotta get there before Cat Noir gets tricked!
Marinette: Oh, I'm such a klutz! Can I go change my clothes, Dad?
Tom: No need, sweetie. Don't worry, a good baker is never afraid to get dirty. You can change after you're done decorating these gingerbread men"
lies_marinette_0001,Marinette's room. Marinette is frustrated that she can't figure out a riddle in the Miraculous spellbook.,"Marinette: Tikki, I'm so confused! These riddles Master Fu translated are too cryptic
Tikki: Their meanings are hidden on purpose, to protect the secret of our magic powers
Marinette: Yeah but what good does it do if even the Guardian of the Miraculous, can't figure them out?
Tikki: Master Fu had trouble too with the first ones and remember, you were the one who helped him with the aqua power!
Marinette: (stands up, determined) You're right, I'm gonna figure this out! (Xuppu and Mullo grab an apple)
Tikki: (to Xuppu and Mullo) What are you doing? (They drop the apple on the keyboard, turning on the news)"
lies_marinette_0002,Marinette's room. Marinette is frustrated that she can't figure out a riddle in the Miraculous spellbook.,"Alec: (on computer) This special report on the fascinating life of Adrien Agreste!
Marinette: (Marinette stops what she's doing and watches dreamily) Adrien…
Alec: We were able to spend the entire day with this famous, young model! (Adrien yawns while posing for a wax statue)"
lies_marinette_0003,"The Liberty. Adrien and the rest of Kitty Section perform the end of the song they started in ""Truth"".","Rose: (Finishing a song) Yeah!
Marinette, Nino, Alya: (Stand up, cheering. Kagami claps) Yeah! Woohoo!
Nino: (runs over to Adrien, showing him his phone) I got it all on video dude! You guys were awesome!"
lila_webisode__marinette_0001,,"Marinette: Dear diary, ulch, you'll never guess who's back at school. Lila
Lila: (enters classroom) Hi, everyone"
lila_webisode__marinette_0002,,"Marinette: (narrates over the scene) She didn't fool me, of course. But I couldn't tell anyone without compromising my secret identity!
Marinette: (narrates over the scene) Still, I couldn't help but confront her as Ladybug
Ladybug: Miss Show-Off here was trying to impress you and everyone around her
Marinette: (narrates over the scene) And after such a humiliation, she disappeared"
lila_webisode__marinette_0003,,"Marinette: (narrates over the scene) And after such a humiliation, she disappeared
Marinette: (narrates over the scene) She tried to have us believe that she had gone away on vacation with Prince Ali
Lila: Prince Ali invited me and my parents
Marinette: (narrates over the scene) And I can't tell anyone about it"
lila_webisode__marinette_0004,,"Marinette: (narrates over the scene) When she got back, she tried to become friends with me. But I told her that I can see right through her
Marinette: (narrates over the scene) And now, we're at war
Lila: You will lose your friends and wind up all alone
Marinette: (narrates over the scene) And believe me, I'm not going to let her win"
lila_webisode__marinette_0005,,"Marinette: (narrates over the scene) And believe me, I'm not going to let her win
Marinette: (narrates over the scene) Although, on second thought, she might need an ally rather than an enemy. Because if she continues down this path, she will become the perfect prey for Hawk Moth!
Lila: Oh, no, Ladybug knows me so well
Marinette: (narrates over the scene) Okay, I'll make an effort to try and help her. Maybe I could ask Adrien to give me a hand. I know he doesn't believe her lies either"
lila_webisode__marinette_0006,,"Marinette: (narrates over the scene) Okay, I'll make an effort to try and help her. Maybe I could ask Adrien to give me a hand. I know he doesn't believe her lies either
Marinette: Lila is–
Adrien: A liar. Yes, I know
Marinette: (narrates over the scene) I know it won't be easy, but maybe together, the two of us can save her"
luka_as_seen_by_marinette_marinette_0001,,"Marinette (narrating): He plays guitar for Kitty Section
Marinette (narrating): And he has a really amazing gift for music
Marinette: How do you do that?
Marinette (narrating): He also proved himself a great hero when Ladybug gave him the Snake Miraculous"
luka_as_seen_by_marinette_marinette_0002,,"Marinette (narrating): He also proved himself a great hero when Ladybug gave him the Snake Miraculous
Marinette (narrating): But the thing I find most impressive about him is the way he can always tell how people are feeling
Luka: Do you feel kinda like this?
Marinette (narrating): It didn't take him long to figure out that I was in love with Adrien
Luka: Do you want to take the subway together, Marinette?"
luka_as_seen_by_marinette_marinette_0003,,"Luka: You're the most extraordinary girl, Marinette. As clear as a musical note, and as sincere as a melody. You're the music that's been playing inside my head since the first day we met. (He leaves.)
Marinette: (blushing) That was a declaration of love, right, Tikki?
Tikki: (moved) One of the most beautiful ones I've ever heard"
malediktator_marinette_0001,"Le Grand Paris, roof. Chloé is recording herself costumed as Queen Bee and as Ladybug in the former's ""secret lair"", with a caption bar reading ""Chloé TV"" on a strip of corrugated cardboard.","Chloé: Uh… she… just… dyed her hair blonde to look like me. (the entire class starts laughing again) Ugh, you're all a bunch of losers! (looks at Adrien) Except you, Adrikins. (slightly raises her voice) None of you deserve to see the rest of my documentary
Marinette: (sarcastically, louder than intended) Oh, what a shame. (immediately realizes what she just said and looks shocked; the class laughs harder; Marinette covers her mouth with her hands)
Chloé: Uh? (turns around and sees that Sabrina is laughing just as hard; when Sabrina realizes Chloé is looking, she stops immediately) I saw you laughing with the other idiots; you're fired!"
malediktator_marinette_0002,"Le Grand Paris, roof. Chloé is recording herself costumed as Queen Bee and as Ladybug in the former's ""secret lair"", with a caption bar reading ""Chloé TV"" on a strip of corrugated cardboard.","Chloé: You're all ridiculous. Utterly (riii)-diculous. (leaves)
Marinette: Ugh— seriously? She'll (never) change
André: By the power vested in me, I now pronounce you husband and wife"
malediktator_marinette_0003,"Collège Françoise Dupont. In the lunch room, Marinette, Alya and Juleka are laughing about something. They hear a helicopter, stop laughing and go out to the courtyard.","Adrien: Hey, what’s going on here? What are we celebrating?
Marinette: Chloé’s gone! She’s moving to New York!
Adrien: Chloé left…? For good?
Marinette: (still excited, not realizing that Adrien is not sharing everyone else’s enthusiasm) Yeah! Isn’t it great?
Adrien: Uh… no. I think it’s terrible! How can you celebrate a thing like that?
Marinette: (frowns) But, Chloé’s a total brat to everyone. She was useless anyway
Adrien: Nobody's (useless), not even Chloé. When I was little and wasn't allowed out, she was the only friend I had
Marinette: Ow— well, uh… shoot
Adrien: She left angry and unhappy. I can't celebrate that. (walks off sadly)
Marinette: Uh— (contemplates going after him, but decides against it) I'm really sorry, Adrien"
malediktator_marinette_0004,"Collège Françoise Dupont, courtyard. Nino has his mixing table and two large speakers set up on the floor above, while the party is still ongoing. Everyone is dancing except for Adrien, sitting in a corner, and Marinette, sitting on the stairs. Alya walks up to Marinette.","Alya: Come on, girl. Just 'cause Adrien's bummed out doesn't mean you have to be, too
Marinette: Yeah, but I think I was a bit harsh on her earlier. What if Adrien's right and Chloé (isn't) just a brat?
Alya: What else could she possibly be? Superbrat, maybe. (they hear a helicopter approaching)"
malediktator_marinette_0005,Fu's massage shop. Master Fu is counting on an abacus.,"Master Fu: Are you sure you want to give it back to… (her)?
Marinette: Don't worry, Master; I know how to make (good) use of it this time
Sabine: (cheerfully) Hello! (turns around to see Malediktator with Audrey and Cat Noir standing in the door; her facial expression turns to fearful)"
malediktator_marinette_0006,Parisian streets. Marinette is running.,"Malediktator: By the power vested in me, I declare that Marinette Dupain-Cheng's parents will leave Paris… FOREVER!
Marinette: I gotta find Chloé before Malediktator. (runs towards her parents, but doesn't notice them because she's looking on her phone)
Tikki: Marinette, look! (points at Marinette's parents, walking the streets with suitcases in their hands)
Marinette: (slows down) Uh… uh… what are they doing? Hide, Tikki. Mom! Dad!"
malediktator_marinette_0007,"Le Grand Paris, roof. Jean is picking up a chair.","Chloé: Yes, I need to do it myself
Marinette: Chloé?
Chloé: (gasps) Dupain-Cheng?"
marinette_and_alya_marinette_0001,Marinette's room.,"Marinette: Dear diary, something amazing happened today. I absolutely have to tell you!
Alya: Coming to you live, Ladyblog viewers... Look at Ladybug go! If I'm dreaming, don't wake me up!
Marinette: And when she's not reporting, she spends her time investigating and looking for any possible information about Ladybug!"
marinette_and_fashion_marinette_0001,Marinette's room.,"Marinette: Dear diary, today at school, Miss Bustier asked us what we wanna be when we grow up. Many of my friends had no idea, but I've known for a while. My dream is to become a fashion designer like Gabriel Agreste, my role model. He's Adrien's father, and he's also the best designer in the entire world! He created the (Gabriel) brand
Gabriel: Miss Marinette, very exquisite creation. You definitely have the laboring hands of a hat maker
Marinette: I'm incredibly lucky. I really hope that one day, I'll have my own brand, and that people will like my designs. In the meantime, I try to get better every day by learning new techniques and making presents for my family and friends"
marinette_as_seen_by_chlo__marinette_0001,,"Marinette: Derby hat... derby hat... derby hat.. derby hat!
Chloé: (narrating over the scene) Look, Sabrina! Looks like Dupain-Cheng's finally decided to raise funds for a new wardrobe. About time, I'm so tired of seeing her everywhere in those ridiculous clothes, everything about that lame-o is ridiculous
Marinette: (in flashback) Uh, eheheh... hey
Chloé: (narrates) Like those thoughtful presents she gives everyone"
marinette_s_double_life_marinette_0001,Marinette's room.,"Marinette: Dear diary, today Cat Noir and I managed to stop a supervillain once again! The Magician of Misfortune wanted to make the Eiffel Tower vanish in a puff of smoke! Can you imagine? Luckily, we were there to stop him, but I was late for school, and I arrived in the middle of a test with Miss Bustier!
Miss Bustier: That’s it Marinette. Go to the principal’s office!
Marinette: She gave me a note for my parents to sign, again"
master_fu_marinette_0001,Marinette's room.,"Marinette: (writing/narrating) Dear Diary: remember when Tikki got sick not so long ago? Since I didn't know how to heal a kwami, Tikki had given me the address of a vet
Master Fu: What type of cat did you say?
Marinette: Cat? Um, right! A rare hairless flying species from Kingdom of Achu?
Master Fu: Mm-hmm, unusual. (picks up gong)
Marinette: Yes, yes, very
Master Fu: We are finished. Your cat's health has been restored
Marinette: (narrating) But it turns out he wasn't really a vet
Master Fu: Hello, Ladybug
Marinette: (narrating) Tikki formally introduced me to him today"
master_fu_marinette_0002,Marinette's room.,"Marinette: (narrating) Master Fu has a great responsibility. He's the one who keeps and assigns the Miraculous
Marinette: (narrating) Remember the old man I saved as he was crossing the street back on my first day of school? That was actually some kind of test to see if I was worthy of becoming the new Ladybug. Master Fu is incredible; he's 186 and a half. Can you believe it? He's still very agile, though
Master Fu: Wayzz— (doubles over in pain)
Marinette: (narrating) Well, for his age. When he was my age he was chosen to become a Guardian and became Master Fu, but he made a mistake and lost two of the Miraculous: the Peacock and the Butterfly. And because of him, the last Guardians disappeared. Cat Noir and I have a great responsibility. We must help Master Fu get the lost Miraculous back. I really hope I can help Master Fu fix his mistake one day and thank him for changing my life when he picked me to become Ladybug. I barely know him, but I can feel that he has a lot to teach me. Don't worry little diary, I'll tell you everything. Goodbye for now!"
max_webisode__marinette_0001,,"Marinette: Dear diary, the new Ultimate Mecha Strike game is finally out! I've been waiting for it for so long
Marinette: I wanted to ask Dad to try it out with me since we always have so much fun playing video games. But he has a ton of work at the bakery today
Max: Last lap
Marinette: Maybe I should ask Max"
max_webisode__marinette_0002,,"Marinette: Maybe I should ask Max
Marinette: I like Max. True, sometimes he does have a strange way with words
Max: Of course you are my best friend, I'm 100% affirmative. But, I am also 98.2% positive, that teachers are not ready for this advancement of... evolution"
max_webisode__marinette_0003,,"Marinette: everything's 100% accurate. Besides he's a great friend, just look at him and Kim
Marinette: He's his love coach
Max: Online shopping sites, this particular jewel was ranked highest in popularity
Marinette: his living encyclopedia"
max_webisode__marinette_0004,,"Max: feline species requiring the strength to run at speeds in excess of 60 miles per hour
Marinette: and the only one who can talk some sense into Kim when he comes up with another one of his ridiculous challenges
Kim: I'm obviously the better looking one. Hey kitty kitty, how about a little race with me, huh? Last one's a rotten egg"
mayura_heroes_day_part_2__marinette_0001,Sewers. Ladybug and Cat Noir are running.,"Ladybug: I'm about to transform back. I'll go this way. You go that way. (she and Cat Noir run on opposite sides of the sewer)
Marinette: That was a close one. (reaches into her bag and pulls out a macaron for Tikki)
Cat Noir: Claws in! (detransforms into Adrien)"
mayura_heroes_day_part_2__marinette_0002,Sewers.,"Adrien: You okay, Ladybug?
Marinette: Hawk Moth has never re-akumatized so many people in one go. Something's changed
Adrien: Maybe he's figured out how to boost his powers, just like we did
Marinette: You still think we can win?
Adrien: (smiles) Like you said, we can't lose hope. People are relying on us
Marinette: But our team crumbled
Adrien: Then let's go back to what's always worked. A duo. You and me against the world, m'lady
Marinette: (smiles but then gasps upon hearing a noise) They're coming!
Adrien: You like water rides? (runs towards the sewer waters)
Marinette: (runs in the same direction) Don't forget to put your diving gear on. (jumps into the water with Adrien, eyes closed) Tikki, power-up! (tosses Tikki the aqua power-up)
Adrien: Plagg, power-up! (tosses Plagg the aqua power-up)"
mayura_heroes_day_part_2__marinette_0003,Place de Vosges. Lila bitterly watches her classmates having a picnic from her bedroom window.,"Adrien: (approaches Marinette) May I?
Marinette: No. Um, go away. No, I mean, go ahead. Please stand, I mean, sit
Adrien: Thanks. (sits besides Marinette but soon receives a phone message and then notices his bodyguard waiting for him from afar) Oh no. My father wants me to attend a charity event he's throwing. I can't stay. (stands up and looks down at Marinette) I wanted to tell you. Rose was right earlier. You're always helping people. Like that day you helped Juleka overcome her class photo curse. Or when you partnered Nathaniel and Marc together to make that comic book. Or when you helped me get to the movies so that I could see my mother on the screen. That's why everyone jumped at the chance to help you with the picnic. So today, it was our turn to help you. You're our everyday Ladybug. Have a good evening, Super-Marinette. (walks away)
Marinette: (watches Adrien walk away and runs towards him) Adrien! (bumps into him) Uh... I, uh"
mega_leech_marinette_0001,Marinette's balcony. Marinette sees the police car is driving away.,"Roger: (enters the car) Sorry, kids. I don't have a choice. I'm escorting you home to your parents. (starts to drive)
Marinette: Tikki, what should I do? Should I transform?
Tikki: I don't know, Marinette. Usually, the police deal with bad guys, but Mylène and Ivan are good guys, right?"
mega_leech_marinette_0002,Literature classroom. Marinette runs fast on her way to the classroom.,"Alya: (reads the news article) It says here, Project Oxygen will be a breath of fresh air for Paris
Marinette: A breath of fresh air? It's weird that Mylène and Ivan would be against it
Miss Bustier: (slams onto the desk) Regardless, Officer Roger has made a huge mistake. (calls Roger)"
mega_leech_marinette_0003,Place des Vosges. The audience gathered around the side of the square with Mayor Bourgeois.,"Commercial: Oxygen! Get a whiff of life. (It ends with the Oxygen Tower with Adrien and the Oxygen Tower.)
Marinette: (lovestruck) He is so beautif- (Alya points out Marinette to Adrien.) Oh, I meant, it… is so beautiful, your commitment… to save the planet
Adrien: Father told me it was an ad for a new cologne"
mega_leech_marinette_0004,Place des Vosges. The audience gathered around the side of the square with Mayor Bourgeois.,"Chloé: And real trees have to be watered. Talk about wasting water! (Mylène starts to get scared when Marinette puts an arm on her shoulder.)
Marinette: Mayor Bourgeois, perhaps Mylène and Ivan have misunderstood your project. Do you really want to take away the trees, a natural and cost-free air filter, and replace them with a tower that will absorb polluted air? So that afterwards, you can clean the air and sell it back in plastic bottles. The same bottles which will become trash and pollute our oceans?
Mayor Bourgeois: Yes, that’s it. (All of them gasp; Marinette smirks.) Uh, I mean, no. Of course not! It’s not that simple. Ecology is complicated, especially for children your age. Leave these things to the adults"
mega_leech_marinette_0005,Place des Vosges. The audience gathered around the side of the square with Mayor Bourgeois.,"Miss Bustier: And if Mylène and Ivan are trying to stop this, then we are on their side
Marinette: It’s true. The Mayor’s solution for fighting pollution is misguided
Mylène: Like so many other so-called miracle solutions that are supposed to deal with ecological problems, the thing is there’s never just one simple solution that can fix everything. What we need are lots of small solutions that can tackle the problem all at the same time. That’s why there has to be a lot of us all working together
Marinette: Good thing you and Ivan got involved to stop this, but why didn’t you guys tell us about it? The whole class would have come with you. (Ivan comes to Mylène, both looking sad and disappointed.)
Mylène: We did, Marinette. (shows the flashbacks of them protesting while schoolmates are having a conversation outside the school, Max and Kim are carrying their lunch, and Alix is listening with her headphones) We've been demonstrating against Project Oxygen for the past six months and we did everything we could to get your attention
Marinette: We're so sorry. We were just so busy doing... I don't know what it was we were doing"
mega_leech_marinette_0006,Streets. Three clones chase after a woman while Marinette hides in an alley.,"Cat Noir: (worried) I don't know where you are, but I can sure use a helping claw, m'lady
Marinette: (opens her purse) Come on, quick-
Mylène: (appears) Marinette, we can't stay here! (grabs her arm) Follow me! (opens the manhole) Come on, we can hide down there
Marinette: Oh, yeah, but I... I can't. I... I'm afraid of sewers
Mylène: There's no shame in being afraid, Marinette. I'm scared, too, of the dark, of humidity, of germs, and even mice! I was really frightened about protesting this morning but I plucked up my courage, and managed to do it anyway. Now we've got to escape and find a way to help the others. If you ever get too scared, just hold this badge (gives her badge to her) and remember, fear is a natural reflex but you can overcome it
Marinette: (opens her purse) How am I gonna do this? Oh, I know! (pretends) Oh, no! A Mini-Malediktator! Get away, Mylène! (screams) I made up! Help us to de-pollute Paris, my fellow citizens! (Mylène runs away in fright. Tikki appears.) I know, that wasn't very cool, but I had no choice. Come on, Tikki, we need Ladybug! (runs behind) Spots on! (Ladybug exits through the manhole.)"
mega_leech_marinette_0007,Place des Vosges.,"Mayor Bourgeois: I only did what was right, Miss Bustier
Marinette: Congratulations, Mylène! You and Ivan won the battle
Mylène: We all won together, Marinette"
mega_leech_marinette_0008,Place des Vosges.,"Mylène: We'll help you, Mr. Mayor
Marinette: It's good that we finally opened our eyes even though you looked gorgeous in that commercial
Adrien: What was that, Marinette?
Marinette: Uh, nothing! I just wanted to say that it was great that we all opened our eyes to the complex problems that were hiding behind that gorgeous commercial. That's what I meant, and not at all what I said before. (laughs uncomfortably while shoving away Alya along with herself)"
migration_marinette_0001,"Exterior, Marinette arrives on her scooter, dismounting it, and quickly runs towards Liberty. Alya, Nino, Nathaniel and Zoé are seen on the couch on the deck.","Alya: Creature of habit. (everyone laughs)
Marinette: Hi, hello, hey there!
Everyone: Hi Marinette!
Marinette: (starts walking to everyone and greets them one by one) Hi, Rose! Hi, Ivan! Hey, Juleka, Anarka! Luka— I was looking for you! (laughs nervously) I— I wanted to talk to you about... (rubs her hair) about... the new Kitty Section stickers! See, uh, the thing is, I put the logo of Bob Roth's record company on them, seeing as he promised you the record contract and all, but (giggles) since the deal never came through, uhm, I was wondering if we should keep them, throw them away, or—"
migration_marinette_0002,"Interior, Liberty, in Luka and Juleka's room. Luka and Marinette are sitting beside each other on his bed.","Marinette: Thanks, Luka
Marinette: WAHH!
Adrien: Hel-lo there, Marinette!
Marinette: (stutters) H-Hey, Adrien! What a surprise! (attempts to push Adrien's piano out of the way) We're stuck. (laughs awkwardly) How silly being stuck! We should try to loosen up!
Adrien: It's ok to be stuck sometimes, (holds Marinette's hand) I can help you—
Marinette: (blushes upon contact of Adrien's hand on hers) Loosen up? Nah, no, no no, no, no, no, no. It's okay. I can do it myself! (runs away, flustered)
Adrien: (continues to go down the stairs) Luka! I was looking for you. Uh, something's wrong with my keyboard: one of the keys is acting weird. (presses one of the ""broken"" keys)"
migration_marinette_0003,On the deck of the Liberty. Anarka throws a screaming Bob overboard and he falls into the Seine. She turns around to join Kitty Section.,"Juleka: (mumbles) Yeah, that'd be so cool!
Marinette: (to Luka) Do you think you guys can trust him?
Luka: Let's give him a chance"
migration_marinette_0004,On the deck of the Liberty. Anarka throws a screaming Bob overboard and he falls into the Seine. She turns around to join Kitty Section.,"Bob: Yep. It’s ugly, but it’s mine
Marinette: He owns everything you’ve made and will make over the next thousand years!?
Bob: Gotta cover all bases"
migration_marinette_0005,On the deck of Liberty. Luka is still loss for words about the contract.,"Monarch: (from his lair) To help you, I'm also giving you the essence of the Miraculous of Migration. It will allow you to teleport anywhere you want as quickly as you desire. Transfer! (taps on the re-forged Horse Miraculous, transmitting the power of Migration to Gold Record through his Alliance ring)
Marinette: Can you fix it?
Luka: (bitterly) No. No one can. (smiles) But Bob Roth didn't break (me). He can't buy my inner tune or make me betray my friends"
migration_marinette_0006,Liberty. Luka tears the rest of contract into pieces.,"Luka: Monarch sensed that I knew when he tried to akumatize me
Marinette: Ladybug and Cat Noir will always protect you
Luka: I can't become the priority, not when they have to defeat Monarch to free Paris"
miracle_queen_the_battle_of_the_miraculous_part_2__marinette_0001,Marinette is narrating. Miracle Queen is standing with Hawk Moth on the roof of the Grand Paris Hotel,"Marinette: Experiencing loss is a part of life. But good things come, too. Expect the unexpected, and embrace it
Hawk Moth: Use them well, My Queen. (Hawk Moth hands Miracle Queen the Miracle Box)"
miracle_queen_the_battle_of_the_miraculous_part_2__marinette_0002,"Ending narration: Luka hugging Marinette at the Place des Vosges, attempting to comfort her after her heartbreak.","Marinette: Yes, sometimes the road can be winding. You might even get lost along the way. But with the help from the right people, you'll always find your destination
Marinette: Sorry I- I don't why I did that
Luka: Are you okay?
Marinette: Yes. Thank you, Luka. Oh, uh, by the way, did you find that perfect tune you were looking for?
Luka: I think I did, yeah. But are you sure you really want to hear it? You're still thinking of Adrien, aren't you? (Luka sees Miracle Queen's wasps coming toward them.) Marinette! (Luka sacrifices for Marinette, turns her around and is stung by a wasp.)
Marinette: Luka? Oh, no! Not those again! Tikki, we have to take shelter! Power-up! (tosses Tikki the aqua power-up) Aqua-Tikki, spots on! (jumps into the water and transform into Aquabug)"
miracle_queen_the_battle_of_the_miraculous_part_2__marinette_0003,At the train station's boarding platform. Master Fu sees Marianne for the 'first time' with love.,"Marianne: You should always trust your heart
Marinette: Take this sir, for the journey. (Marinette hands him a box of rainbow macarons)
Master Fu: Mmm-hmm. Thank you, young lady. I will never forget you. (Marinette sighs but smiles, Marianne and Master Fu aboard the train, and Master Fu waves bye as Marinette does the same. The train departs the station, and Marinette walks away in tears.)"
miracle_queen_the_battle_of_the_miraculous_part_2__marinette_0004,"Canal Saint-Martin. At André's ice cream cart, Marinette and Adrien receive their ice creams, then walk to their friends. As Adrien sits with Kagami, Marinette sits with Luka.","Luka: You okay?
Marinette: So, how about that tune? Will you let me hear it?
Luka: Are you sure you really want to hear it? (Marinette nods. As Luka plays the tune, Marinette closes her eyes and smiles)"
miraculer_marinette_0001,Collège Françoise Dupont.,"Marinette: (to Alya) Go ahead, I'll meet you
Marinette: Chloé?
Chloé: What do you want, Dupain-Cheng?
Marinette: I don't know what Lila just told you but, you should watch out for her, besides I'm sure Ladybug will come and see you anyway with or without magic
Chloé: You making fun of me right now?
Marinette: No, No! I'm not!
Chloé: I could see Ladybug WHENEVER I FEEL LIKE IT, OKAY, so mind your own business DUPAIN-CHENG"
miraculer_marinette_0002,Collège Françoise Dupont.,"Tikki: No! Marinette talked to Chloé! You know the only person Chloé listens to is Ladybug
Marinete: (sighs) You’re right
Hawk Moth: Our ally is living up to our expectations. I can already feel Chloé's anger rising. Get ready, Mayura"
miraculer_marinette_0003,Outside Collège Françoise Dupont. Adrien enters his car and Chloé and Sabrina enter Chloé’s limo.,"Marinette: It's time
Marinette: Tikki, spots on! Yeah! (transforms into Ladybug)
August: Lollipop! Lollipop!"
miraculer_marinette_0004,Collège Françoise Dupont. Lila is talking to another student when Chloé approaches her.,"Chloé: Uh... yes? Okay, fine! You're not completely useless! (walks away with Sabrina while Lila smirks)
Marinette: I hope I didn't hurt Chloé's feelings too much. She's worked so hard
Tikki: It's for her own good. And you're also protecting Ladybug and Cat Noir by doing that. That's what being a superheroine is all about"
miraculous_london_marinette_0001,"At night in Marinette's bedroom as most of the Kwamis are asleep but Marinette is still at her desk, writing away and she stretches and yawns.","Marinette: (puts down her purse and opens it as the Kwamis fly out, takes out the Miraculous rings calls Alya and talks to her and writes in her diary)
Marinette: Bug out. (locks away her diary, puts the Miraculouses in the drawer, walks away from her desk and goes to bed with Tikki and Plagg flying after her) I did the right thing, didn't I?
Tikki: About what?
Marinette: Lying to Adrien. I couldn't tell him that his father was Monarch. I had no choice, you understand, right?
Tikki: Well... (looks at Plagg as the two look at each other) None of us is the kwami of Truth, Marinette"
miraculous_london_marinette_0002,The Burrow as Bunnyx helps Marinette up.,"Bunnyx: Can have serious consequences. We've gotta be very careful not to mess with the course of history
Marinette: You sound just like adult you
Bunnyx: Ha! No kidding
Marinette: I know! There was this one, single time when I renounced my Miraculous. Nothing will change if I take it from that specific moment
Bunnyx: I'm listening. (taps on window) Tell me where, and when"
miraculous_london_marinette_0003,Marinette's bedroom in Origins.,"Bunnyx: I'm listening. (taps on window) Tell me where, and when
Past Marinette: If Cat Noir can't capture the akumas, then... just find another Ladybug. I told you, I'm not cut out to be Ladybug! (takes her earrings off) I'm sorry Tikki
Past Tikki: No, (don't) do that!
Past Marinette: Tikki? (puts the earrings back in the box and puts the box in the drawer) I'm really sorry, Tikki"
miraculous_london_marinette_0004,Marinette's bedroom in Origins.,"Past Tom: Don't worry, sweetheart. I'm sure that young Ladybug will fix everything
Past Marinette: Yeah, sure Dad. (Present Marinette grabs the Miracle box from the drawer, closes it and returns to the Burrow with it)
Marinette: Woah, I feel like that was like ten years ago. (opens it as Past Tikki comes out of it)"
miraculous_london_marinette_0005,The Burrow.,"Marinette: (chuckles) I hope you're right. Tikki
Marinette: Spots on! Yeah! (transforms into Chronobug)
Chronobug: (looks at her suit) Isn't this a bit... flashy?"
miraculous_london_marinette_0006,The night of the robbery as Marinette and the kwamis are sleeping soundly as Chronobug arrives from a portal and hides under a desk.,"Spectral Looter: (turns to her, laughs and continues looking for the Ladybug and Cat Miraculous as Chronobug tries to attack her but nothing works as she tries to capture her with her yo-yo but still to no avail)
Past Marinette: (stirs slightly but doesn't wake up as Spectral Looter and Chronobug look at the bed, worried)
Chronobug: Ugh! There's nothing I can do against a ghost!"
miraculous_london_marinette_0007,Flashback to Re-creation.,"Gimmi: I am Gimmi, the Kwami of Reality. (Marinette is relieved from her paralysis)
Marinette: Gabriel! NO!! (slams her fist against the force field) (Don't) do this!!
Gabriel: (turns around to Marinette) Marinette, make sure that Adrien never knows about the villain that I was, (puts down the twin rings on the ground) but instead, that he remembers the times I tried to be a good father. (turns back to Gimmi)"
miraculous_london_marinette_0008,Flashback to Re-creation.,"Gimmi: So be (it)
Marinette: (gasps, looks around before walking towards the now-empty cryogenic pod)
Timestalker: (eyes the Miraculous rings, his Alliance ring, the double rings, and the Miraculouses Gabriel left but right before she can go and take them, Marinette turns around as she hides back behind the debris pile)
Marinette: (puts the Ladybug and Cat Miraculouses back on as Tikki and Plagg emerge out of them)
Timestalker: (hears something in the back, turns around and sees Nathalie sliding down into the room via a crossbow and the giant hole in the ceiling)
Marinette: What did Gabriel Agreste wish for?"
miraculous_london_marinette_0009,Marinette's bedroom in Ladybug and Cat Noir as Past Marinette enters right after the magic ladybugs.,"Chronobug: (hugs Bunnyx) Miraculous Chronobug! (throws the hand sanitizer in the air as the magic ladybugs take Marinette back to the present and the Ladybug Miraculous back to the past via a portal)
Past Marinette: (runs to grab her purse but stops to turn to the drawer, pulls out the Miracle Box and closes the drawer) Alya... Yes... Alya would be a great superhero! (tucks Miracle box away in purse and closes it)
Marinette: (jolts up, awake) Did it work? (touches earlobes and feels the Ladybug Miraculous) Yes! It worked! (laughs excitedly as Tikki and Plagg wake up as she grabs them both) It worked!"
miraculous_london_marinette_0010,That night as Marinette is hard at work.,"Plagg: Aah, so many feelings and emotions, it's nauseating
Marinette: Here, Plagg. (holds out Cat Miraculous)
Plagg: Hmm?
Marinette: I'm done with this one. You can go see your Cat Noir
Plagg: Gladly, Ladybug. Things are way too sappy in here for my taste. (flies away with his Miraculous, but stops at the window to turn back at her, hugs her, and flies out of window)"
miraculous_new_york_marinette_0001,Outside Collège Françoise Dupont.,"Cat Noir: (sighs dreamily as Ladybug leaves) She's so amazing. And so am I, by the way. I should be giving myself flowers!
Marinette: (stops running and looks at an Adrien poster) Oh! A new poster of Adrien! (takes picture)
Tikki: (peeks out of Marinette's purse) Marinette, you'll be late for school
Marinette: (lovingly) Ah! He's so perfect!
Tikki: I thought you've stopped collecting photographs of Adrien
Marinette: Uh- But it's different this time, Tikki! This is... uh, for work! It's, um, research for my future designs! Adrien and I are (done!) See? I can even look into his (beautiful) green eyes without getting mesmerized! (looks at an Adrien poster. After a while, she grins, nervously, and lovingly) Eeee... ah
Tikki: ("
miraculous_new_york_marinette_0002,Outside Collège Françoise Dupont.,"Tikki: (
MARINETTE!: )
Marinette: (quickly) Yes! Let's get going! (runs off to school again)"
miraculous_new_york_marinette_0003,Outside Collège Françoise Dupont.,"Caline: I, on the other hand, regret to inform you that I (can't) come with you after all
Marinette: Oh, no! But why!?
Caline: I just have a few medical exams I couldn't postpone, because... I will soon be having a baby!"
miraculous_new_york_marinette_0004,Outside Collège Françoise Dupont.,"Adrien: (chuckles nervously) Thanks, Lila!
Marinette: (
NO!: )
Marinette: (forced) Uh-? I mean... (no!) We made that film together, all of us! Which means Adrien must come with me! Uhh... I mean, (us!) He's our friend and you don't let a friend down! Just like in the film, when sock-Lafayette comes and helps his friend sock-Washington find freedom. (points at Adrien) Adrien, (you're) our sock-Washington!! You're our friend! And as your friend, it is (my) duty to go and see your father and (convince him to let you come with us!!)"
miraculous_new_york_marinette_0005,"Outside Collège Françoise Dupont, by the stairs. Alya and the girls question Marinette.","Alya: Adrien? Your (friend?)
Marinette: Absolutely! It was (time) I moved on! It was so painful, not being able to tell him how I felt. It made me act (completely) crazy!
Alix: (clears throat) No kidding!
Marinette: (lovingly) Oh! It's so liberating to finally just be Adrien's friend instead of ""The girl who's in love with Adrien""! I no longer get lost in his beautiful green eyes, and no longer spray his Adrien number four cologne on my pillow, and I (even) stopped binge-watching my montage of his best ads!
Alix: What about your poster collection?
Marinette: Th-Th-That's strictly for research purposes!"
miraculous_new_york_marinette_0006,"Agreste mansion. Gabriel, on his touchscreen monitor, stands angrily.","Gabriel: Have my plane ready for take-off. (leaves the room)
Marinette: And that's what makes our friendship (so) precious! And since your son is my friend- I mean (our) friend, that means he (has) to come to New York (with) us!
Gabriel: Young lady, I-
Marinette: I"
miraculous_new_york_marinette_0007,"Agreste mansion. Gabriel, on his touchscreen monitor, stands angrily.","Gabriel: I've decided to let Adrien go along with his classmates!
Marinette: Um- You have? But usually
Gabriel: You've convinced me. You really (are) a good friend to"
miraculous_new_york_marinette_0008,Outside Collège Françoise Dupont,"Marinette: (singing)♫ New York, New York, ♫
Marinette: Uh... As friends, of course! (giggles nervously)
Tikki: By the way, Marinette, who's going to protect Paris while we're in the US for the week?
Marinette: All taken care of, my Tikki!"
miraculous_new_york_marinette_0009,The streets.,"make the wish that will bring you back to me.: ) (walks away)
Marinette: Oh, I'm sorry, Luka. We'll (never) catch up to the bus!
Luka: Of course, we will! I know how important this trip is to you
Marinette: You're saying it's important because of Adrien, right? But what's important is (not) at Adrien will be there, you know? I mean, it's important to (me,) it's important to (Adrien,) because it's an important trip, but it's (not) important to me, 'cause he's just a friend!"
miraculous_new_york_marinette_0010,The streets.,"Luka: You know what's important, Marinette? That this trip helps you get some clarity
Marinette: Thank you, Luka. (kisses him)
Chloé: Yes, turns out you're in luck, I'm coming. (Everyone gasps) But only because I (decided) to. (nervous chuckle) But there is no way I'm travelling in these conditions. I'm going to sit down in first class! (walks away with Sabrina)"
miraculous_new_york_marinette_0011,The plane.,"Adrien: Hey, Marinette! What's your seat number?
Marinette: Baby... uh- BBB! 32B
Adrien: Oh, great! You're sitting next to me!"
miraculous_new_york_marinette_0012,The plane.,"Adrien: Guess I'll see you later, then?
Marinette: Right! Later! Much later! I mean, see you later!
P.A.: We are about to take off. Please put up your tray tables and fasten your seatbelts"
miraculous_new_york_marinette_0013,The plane.,"P.A.: We are about to take off. Please put up your tray tables and fasten your seatbelts
Marinette: (offscreen) Whoa! Oh! Shoot
Adrien: It's beautiful, isn't it?
Marinette: (she gasps, hears a huge thud and accidentally bumps into Adrien) AAH! (muffled) Sorry! (normal voice) I-I mean... sorry!
Adrien: Sorry, Marinette"
miraculous_new_york_marinette_0014,The plane.,"Alya: After all, isn't the United States the land of the free? (They fistbump)
Marinette: OK, then... so, uh
Adrien: Well, what I meant to say was... thanks for managing to convince my father. (hugs her)
Marinette: Oh! Uh, sure thing! (laughs) Don't mention it! That's what friends are for! For holding each other (really) tightly in the delicious aroma of cologne. (hysterical laugh)"
miraculous_new_york_marinette_0015,New York. The camera moves to New York City.,"Adrien: (checking his phone) So far, nothing to report from Paris
Marinette: Hey! What's that guy doing?
Alya: Oh, it's just Captain Redlight, organizing the traffic. There's a superhero for everything here, you know! So... what happened (on the plane with your ""friend"" Adrien?)
Marinette: Nothing! We just watched the clouds and the sunset. But (only) as friends! Watching sunsets is typical to do on the plane!"
miraculous_new_york_marinette_0016,Hotel hallway. Alya and Marinette look for their room as Jess and Aeon peek out their door.,"Alya: Group D. Awesome! At least we're in the same room! (Marinette opens the door revealing both Chloé and Sabrina.)
Marinette: Ugh! As Chloé!!
Chloé: CESAIRE AND DUPAIN-CHENG?! THAT IS THE (LAST) STRAW!! (throws a plushie at Marinette, but it is swiftly caught before entering the room)"
miraculous_new_york_marinette_0017,Rooftop. People stop dancing to see Hotdog Dan in the sky.,"Jess: (leaves the bed and picks up a guitar) Well, if we're going to watch (over) them, there might as well be (something) to watch! Isn't that what you wanted?
Marinette: Is it a bird?
Adrien: Is it a plane?"
miraculous_new_york_marinette_0018,Rooftop. People stop dancing to see Hotdog Dan in the sky.,"Adrien: Oh! That's the song we danced to at Chloe's birthday party, remember?
Marinette: Ooh, yes! (chuckles)
Adrien: Then, will you? (offers his hand to dance, Marinette freaks out and floats away, Adrien grabs her hand) Here!"
miraculous_new_york_marinette_0019,The streets from the next day. Everyone is on the bus stopping in front of the museum.,"Alya: It was so romantic, you two dancing in the moonlight, wasn't it?
Marinette: Yeah so ro- Friendly! Friendly! It was a very friendly dance! (Alya shakes her head disapprovingly until she notices Doorman.)
Alya: Hey look! That teacher over there! That's Dean Gate, a.k.a. Doorman! He can turn any door into a teleporting passage! Oh superheroes don't necessarily need to hide their true identities in America! AMAZING!! I'm going to ask him for a quote for the Ladyblog!!"
miraculous_new_york_marinette_0020,The Museum.,"Alya: Marinette, could you go and take a quick pic of Lafayette's sabre? I (completely) forgot and I gotta film Dean Gate!
Marinette: Of course! (walks away)
Dean Gate: The (real) Statue of Liberty has a hollow stone in its base, or a copy of the U.S. decoration of the Declaration of Independence"
miraculous_new_york_marinette_0021,The Museum.,"Jess: Okay! GO!
Marinette and Adrien: (shocked) Huh?! (Aeon makes a hologram of a supervillain)
Solitude: I am Solitude, and I am here to take captive of those who are loved by no one!"
miraculous_new_york_marinette_0022,The sewer. Ladybug and Cat Noir are running.,"Adrien: I renounce you, Plagg. (takes off his ring)
Marinette: (shocked) What?!
Adrien: I never wanna risk harming anyone ever again. Least of all you. (sets done the Cat Miraculous)
Marinette: Wait! (gasps)"
miraculous_new_york_marinette_0023,The sewer. Ladybug and Cat Noir are running.,"Marinette: Wait! (gasps)
Marinette: (tearfully, in melancholy) Cat Noir
Liiri: (sighs in relief) It's been a long time since we last stretched our wings, Gilbert! Gilbert?! Mr Marquis?"
miraculous_new_york_marinette_0024,"New York City on a rainy night. In one place, Adrien's phone is ringing, but Adrien doesn't pick up. In another place, Marinette slowly walks alone holding the Cat Miraculous.","Plagg: (sober) This is all my fault. (begins crying) I should've stopped him from leaving!
Marinette: He made his choice. What were we supposed to do?
Camilla: Mike Rochip, A.K.A. Techno-Pirate, is (still) on the run! Until we capture him, the French American Friendship celebration ceremony will be postponed"
miraculous_new_york_marinette_0025,Hotel.,"Alya: (upset) What is (wrong) with you, Marinette? Couldn't you see that he was just (waiting) for you to tell him to (stay?)
Marinette: What-? But I...? He... he made his choice. What did you expect me to do?
Alya: (enraged) It doesn't matter what (I) expected you to do! Who's Adrien to (you?) A friend or more than a friend? There will (never) be a better time to be clear with yourself, Marinette! Do you want him to leave or do you want him to (stay?)
Marinette: ("
miraculous_new_york_marinette_0026,New York City.,"Uncanny Valley: Marinette Dupain-Cheng, New York needs Ladybug!
Marinette: I-I'm sorry... I-I-I can't help you. I don't know her!
Uncanny Valley: Your suit's quantum masking is meant to confuse- (detransforms)"
miraculous_new_york_marinette_0027,New York City.,"Aeon: Miraclonizer is really an akumatized Techno-Pirate. Which means Hawk Moth is in New York too! We cannot defeat them without the girl who can fix everything
Marinette: I don't know if I can do this... I can't imagine being Ladybug without him
Uncanny Valley: This, I can fix!"
miraculous_new_york_marinette_0028,New York.,"your ""friend""?: )
Marinette: Ohh... I don't know, Alya
Alya: We're going back to Paris tomorrow. You can ask yourself the question then. Come on! (grabs Marinette's hand)"
miraculous_paris_marinette_0001,"Interior, the Dupain-Cheng Residence, in Marinette's room. Alya and Marinette continue their conversation.","Sabine: (gives Tom a kiss on his cheek, reassuring him) Ladybug's already got one back. Before you know it, everything will be back to normal
Marinette: I'm not sure I can do it this time, Alya. Monarch's got all the Miraculous and Cat Noir and I... it's just the two of us again. I feel like I've tried everything. I just don't know what to do anymore!
Alya: Marinette, it's normal for you to have your doubts, but you can't give up hope and—
Marinette: Alya?!"
miraculous_paris_marinette_0002,"Interior, the Dupain-Cheng Residence, in Marinette's room. Alya and Marinette continue their conversation.","Marinette: Alya?!
Marinette: (runs towards Alya) Alya!
Betterfly: Forgive my intrusion, young lady. Please, don't be scared. My name is Betterfly. I need someone to lead me to the holders of the Miraculous of the Ladybug and the Black Cat in your world
Marinette: Ladybug and Cat Noir? But... I-I don't know how to find them. I... I don't know them. I'm just Marinette, just a normal girl
Betterfly: I beg you, please. They're my last hope!
Marinette: I'm not sure there's anything to hope for from Ladybug. (looks down)"
miraculous_paris_marinette_0003,"Interior, the Dupain-Cheng Residence, in Marinette's room. Alya and Marinette continue their conversation.","Betterfly: You can't stay here! They're merciless! (carries Marinette in his arms and leaps out to the balcony as Tikki follows them from behind)
Marinette: Hey! Let go of me!
Claw Noir: There! You can have your boyfriend back! (Shadybug pulls out his belt) Hey! (Shadybug uses the belt to tie Ubiquity and keep her captive.) Don't yank the tail!"
miraculous_paris_marinette_0004,The Eiffel Tower. Betterfly leaps to the tower's staircase and gently puts down Marinette.,"Tikki: Are you okay, Marinette?
Marinette: Yes. No... I don't know, Tikki!
Alya: Marinette! Did you get away from that supervillain?
Marinette: I think he's the holder of the Miraculous of the Butterfly, Alya. Except, a superhero, not a villain!"
miraculous_paris_marinette_0005,The Eiffel Tower. Betterfly leaps to the tower's staircase and gently puts down Marinette.,"Tikki: They're the holders of the Miraculous of the Ladybug and the Black Cat from one of the billions of parallel universes in existence, and those two are not very nice versions
Marinette: Parallel universes? Why didn't you tell me about this?
Tikki: It's just, I've lived for billions of years in every single one of these universes simultaneously, and there simply aren't enough hours in your lifetime to tell you even the tiniest bit about it... so, I choose to stick to the basics and make the most of the time we have together"
miraculous_paris_marinette_0006,Sewers. Ladybug and Cat Noir are on either side about to detransform.,"Ladybug: Spots Off! (detransforms into Marinette and feeds Tikki a macaroon.)
Marinette: What's wrong?
Betterfly: Your world is so different, so beautiful. You help each other, you're partners! In mine.. any form of mutual aid is a crime
Marinette: Yet... you use your Miraculous for good!
Betterfly: In my universe ordinary people don't even know about the Miraculous, it's a secret. They all belong to The Supreme who uses them only to perpetuate his own power"
miraculous_paris_marinette_0007,Marinette's room. Shadybug is searching and moving things around for a clue,"Claw Noir: (mockingly) I'm Ladybug! But my real name's Lazybug, because I'm lazy in every single dimension! I wish you were Claw Noir because he's the real cool cat!
Marinette: (voiceover) Dear Diary, I can't believe I made such a blunder! I'll just die of shame this time for sure! I had a presentation to do with Adrien, my Adrien!
Shadybug: (disgusted) Eugh! How can anybody be so disgustingly sweet?.. (She flips a page)
Marinette: (voiceover) Uh, Cat Noir. We haven't known each other very long but it feels like we've been together forever
Shadybug: (Widens her eyes in realization) Ah! Ladybug. Of course, I should've known
Marinette: (voiceover) I mean that we've been fighting villains together right? Because there's absolutely nothing between us! He's just my partner Ah- my teammate is what I mean!
Shadybug: (Shadybug looks over to Claw Noir for a moment who is throwing and catching his staff periodically) Ugh! (She flips a page.)"
miraculous_paris_marinette_0008,Marinette's room. Shadybug is still reading Marinette's diary,"Marinette: Tikki, do you really think that the person behind that evil Shadybug's mask could be, me?
Marinette: (voiceover) The girls were here for me, as always. They really are the best! They inspire me everyday, each one in their own way
Shadybug: (Shadybug makes a small smile as she reads the words on the page, before she shakes her head to stop. She then continues reading)
Marinette: (voiceover) Alya and me, we're BFF's, it's so amazing to have a best friend like her. We're super close y'know, she's always there for me
Shadybug: (She sniffles slightly as she turns the page)
Marinette: Tikki quickly became my friend, she always looks on the bright side and restores my confidence when I feel all is lost
Shadybug: (tears start to form in Shadybug's eyes which she wipes away to continue reading.)
Marinette: (voiceover) The first thing that comes to my mind when describing my mom is how calm and gentle she is"
miraculous_paris_marinette_0009,Marinette's room. Shadybug is still reading Marinette's diary,"Marinette: (voiceover) The first thing that comes to my mind when describing my mom is how calm and gentle she is
Marinette: (voiceover) Dear diary, I finally know why Hawk Moth wants our magic jewels so badly! By combining my Miraculous of the Ladybug with the one of the Black cat, you get to make a wish. But for that wish to come true, there would be a price to pay. For example, if a robot became human, then someone would have to lose their humanity in return. That's why we can never give up on our Miraculous, no one must make a wish, the balance of the universe is at stake!
Shadybug: (Takes the picture with the instructions out of the diary and then jumps down from the wooden support as Claw Noir observes Marinette's Adrien board.)"
miraculous_paris_marinette_0010,Marinette's room. Shadybug knows Claw Noir's identity.,"Re-Verse Marinette: Nevermind. (She reads the instructions before commanding) Tikki, Plagg, reveal yourselves! (The two kwamis with a magical seal on their mouths hug each other in fear before obeying the command.)
Re-Verse Marinette: Why fight to get a better life, when I could just switch with someone else's in another world. (Marinette reads the instructions again.) Gimmi, reveal yourself!
Alya: (Alya this time acquires Sabine's phone successfully but quickly hides as Sabine is once again awoken by the TV.)"
miraculous_paris_marinette_0011,"Marinette's room. A deep voice booms, scaring Marinette and Adrien","Sabine: (Hearing the sound from downstairs) Marinette? Is everything alright?
Re-Verse Marinette: (angrily) Yeah, whatever just get off my back!
Sabine: (surprised with her outburst) Are you sure you're okay, sweetheart?
Re-Verse Marinette: Yes! I'm okay I- (She looks at Adrien, who looks sadly at her and softens, pretending to be her counterpart) Sorry.. Mommy dear I- I just.. dropped my sewing machine, but it's fine it's just.. slightly damaged. (Looks at her reflection in the shattered mirror, the veins on her neck are extremely visible now, reaching up to her face.)
Sabine: Don't worry sweetie we'll take care of it! Broken things can always be fixed. Goodnight sweetie, I love you! (Marinette looks surprised at this)
Re-Verse Marinette: (sadly) I.. love you too.. Mom
Sabine: Wish Alya a goodnight for me! (Sabine leaves to go to bed)
Re-Verse Marinette: Tikki, Blots On.. (transforms into Shadybug)"
miraculous_paris_marinette_0012,Collège Françoise Dupont,"Cat Noir: (Sadly) I know
Marinette: If you read my diary, then you'd know, it's not all that easy. Everything often hangs by a thread. I too was very angry, I too was hurt. I too was scared. (Shadybug removes her Lucky Charm, creates a sword and walks over to Marinette) And I still struggle with all of this (Shadybug pins Marinette to a wall) everyday. (Shadybug grabs the Butterfly Miraculous) You don't need any magic jewel. Powers didn't change my life. I changed the way I saw myself. I decided to love myself. To love the world around me. And I decided that I could fix what was wrong in it. I'm sure that if you changed the way you see yourself and your world, you'll be able to fix what's wrong with it too. Just like I do here, every time. You can fix it all
Shadybug: I don't want to do that corny stuff
Marinette: By doing it, in a way, you'll also fix yourself. (Shadybug wipes her eyes and looks at her Lucky Charm in her hand.)"
miraculous_paris_marinette_0013,A parallel universe where Scarabella and Kitty Noire are the main heroes in Paris.,"Monarch: Your earrings are mine! (Just before Monarch can grab them, the Ladybiquity from this universe grabs Monarch's arm as he sees her)
Ubiquity (Marinette): It's not gonna happen in this world, Monarch! (Kitty Noire sees this, smiles happily and Ubiquity punches Monarch as he falls through a portal)
Ladybiquity: Not here either! (Monarch yells out in fear) Hai! (She kicks Monarch in the stomach) Yah! (Monarch is kicked in the face) Eh! (Monarch is kicked near the face)"
miraculous_paris_marinette_0014,Marinette's bedroom,"Alya: You ok, girl?
Marinette: Yeah, I was just thinking, life can really go in any which way. (Alya lies down with Marinette) If we hadn't found ourselves sitting next to each other at the start of the school year, I don't know if I would've become confident enough to become Ladybug. And who knows what would've happened today?
Alya: You made all the right choices, Marinette
Marinette: Do you remember what you told me on the first day of school? ""All that is necessary for the triumph of evil-"""
miraculous_paris_marinette_0015,Marinette's bedroom,"Marinette: Do you remember what you told me on the first day of school? ""All that is necessary for the triumph of evil-""
Marinette and Alya: (In unison) ""-is that good people do nothing!""
Marinette: I only made the right choice because you're a good person, Alya"
miraculous_shanghai_marinette_0001,Roof of the Tom &amp; Sabine Boulangerie Patisserie/Dupain-Cheng bakery. Ladybug arrives and de-transforms.,"Marinette (narrating): Basically, we thought everything was going well
Marinette (narrating): until everything started to go wrong
Sabine: ((taping a package)) Sorry, Marinette, but I can't get away from the bakery today, and if the package doesn't get set off (today), Wang Cheng|uncle Wang won't get it in time for his birthday!"
miraculous_shanghai_marinette_0002,"Marinette's house, living room.","Sabine: ((taping a package)) Sorry, Marinette, but I can't get away from the bakery today, and if the package doesn't get set off (today), Wang Cheng|uncle Wang won't get it in time for his birthday!
Marinette: Alright, I'll go
Sabine: Thanks, sweetie. ((Marinette leaves with the package.))
Marinette: ((reaches out her phone, nearly dropping the package in process, and calls Alya; from Alya's phone)) I'm experiencing a little setback"
miraculous_shanghai_marinette_0003,Dupain-Cheng bakery. Sabine is attending a customer.,"Gabriel: Precisely, Nooroo. Ladybug and Cat Noir's Miraculous have been holding me in check for too long. I won't pass on an opportunity to destroy them with this higher power. What I started 15 years ago I will finish tomorrow. At last
Marinette: (enters) Mom!
Sabine: ((turns to her)) The package! It'll never make it in time!
Marinette: Yes it will, because I'm gonna hand it to uncle Wang myself. ((Tom and Sabine look perplexed.)) You see, because it's high time I visit my uncle in person! Because my uncle- ((trips over the package and gets up.)) It's my roots. And I've been trying to connect to Adri- I mean, (my roots) - for so long! And he keeps- I mean, (they) - keep eluding me. ((Tom and Sabine look at each other)) And without him- I mean (them) - without my roots- I mean, (I feel incomplete!) ((She covers her face with her hands and peeks from between her fingers.))
Sabine: Marinette, are you saying that... you want to go to Shanghai?!"
miraculous_shanghai_marinette_0004,Dupain-Cheng bakery. Sabine is attending a customer.,"Tom: you'll have to go alone. ((He closes the box.))
Marinette: ((gasps and squeals, then hugs her parents)) You're the best parents in the whole world!
Wang: What a joy to see you again, I'm so happy you've finally made the trip!
Marinette: Yes, it's a good thing, and this way you'll get your present on time
Wang: Your visit is my present, Marinette. Your mother told me that you wanted to connect with your roots, and that's the happiest you can make me. The restaurant had a lot of guests planned for this week, but I cancelled everything! I took a vacation for the first time since... ((sad realization)) since your mother moved to France
Marinette: You didn't have to do that for me
Wang: Of course I did, family is sacred!
Marinette: ((smiles)) Your English has improved a lot since you last came to Paris
Wang: I have worked hard so it will be easier to communicate with you. ((Marinette's phone receives a notification; Marinette checks it.)) And now I can tell you all about your ancestors, ((Marinette's phone shows a picture of Adrien)) and show you every family photo! ((Marinette looks at the skyscrapers.)) Next time, I'll take you to visit the wonders of Shanghai, and teach you all the Chengs' traditional songs!
Marinette: The Chengs have traditional songs?"
miraculous_shanghai_marinette_0005,Thousand Delights restaurant. Wang's car arrives and they go in.,"Wang: Yes, Bastille, I'm very proud to finally introduce my grandniece Marinette to you!
Marinette: ((recovering from the surprise)) Nice to meet you, uh... Bastille!
Wang: Bastille has always been in the family, look. ((Shows family photos.)) He was already there with grandpa Yan and granny Mei Chei, and with Xia Bing, your mother
Marinette: Xia Bing?
Wang: Yes. She only took the name Sabine when she moved to France
Marinette: ((moves closer)) Wow... I've never seen that photo of mom"
miraculous_shanghai_marinette_0006,Thousand Delights restaurant. Wang's car arrives and they go in.,"Wang: Yes, Bastille, I haven't forgotten. ((Turns to Marinette.)) Do you remember my style of cooking?
Marinette: Huh? Uh... Oh, right, ((laughs)) you always improvise around something that fate brings you
Wang: And today, fate has brought you, Marinette
Marinette: But... I don't have any ingredients on me. ((Her phone receives another notification, and Marinette checks it with a nervous giggle. It's another photo of Adrien. She gasps.)) I know! I could go for a walk and see if fate brings me Adri- I mean, a magic ingredient!
Wang: Aren't you afraid of getting lost? You don't even speak Mandarin!
Marinette: I won't get lost. I have my phone. It has a GPS and a translator
Wang: Very well, but don't go too far. You can find everything you need in the neighborhood. ((Marinette runs off.)) I'm sure our meal tonight will be very special indeed! ((Bastille squawks.))"
miraculous_shanghai_marinette_0007,Fei walks from an alleyway to the Bund district.,"Adrien: ((thinks a bit and realizes)) I've got what you need, Plagg! Remember Wang Shifu, Marinette's uncle? His Thousand Delights restaurant is in this town! ((Plagg gets excited. Adrien turns to his bodyguard.)) There's a place I'd like to go. Do you mind?
Marinette: ((makes it to the Bund district and looks around; she sees Adrien on the other side of the road. She tries to go to him but bumps into Fei)) Sorry! ((Fei walks away, and Marinette waits for the green light impatiently. Fei opens the purse she stole from Marinette. Tikki pretends to be a toy. Fei reaches her out and examines her. Marinette waves her arms.)) Adrien!! Adrien!!! ((Fei discretely turns back to Marinette).) Adrien! ((Fei steals Marinette's phone, kwagatama and earrings as Adrien gets into a taxi.)) Adrien
Jiao: ((noticing Fei)) Hey! 你！停下！ ((Speaks Mandarin): You! Stop!) ((The light turns green, and Fei runs across the street, bumping into Marinette in process.))
Marinette: Oh, sorry! ((She sees the boys chasing Fei.)) Oh no! That poor girl needs help! ((She starts to cross the street but sees that Adrien is driving away.)) Shoot! ((She crosses the street.))"
miraculous_shanghai_marinette_0008,"Alleyway. The boys chase Fei, and Marinette runs here to hide and transform.","Marinette: Oh, sorry! ((She sees the boys chasing Fei.)) Oh no! That poor girl needs help! ((She starts to cross the street but sees that Adrien is driving away.)) Shoot! ((She crosses the street.))
Marinette: Tikki, spots on! Uh, Tikki? ((She looks down and realizes that her purse is missing. She looks around, scared.)) Tikki! ((She touches herself and notices with horror that her kwagatama is missing, too. She touches her ears with shaky hands and discovers that her Miraculous is gone.))
TIKKI!!!: ((She falls to the ground and starts crying.))"
miraculous_shanghai_marinette_0009,Thousand Delights restaurant.,"Wang: ((looks at the clock again)) I'll call her anyway. ((Dials Marinette.))
Marinette's voicemail: It's Marinette, leave a message, beep!
Wang: Marinette, this is uncle Wang. I hope you didn't get lost. I've got Adri- ((Adrien shushes him)) uh... a surprise! See you soon. ((Hangs up.))"
miraculous_shanghai_marinette_0010,Alleyway. Marinette finishes drawing a picture of her with arrows towards her earrings.,"Man: ((posing and pointing at himself)) 对！我也想要 ((Speaks Mandarin): Oh yes! Me too, please!) ((Marinette is confused. She sighs with disappointment. An old lady tells her with gestures to follow her and offers earrings.))
Marinette: Oh! These are nice, thank you, ma'am! It's not what I'm looking for, but it's very kind of you
Old lady: 你带上它会特别漂亮 ((Speaks Mandarin): When you wear them, you will look very pretty.) ((She gently puts the earrings in Marinette's hands.))
Marinette: Thank you"
miraculous_shanghai_marinette_0011,Nighttime. Marinette continues to roam around the streets of Shanghai.,"Jiao: ((arrives to the street where Marinette is on a motorbike)) 那！就是她！就是刚才的小姑娘！((Speaks Mandarin): There, that's her! It's the little girl from before!) ((Reaches for Marinette's kwagatama. Marinette runs away, frightened.)) 小姑娘，我们找到你的项链！((Speaks Mandarin): Little girl, come back! We found your necklace!) ((Follows her.))
Marinette: ((runs away and bumps into Fei)) Sorry! ((They both gasp.)) You're the girl they were chasing earlier! They're running after me now. I guess you don't speak a word of English, either
Jiao: 是她！是她小偷！((points at them)) ((Speaks Mandarin): It's her! She's the thief!)"
miraculous_shanghai_marinette_0012,Street with a store.,"Fei: I think we're okay now. Why were you alone in Shanghai?
Marinette: I'd gone out to meet with a friend, ((Fei notices the news report)) and then I realized that someone had stolen my things. ((Passerbies look at Marinette. Fei notices this.))
Fei: Come on! ((Drags Marinette to an alleyway and takes a hat out of her backpack.)) Put these on, in case we bump into those kids who were chasing us again
Marinette: Why do you have all these costumes in your bag?
Fei: I... I just got back from a costume party! ((Now in disguises, they turn to another street.)) Let's take a bike. I thought of something about your earrings. I know a street filled with pawn shops. Maybe your thief tricked one of the owners into buying your things, pretending they were theirs
Marinette: Oh... Okay. Oh! Do you think we could find the number to my uncle's restaurant so I can call him? He must be worried
Fei: Uh... I ran out of credit. I can't call anyone, sorry. Don't worry! ((Takes a bike.)) You'll be able to reassure him in person very soon
Marinette: What's your name, by the way?
Fei: Fei
Marinette: I'm Marinette. ((Hugs Fei.)) I'm so lucky I ran into you! ((Fei looks back guiltily.))"
miraculous_shanghai_marinette_0013,Fei and Marinette continue riding.,"Passerby: Sorry, I haven't seen her. Good luck finding your citizen! ((He walks away, and Cat Noir uses his stick to continue searching.))
Marinette: Ugh, I knew I should have started Mandarin lessons a long time ago... What about you? How come you speak English, Fei?
Fei: My father loved that language, he wanted me to know it. Besides, his Kung Fu school had lost all its local customers, but... he thought he could teach Kung Fu-loving tourists. But his school went up in smoke, and with it, everything he believed in
Marinette: Not everything: (you're) still here
Fei: I've become the complete opposite of what he believed in!
Marinette: I don't get it. He wanted you to be mean and a selfish coward?
Fei: Why would you say that?
Marinette: Fei, you've been helping me for hours now even though you don't even know me, and you were super brave protecting me from the kids who were chasing me! ((Hugs her.)) You're such an amazing person! So... If your father wanted the opposite for you
Fei: ((guiltily)) I'm not as amazing as you think. ((They make it to the street.)) We're here. ((Parks bike.))"
miraculous_shanghai_marinette_0014,Thousand Delights restaurant.,"Fei: ((guiltily)) I'm not as amazing as you think. ((They make it to the street.)) We're here. ((Parks bike.))
Marinette's voicemail: It's Marinette, leave a message, beep! ((Wang hangs up. Placide I.T. calls Adrien.))
Adrien's voicemail: You've reached the voicemail of Adrien Agreste. ((Placide I.T. starts walking away.)) Leave a message and I'll"
miraculous_shanghai_marinette_0015,Alleyways. Fei and Marinette run from the men.,"Lian: We don't take orders from a thief! ((Points finger ant Fei accusingly.))
Marinette: ((looks shocked at Fei)) A thief?
Fei: He- he doesn't know what he's talking about! ((The security men head to fight the boys, who await them in battle positions.)) Run! ((Fei and Marinette escape. The men try to go after them but are held back by the boys. While running, Fei looks up at the moon.))"
miraculous_shanghai_marinette_0016,Wu Shifu's school. Gabriel observes the moon as the Magical Eclipse starts.,"Gabriel: Who said (I) would be the one challenging him? ((He turns around when he hears voices and hides.))
Marinette: What's (this) place?
Fei: This is where I live"
miraculous_shanghai_marinette_0017,Wu Shifu's school. Gabriel observes the moon as the Magical Eclipse starts.,"Fei: This is where I have to be ((looks at the moon)) right now. ((She walks forwards, and Marinette looks around.)) Sorry, that's all I have. ((She offers a beverage to Marinette.))
Marinette: ((sips)) Fei, why do we have to be here?
Fei: I have to guard my father's legacy
Marinette: But, your father... ((Looks down at his portrait surrounded by flowers.))
Fei: disappeared with his school
Marinette: Oh- I'm so sorry
Fei: They did everything to make us leave. Everything! Intimidation, burglary... They took everything from us, even the bracelet he had entrusted me with. The jewel I told you about, it's as precious to me as your earrings are to you, except that this jewel had a power
Marinette: ((gasps)) Who are ""they"" exactly?
Fei: Precisely, I don't know. It's my search for their identity that brought us together today, Marinette. There's something I've got to tell you. I-"
miraculous_shanghai_marinette_0018,Wu Shifu's school.,"Fei: Don't you (dare) talk about my father! ((Marinette notices the akuma.)) I may have failed him, but it's over. I'll find the answers all by myself! ((Marinette tries to run away, but Fei stops her.)) Marinette, you have to stay with me, I'm the only one who can protect you!
Marinette: You haven't protected me so far, all you've done is lie to me!
Fei: You have to trust me!
Marinette: ((looks at the akuma)) I can't! ((Pulls hand away.))
Fei: I shouldn't have stolen your earrings, please forgive me
Marinette: You did what you had to do, and I've gotta do what I've gotta do. ((Runs away. The akuma enters Cash's fan.))"
miraculous_shanghai_marinette_0019,Wu Shifu's school.,"Marinette: I'm not sure yet. But for now
Marinette: Tikki, spots on! ((Marinette transforms into Ladybug.))
Ladybug: Aw, nice kitty. ((She dials Cat Noir.))"
miraculous_shanghai_marinette_0020,"Bund district. Tourists are taking photos and videos. YanLuoShi starts blasting the buildings, and people run around in panic. Ladybug ties YanLuoShi's legs with her yo-yo and pulls while Cat Noir jumps at him. YanLuoShi grabs him and throws him down. He drags Ladybug round with her yo-yo, and she lands in some trees.","Ladybug: No! ((YanLuoShi prepares to turns her into ash in order to let her die, and she swings away to a building. She sees Ladyeagle and follows her to a the roof of the Custom House. She sees her crying as Fei, so she wipes her own tears and goes down.))
Marinette: Fei
Fei: ((looks up in tears)) Marinette?
Marinette: I'm sorry I didn't forgive you earlier. ((Sits down next to her.))
Fei: No, Marinette, I don't deserve your forgiveness. I lied to you, I stole from you, and everything that's happening right now is because of me. My father would be sad to see how miserably I've failed!
Marinette: ((puts hand on Fei's shoulder)) I know that you were just trying to do the right thing
Fei: Yes, but I've failed to follow my father's values. He would never have devoted all his energy to seek revenge. He would have kept on doing good around him!
Marinette: Then you know what you have to do. ((Fei gasps and smiles. She looks at the renlings. YanLuoshi approaches them.))"
miraculous_shanghai_marinette_0021,Astro Cat lands and de-transforms. Thousand Delights restaurant.,"Wang: Here in China your 60th birthday is often the first birthday you celebrate
Marinette: ((surprised)) What?! You've never celebrated your birthday before?
Wang: Never, and I'm very happy to do it for the first time with you and your boyfriend Adrien. ((Marinette gets up.))"
miraculous_shanghai_marinette_0022,Astro Cat lands and de-transforms. Thousand Delights restaurant.,"Wang: Never, and I'm very happy to do it for the first time with you and your boyfriend Adrien. ((Marinette gets up.))
Marinette and Adrien: Uh... we're just friends!
Marinette: ((places the package on the table)) Anyway, come on, open your gift! ((He leaves his plate to open the package as the doorbell rings. Marinette opens the door and sees the boys from earlier. She is startled.))"
miraculous_shanghai_marinette_0023,Astro Cat lands and de-transforms. Thousand Delights restaurant.,"Fei: I think that if someone's the magic ingredient, it's definitely sister Marinette. Is it okay if I call you ""sister""?
Marinette: It's more than okay, sister Fei. How do you say it in Mandarin?
Fei: ((Speaks Mandarin): 姐姐.)
Marinette: ((Tries to speak Mandarin): Jie Jie Fei.) ((Everyone starts laughing.)) Oh no, what did I say?!
Fei: It's too embarrassing to translate, Marinette"
miraculous_tokyo_marinette_0001,Marinette's room at night. She is talking with Adrien through her phone.,"Kagami: Marinette, Tokyo needs you. Or rather it needs Ladybug
Marinette: Tokyo?
Nadja: A giant monster destroyed Tokyo's city hall in Japan, but fortunately a new hero team whose name remains unknown managed to stop it before it could do any more damage
Marinette: Well, if everything is taken care of, they don't need Ladybug"
miraculous_tokyo_marinette_0002,Private plane already flying. Inside of the plane. Marinette is making herself hand-made clothes with a sewing machine.,"Marinette: Uh, yeah! Thanks, that's great, Uh... But there's any chance you have a sewing machine on board
Marinette: Ta-da!
Kagami: Marinette, I want you to hear a conversation between members of this Japanese superhero team"
miraculous_tokyo_marinette_0003,Private plane already flying. Inside of the plane. Marinette is making herself hand-made clothes with a sewing machine.,"Tikki: I've given it some thought and I might have a solution. (Tikki enters Marinette's ear)
Marinette: Hey! Tikki, what are you doing!?
Longg: Tikki will help you understand Japanese and speak it too
Marinette: (Hontoni? Are? Sugoi!) Uh, I mean- so cool!"
miraculous_tokyo_marinette_0004,Nozomi's house. Dining room.,"Moddler: These humans are weak, because they want to protect other humans
Marinette: This is what you call (""a little something"")?
Nozomi: Please, enjoy your meal"
miraculous_tokyo_marinette_0005,Nozomi's house. Dining room.,"Nozomi: Please, enjoy your meal
Marinette and Kagami: (Grab the chopsticks) Itadakimasu!
Nozomi: (Bon appétit) to you too"
miraculous_tokyo_marinette_0006,Nozomi's house. Dining room.,"Nozomi: (Bon appétit) to you too
Marinette: (Munch) Huh! It's so good! (Eats a lot in anime style)
Nozomi: (To Kagami) What a nice surprise to see you here"
miraculous_tokyo_marinette_0007,Nozomi's house. Dining room.,"Nozomi: Well, you're in luck then. Because tomorrow is the Hoshi Matsuri. We'll have a booth
Marinette: (with food in her mouth) The what?
Kagami: The Hoshi Matsuri, it's a traditional festival. (Marinette swallows.)"
miraculous_tokyo_marinette_0008,Nozomi's house. Dining room.,"Kagami: (Kagami gets up from the table) Come on, Marinette
Marinette: (Groans because she ate too much) I can't move. Roll me there, will ya?
Taxi driver: Where do you want to go, ma'am? (Blast) Ugh!"
miraculous_tokyo_marinette_0009,Nozomi's house. Kagami's old room.,"Marinette: I don't know, Tikki. but I sure hope she'll share that with me on top of the bathing ritual
Marinette: Hm? (She comes face to face with Shinobu.) AHHHHHHHHH!!!
Shinobu: (Cleans her ears, while Marinette whimpers in fear) Here, kid (She gives Marinette a flashlight.). The bathroom is this way
Marinette: (Whimpering)
Shinobu: (Sigh) Right, anyhow, there's still work to do for tomorrow. (After saying that, she leaves.)"
miraculous_tokyo_marinette_0010,Nozomi's house. Hot springs. Kagami is already submerged in the hot springs with a towel covering her.,"Marinette: Gotcha!
Marinette: (Aaah~)
Tikki: (Aaah~)"
miraculous_tokyo_marinette_0011,Nozomi's house. Hot springs.,"Tomoe: If this ring doesn't touch the ground, you will go to school
Marinette: Oh, wow. Talk about an entrance exam
Kagami: After that, my mother enrolled me at the Kano Academy, an international school that combines sports and academics. It was so new to me that I didn't know how to go about it"
miraculous_tokyo_marinette_0012,Nozomi's house. Hot Springs. Tikki and Longg are hearing Kagami's story too.,"Kagami: Hm... (Looks at his hand)
Marinette: (Excited) So, did you take his hand?
Kagami: No
Marinette: (Taken aback.) No?
Kagami: The distance between his hand and mine seemed insurmountable"
miraculous_tokyo_marinette_0013,Nozomi's house. Hot Springs. Tikki and Longg are hearing Kagami's story too.,"Kagami: (Softly chuckles)
Marinette: (And so you two fell in love?)
Kagami: (I did, but...he was already in love with Miki.)
Marinette: (Oh, no. I am so sorry.)
Kagami: (I couldn't understand why he would love someone who was so hard on everyone, including him. But this little twinge in my heart was nothing compared to the bite of the loneliness in which I had lived until then.)"
miraculous_tokyo_marinette_0014,Nozomi's house. Hot springs.,"Marinette: (Sighs) You can tell me, you know? We're not just here to help these superheroes save Tokyo. We're here because you're still in love with Kazuno, aren't you?
Marinette: (Surprised) Aaah!
Kagami: (Angry) I keep telling you, I'm not! (The ground trembles) Huh?"
miraculous_tokyo_marinette_0015,Night. Nozomi's house. Kagami's old room. Marinette is watching Kagami laying on her futon from the door.,"Capricorn Sprite: You may not believe in yourself, but I believe in you, Kazuno. Everything's gonna be all right
Marinette: Capricorn is Kazuno, isn't he?
Kagami: Yes
Marinette: I feel like you haven't told me everything. You ask me to come here to help your friends. I won't be able to do that if I don't understand what's actually going on
Kagami: (Frustrated) I can't! I'm lame! (Tears) I make everyone around me suffer
Marinette: (Puts a hand on her shoulder.) That's not true. What would have made everyone suffer is your mother succeeding in turning you into the ruthless and lone warrior she wanted, but you always found the strength inside yourself to help and love other people, and right now... the only one suffering is you
Kagami: I'm not the good person you say I am, Marinette. It's my fault Kazuno's lost confidence in himself! Which means it's my fault their team isn't working! When my mother told me that we were moving to France, there was something that I really wanted to tell Kazuno before we left, but I... I... (Sobs)
Marinette: You don't have to tell me. (Hugs Kagami) But maybe it's time you finally told him. That's why you wanted to come here, isn't it?
Kagami: I don't know how
Marinette: We'll figure it out"
miraculous_tokyo_marinette_0016,Morning. Nozomi's house. Kagami's old room. Kagami is still sleeping on her futon.,"Longg: (Pokes his head through the door.) What are you doing, Guardian?
Marinette: Setting up a meeting to help Kagami, but you can't say anything. Okay, Longg?
Longg: (Floats in front her) You are the guardian, Guardian
Marinette: (Looks at Tikki) Tikki. I need your help to write in Japanese"
miraculous_tokyo_marinette_0017,Morning. Nozomi's house. Kagami's old room. Kagami is still sleeping on her futon.,"Marinette: (Looks at Tikki) Tikki. I need your help to write in Japanese
Marinette: (Writing on the phone) Hey friends! I'm on holiday in Tokyo. I'll be at my grandmother's booth this morning. Signed Kagami
Tikki: (Pokes her head out of Marinette's ear) Do you think it'll be enough?
Marinette: Hm... (Puts Tikki back in her ear with her finger.) Free Dorayaki for everyone!"
miraculous_tokyo_marinette_0018,Morning. Nozomi's house. Kagami's old room. Kagami is still sleeping on her futon.,"Anglia: The Ultimate cheesy team name
Marinette: (Sparkly eyes) Ah! It's working!
Longg: Aren't you gonna answer them?
Marinette: Kagami will answer them herself later today. In the mean time, I'll turn off the notifications. (Turns off the notifications and giggles)"
miraculous_tokyo_marinette_0019,Morning. Nozomi's house. Kagami's old room. Kagami is still sleeping on her futon.,"Marinette: Kagami will answer them herself later today. In the mean time, I'll turn off the notifications. (Turns off the notifications and giggles)
Marinette: (Happily walking down the stairs) Hello, Ms.Tsurugi! (She runs into Shinobu again and gets spooked by her) AHHHHHHHHHHH!
Shinobu: (Ignoring Marinette's scream) Ohayo, Kid
Marinette: (Sweatdrop) Uh... Ohayo to you too"
miraculous_tokyo_marinette_0020,Morning. Tokyo Streets.,"Marinette: (Stops eating) Oh, me? Nonsense!
Marinette: Wah!
Mayotte: Kagami!"
miraculous_tokyo_marinette_0021,Festival site. Marinette and Kagami help Nozomi set up the Dorayaki stand.,"Kiss: Is this the new trend in France? (Starts to inspect Marinette's clothes closely) Quite surprising, but you wear it well
Marinette: (Blushing) What? This? No! I left my suitcase at home and, uh... anyway! Kagami also mentioned, Kazuno! (Kagami blushes) He's not here?
Mayotte: (Looking at her phone) He hasn't answered in the chat
Marinette: Oh, then we should go get him, right?"
miraculous_tokyo_marinette_0022,The residential complex where Kazuno lives. Marinette and Miki are in front of Kazuno's apartment.,"Marinette: And they say that I'm complicated
Marinette: (Sigh) He's not home? Shot, we're out of luck
Old Lady: What do you want?"
miraculous_tokyo_marinette_0023,The residential complex where Kazuno lives. Marinette and Miki are in front of Kazuno's apartment.,"Miki: Ugh... (Smiles at him and blushes)
Marinette: (Marinette looks at both of them and smiles thoughtfully) They remind me of someone
Old Lady: Arigatou Gozaimashita. (Enters her apartment)"
miraculous_tokyo_marinette_0024,The residential complex where Kazuno lives. Marinette and Miki are in front of Kazuno's apartment.,"Kazuno: Kagami didn't write it
Marinette: Okay, you're right, I did. I'm Marinette, a friend of Kagami's
Kazuno: Is Kagami here?
Marinette: Yes, and if you come with us, you'll be able to talk to her
Kazuno: (Looks down) I've hurt her, I'll never dare to face her again
Marinette: (Confused) Huh? But that's exactly what Kagami tells me! (Shakes her head) I mean the opposite, like, she tells me what you're saying but from her point of view- (Frustrated scream) Argh! She thinks she hurt you. What happened between you two?
Kazuno: (Looks behind Marinette) A kaiju
Marinette: A what?
Kazuno: (Points to the Kaiju) There! A kaiju!"
miraculous_tokyo_marinette_0025,"Kazuno's apartment. Miki, Marinette and Kazuno enter the apartment running.","Marinette: (Trying to apeace her) Yes, Yes, Yes. (Sits on a sofa) You can count on me. I'm really good at keeping secrets
Marinette: (Surprised) Uh?!
Miki: (Puts a yellow fragment inside her Sprite-wristwatch) Miki, present! Stellar Conection!"
miraculous_tokyo_marinette_0026,"Kazuno's apartment. Miki, Marinette and Kazuno enter the apartment running.","Capricorn: Huh!
Marinette: Wow, their transformation is so cool!
Tikki: (Comes out of Marinette's ear) Are you really going to stay here and wait, Marinette?
Marinette: No... I have to make sure that Kagami finally talks to Kazuno. (Stands up from the sofa) He needs to regain his confidence so we can save Tokyo! Tikki, Spots On! (Transformation lights)"
miraculous_tokyo_marinette_0027,Night. Festival site. The festival is being illuminated by lights.,"The Supreme: Humans think they've won the war, but it was a mere battle, Moddler. You can count on me to help you divide them again. Now that they think themselves victorius, they'll be all the more vulnerable
Marinette: (Marveling at the views) Oh, wow!
Miki: Now we know who our opponent is and that he is after our Stellar Matrixes"
miraculous_tokyo_marinette_0028,Night. Festival site. The festival is being illuminated by lights.,"Mayote: In any case, thanks to Ladybug, we've turned into a real team! (Fist bumps with Miki)
Marinette: (Nerveus) Lucky she was in Tokyo, right? Hahahaha
Miki: (Looking at Marinette with a knowing glance) Yeah, super lucky, as they say"
miraculous_tokyo_marinette_0029,Inside the plane. Kagami and Marinette are siting in front of each other.,"Marinette: (Watching the fireworks) Woah!
Marinette: I like the new Kagami. Her new style suits her very well
Kagami: Japanese hairdressers are very renowned. You could have tried a new haircut too
Marinette: Oh, I like my pigtails, you know? Maybe someday I'll try something new, but in the meantime Japanese fashion has given me lots of ideas for a new outfit! I'll start desingning it as soon as we're back in Paris!
Kagami: Before or after you see Adrien again?
Marinette: Before, so I can surprise him when he gets back from New York. (Gasp) Oh no!
Kagami: What?
Marinette: the last time I talked to Adrien on the phone. I didn't tell him that I love him!
Kagami: (Smiles) Hmph
Marinette: (To her phone) Hey, Adrien. I hope things are good in New York, I guess it's night time where you are, you must be sleeping. I... I just wanted to tell you that... I love you. And that I can't wait to see you again. (Sends the voice message, sighs and looks at the plane's window)
Kagami: I too have to sent a message. (Grabs her phone) Félix, it's always hard for me to say these things, but it's time I did it anyway. I miss you too, I too can't live so far away from you. I hope we'll find a solution to see each other more often, I love you. (Sends the voice message and looks up from her phone) Huh?
Marinette: (Voice message): ...I love you. And that I can't wait to see you again"
mister_agreste_marinette_0001,Liberty. Marinette runs through the ship.,"Gabriel: (Voiceover) Remember your promise, Marinette
Marinette: (Calling out) Adrien?
Reporter 1: Ladybug, can you explain what really happened? The fight took place at famous fashion designer Gabriel Agreste's home"
mister_agreste_marinette_0002,Dupain-Cheng residence kitchen. Sabine and Marinette are also sitting together.,"Marinette: Sure, and many more from Monarch—I MEAN—from me!
Marinette: Bye Mom, de-evilize you later!
Sabine: Huh?
Marinette: (See) you later. Love you"
mister_agreste_marinette_0003,Adrien's room. Adrien is holding his stuffed frog.,"Adrien: Come in!
Marinette: Delivery of chouquettes and Marinette!
Adrien: Just what I needed!
Marinette: Are you talking about me or the chouquettes?"
mister_agreste_marinette_0004,Adrien's room. Adrien is holding his stuffed frog.,"Marinette: Are you talking about me or the chouquettes?
Marinette: Are you ready to deceive—I MEAN—leave?!
Adrien: I am, now that you're here"
mister_agreste_marinette_0005,"Hôtel de Ville, mayor's office. There is a model of city hall with a large Gabriel statue in front of it.","Marinette: Your moth—
Marinette: DAD! Your dad did save Ladybug
Adrien: Don't you remember the taste of his pancakes, Marinette? As dry and rigid as him"
mister_agreste_marinette_0006,"Hôtel de Ville, entrance. Adrien is walking down the stairs leading to Mayor Bustier's office, while Marinette is following after him.","Marinette: Wait up!
Marinette: Adrien, what's going on?
Adrien: Marinette, you knew my father. Can you believe that he could've been both the man that saved Paris and the man who tried to keep us from loving each other?
Marinette: I'm sure he loved you, in his own way
Adrien: Even though I loved him too, I can't just forget the harm he caused us! And now, hearing the way everyone talks about him, I feel like they're talking about someone else. I refuse to see him the way everyone else does! Does that make me a bad son?
Marinette: No, of course not! You've done nothing wrong!
Adrien: If only I'd been there. Maybe I could have saved him
Marinette: There's nothing you could have done
Adrien: How do you know that? Neither of us were there
Marinette: Adrien, I"
mister_agreste_marinette_0007,Under the bridge. Flashback to sometime after Re-creation (The Final Day - Part 2). Marinette and Luka are sitting next to each other.,"Luka: I'm sorry. I can't accept it
Marinette: What? But you're the only one I can entrust with it!
Luka: I'm heading back to Brazil, Marinette
Marinette: But Monarch's been defeated! There's no need to go—
Luka: There's a new butterfly villain. I don't wanna risk being akumatized and revealing your and Cat Noir's secret identities
Marinette: This is crazy! Why would you get akumatized?
Luka: Sass, scales slither
Marinette: What are you doing?"
mister_agreste_marinette_0008,Under the bridge. Flashback to sometime after Re-creation (The Final Day - Part 2). Marinette and Luka are sitting next to each other.,"Marinette: No, no, don't do that!
Marinette: Then, why are you leaving?
Viperion: Because...I've met an awesome girl in Brazil!
Marinette: You have? That's amazing!
Viperion: I'll be your friend forever, Marinette. You can always count on me"
mr_pigeon_72_marinette_0001,"Marinette's room. This time, the recoil from the blast has blown off not just the hat and headphones Ladybug put on, but her towel turban as well, as it then comes back down, covering her face, much to her humiliation","Alya: Aren't you (still) forgetting something?
Marinette: Why? No. (gasps) Of course! My pool bag!
Alya: Uh, Marinette... (points to her clothes)
Marinette: (realizing) Oh! My pajamas!"
mr_pigeon_72_marinette_0002,Marinette walks outside and is momentarily blinded by the sun.,"Marinette: (muffled by a croissant in her mouth) Thanks, Dad! (runs outside)
Marinette: (finishes her croissant and hands a piece to Tikki) Now, let's go cheer up Kagami!
Kagami: (practicing with her staff. Her phone rings, she answers) Hello?
Marinette: (over phone) Kagami! Where are you?
Kagami: In the Tuileries Garden
Marinette: Perfect! Don't move. I'm on my way!
Kagami: Actually now is not a good time to— (Marinette interrupts)
Marinette: I'll always be there for you, Kagami. (Kagami puts her phone in her pocket. Marinette jumping on her from behind, much to her surprise.)"
mr_pigeon_72_marinette_0003,Changing room at the swimming pool.,"Bob Roth: You heard the man, Ramier. You better not let me down!
Marinette: And now, time for camouflage! (takes out different items)
Kagami: Do you always carry these things with you?
Marinette: Of course! I have to be rea- I mean (you) have to be ready for any opportunity whenever you run into Adrien. Everything is retractable and folds up neatly. Even this fancy ball gown. You'll be needing it when you get back together with Adrien. (Kagami shakes her head) Here are the swimsuits! No time to lose! (pulls Kagami off-screen)"
mr_pigeon_72_marinette_0004,Swimming pool. Adrien is walking to the diving board. Marinette is running with Kagami as they spy on him.,"Marinette: Of course! I have to be rea- I mean (you) have to be ready for any opportunity whenever you run into Adrien. Everything is retractable and folds up neatly. Even this fancy ball gown. You'll be needing it when you get back together with Adrien. (Kagami shakes her head) Here are the swimsuits! No time to lose! (pulls Kagami off-screen)
Marinette: (giggles) I bet you're already starting to fall in love with him again
Kagami: No
Marinette: That's just 'cause you haven't seen him in action yet"
mr_pigeon_72_marinette_0005,Third floor of the swimming pool.,"Adrien: I told you, I'm allergic to pigeons! (sneezes)
Marinette: Did you see how handsome he is? Did you feel your heart beat faster? Did you get the shivers? Tingles in your fingers?
Kagami: What I felt was sorry for that poor pigeon tamer
Marinette: It's because you haven't looked into each others' eyes yet! Oh! I've got an idea!"
mr_pigeon_72_marinette_0006,Swimming pool.,"Kagami: What are you doing? Put me down right now!
Marinette: I'm helping your eyes meet! There, he's looking at you! Look at him! Look at him!
Bob Roth: This cannot be happening. How complicated is it to deliver a rose in mid-flight to a model in mid-dive?!"
mr_pigeon_72_marinette_0007,Third floor of the swimming pool.,"Bob Roth: Well, I don't see anyone, except a stupid bird that's incapable of doing what it's been asked to do and that's gonna get banned from all of Paris, if it continues to ruin the rehearsals for my commercial!
Marinette: (Smiling akwardly)
Kagami: No, Marinette, I didn't feel anything, except for shame for me, for Adrien, and for this ridiculously embarrassing situation. I'm leaving
Marinette: But, it's because you were too far apart. When you're close together, that you really feel it. Oh, I got an idea!"
mr_pigeon_72_marinette_0008,Swimming pool.,"Adrien: Marinette, what on earth are you doing here?!
Marinette: Me? Well um- I just came here to do a few laps and wind you up- I mean, unwind... How about you?
Adrien: Well, we're in rehearsal for a commercial. The pool is supposed to be closed
Marinette: To the post? Oh well, that's why there was no one at the front desk. Oh boy, I wouldn't want to kiss you- I mean, keep you, keep you from your job. So I'll be on my way. (trips into a stack of crates, causing everything in them to fall out)"
mr_pigeon_72_marinette_0009,"Outside the swimming pool, Rain is pouring out as Tatsu pulls over and opens the door for Kagami.","Kagami: You know, Marinette? That whole heart-beating, tingling, knees trembling thing? I felt all that (she taps Marinette's chest) from you. You're the one blushing and stuttering and saying silly things every time that you see Adrien. You're the one who knows his schedule by heart for the next three years. You're right, Marinette. Adrien is perfect. He's perfect - for you
Marinette: I- but, Kagami!
Adrien: (notices that Marinette kept the umbrella he gave to her) Wow, you've had it all this time?
Marinette: (turns to Adrien) Oh yeah, it's just sorry- I mean sorry you're right this is your embrace- I mean umbrella you let me kiss- keep, keep I can finally gaze- I mean give... it back. (holds out the umbrella for him to take; Adrien pushes it back)
Adrien: You're gonna need it to get through all this
Marinette: That's true
Adrien: Or maybe we could drop you off. (Marinette smiles, walks over to Adrien, and closes the umbrella on both of them, causing them both to laugh)
Marinette: We've got an umbrella, why don't we use it? We could walk home, what do you say?
Adrien: I... (sees his bodyguard looking at him and the car door opens) I have Chinese class. You know how demanding my father is. But see you tomorrow at school
Marinette: Yes, see you tomorrow, Adrien"
mr_pigeon_marinette_0001,"Collège Françoise Dupont. Marinette paces in a hall, looking at her sketchbook and talking to Alya.","Marinette: Yikes! I'm off to my secret garden of inspiration. I’ll see you later. (runs into a wall) AH! I'm okay. I'm okay, I'm okay
Hawk Moth: The time has come for us to find our next victim, my wicked little akumas, and to prey upon Ladybug and Cat Noir. Their Miraculouses must be mine!
Marinette: Geez, it’s hard to be creative under pressure"
mr_pigeon_marinette_0002,Trocadéro. Marinette is trying to get inspired to draw some designs. She draws something and then rips the paper out.,"Roger: All the park keepers know about you, Mr. Ramier. You’re banned from every park in Paris. Leave now or I’ll call the authorities. Oh, wait. I’m the authority. GET OUT! (Mr. Ramier walks away sadly)
Marinette: Sheesh, I almost feel sorry for that man
Tikki: What a unique character! He was like, a human bird. All he needed was a feather jacket to complete the look
Marinette: A feather jacket, hmm. Nice thinking, Tikki. (starts drawing again)"
mr_pigeon_marinette_0003,"Streets of Paris. Marinette is on the bus, presumably returning home, but the bus is not moving.","Marinette: Uh, sorry mister officer, sir. (leaves)
Marinette: (impatiently) Come on! Can’t we go any faster?!
Bus driver: Sorry folks, we have a situation here. (cars are being held up by a cluster of pigeons.) You’ll need to get off the bus now
Marinette: (startled by pigeons) Ah! Uh, this is weird"
mr_pigeon_marinette_0004,"Streets of Paris. Marinette is on the bus, presumably returning home, but the bus is not moving.","Marinette: Paris needs us!
Marinette: Tikki, spots on! Yeah!(Marinette transforms into Ladybug)
Ladybug: Now this is weirder than weird"
mr_pigeon_marinette_0005,Collège Françoise Dupont. Everyone is getting ready to present their hats. Alya calls Marinette but she doesn't respond.,"Alya: Where have you been?! You got your hat?
Marinette: Yep, here. (takes off the lid. Alya marvels at it, then her expression darkens) What?
Alya: But, it's the same as Chloé's
Marinette: What?! (the judges walk over to see Chloé and Sabrina's hat)"
mr_pigeon_marinette_0006,Collège Françoise Dupont. Everyone is getting ready to present their hats. Alya calls Marinette but she doesn't respond.,"Chloé: No fair! Marinette copied my design! It's scandalous, how could you do that? (fake cries)
Marinette: I apologize for the situation Mr. Agreste, but I can (prove) that this derby hat is MY original design
Gabriel: Go ahead
Marinette: Um, everything on my derby hat is hand-made-- from the embroidery, to the weaving of the band, to the stitching of the brim. (Chloé recoils) All done by myself. And last, there's a special design element that only the true designer knows about: (flips the hat upside down) I signed mine. (Chloé knocks over her derby hat stand. Everyone turns to look at it on the ground, and it shows Marinette's signature. Chloé runs out crying)"
mr_pigeon_marinette_0007,Collège Françoise Dupont. Everyone is getting ready to present their hats. Alya calls Marinette but she doesn't respond.,"Gabriel: Congratulations on your demonstration, Miss Marinette. You're the winner. (she looks at Alya and gasps)
Marinette: (bowing) Thank you, thank you, thank you!
Gabriel: Adrien will wear your derby on our next advertising campaign. (Adrien puts his hands over hers on the hat. She gasps and blushes)"
myl_ne_webisode__marinette_0001,,"Marinette: (narrating): Dear diary, phew I'm exhausted. I just finished creating an out fit from recycled materials for an ecological design contest organised by the school
Mylène: We know we can always count on you can count on us too
Marinette: (narrarating): ..and for her father, Mr. Haprèle. She's his biggest fan
Mylène: Bonjour André"
nathaniel_marc_marinette_0001,,"Marinette: Dear diary, you won't believe what happened to me today. I got akumatized! ((chuckles)) Don't worry. It was just one of Nath's comics
Marinette: (narrates over the scene) Our relationship has changed a lot since the start of the school year, you know. He used to be so shy, he didn't talk to anyone. He would just be off alone in his corner always drawing his comic books
Olga Mendeleiev: What are you drawing?"
nathaniel_marc_marinette_0002,,"Marinette: (narrates over the scene) The first time I got to talk to him was when he got akumatized by Hawk Moth
Marinette: Are you going to hurt me?
Evillustrator: You? You're Marinette! You're beautiful and sweet and... you're perfect and I could never hurt you!
Marinette: (narrates over the scene) I felt pretty awkward. Sure, it was touching, but a bit weird coming from a super villain"
nathaniel_marc_marinette_0003,,"Marinette: Someone gave me this for you
Marinette: (narrates over the scene) True, it didn't really work, at first. Let's just say, my plan was a little bit overcomplicated
Marc: I-I just want.. to make.. a comic book, if you want to, that is"
new_heroes_marinette_0001,The Lucky Charm materializes. It is a teapot.,"Marinette: Dear diary, for a long time, Cat Noir and I thought there would only be the two of us fighting against Hawk Moth
Marinette: Until the day I got a very strange Lucky Charm
Cat Noir: A teapot?"
new_heroes_marinette_0002,"Master Fu sits calmly, sipping from a cup. He presents Marinette with the Miracle Box.","Marinette: Instead of helping me to defeat the villain, my power was telling me to go to the Guardian of the Miraculous
Marinette: Hello, Master Fu
Master Fu: Hello, Marinette
Marinette: That was a signal to let me know that I had to choose a new hero to help us with our mission
Master Fu: Choose wisely. Such powers are meant to serve the greater good. They must never get into the wrong hands
Marinette: Of course, there was only one person I could entrust with this first miraculous. The person I trust the most"
new_heroes_marinette_0003,"Ladybug presents Alya with the Fox Miraculous, telling her the conditions on which it can be used.","Ladybug: (nods)
Marinette: Alya was the first of the new heroes
Nino: Wayzz, shell on!(Nino into Carapace)
Marinette: Then, there were others like: Carapace, Ryuko, Pegausus. And then, there was the Snake miraculous"
new_heroes_marinette_0004,"Ladybug presents Alya with the Fox Miraculous, telling her the conditions on which it can be used.","Marinette: Then, there were others like: Carapace, Ryuko, Pegausus. And then, there was the Snake miraculous
Marinette: I thought it would be a good thing, giving the Miraculous to Adrien, because, well, you know.... And he looked so handsome in his Aspik suit! But it turned out it wasn't such a great idea after all. Because I just couldn't focus anymore
Ladybug: (turns)"
new_heroes_marinette_0005,Adrien looks regretful and sad. Ladybug offers the miraculous to Luka.,"Ladybug: Eeeeee. (is hit on head by Desperada)
Marinette: So I had to find a new holder. And Luka was the one who ended up helping us that day. He was an incredible Viperion
Viperion: Second Chance!
Marinette: The craziest day, though, was when I met an ally to whom I hadn't even given a miraculous"
new_powers_marinette_0001,Marinette puts on her earrings.,"Marinette: Even though Cat Noir is always the same
Marinette: Every day we get to experience the power of our Miraculous
Ladybug: Lucky Charm!
Marinette: At first I thought that the only power mine granted was my Lucky Charm
Ladybug: A spoon? What am I supposed to do with this?
Marinette: And luckily I've learned how to control it since then
Ladybug: Of course!
Marinette: But when I finally meet Master Fu"
new_powers_marinette_0002,Tikki and Longg unifying.,"Marinette: Another gives me a special suit to resist very low temperatures, and skid across frozen surfaces
Marinette: I really love my Aquabug and Ladyice suits. But what I love even more is the unifying power
Ladybug: Tikki, Longg, unify!
Marinette: If I wear several Miraculous at once I can fuse their powers and become even more powerful. And I can use other Miraculous than my own"
new_powers_marinette_0003,Lady Noire transformation sequence.,"Marinette: But that can be dangerous. So it's safer to just wear one at a time
Marinette: I can also switch my powers for Cat Noir's, like the time I was Lady Noire. I think that was my favourite moment of them all
Lady Noire: I'm the cunning, funny, and ultra-charming, Lady Noire! Watch and learn. Cataclysm!
Marinette: And the great thing is, that we haven't used them all yet. There is still so many powers left to discover. Like the space one"
nino_webisode__marinette_0001,Marinette's room,"Marinette: Dear diary, Nino's birthday is coming up soon, and Alya's starting to freak out! She has no idea what to get him
Alya: Ladybug locked us up together in the same cage all afternoon"
nino_webisode__marinette_0002,Marinette's room,"Nino: What the-
Marinette: Since we were out of ideas, we went on with the list of Nino's favourite things, and second on the list was
Nino: Myself don't work that way
Marinette: Nino and Adrien are like Alya and me! They're BFF's! There's nothing Nino wouldn't do for Adrien. He even confronted his father, Gabriel Agreste, one day to try and throw Adrien a birthday party!
Nino: I know you don't want Adrien to have a party, but it's his birthday dude-, I mean sir!"
noe_marinette_0001,Île aux Cygnes. Sunny day.,"Marinette: Some days, everything's just perfect
Adrien: That's what I call a day spent with you"
noe_marinette_0002,The Necker–Enfants Malades Hospital's garden. Fred is performing a mime show in front of a small audience.,"The Scepter: Then it's up to us to regain control
Marinette: Congratulations, Mr. Haprèle
Adrien: Yes, it was really amazing"
noe_marinette_0003,"Entrance of the Necker–Enfants Malades Hospital. Marinette, Adrien and Manon are leaving the hospital together.","Manon: (To Adrien) Are you babysitting me too tonight? We could play House! You'd be the daddy, and Marinette would be the mo-!
Marinette: (Nervously) Okay, yes, yeah yeah! I think we get the idea!
Adrien: I'd be happy to another time, Manon. But right now I have an important meeting. (Nathalie and Placide I.T. are waiting in the car to take Adrien to the meeting) Not very fun grown-up stuff
Marinette: Call me if you need me, okay? Promise?
Adrien: I promise"
noe_marinette_0004,Adrien's room.,"Marinette: Of course you can come over
Marinette: Is everything okay?
Adrien: (Looking at Noé's contract on his mattress) Yeah, I think so"
noe_marinette_0005,Marinette's room. Adrien is resting his head on Marinette's lap while she reads Noé's contract.,"Adrien: On one hand, I'd be relieved to move on, but on the other, a little voice is whispering to me that this is all going too fast
Marinette: (Puts the contract aside to comfort Adrien) You don't need to give an answer right away, do you?
Adrien: (Lifts his head to look at Marinette) No
Marinette: Then take your time"
noe_marinette_0006,Marinette's room. Adrien is resting his head on Marinette's lap while she reads Noé's contract.,"Mylène: (Distressed) Marinette, did Nadja Chamack pick up Manon already?
Marinette: No, not yet
Mylène: I have something important to show Nadja. Can I come over?"
noe_marinette_0007,Marinette's room. Adrien is resting his head on Marinette's lap while she reads Noé's contract.,"Nadja: They are, sweetheart. Don't worry, it's just a made-up story
Marinette: (Frowning) Who wrote that script?
Mylène: We don't know, and everything's like this. (Turns to another page) (Inside Gabriel Agreste's study. Night. The Journalist tells Gabriel Agreste...)"
noe_marinette_0008,Haprèle apartment. Living room.,"Nadja: He's anything but an anchorman
Marinette: Why are you here Nadja?
Nadja: They fired me. (Marinette covers her mouth)"
noe_marinette_0009,Haprèle apartment. Living room.,"Ivan: Mylène!
Marinette: Wait! I'm sure we can come up with a solution!
Fred: (Knocks on her bedroom door.) Sweetie, it's me. You don't have to bear the weight of this alone. I'm here. We're all with you"
noe_marinette_0010,Haprèle apartment. Hallway. Fred heard Mylène and thinks she's talking to him.,"Marinette: I'll be fine. Go on Adrien, catch up with Fred. That's what's most important right now
Marinette: Ugh, I hate lying to Adrien! Tikki, spots on! (Transforms into Ladybug)
Chrysalis: Hello. Forgive my intrusion but your anger was so fierce that it called out to me"
noe_marinette_0011,"Haprèle apartment. Living room. Mylène, Ivan, Marinette, Adrien, Manon, Fred, and Sarah are all watching Nadja's new talk show on a laptop.","Adrien: Some moments are just perfect, don't you think?
Marinette: Almost perfect. Your glass is empty. (She walks into the kitchen with both her and Adrien's drink glasses and starts looking worried. Tikki comes out of hiding.)
Tikki: You look worried, Marinette
Marinette: I wanted to believe that everything was fine, but a new danger arose in Paris. And even though it all ended well this time I don't think were done with Noé Luxus. A little voice is telling me to be very careful"
oblivio_marinette_0001,"We're at the floor of an elevator. Ladybug is on the ground. She opens her eyes, gasps, and looks around. There's drawing in red on the wall of the elevator of a phone and an arrow pointing right towards a turtle. She's holding a tube of lipstick. She and Cat Noir did not know who is attacking them, brainwashing them of losing their memories and making them forgotten.","Plagg: If I'm a genie, where's my lamp? Besides, where am I? And who are you?!
Marinette: (pointing to Tikki) What's that thing doing in my earring?
Tikki: I'm not a thing, I'm… (gasps) I don't know what I am! (her stomach rumbles) But I do know that I'm very hungry
Marinette: (picks Tikki up and tickles her) Aw, poor little… no thing! (Tikki laughs)"
oblivio_marinette_0002,A bathroom. Marinette shuts the door behind her.,"Marinette: Ah!
Marinette: Okay. We’re stuck in the building with amnesia being chased by a—a thing that's obviously got it in for us big time
Adrien: Not to mention the two strange creatures who magically appeared when our costumes disappeared"
oblivio_marinette_0003,A bathroom. Marinette shuts the door behind her.,"Plagg: (takes the cheese) It's the most beautiful thing I've ever seen... (eats it)
Marinette: Will this do?
Tikki: Mm! (takes it) Thank you!
Marinette: (takes out her national identity card and gasps) Marinette! My name is Marinette Dupain-Cheng!"
oblivio_marinette_0004,The air duct. They look back while crawling away.,"Adrien: Wow, Marinette! You seem like someone who always has the right idea at the right time!
Marinette: I hope you're right. (they continue crawling)
Both: Ah! Sorry. (the kwamis fly in)"
oblivio_marinette_0005,Adrien opens the door to an office. They peek in.,"Adrien: (hanging up) Let's hope you have better luck than me
Marinette: (scrolling) Agreste, Césaire, Couffaine, Dupain-Cheng, Sabine! (calls her mother)
Sabine: (on the phone) Marinette, are you okay? They're saying on TV that Ladybug and Cat Noir are battling a supervillain at the Montparnasse Tower! (Marinette notices a poster for the Ladybug and Cat Noir movie from Animaestro) Isn't that where you were going on your school trip today?
Marinette: (looking at the poster) Cat Noir and... Ladybug..?
Sabine: Marinette, is everything okay? Where are you?
Marinette: Uh, sure, Mom, everything's okay. I'm with my friend, safe. Don't worry
Sabine: I'm so relieved! Whatever you do, stay there until the supervillain's been defeated
Marinette: Sure, Mom, I will. Love you! (hangs up)"
oblivio_marinette_0006,"The office. Marinette and Adrien are sitting in front of the movie poster, leaning against a column.","Adrien: (whispering) I'm not convinced that this monster is really our best friend
Marinette: (also whispering) One thing's for sure, if we're superheroes, he can't find out about our secret identities
Adrien: How about some kind of diversion? We get out of here and take the emergency stairs
Marinette: Sorry, I need this"
oblivio_marinette_0007,"The office. Marinette and Adrien are sitting in front of the movie poster, leaning against a column.","Marinette: Sorry, I need this
Marinette: (wrapping tape around his phone) I'll call you, and when he comes, we make a run for it. (pulls the tape out of the dispenser) I'll use the tape to pull your phone back. Ready?
Adrien: No wonder I fell in love with you. (Marinette smiles and takes the coffee cup)"
oblivio_marinette_0008,The office.,"Plagg: Pfft, a coward, me? Whatever! Huh? (sees a billboard for Adrien's perfume ad) Adrien? (flies off) I may not remember my own name, but I know for a fact that I'm brave and (sees another billboard) I… am… (looks around the city and sees several more forms of the ad; screaming towards the tower) This is called psychological harassment!
Marinette: Sorry, your phone's out of juice. (hands him his phone and removes a piece of tape)
Adrien: (puts it in his jacket's pocket) No worries. We’re doing pretty well, even without powers, don't you think?"
oblivio_marinette_0009,The office. Marinette and Adrien are holding Marinette's phone while watching news clips with Tikki from earlier in the day.,"Adrien: We don't exactly look lovey-dovey in this footage
Marinette: Probably just a regular fight like all couples have
Nadja: The battle against Oblivio continues. (Cat Noir is hit by Oblivio's shooter) Oh, oh no! Cat Noir has been hit, but Ladybug pulls him out of danger. (Ladybug throws him into the elevator. She draws something on the wall.) What's she doing now? (Ladybug is hit as the doors close. She falls.) Ladybug is down, too!
Marinette: The drawing! There was a drawing on the elevator wall! I remember now. It was a turtle. I saw it earlier when I was looking for my mom's number. (She scrolls through her contacts) There it is! (she shows Adrien)"
oblivio_marinette_0010,The office. Marinette and Adrien are holding Marinette's phone while watching news clips with Tikki from earlier in the day.,"Master Fu: Hello?
Marinette: (they lean in) Mr. Turtle?
Fu: Marinette, is there a problem? (they look at each other excitedly and Adrien pulls his fist towards himself)
Marinette: Listen. I can’t remember who I am or who you are. Oblivio has erased my memory. But I think I'm supposed to call you
Fu: You did the right thing. Is Cat Noir with you? (they look at each other)
Marinette: (giggling nervously) Yeah, well Adrien, actually
Fu: You two know your true identities, then. (they look at each other)"
oblivio_marinette_0011,The office. Marinette and Adrien are holding Marinette's phone while watching news clips with Tikki from earlier in the day.,"Fu: That's okay, the Miraculous Ladybugs will repair everything anyway. (Adrien shrugs)
Marinette: We figured out we're superheroes, but we don't know how to make ourselves Ladybug and Cat Noir again. (her phone flashes a low battery warning) Mr. Turtle, you'll have to tell us quick, I'm almost out of battery
Fu: Are your kwamis with you? (they look at Tikki)
Marinette: Uh, if you mean the flying creatures, then, one of them. The red one is with us
Fu: Okay. Listen carefully, the red kwami's name is Tikki. (Tikki flies closer) She gives you your powers (Tikki and Marinette look at each other) Say, ""Tikki, spots on,"" and you'll transform into Ladybug. You'll find an emergency user's guide in your bug phone. Adrien, your kwami's the black one. His name is Plagg. (Marinette looks at Adrien) Tell him, ""Plagg, claws out,"" and you'll become Cat Noir again. The rest is in your cat phone"
oblivio_marinette_0012,"Dupain-Cheng apartment, night. Marinette's room. Marinette is looking at the photo of her and Cat Noir's kiss on the Ladyblog.","Marinette: (holding her face, looking down) Mm hm
Marinette: I don't believe it! (pounding her head on the desk repeatedly) I actually kissed Cat Noir! How could this have happened?
Tikki: Who knows? Maybe you still have some things to learn about him"
oni_chan_marinette_0001,Literature classroom. School has just ended.,"Lila: I bet you I can change his mind. (grabs Adrien's arm and runs out the classroom)
Marinette: (follows Lila and Adrien)
Alya: (chases after her) Marinette! Wait!"
oni_chan_marinette_0002,Literature classroom. School has just ended.,"Marinette: 'Course not! I'm just gonna go... to the swimming pool. (takes off while Alya facepalms)
Marinette: (notices Juleka with her bike) Hey, Juleka. (gives her her backpack and takes her helmet) Can I borrow your bike? It's an emergency! (takes off on Juleka's bike)
Juleka: I guess?"
oni_chan_marinette_0003,Agreste mansion. Lila and Adrien get out of the car and walk up the mansion stairs where Nathalie is standing while Marinette spies on them through the gate.,"Lila: If you really insist, I'll do it!
Marinette: Seriously? How does she do that? (runs around the mansion and tries to spy on Adrien's room only to find that the mansion wall is too high and can't be climbed; however, upon spotting a bunch of nearby trash bins, she gets an idea)
Lila: See? You never know until you ask nicely"
oni_chan_marinette_0004,Adrien's room. Lila notices that Adrien has a bunch of photos of Ladybug hidden inside one of his trophies.,"Lila: I guess I won the bet. How 'bout a little souvenir photo? (kisses Adrien's cheek and takes a selfie) Feel free to ask if you need anymore help with your math. (sends photo to all her contacts)
Marinette: (reaches the top of the trash bin tower but then sees the photo Lila sent and falls over in shock)
Tomoe: We agreed on no cell phone during practice, Kagami. You can check when you're done"
oni_chan_marinette_0005,"Adrien's room. Adrien is typing on his computer when Kagami shows up. She becomes white oni like creature, named Oni-Chan.","Adrien: Kagami, no!
Marinette: (lines the trash bins together but then sees Oni-Chan) Can I transform now?
Tikki: Yes, Marinette
Marinette: (hides inside a trash bin) Tikki, spots on!"
optigami_marinette_0001,Tour Montparnasse.,"Marinette: What? No! (uncomfortable, she pushes her hands forwards on the wall, and pushes against it while Alya tries to push her in) What if we accidentally... touch?!
Marinette: Let's... not rush things, 'kay?
Nino and Alya: Yeah! (they do their 'secret handshake' again) Pew pew! Pew pew! (they laugh; Marinette smiles at them)"
optigami_marinette_0002,"Lift. Adrien goes inside the lift, with Plagg flying out of his shirt, so he can transform into Cat Noir.","Marinette: How gorgeous of you- I mean, how brave of you!
Marinette: Ladybug will show up
Adrien: Yes, and Cat Noir"
optigami_marinette_0003,Elevator,"Adrien and Marinette: (simultaneously) Sorry
Marinette: The elevator doesn't work
Adrien: It's too hard
Marinette: I'm sure Cat Noir will come along to save us
Adrien: Yeah, or Ladybug
Marinette: (voiceover) I'm stuck in the elevator! (Alya sends a message back)"
optigami_marinette_0004,Elevator. Marinette has her phone up to her ear.,"Kwamis: Hello?!
Marinette: Aaahh! (taken by surprise by the Kwamis' loud speaking, she drops her phone)
Adrien: Who is it?
Marinette: (quickly picks up her phoen, scrambling) Uh- I'm... I'm, uh calling... I'm calling the fire department! Hello! Fire department? We're trapped in an elevator in the Montparnasse Tower"
optigami_marinette_0005,"Nathalie's room. She also hears a voice in the elevator, so she sends Optigami into the elevator to see who is in there.","Marinette: Uh no, no! Don't fly here because... um... helicopters are bad for the environment! Maybe... maybe come on horseback instead
Marinette: You got that fire department on horseback?
Longg: Horse, she means you Kaalki!"
optigami_marinette_0006,"Nathalie's room. She also hears a voice in the elevator, so she sends Optigami into the elevator to see who is in there.","Marinette: I
Marinette and Adrien: have to tell you something
Nathalie: It's only your son, he's safe with one of his classmates. She's not on our list"
optigami_marinette_0007,"Nathalie's room. She also hears a voice in the elevator, so she sends Optigami into the elevator to see who is in there.","Adrien: Phew, what were you gonna tell me?
Marinette: Uh, nothing, you?
Adrien: Just I was wondering what that eye thing was
Marinette: I don't know but we better lay low, I'll text Alya and ask if she can call for help. (texts Alya)"
optigami_marinette_0008,Stairs,"Shadow Moth: That leaves us Alya Césaire and Nino Lahiffe, the fox and the turtle. (talks through telepathic connection to Style Queen) Style Queen, only two left
Marinette: Call this number!
Alya: Hello?"
optigami_marinette_0009,Marinette's room,"Kaalki: (gasps in disbelief) I never set off catastrophes! Only exceptional events
Marinette: (voiceover) Don't forget to take the Bee Miraculous, Alya. It's essential to the plan
Alya: I know girl, don't worry!"
party_crasher_marinette_0001,Seine.,"Nino: Sorry, but Max is right. The girls can't know about this. So, is this mission still on? For Adrien? (the guys look over their excuses) Guys?
Marinette: (places a tree down) Hey, weren't the boys supposed to be here?
Alya: Nino was asked at the last minute to DJ his grandma's birthday party"
party_crasher_marinette_0002,Outside the Agreste mansion. Marinette is getting out of the subway when she spots Nathaniel and Marc entering the mansion.,"Markov: I just need to hook to the home’s electrical panel. (plugs himself to Adrien’s computer)
Marinette: I knew it!
Tikki: Are you sure this is a good idea?
Marinette: All the guys are together at Adrien’s place, so why can’t I be there too? I’ll just pretend I was passing by and, uh
Tikki: Yet another lie?
Marinette: Just a half truth"
party_crasher_marinette_0003,Outside the Agreste mansion. Officer Roger angrily rings the doorbell and is let inside.,"Roger: Hmm. It's about time
Marinette: (notices the gate opening) This is my chance! (the gate closes before she can enter)
Roger: (blows his whistle, the music stops) What's all this racket about? (Max gives the bodyguard a Mercury action figure and he leaves)"
party_crasher_marinette_0004,"Adrien's room. Marinette is surprised when she bumps into Master Fu, who is sitting on top of a cooler.","Marinette: (in a fake accent) Hi there! It's a-me: Marino! Your neighbor! I heard there was a party going on here, a guy's-only, so I'd like to come-a too, because, uh, I'm a guy. Heh! In fact, it's hard for me to walk with all these guy muscles of mine. Hehe! (The gate opens. She cheers in her normal voice) Aha! (goes back to her fake accent) I mean, hoo hoo! (walks inside and into Adrien's room)
Marinette: Master Fu?
Master Fu: (not recognizing Marinette) Who, me? No, not at all. I'm DJ Wong! Ooh, ooh! Wiki, wiki, waa!
Marinette: (leans towards him and takes off her glasses) Master, it's me: Marinette
Master Fu: Marinette?
Marinette: What are you doing here? Aren't you supposed to be extra careful? (winks) You know, keeping the Miraculous hidden so Hawk Moth won't find them?
Master Fu: Don't worry, Marinette. The Miraculous are cool. (taps his cooler)"
party_crasher_marinette_0005,"Adrien's room. Mr. D'Argencourt, André, Janel, Roger, Hessenpy, and Marinette are doing the Stationation dance when Marinette trips and her disguise comes off. Everyone is shocked.","Adrien: Marinette?
Marinette: (frantically puts on disguise) Uh... no, no, no, no! It's a-me: Marino!
Party Crasher: (bursts into the room) So, Adrien? Too busy for your number one fan? Well I'll make sure you never forget to invite me to one of your parties again. (They all laugh at him, until he begins absorbing them all, then they flee) Adrien! Where are you, Adrien!?"
party_crasher_marinette_0006,Adrien's room. Everyone is cleaning.,"Marinette: I wasn't completely honest today either, but
Nino &amp; Marinette: I did it for Adrien. (laugh)
Marinette: If we hurry up, we can still plant trees with the girls"
penalteam_marinette_0001,Stade des Princes,"Markov: Processing. (Markov prints out a slip of paper with his answer, to which Kim then takes and reads it)
Marinette: Alya! (Alya rushes over to Marinette's side)
Kim: Oh no, Alya was Markov's pick
Marinette: Hey, using Markov is cheating!
Kim: Well we're gonna need the best players if we're gonna win right?"
penalteam_marinette_0002,Stade des Princes,"Chloé: Of course I have a teddy…Uhhh I mean ridiculous, utterly ridiculous
Marinette: Why don't we draw for it?
Rose: Oh yeah, that's a great idea! (The rest of the class (minus Chloé) cheer)"
penalteam_marinette_0003,Stade des Princes,"Didier Roustan: It's your call. Uh mind passing me that ball over there before you go?
Marinette: You absolutely have to play!
Didier Roustan: (Blows whistle)"
penalteam_marinette_0004,Stade des Princes,"Chloé: I forbid you to play this stupid game!
Marinette: Don't listing to Chloé, you're allowed to play soccer if you like it. (Helps Sabrina off the ground)
Chloe: The only thing she likes is obeying me! (Chloé pushes Sabrina aside and turns face to face with Marinette)"
penalteam_marinette_0005,Stade des Princes,"Kim: Awesome!
Marinette: (smiles nervously and accidentally passes it to him) Oops
Nino: Dude quick, pass it! (Nino runs pass Adrien)"
penalteam_marinette_0006,Stade des Princes,"Didier Roustan: Nicely done captain. Marinette, is it?
Marinette: Yes. Thank you, sir
Chloé: (Chloé, furious, walks away to the goal and crosses her arms) Well I find Dupain-Cheng's idea ridiculous, utterly ridiculous!"
penalteam_marinette_0007,Stade des Princes,"Penalty: Huh, you wanted to play soccer? Okay, then let's play
Marinette: But I thought you didn't like soccer
Penalty: I can't stand it and I promise that when I'm done with you, you too will never wanna play this ridiculous game ever again"
penalteam_marinette_0008,Stade des Princes,"Didier Roustan: (Gasps) Welcome to the Stadium of Princesses…Or not?
Marinette: No intention of losing this game! Tikki, Spots On! (From behind the row of seats, a flash of pink light appears)
Plagg: Ah, for pity's sake anything but soccer please! (In the arena's bathrooms)"
penalteam_marinette_0009,Stade des Princes,"Shadow Moth: Ladybug! I came as your opponent, I'll leave as you're your worst nightmare! (his window closes)
Marinette: Miss Bustier, Mr. Didier, we've all discussed it and we all agree: Chloé shouldn't have to play if she doesn't want to
Chloé: (throws down her yellow jersey) Oh that's too kind of you Dupain-Cheng! Yuck!"
pixelator_marinette_0001,Le Grand Paris. Ms. Bustier's class is having a work experience. Kim puts on his bellboy hat.,"Alya: (whispers to Marinette) I bet I know who helped Daddy make the assignment
Marinette: Of course, she gets to spent her entire day with Adrien... Ugh! This is gonna be the worst day ever! (groans)
Mr. Bourgeois: It must be an oversight"
pixelator_marinette_0002,Le Grand Paris. Ms. Bustier's class is having a work experience. Kim puts on his bellboy hat.,"Chloé: Wow!
Marinette: Hey! That's
Mr. Bourgeois: Excuse me, but this is a luxury hotel, not a zoo (Fang growls at him)"
pixelator_marinette_0003,A luxurious suite. Jagged Stone plays with Fang.,"Mr. Bourgeois: Of course we can! Marinette here is our gopher. She'll take care of that for you
Marinette: Huh?
Mr. Bourgeois: A gopher is an employee who goes for anything a customer needs. Anything at all. So go ahead. Goph!
Marinette: These should do the trick. Now I can get back to the hotel and hang with Adrien! Ugh... And Chloé"
pixelator_marinette_0004,Le Grand Paris. Jagged Stone sees the shades Marinette bought. But they aren't the right shades.,"Jagged Stone: Where are the Eiffel Towers?
Marinette: Um... here
Jagged Stone: This is a joke, right? What are you doing, trying to ruin my career?
Marinette: But, Mr. Stone, the glasses you want don't exist!
Jagged Stone: Do I look like I care? Just get me those sunglasses!
Marinette: Great. I'm gonna have to spend even more time away from Adrien!"
pixelator_marinette_0005,Dupain-Cheng House. Marinette's room. Marinette tries to find something.,"Chloé: Well, I can fix this. Leave it to me. (calls Mr. Bourgeois with her phone) Daddy?... Daddy??... DADDY?!
Marinette: Where did I put them... Oh! (gets an old pair of shades) Voila!
Tikki: But they're pink
Marinette: They won't be when I'm done with them. This is either gonna be the most amazing pair or the ugliest pair of shades in shades history. Ms. Bustier is grading me on effort, right?
Tikki: Don't worry, I'm sure Jagged Stone will love them!"
pixelator_marinette_0006,"Le Grand Paris. Marinette enters the hotel, looking for Adrien and Chloé.","Adrien: Uh, no. There's gotta be a way out somewhere. (Sees Chloé hugging him) I hope
Marinette: Adrien? Chloé? Ughh! I bet those two have gone off together somewhere fun! Hmph! And now I'm here all alone without Adrien
Tikki: Marinette, snap out of it, let's just focus on getting Mr. Stone's glasses for now, okay?"
pixelator_marinette_0007,The hall way. Pixelator opens the door to a room. Alec Cataldi is in the room.,"Marinette: Thank you
Marinette: I hope Mr. Stone likes them
Tikki: Hard work always pays off"
pixelator_marinette_0008,The hall way. Pixelator opens the door to a room. Alec Cataldi is in the room.,"Marinette: (Sees the Pixelator, and goes into the elevator) Time to transform!
Marinette: Tikki, spots on! Ah! (Marinette transforms into Ladybug)
Pixelator: Hey there! Time for your photoshoot!"
prime_queen_marinette_0001,Marinette's room. Tikki is watching a talk show that is being hosted by Nadja Chamack called Face To Face on TV 5.,"Tikki: (Shocked upon the news.) Sizzling hot revelations?
Marinette Dupain-Cheng: (Marinette is sewing whilst Tikki approaches her.) Can you believe it Tikki? An entire hour-long special about me and Cat Noir. Pretty exciting, huh?
Tikki: (Tikki flies around Marinette to warns her about the consequences upon joining the talk show.) Marinette, you're a superhero, not a star. You have to remain a mystery to protect yourself from Hawk Moth and his super villains"
prime_queen_marinette_0002,Marinette's room. Tikki is watching a talk show that is being hosted by Nadja Chamack called Face To Face on TV 5.,"Tikki: (Tikki flies around Marinette to warns her about the consequences upon joining the talk show.) Marinette, you're a superhero, not a star. You have to remain a mystery to protect yourself from Hawk Moth and his super villains
Marinette: (Lets Tikki rest in her palm and calms her down.) Don't worry, I only accepted this because I want the people of Paris to know that Cat Noir and I will always do whatever it takes to keep them safe
Tikki: Just be careful tonight, okay?
Marinette: Tonight? What do you mean tonight? (Picks up her phone to check her babysitting schedule.) Tonight I have babysitting, the show is tomorrow"
prime_queen_marinette_0003,Marinette's room. Manon and Alya are playing together on the floor.,"Manon: To the Eiffel Tower and beyond!
Marinette: Glad you could make it last minute, Alya
Alya: Of course, it's (way) more fun watching your favorite superhero on TV with my favorite girls. (Tickles Manon, Causing her to laugh)"
prime_queen_marinette_0004,Marinette's room. Manon and Alya are playing together on the floor.,"Marinette: Well
Marinette: Tikki, spots on! Ha! (Marinette transforms into Ladybug)
Staff: Going live in ten, nine"
prime_queen_marinette_0005,On the set of the next episode of Face to Face,"Alya: That's right, small fry!
Marinette: Well done! Now everyone's going to know about the Ladyblog!
Alya: You want an autograph?
Marinette: Of course!"
princess_fragrance_marinette_0001,"The streets of Paris. Ladybug arrives at a subway, where she turns back into Marinette as she walks upstairs.","Tikki: (sneezes)
Marinette: Tikki, you don't look well
Tikki: I need you to take me to a doctor
Marinette: But where am I gonna find a doctor for kwamis?
Tikki: I know a healer. I'll tell you where to go
Marinette: But what will I tell him? You're a secret, he'll get all suspicious and ask me questions— (gasps)And I know someone else who is gonna ask a lot of questions: my teacher! About why I'm late again! Tikki, can I take you to the healer right after school? (Tikki nods and sneezes) Thank you"
princess_fragrance_marinette_0002,"Outside Collège Françoise Dupont. Nino waits as Adrien runs to school, Marinette and Alya are watching them from behind.","Alya: You two really are made for each other. Neither one of you can make it to school on time. Since he missed chemistry class, it would be (sweet) if some lady could lend him her notes so he could get up to speed
Marinette: (giggles) You're right. Oh, you mean for (me) to give him (my) notes! (looks to her purse, where Tikki is) No, I can't. I-I—
Alya: Girl, your fake excuses don't work on me"
princess_fragrance_marinette_0003,"Outside Collège Françoise Dupont. Nino waits as Adrien runs to school, Marinette and Alya are watching them from behind.","Alya: Huh?
Marinette: Achoo! I think I'm getting sick
Alya: Then don't breathe on him. (points to Adrien. Marinette starts to walk over to him)"
princess_fragrance_marinette_0004,"Outside Collège Françoise Dupont. Nino waits as Adrien runs to school, Marinette and Alya are watching them from behind.","Marinette: Don't worry, Tikki. It'll just take a sec— (trips over someone's bag and Tikki accidentally flies out of her bag. Marinette lands on Adrien)
Marinette and Tikki: Aaaah!
Adrien: Woah! You okay? Nothing broken?"
princess_fragrance_marinette_0005,"Outside Collège Françoise Dupont. Nino waits as Adrien runs to school, Marinette and Alya are watching them from behind.","Adrien: Woah! You okay? Nothing broken?
Marinette: Uh, yeah, uh, I'm fine. (Adrien and Nino leave. Then Marinette realizes Tikki isn't in her purse anymore) Hah! AAH!
Tikki: (weakly) Marinette... (Chloé and Sabrina walk over and Tikki pretends to be a plush doll)"
princess_fragrance_marinette_0006,"Outside Collège Françoise Dupont. Nino waits as Adrien runs to school, Marinette and Alya are watching them from behind.","Rose: (gasps and then cries. Chloé gets into her limo and leaves Rose crying on the ground.)
Marinette: Tikki? (Marinette hears Chloé laugh and sees her holding Tikki as her limo is pulling away) Chloé, wait up!
Chloé: Huh?
Marinette: That's my... my
Chloé: Not anymore. Finders keepers. (laughs)
Marinette: (to herself) Tikki"
princess_fragrance_marinette_0007,Outside Le Grand Paris. Marinette walks up to the doorman.,"Rose: ♫ I'm coming, my prince! ♫
Marinette: Hello! I'm in Chloé Bourgeois class and I really have to see her
Doorman: Are you a friend of hers?
Marinette: A friend of Chloé's? Ha, you must be kidding! (gasps) I mean— we're in the same class, that's all
Doorman: If you're not a friend then I can't
Marinette: Yes! I'm a f-f-friend of Chloé's. We're BFFs!
Doorman: Aha! Chloé doesn't have any friends!
Marinette: Does that mean you're not letting me in?
Doorman: No!
Marinette: (disguised) Hey! Got a pizza for Chloé Bourgeois
Doorman: Hmm, it's usually sushi. (moves aside) Top floor, imperial suite
Marinette: (giggles) Yes, yes, yes, yes, yes!"
princess_fragrance_marinette_0008,Outside Le Grand Paris. Marinette walks up to the doorman.,"Princess Fragrance: I'm Princess Fragrance and I've come just for you! In just a spritz, you'll be mine, Prince Ali!
Marinette: This is bad! (activates a button from a synthesizer to launch the confetti)
Adrien: What or who is that? Plagg? Plagg, let's go! There's trouble in Paris! (he looks in his trash can where Plagg is eating his Camembert and Adrien is annoyed)"
princess_fragrance_marinette_0009,"Back inside the Le Grand Paris. Prince Ali, his chaperone, André and Chloé escaped to the stairwell.","Princess Fragrance: No one will take my prince away! (fires at Cat Noir)
Marinette: Uh oh! (leaps out of the way)
Cat Noir: Emergency evacuation, everybody down!"
princess_fragrance_marinette_0010,Fu's massage shop. Marinette watches as Master Wang Fu helps heal the sickness from Tikki.,"Marinette: No, Tikki. I'm not making the same mistake twice! We've gotta get you to the healer now!
Marinette: Is she gonna be okay?
Wang Fu: ""One who is burning with impatience can never eat hot porridge.""
Marinette: (confused) Um, what has this got to do with eating?
Wang Fu: Silence please. Reading energies. (places both his hands in front of Tikki) What type of cat did you say?
Marinette: Cat? Um, right. Rare hairless flying species from Kingdom of Achu. I was allowed to have one, because I won a zoo tap-dancing contest when I was in... the Kingdom of Achu. (laughs nervously)
Wang Fu: Mm-hmm. Unusual. (picks up his gong)
Marinette: Yes, yes, very
Wang Fu: We are finished. (puts the gong down) Your cat's health has been restored
Marinette: Thank you, thank you so much! You're a real magician, sir! (about to walk out the door, but stops) How did you do that?
Wang Fu: Ancient Chinese secret. (Marinette closes the shop's door. Wang smiles) Just like yours
Marinette: Tikki, I'm so, so sorry. You were so sick and, well, I don't know what I do without you"
protection_marinette_0001,"Jardin des Tuileries. The gang form two groups to formulate a plan for Adrien and Marinette's date, starting of with Marc's group for Adrien's part.","Adrien: (surprised) Oh? And it works in real life too? Who knew!
Marinette: (to Nathaniel) But what if I need to get out?
Adrien: (to Marc, rubbing the back of his neck) What if… Marinette wants to leave? I wouldn't want her to feel cornered or pressured into anything…"
protection_marinette_0002,"Jardin des Tuileries, inside a ferris wheel pod. The plan for the ""magic kiss"" ensues, starting off with Kitty Section singing a song.","Marc: Kiss in nine, eight, seven
Adrien and Marinette: (bummed out) Can we get off now?
Kitty Section and Nathaniel: NO!"
protection_marinette_0003,Place des Vosges. Marinette stops walking as her phone rings with a new message.,"Adrien: What do you want me to do, Plagg? He's my father... (proceeds to send his message to Marinette)
Marinette: (brings out her phone from her pouch) ""I'm sorry. You can't come. I can't talk to you.""
Tikki: Are you gonna be okay?
Marinette: It's probably because his father wouldn't allow it again. That's okay, we'll see each other some other time. Nothing to worry about at all. You have to take things as they are, don't you?"
protection_marinette_0004,"Interior, The Dupain-Cheng's Residence, in Marinette's room. Just as Marinette is about to enter her room through her trapdoor, her phone rings again.","Adrien: You're right, Nathalie. I don't know what came over me. (brings out his phone again, opening it to message Marinette once more)
Marinette: (checks on her phone and gasps) He's available again! See? He’s acting completely random— he’s perfect for me! And you're right: it doesn't change a thing whether I worry or not! So why worry? Come on, let's go
Tikki: Since we're back home, why don't you get changed before we leave again?
Marinette: No way, Tikki! What if it breaks the magic of the moment? You start putting on socks and the next thing you know, you're making foolish plans all over again. I've decided that I'll be in my pajamas, so pajamas, it is! (goes down the stairs and Tikki follows her)"
protection_marinette_0005,"Exterior, the Agreste mansion, in the courtyard. Adrien opens the door for Marinette, showing her the picnic area he prepared. She gasps in awe upon seeing it.","Marinette: (leaning on the stone fence) Wow!
Marinette: Adrien, what's in there?
Adrien: Take a look! (opens the basket revealing two game controllers, a game console and a whole lot of video games)
Marinette: (wide-eyed) Wooooow!
Adrien: Ah, maybe you would rather watch a movie...?
Marinette: You're kidding, right?"
protection_marinette_0006,"Interior, the Agreste mansion, in Adrien's room. Adrien brings Marinette in and locks his door.","Riposte Prime: (breaks in the room through the window) Too late!
Marinette: Kagami, what's happened to you?? There has to be some misunderstanding. If I hurt you without realizing it, tell me! I'll do anything to make it up to you!
Riposte Prime: You're good. You almost had me fooled again! (strikes to attack Marinette, only to be blocked by Adrien with his saber)"
protection_marinette_0007,Place du Châtelet. Riposte Prime prevents Marinette from escaping.,"Riposte Prime: You really are a great actress!
Marinette: Kagami, listen!
Riposte Prime: Never again! (touches Marinette with her sword and captures her in a sphere, setting Adrien free in his room)"
protection_marinette_0008,Place du Châtelet. Riposte Prime prevents Marinette from escaping.,"Kagami: I'm sorry. I let my emotions get the better of me again and cloud my judgment. I'm so weak. Please forgive me
Marinette: Don't try to push your emotions away. Look them in the eye. Acknowledge them. Figure out what they're trying to tell you, (places the magical charm in Kagami's hand) and turn them into energy to move forward. That's real strength. Love yourself the way you are
Adrien: Just like we love you the way you are"
psycomedian_marinette_0001,"Cafeteria. Marinette is eating with Alya, Alix, Mylène, Rose and Juleka.","Marinette: Seriously, girls, I've tried multiple times, right?
The other girls: (nodding) Mhm
Marinette: Of course, in the beginning it was a (total) disaster"
psycomedian_marinette_0002,"Flashback from ""The Bubbler"". Outside the school.","Marinette: Of course, in the beginning it was a (total) disaster
Marinette: I can't do it, I can't do it!
Alya: (facepalms and sighs) No, you don't, girl. You've been stalling all morning. Now's the time!
Marinette: Aaah! (She stops right in front of Adrien.) Um, haha! Hey! (She waves nervously as she holds her gift behind her back.)"
psycomedian_marinette_0003,Cafeteria.,"Alya: (placing her hand on Marinette's shoulder) One of your best Marinette moments ever, no doubt
Marinette: But over time I've gotten better, haven't I?
Alix: Like that time you were amazing at the Trocadéro?"
psycomedian_marinette_0004,"Flashback from ""The Puppeteer 2"". Inside the Agreste car.","Adrien: Is that true? We're still friends, you and me?
Marinette: Of course! But to be safe, maybe we should stop playing pranks on each other
Adrien: (laughs) I know. I'm not good with jokes. The girl I'm in love with doesn't like them either
Marinette: The girl that you- you're... (turns away from Adrien, heartbroken) ...you're in love with?"
psycomedian_marinette_0005,Cafeteria.,"Marinette: The girl that you- you're... (turns away from Adrien, heartbroken) ...you're in love with?
Marinette: Becoming friends with Adrien is the worst thing that could've happened
Juleka: (mumbling) But you're special friends"
psycomedian_marinette_0006,Outside Collège Françoise Dupont.,"Adrien: See you, Nino!
Marinette: (shaking Nino) Why was Adrien laughing!? What was on your phone!? Come on, Nino! Tell me, please!
Nino: Chill, girl! It was Harry Clown's sketch about cafeterias. So funny, you've heard of him?
Marinette: Of course! He's even one of my parent's customers. He always comes to buy bread at 5 pm. -- Which is right now! (runs off to her family bakery)
Nino: (befuddled) Uh... No problem! (waves)"
psycomedian_marinette_0007,Dupain-Cheng living room.,"Gabriel: No one will ever take him seriously
Harry and Marinette: He said yes!! He said yes!! He said yes!!
Marinette: I really hope you'd be able to get your film produced, Harry. Thanks to you, I'll get to sit next to Adrien at his favorite comedian show! We'll have so much fun, laugh together, I can even tell some jokes. Except I don't know any jokes. He'll never find me as funny as you!"
psycomedian_marinette_0008,"Grand Palais, outside, front.","Marinette: Oh, what? There it is! (laughs) Silly old me!
Marinette: Sorry
Adrien: Sorry
Marinette: Oh, there it is. Yee-haw...!"
psycomedian_marinette_0009,"Grand Palais, outside, front.","Harry: Fine. I'll be right there. Honk
Marinette: Check out my sheriff's star! Shiny, right? Yee-haw...?
Adrien: You're acting kind of strange. Are you okay?
Marinette: What? No, no, I'm fine. (laughs nervously)"
psycomedian_marinette_0010,"Grand Palais, outside, front.","Marinette: What? No, no, I'm fine. (laughs nervously)
Marinette: Look at the sheriff... Uh, I mean, the star!
Adrien: Why'd you do that for?
Marinette: I'm sorry. (runs off)
Adrien: Hang on!"
psycomedian_marinette_0011,Grand Palais. Harry walks off and sees Marinette sobbing.,"Harry: Oh! Marinette?
Marinette: It was a total disaster. The worst day of my life. Adrien didn't laugh once. He must've thought I was so lame! Your meeting didn't go well either?
Audience: Harry! Harry! Harry! Harry!"
psycomedian_marinette_0012,Grand Palais. Harry walks off and sees Marinette sobbing.,"Marinette: Okay!
Marinette: Tikki, spots on! Ha! (Marinette transforms into Ladybug.)
Psycomedian: Where are you running to, Bob?"
psycomedian_marinette_0013,Grand Palais.,"Tikki: Go on, Marinette. Just be yourself this time, and everything will go great
Marinette: Uh... Hey!
Adrien: Hey!
Marinette: Listen. I wanted to apologize for earlier in the line. I was trying to do Harry Clown's sketch, but... I don't have his natural comedic talent
Adrien: Well it was a bit awkward. But you're wrong! For example this morning at school when you were talking to the girls, I had no idea what you were saying, but you were gesturing wildly, like this, and like that! (Marinette and Adrien laughs.)
Marinette: Wait a minute, you mean you weren't laughing at Harry Clown's sketch?
Adrien: No, I don't think anyone can make me laugh more than Marinette Dupain-Cheng
Marinette: Oh, I make you laugh? Seriously?
Adrien: Mhm"
qilin_marinette_0001,"Interior, Dupain-Cheng Residence, Sabine's bedroom. An alarm clock beeps as it struck at six in the morning. Sabine turns it off and steps out of her room with a towel rolled on her head. She flips the calendar to the 14th.","Sabine: My, you've grown again!
Marinette: (nervously) Ah! Sorry!
Sabine: It's alright, sweetie. (grabs the sponge that absorbed the spilled milk)
Marinette: (spots the magazine on the table) Oh, Mom! My shoes are getting too small. Do you think you could buy me a new pair?
Sabine: What a good idea, honey! Why don't you meet me right after my painting class?
Marinette: Oh! Let's get some dimsum for lunch before we go to the store!
Sabine: Of course!"
qilin_marinette_0002,Outside the Collège Françoise Dupont,"Marinette: AHH! I gotta get back to the house, hide Tikki! (Starts to run out from the alley)
Marinette's voicemail: It's Marinette, leave a message! Beep!
Sabine: (To Marinette's voicemail) Honey, it's mom! You have exactly four chouquettes to show up. (The bus arrives and Sabine gets on) Good day sir. Would you mind if I put this here while I look for my wallet?"
qilin_marinette_0003,Outside the Collège Françoise Dupont,"Bus driver: Well if I can be of service to a commuter! (Takes and eats one chouquette) Mm, exquisite! (Takes another chouquette) Mmm, delicious! (Takes a third chouquette) Scrumptious! (Takes one more chouquette and starts licking his fingers)
Marinette: EHH! I'm here! (Leaning on her knees out of breath)
Sabine: This is my daughter Marinette, who I'm certain did not forget her ticket
Marinette: (Gasps) Oh shoot! Um well- uh huh the thing is-
Sabine: Marinette, I asked you to remember it
Marinette: Ah it's no biggie I'll just buy one. (Digging into her purse) Ahh no I forgot my change
Sabine: Luckily I've always got a few spares (Holding up two tickets)
Marinette: Thanks super mom! (Hugs and kisses her mom on the cheek) Mwah!"
qilin_marinette_0004,At a nearby flower shop,"Marinette: Thank you!
Marinette: This one please! (Pointing at flower bouquet with pink roses and white flowers) Hurry hurry hurry hurry hurry
Tikki: Um, you're buying a present for your mother with her money?
Marinette: Yeah yeah I know but I don't have cash with me, I'll pay her back later (Looks back and gasps at the bus starting to leave) Nooo! (Runs after the bus) Waittt! Awww (Stops and catches her breath)"
qilin_marinette_0005,Marinette arrives at the meeting spot exhausted.,"Ticket Inspector: What's unfair is committing fraud and stealing from Parisians who do pay for their tickets, ma'am!
Marinette: Where is she?
Ticket Inspector: Hey there, Roger, I got a customer for you. No ticket, no money, no ID! And get this, she even made up a family with a daughter and everything!"
qilin_marinette_0006,Hôtel de Ville.,"Qilin: Take these handcuffs off me!
Marinette: Oh no! What if mom's in trouble? (hides behind an ad of Adrien Agreste) Tikki, spots on! (transforms into Ladybug)
Guards: No way I'm going back there!"
qilin_marinette_0007,Hôtel de Ville.,"Ticket Inspector: Uh- say there, you're not gonna get akumatized again, are you? (Sabine groans)
Marinette: Mom! I've been looking for you everywhere! Happy mother's day, mom! I'm a bit late, I know! (laughs nervously) But I- I just had so much work recently, but someday i'll manage to handle it all just like you. (hugs to Sabine)
Sabine: I know, darling
Marinette: Here are our tickets! I ran into Ladybug she explained the problem to me"
qilin_marinette_0008,Hôtel de Ville.,"Ticket Inspector: Well, that doesn't change the fact that this lady was on the bus without a ticket! The situation is a bit complex. But I guess that- yes it would be reasonable to cancel it all
Marinette: The truth is- I was out of line too. (to Sabine) I am so- so sorry, mom. This is all my fault. which is why I'd like to pay the fine with my pocket money
Ticket Inspector: That's quite a responsible act young lady. (Prints the check that Marinette has to pay)
Marinette: But, (laughs nervously) Just for now, could you lend me the money? Please?"
queen_banana_marinette_0001,Art classroom. Zoé and Mylène are rehearsing.,"Chloé: Same thing. (Walks over to Zoé.) You—I told you that you'd be sent back to New York if you ever crossed my path, and now, not only are you on my path, but on TV, too!
Marinette: Don't let your sister walk all over you, Zoé. You are made for this part, you deserve it!
Thomas: It's true, and we're meeting with the producer tomorrow, so it's too late to change anything now"
queen_banana_marinette_0002,Bob Roth's office. The students enter with Thomas Astruc in the lead.,"Chloé: (spins around in the chair) Surprise! (The rest gasp.)
Marinette: (runs over) Chloé, what are (you) doing here?!
Bob: My old friend André told me you'd be okay making a few small changes in the script so that his daughter could be part of the film
Marinette: But it's impossible, we've prepped and gotten everything set!
Bob: Moviemaking, kid, is the art of compromise. To protect your—I mean, the interest of the film, you gotta be flexible, therefore, André's daughter will play the starring role
Marinette: That's not in the best interests of the film! (Zoé) is perfect for the role of the superhero of creation"
queen_banana_marinette_0003,Bob Roth's office. The students enter with Thomas Astruc in the lead.,"Bob: (shoving them out) Now get out! (He closes the door.)
Marinette: This is totally unfair! (Zoé looks down sadly.)
André: Believe this or not, I also shot a film in my youth. It was called (""Solitude"")"
queen_banana_marinette_0004,Jardin des Tuileries. Movie van.,"Chloé: And (you), Dupain-Cheng, cool it with the horrible costume, it's worse than (lame). (Sabrina laughs.)
Marinette: That's why it suits you so well, Chloé. (Sabrina laughs again. Chloé glares at her, and she offers a banana.)
Nino: In this scene, the entire population has been put into an enchanted sleep, so we need tons of extras. (Marinette runs over to the rest.) You guys are gonna lay down here. (They lie down on the floor.) Perfect!"
queen_banana_marinette_0005,Jardin des Tuileries. Outside the van.,"Chloé: Blah, blah, blah, I don't care. I get to be the good guy
Marinette: We don't have time for all of these changes, Chloé!
Chloé: Oh yeah?"
queen_banana_marinette_0006,Jardin des Tuileries. Outside the van.,"Thomas: You know, it's not uncommon to have to adapt the script on the set at the last minute for production reasons. It's called—
Marinette: That's baloney, a waste of time, giving up on your dreams?
Thomas: a revision"
queen_banana_marinette_0007,Jardin des Tuileries. Outside the van.,"Chloé: (throwing the pages of the script) Lame! Boring! Dull! (Sabrina offers a banana.) What we need is a superhero film featuring a (real) superhero. Hey! (A Queen Bee silhouette appears in the background.) What's black and yellow, has pretty blonde hair, (she points at her ponytail) gets everyone's attention and is gonna break the box office?
Marinette: You're not talking about you as Queen Bee? 'Cause most of the time you were a super-disaster more than a superhero
Chloé: Uh, actually, I wasn't even thinking of Queen Bee. I was thinking of a much more original character: Queen... uh... (Shows her banana) Queen Banana! (A Queen Banana silhouette appears instead of the Queen Bee one. Alix laughs.)
Marinette: Queen what?"
queen_banana_marinette_0008,Jardin des Tuileries. Outside the van.,"Chloé: (sees the cardboard gorilla) Are you kidding? I want a (real), dynamite-slinging gorilla, not some cardboard monkey!
Marinette: But Chloé, giant yellow dynamite-slinging apes do not exist!
Chloé: There are tons of giant gorillas doing stuff in (all) the good movies, can't you just hire one of those? Ugh, I'm so tired of all of you! (She walks away, followed by Sabrina.) I'm getting some beauty rest at the Palace, tomorrow you'd better have this monkey business figured out. (She slams the door of her limousine, which drives off. Sabrina runs after it.)"
queen_banana_marinette_0009,Marinette and Zoé run up the emergency stairs.,"Marinette: Unfortunately, no one can reason with your sister, Zoé. Stay here, I'm gonna... try to find a way out. (She runs up and sees Queen Banana wreaking havoc.)
Marinette: Tikki, spots on! Yeah! (Marinette transforms into Ladybug.)
Queen Banana: (blasting at more people) If you don't come out from your hiding place, Zoé, I'm gonna turn all of Paris into bananas, and it'll be all your fault!"
queen_banana_marinette_0010,Movie theater.,"Zoé: (giving the Charm) What's mine is yours. (she closes Chloé's hand) You and I are family
Marinette: It works!
Shadow Moth: That's impossible! What's going on?!"
queen_banana_marinette_0011,Movie theater.,"Chloé: Leave me alone, all of you!
Marinette: Zoé did it!
Tikki: Maybe this will help Chloé become a better person
Marinette: Let's hope so, Tikki"
queen_wasp_queen_s_battle_part_2__marinette_0001,"Grand Palais, interview area. Nadja Chamack is live on television.","Audrey: So, so. (takes Adrien's hat off of his head and looks at it. Marinette and her parents are watching) This hat is (not) a ""Gabriel Agreste"". Are (you) responsible for that? (looks at Marinette in an intimidating manner)
Marinette: Uhm…
Adrien: (whispers; to Marinette) Stand proud! (Marinette smiles at him)
Marinette: I… I'm the one who created it. (smiles nervously)"
queen_wasp_queen_s_battle_part_2__marinette_0002,"Grand Palais, interview area. Nadja Chamack is live on television.","Audrey: (looks at Marinette, too) You wanna be a fashion designer, right?
Marinette: (nervously) Uh-uh… Yes ma'am
Audrey: (puts the hat back on Adrien's head) Then come to New York with me! I'll make you the biggest name in fashion! I'm sure you'll even upstage Gabriel!"
queen_wasp_queen_s_battle_part_2__marinette_0003,"Grand Palais, interview area. Nadja Chamack is live on television.","Chloé: Ugh! I'll show you how exceptional I can be!
Adrien and Marinette: [Adrien] Chloé!
Pollen: How may I please you, my Queen? (André gasps)"
queen_wasp_queen_s_battle_part_2__marinette_0004,"Grand Palais, entrance. Nathalie walks up to Gabriel and Adrien and points to Adrien's car, where the Gorilla is waiting.","Sabine: I'm sure Ladybug and Cat Noir will fix (everything)!
Marinette: Uh… (Tom puts his hand on Marinette's shoulder before she can say anything)
Tom: Let's go back home. (walks out of the Grand Palais with Marinette and Sabine)"
queen_wasp_queen_s_battle_part_2__marinette_0005,Métro. Marinette and her parents are taking the Metro.,"Tom: I'd fly to the moon and open a bakery for my daughter if I had to
Marinette: (smiles, then looks sad; grabs her purse and opens it; whispering) What should I do, Tikki? It's like my dream come true. I can go to New York and become a (real) fashion designer
Tikki: Who will protect Paris from Hawk Moth if you leave?
Marinette: Cat Noir, Rena Rouge—
Tikki: Only Ladybug can capture akumas. I wouldn't be able to come to New York with you"
queen_wasp_queen_s_battle_part_2__marinette_0006,Métro. Marinette and her parents are taking the Metro.,"Passenger 1: Is she gonna save us or not?
Marinette: She's not going to pull it off
Nooroo: Master?"
queen_wasp_queen_s_battle_part_2__marinette_0007,Métro. Tom bursts into the operators room.,"Tom: I'm doing my best!
Marinette: (to Tikki) It's time we drag Chloé down to earth
Nadja: Cat Noir, what are you doing here?"
queen_wasp_queen_s_battle_part_2__marinette_0008,Helicopter platform. Audrey is getting more irritated.,"Audrey: But… Uh— Of course I l-l-love you
Marinette: (groans) You're also wrong about your daughter (not) being exceptional. In fact, Chloé is exceptionally mean. She's the worst person I've ever met. She may be more heinous, pompous and selfish than you. Compared to both of you, even a rock seems more capable of love
Chloé and Audrey: (shouting) How dare you⁈ (gasp and look surprised at each other)
Marinette: See? You're both much more alike than you think. (walks off; humming)"
re_creation_the_final_day_part_2__marinette_0001,"Interior, the Agreste mansion, down in the Crypt. A pile of rubble is seen on the center of the bridge connecting the elevator and Emilie's pod. Bug Noire pushes one piece of the debris away from her.","Gimmi: Fine. What do you want? Eternal life? Wealth? You want garden peas to turn red? I'm warning you, though: to each wish, it's sacrifice because the universe is balance. For example, if you wish for garden peas to be red, then strawberries will have to turn green
Marinette: NO! (slams her fist against the force field) (Don't) do this!!
Gabriel: (turns around to Marinette) Marinette, make sure that Adrien never knows about the villain that I was, (puts down the twin rings on the ground) but instead, that he remembers the times I tried to be a good father. (turns back to Gimmi)"
re_creation_the_final_day_part_2__marinette_0002,"Exterior, the Agreste mansion, in the courtyard. The sun is setting as the camera pans to Adrien, who is sitting where Émilie's statue was formerly placed. Marinette walks towards and sits beside him as Adrien fidgets with the twin rings.","Caline: (from the broadcast) Oh, it isn't my school, but... the result of a collaborative effort. In this new school, there will be no classes or struggling to get good grades. Children of all ages will be able to intermix and freely access all kinds of activities. They'll be able to try their hands at everything, learn at their own pace, and help each other until they've figured out what they want to do later in life. The school will be their second home. Children are our future. If we want it to be right, we must help each child to shine
Marinette: You're not wearing it?
Adrien: (while fidgeting with the rings) When Ladybug gave it to me, she told me how my father helped her to defeat Monarch, at the cost of his life. I don't know if I'll ever manage to be like him
Marinette: (holds Adrien's hands) You don't need to be like him. Just be yourself. (wears the twin rings on his left ring finger as Adrien blushes) Adrien, you're the only one who can decide what you make of (your) life
Adrien: You always find the right words, Marinette. When I'm with you, I feel so... free!"
re_creation_the_final_day_part_2__marinette_0003,"Exterior, the Agreste mansion, in the courtyard. The sun is setting as the camera pans to Adrien, who is sitting where Émilie's statue was formerly placed. Marinette walks towards and sits beside him as Adrien fidgets with the twin rings.","Adrien: You always find the right words, Marinette. When I'm with you, I feel so... free!
Adrien and Marinette: I love you!
Nadja: With only a few days left before school starts again, let's take a look back on a summer that transformed the world. Professor du Boucquale explains to us how"
re_creation_the_final_day_part_2__marinette_0004,"Interior, the Dupain-Cheng Residence, in Marinette's room. A news broadcast is being shown on Marinette's monitor.","Marinette: (puts down the empty box on her table) After the wish, all I could find was the double wedding ring, along with the Miraculous that Monarch had turned into rings and Cat Noir's and mine. I transformed into Aquabug and searched the basement but nothing. Even after repairing everything, it's as if the brooch had... disappeared! But whatever happens, we'll be ready
Marinette: (v.o.) When Monarch seized my yo-yo, he suddenly gained access to all Miraculous at once. This can never happen again, which is why I'll remain the Guardian, but only to support and help my fellow heroes. From now on, each holder will be responsible for the Miraculous and their Kwami. To be sure that power is used for the greater good, it needs to be shared
Cat Noir: Glad to see you again, m'Lady!"
reflekdoll_marinette_0001,Collège Françoise Dupont. Marinette and her friends are chatting in the courtyard.,"Luka: (goes to her) You're really pretty, Jule. I'm sure Marinette would love to have you as her model. (clips Juleka's bangs back) You gotta follow your dreams in life. Don't let 'em pass you by. You were made for this. (kisses her cheek) Go for it
Marinette: Since Olga Mendeleiev wasn't in today, what should we do now that we're out an hour early?
Alya: We should use this extra time to make that video for Marinette's soon-to-be website!"
reflekdoll_marinette_0002,Collège Françoise Dupont. Marinette and her friends are chatting in the courtyard.,"Juleka: (walks up, her bangs clipped back) I... I'd like to do it. (They gasp.)
Marinette: Juleka?
Mylène: I've never seen the top half of your face before!"
reflekdoll_marinette_0003,Collège Françoise Dupont. Marinette and her friends are chatting in the courtyard.,"Adrien: Oh! Okay then
Marinette: Ah, no...! (falls over)
Alya: (videotaping them on her phone, whispers to Marinette) Psst! This is totally your chance to ask him to the movies! (Marinette squeaks)"
reflekdoll_marinette_0004,Marinette's room. The girls and Adrien prep for the photo shoot.,"Juleka: (mumbles rapidly) Uh, I don't think this is such a good idea, you guys, I
Marinette: Is something wrong?
Juleka: (quietly) I'm just not feeling that—
Marinette: You know, it was really cool of you to agree to be my model, (Juleka breathes heavily) but I can tell you're not feeling that comfortable about it at all"
reflekdoll_marinette_0005,Marinette's room. The girls and Adrien prep for the photo shoot.,"Adrien: That's okay, maybe we can do it again some other day, if my father lets me
Marinette: (to Juleka) Would you prefer if someone stand in for you? (Juleka's heavy breaths come out like whimpers) This is something I should do myself, after all. These are my designs, and—
Alya: Of course! Awesome idea, Marinette! The coolest thing about your designs is that they work just as well with guys, as with girls. A guy? A girl? Same suits? What do you think Adrien, are you in?"
reflekdoll_marinette_0006,Marinette's room. The girls and Adrien prep for the photo shoot.,"Alya: See? This is gonna be awesome! Give Marinette your suit, Juleka— and Marinette, grab another suit for Adrien! (Juleka groans. The girls set up folding screens for them to change. Alya hands Adrien some jewelry.) Here are your accessories, created by the one and only Marinette Dupain-Cheng! (whispers to Marinette) Just bought you some extra time to ask him out! You're welcome
Marinette: I— I... (She gets dressed, replacing her earrings with her own designs)
Tikki: Don't do that, Marinette!
Marinette: It won't be for long, Tikki. Besides, you'll hold onto them for me. (places the earrings inside her purse, with Tikki)"
reflekdoll_marinette_0007,Marinette's room. The girls and Adrien prep for the photo shoot.,"Juleka: No, don't worry. Please go. Just tired, and need to study, and
Marinette: Are you sure?
Alya: (from downstairs) Girls! We've only got thirty minutes left!
Marinette: (to Juleka) Okay, then. Make yourself at home"
reflekdoll_marinette_0008,"The Trocadéro. The friends are in the middle of the photo shoot, laughing as they do so.","Reflekta: Juleka's no more! I am Reflekta! Everyone always forgets about Juleka, anyway. (tries to zap her, but she jumps away in time)
Marinette: Tikki, spots on! (touches her earrings) Tikki! Oh no!
Adrien: Plagg, claws out! Uh— (looks at his ring) Plagg?"
reflekdoll_marinette_0009,"The Trocadéro. The friends are in the middle of the photo shoot, laughing as they do so.","Plagg: (Floating over the screaming citizens) Cat Noir? Cat Noir! Cat Noir? (one of the Reflekta's stops and looks at him)
Marinette: Plagg?
Plagg: Eh! You're not— (belches green bubbles)
Marinette: What are you doing here? Has Cat Noir lost his Miraculous? Have you seen Tikki?
Plagg: It's a long story, Marinette. Uh—
Marinette: (snatches the ring and puts it on) Whatever, there's no time!"
reflekdoll_marinette_0010,"The Trocadéro. Rose, Alix, Alya, and Mylène are with Juleka again.","Marinette: (gasps upon seeing Tikki, and hugs her) Aww, (kisses her) I was so afraid I'd lost you forever, Tikki! (puts on her earrings, which become black) I'm so happy to have you back! (Tikki hugs her face, and they giggle and embrace again.)
Marinette: (running up to them) Girls! (gasps for breath)
Alya: Are you okay?
Marinette: I'm so sorry, Juleka, I should've realized how important the shoot was for you. Do you want to give another try? (Adrien runs up behind them)"
reflekdoll_marinette_0011,"The Trocadéro. Rose, Alix, Alya, and Mylène are with Juleka again.","The Gorilla: (grunts 'nuh-uh')
Marinette: Do you still have anytime left, Adrien?
Adrien: (to his bodyguard) It's important"
reflekta_marinette_0001,Collège Françoise Dupont.,"Ms. Mendeleiev's class: Spaghetti!
Marinette: I'm gonna be in a photo with Adrien! I'm gonna be in a photo with Adrien!
Alya: Right, 'cause uh– it's a class photo and you're in the same class as Adrien
Marinette: Amazing, isn't it? OH MY GOSH! What if we're standing in the same row together?
Alya: (laughs) Oh girl, you're too funny. Just smile and whatever happens, don't forget to breathe!"
reflekta_marinette_0002,Collège Françoise Dupont.,"Rose: No, Juleka, I'm telling you, you're not jinxed! This time it's gonna work out, I can feel it, right here!
Marinette: What's this about being jinxed?
Juleka: (sighs) Ever since I was little, every time someone takes a photo of me, something always goes very wrong"
reflekta_marinette_0003,Collège Françoise Dupont.,"Vincent: Perfect! You guys are awesome! Now stop squirming and let's get this photo shot!
Marinette: Uh, excuse me sir, you forgot Juleka
Vincent: Huh? Ah sorry, my bad! Go stand in the middle row, next to that blonde haired boy
Marinette: And you're gonna be right in the center! All eyes will be on you! No more jinxed class photos!
Vincent: No, this isn't right! Something's not working here!"
reflekta_marinette_0004,Collège Françoise Dupont.,"Rose: Oh, Juleka's been locked in the bathroom, she really does have the class photo jinx!
Marinette: Of course I should've known Chloé was behind this! We're gonna have to break this curse, Rose!
Rose: We can ask the photographer
Marinette: There's no point, he wouldn't want to! Unless, if the photo disappeared, the principal would have no choice but ask the photographer to shoot another one, with Juleka!
Rose: You're a genius, Marinette! But why would the photo just disappear?
Marinette: You find Juleka, I'll take care of the rest!"
reflekta_marinette_0005,"Principal Damoclès' office. Marinette is still hiding under the desk, Chloé and Sabrina are searching for her.","Marinette: Hand it over, Chloé!
Marinette: Give me that card!
Chloé: Give me back my phone!
Marinette: Give me the card or I'll keep your phone!
Chloé: Ha! You can keep the phone! I'll just buy another one!"
reflekta_marinette_0006,"Principal Damoclès' office. Marinette is still hiding under the desk, Chloé and Sabrina are searching for her.","Marinette: (runs into the library) Time to transform, Tikki!
Marinette: Tikki, spots on! Yeah! (Marinette transforms into Ladybug)
Reflekta: You won't get rid of me by locking me in the bathroom this time!"
reflekta_marinette_0007,"The Park. Everyone is gathered to take another picture and this time, Juleka is included, but not Chloé and Sabrina.","Adrien: This photo was a good idea, Marinette!
Marinette: (blushes) Thanks Adrien!
Chloé: Like I would want to be part of their stupid photo anyway! Ridiculous! Utterly ridiculous!"
representation_marinette_0001,"Paris, on the Eiffel Tower. Fireworks are continued to be set off for the end-of-the-school-year dance. A heartbroken Marinette walks to the tower's elevator, her make-up still looking messed up, following the finale of ""Revolution"".","Tikki: (worried) Marinette, are you sure you want to go...?
Marinette: We fought so hard for a happy ending, Tikki. (wipes her tears) We have to go to this dance, if only for my friends' sake
Tikki: You're so brave... Is there anything I can do?
Marinette: Do you know a surefire trick to keep from crying?
Tikki: If I did, I'd use it on myself
Marinette: (breathes deeply) I won't cry. I won't cry. (fans her face with both her hands as she holds back her tears) I won't cry. With a little luck, no one will even notice me"
representation_marinette_0002,"Back on the Eiffel Tower, Argos and Kagami contemplates on their plan with Marinette.","Mylène: (gives Marinette a small piece of log with a ribbon) Thanks to you, if Miss Bustier is elected, there will be more trees, less cars — the planet will breathe!
Marinette: (walks away backwards from Ivan and Mylène) I'm happy that the planet gets to breathe. But right now, (I'm) the one who can't breathe! (runs) Adrien!
Mylène: Are you sure you're okay, Marinette?"
representation_marinette_0003,"Back on the Eiffel Tower, Argos and Kagami contemplates on their plan with Marinette.","Marinette: Who, me? (hides her face behind the bouquet she's holding) Of course not! Adrien!
Marinette: (dejected) There's no way... (sits on the floor and attempts to contact Adrien)
Adrien's voicemail: Hello! You've reached Adrien's voicemail, leave a message!"
representation_marinette_0004,"Back on the Eiffel Tower, Argos and Kagami contemplates on their plan with Marinette.","Alya: You have the right to be sad, Marinette. This is anything but the ending we expected
Marinette: Oh! I just remembered! (stands up) I forgot a giant cookie that I made for the party! So, I'm going to go get it! I'll be right back!
Alya: That was the worst lie she's ever fed me"
representation_marinette_0005,"Downtown Paris. Marinette is seen to be continuously chasing after Adrien on the streets, and continuously bumping onto people as well.","Marinette: Sorry!
Marinette: Adrien! (sobs as she hugs the piece of paper)
Duusu: It's so sad!"
representation_marinette_0006,"Back to Kagami and Félix's storytelling, Kagami, acting as Colt, is seen sitting on a chair begrudgingly.","Félix: ﻿﻿﻿The miraculous child did not understand. (takes off his mask for sincerity) ﻿Why didn't his father love him?
Marinette: ﻿﻿﻿﻿Félix?
Félix: (reaches out to what is depicted to be Colt's hand on the hospital bed with a cardboard heart rate monitor beeping) ﻿﻿﻿﻿And why did he feel obligated to obey all his orders, (""Colt"" places his hand out of Félix's reach) ﻿no matter how unfair they might be?"
representation_marinette_0007,"In the art classroom, Kagami and Félix's storytelling slowly comes to a close.","Kagami: (﻿She's) the only one who can face the tailor. ﻿'Cause she's the only one who can fix things
Marinette: ﻿(shocked) Me...?
Kagami: (v.o.) ﻿You know what it's like to not love the one you want"
representation_marinette_0008,"In the art classroom, Kagami and Félix's storytelling slowly comes to a close.","Kagami: (v.o.) ﻿You have to lie all the time, and never reveal who you really are
Marinette: I'll help you
Argos: ﻿Will she have the courage to face the father of the boy she loves?"
representation_marinette_0009,"Exterior, Dupain-Cheng Residence. Cat Noir lands on the balcony railing as he stares at the trapdoor to Marinette's room.","Marinette: (after hanging her dress on the mirror) ﻿That's because it's not just a fairy tale, my Tikki. (unplugs her phone from her charger) ﻿And it's not finished yet
Marinette: ﻿Seems like Cat Noir's had a busy night. ﻿Tikki, spots on! (transforms into Ladybug)
Adrien: ﻿You were right, Plagg. ﻿I can't tell Marinette that I'm Cat Noir. ﻿And I can't disobey my father either. (pauses) ﻿You saw the result. (leans on the railing) I can't stay here. ﻿Plagg, claws out! (transforms into Cat Noir...) ﻿Power up. (...and into Astrocat)"
revelation_marinette_0001,"Interior, Collège Françoise Dupont, courtyard. Adrien and Marinette walk inside the school grounds together, hand-in-hand, and are greeted by students gossiping about the new Alliance avatar update.","Adrien: Doesn't matter. These avatars are just images, Rose. They're not really us
Marinette: His father can always try to force his truth on us, but we know ours. And so does Kagami
Ms. Bustier: (upon giving the paper back to Mylène) Excellent work, Mylène! (walks to Chloé and Sabrina's table) Now, however... these two papers I had a small issue with, as they both bear Sabrina's name"
revelation_marinette_0002,"Interior, Collège Françoise Dupont, in Ms. Bustier's classroom. Ms. Bustier is giving back the class' exam papers.","Ms. Bustier: Alright. Sabrina, I'm going to give you your real grade. Just don't do it again. You mustn't exhaust yourself in Chloé's service. You need your energy for yourself, too! (Sabrina nods.) As for you, Chloé, it's been so long since you've done any original work that you must've fallen way behind. You're going to need a lot of help!
Marinette: That's unfair, Ms. Bustier! Everybody knows that Chloé's been cheating — taking advantage of Sabrina and not making any efforts compared to the others... for years! And the only consequence is that she's going to get help?? Of course, we need to support students who have problems, but not when (they're) the problem!
Ms. Bustier: At school, Chloé is like everyone else, Marinette. Her falling behind will be punishment enough"
revelation_marinette_0003,"Interior, Collège Françoise Dupont, in Ms. Bustier's classroom. Ms. Bustier is giving back the class' exam papers.","Lila: Marinette, as class representative, I guess you've already discussed Chloé's difficulties with the teachers, haven't you?
Marinette: Huh? Why would I have? She doesn't have difficulties! Only privileges! And if you need proof to see how the teachers will let her get away with anything!
Chloé: As they should! Otherwise, my father, the Mayor of Paris, would kick them out of school (for good!)"
revelation_marinette_0004,"Interior, Collège Françoise Dupont, in Ms. Bustier's classroom. Ms. Bustier is giving back the class' exam papers.","Lila: Because of your wonderful romance with Adrien, you no longer have time for your duties as class representative, and that makes you feel bad. Oh, if you want, I could replace you! This way, you'll be able to think exclusively about yourself without feeling guilty for betraying the trust of those who elected you
Marinette: Huh— What??? But t-t-that's out of the question!!
Lila: (stands up) It so happens that I just quit as face of Gabriel brand in order to have more time for my friends. If everyone agrees, I'm willing to give the attention that's obviously lacking to Chloé's and everyone else's issues
Marinette: If you wanted to be class rep, you should've run in the election!
Lila: Oh! That's right. I wasn't here on that day. Hmm... When you think about it, it wasn't exactly democratic to hold the elections in my absence. What do you think, Ms. Bustier?"
revelation_marinette_0005,"Interior, Collège Françoise Dupont, in the cafeteria. Marinette walks to the table where Adrien, Alya and Nino are.","Alya: That's super sweet of you, Adrien! But you don't have to defend Marinette, you know?
Marinette: (whispers to Adrien) You were right. We can't talk about it openly. Lila is too good a liar. They'll never believe us. (to Alya and Nino) You have to admit that holding a new class rep at the end of the school year makes no sense
Alya: Duh! Then it'd be no big deal to let Lila try and see if she can get somewhere with Chloe
Marinette: ""Get somewhere with Chloé""??
Alya: Alright, fine. I'll admit that there's very little chance that Chloé will ever change. But if Lila can rid the world of such a huge dose of walking wickedness, it's worth a try, right?"
revelation_marinette_0006,"Interior, Collège Françoise Dupont, in Ms. Bustier's classroom. The whole class enter in the classroom after finishing their lunch.","Mylène: Can Lila actually get her to change?
Marinette: (slams her fists on her table) This is so crazy! It's all lies!!
Lila: Poor Marinette... couldn't succeed because she was too busy with her love life, as well as being reminded of her disdain for Chloé. But you know me. You know all about my humanitarian work. I'm used to going into conflict zones. I can do this. There are two weeks left... What do you have to lose? Help me, help Chloé change. Vote for me!"
revelation_marinette_0007,On the streets. Hoaxer's illusion of Marinette as Monarch continues to brainwash every Parisian with their Alliances.,"Adrien: We can't reason with them. Lila hypnotized them through their Alliances. They'll believe everything! Plagg, claws out! (transforms into Cat Noir)
Marinette: (from the transmission) Another perfect opportunity to akumatize that stupid Lila! (transforms into Monarch)
Alya: I know where to find Marinette for sure, sooner or later! (glances at the bakery)"
revelation_marinette_0008,"Interior, the Dupain-Cheng Residence, in Marinette's room. Ladybug enters her room through her trapdoor on the balcony. She walks towards her desk.","Alya: Hey— What are you doing??
Marinette: I need Scarabella to set a trap for Hoaxer!
Cat Noir: Let go of me!"
revelation_marinette_0009,"Back on the streets, Marinette confronts Hoaxer.","Scarabella: (continues to type the message to Cat Noir from behind a chimney) I'm hiding. As soon as I catch her with my yo-yo, get ready to Cataclysm her ring. (closes her bug phone)
Marinette: You're right, Lila. I never liked you. I always thought you were a liar. But this has gone too far. I never wanted you to get akumatized. This has nothing to do with the people of Paris, or Ladybug and Cat Noir. You don't need to make everyone suffer because of me. If you want to talk, I'm ready to listen. (goes down from the cartop) Just you and me
Cat Noir: Wow... I love that girl!"
revelation_marinette_0010,"Back on the streets, Marinette confronts Hoaxer.","Cat Noir: (sitting on the lamppost; to himself) Pound it, m'Lady!
Marinette: (looks up to the rooftops;to herself) Pound it, Alya!
Monarch: Dark wings, fall"
revelation_marinette_0011,"Interior, Collège Françoise Dupont, in the courtyard. Adrien and Marinette sit beside each other on the stairs.","Adrien: I'm sorry, Marinette. I was wrong. I shouldn't have told you to act against Lila. If you give the slightest opportunity to people like her, they'll grasp at it and cause disasters in no time. And now, you're the one who looks like a bad person
Marinette: (reaches out to hold his hand beside her) You thought you were doing the right thing. Just like with Chloe. That's another reason why I love you, Adrien. You always want to see the good in other people. But sometimes, the good we think we see in some people is just a reflection of our own, and we end up being fooled by our own kindness. (They squeeze each other's hands.) But we'll find a way to expose Lila eventually
Ms. Bustier: Here is the result of the vote: unanimously elected, Lila and Chloé!"
revelation_marinette_0012,"Interior, Collège Françoise Dupont, in Ms. Bustier's classroom.","Alya: (to Marinette, nudging her on her arm) I told you she was a nice girl. She rejected her Megakuma. That's proof enough, right? I'm glad you decided to trust her
Marinette: No. I decided to let her have her way so I can finally prove to you all who she really is
Lila: Your secrets are mine, and soon I'll have your Miraculous, Monarch. (closes the locker door)"
revelator_marinette_0001,Île aux Cygnes. Alya and Marinette are watching a video from the Ladyblog sitting under an umbrella on a carpet on the sand.,"Alya: Now these heroes who call themselves the Miraculers help us out even when the problem is not caused by an akumatized villain. Thank you Miraculers and remember for more superheroic news, stay connected
Marinette: This is amazing Alya!
Alya: Yeah but anyone can do that. I wanna put some real journalism out there. Tell people how hard it is to be a superhero. How hard we had to train in order to evolve, to stop transforming back. I want to explain how you enhanced our miraculous when you redesigned the jewels. (sighs) But all I get to do is tell a fraction of what I know
Marinette: People might figure out you're a superhero if you didn't
Alya: I know, but you know me. I'd love to be able to tell the truth, the whole truth
Marinette: Do you wish I hadn't given you that miraculous?
Alya: Are you kidding? I love being a superhero. I would've been so mad at you if you hadn't picked me
Marinette: You never would've found out
Alya: Impossible. I'm a lie detector in the flesh"
revelator_marinette_0002,"Dupain-Cheng residence. The walls and windows of the Tom &amp; Sabine Boulangerie Patisserie are covered in large graffiti, depicting Marinette as a witch casting a spell on Adrien, and Marinette flying away on her broom. There's also graffiti of a black cat next to her.","Tom: Hand me the phone Sabine. (takes the phone) I'm warning you, say one word about my daughter and
Marinette: Dad, Mom, what's going on?
Tom: Uhh, nothing at all. Everything's fine sweetheart
Marinette: (suspicious) Mom, I heard you telling someone not to talk about me. What were they saying?"
revelator_marinette_0003,"Dupain-Cheng residence. The walls and windows of the Tom &amp; Sabine Boulangerie Patisserie are covered in large graffiti, depicting Marinette as a witch casting a spell on Adrien, and Marinette flying away on her broom. There's also graffiti of a black cat next to her.","Sabine: Tom, you don't know where they are, much less who they are
Marinette: I don't understand. Why won't you tell me what's going on?
Tom: I'll close the shop. (pulls down the shutter)"
revelator_marinette_0004,"Agreste mansion, Adrien's room","Adrien: I'm sorry for causing you so much trouble Marinette
Marinette: It's not your fault. There has to be some misunderstanding. We should just meet with this Vincent's Secret guy and explain that we genuinely love each other. And he'll realise that he made a huge mistake, that whatever information he got is fake and everything will be back to normal
Adrien: You're probably right"
revelator_marinette_0005,"Agreste mansion, Adrien's room","Alya: He's not trying to hurt you. He doesn't care if he does. All he wants is to create buzz for his channel
Marinette: No one can be this mean. We'll go talk to him
Tom: What?
Marinette: I sent him a message and he agreed to meet with me"
revelator_marinette_0006,"Dupain-Cheng's Residence, Marinette's bedroom","Vincent: I know, because no truth can be kept from Vincent Secret. For a year, supervillain Monarch spread terror in Paris. And for a year, Ladybug and Cat Noir tried to stop him. Did they succeed?
Marinette: If I hadn't lied to Adrien and Alya and everyone, he couldn't have made this video
Tikki: Whether you lied or not, this Vincent Secret would have made up some other fake stories to gossip about"
revelator_marinette_0007,"Dupain-Cheng's Residence, Marinette's bedroom","Vincent: That's right, Ladybug wasn't the one who defeated supervillain Monarch. It was all thanks to famous fashion designer, Gabriel Agreste. And without any superpowers either, except his ability to design super sneakers
Marinette: What time is it?
Tikki: Almost 9
Marinette: Oh no, Tikki! These videos made me completely lose track of time! (rushes to leave her room)"
revelator_marinette_0008,"Café Crème, exterior","Marinette: Oh no, Tikki! These videos made me completely lose track of time! (rushes to leave her room)
Marinette: So now complete strangers are calling my parents' bakery to say bad things about me
Vincent: It's just innocent little phone pranks. Probably kids having fun. I don't see how any of this connects to Vincent Secret"
revelator_marinette_0009,"Café Crème, exterior","Vincent: I don't see anything mean here. You're still a teenager aren't you? Don't tell me you already know what you want to do later
Marinette: Of course I do. I want to design clothes, or jewels or furniture but also
Vincent: See? You don't know exactly"
revelator_marinette_0010,"Café Crème, interior","Adrien: The day we met, it was raining
Marinette: I was waiting for the rain to stop
Adrien: And I had an umbrella
Marinette: I didn't want his umbrella
Adrien: I didn't know how to get her to understand that I wasn't who she thought I was
Marinette: He told me that he...he never had friends
Adrien: This was my very first time going to school. It was all so...new
Marinette: And you handed me the umbrella
Adrien: You took it
Marinette: And I fell in love
Adrien: And the umbrella closed over your head"
revelator_marinette_0011,"Cinema, interior","Girl: Well, she did say that she hates you
Marinette: I never said such a thing
Vincent: (in video) How do you really feel about Adrien?
Marinette: (in video) I hate this guy"
revelator_marinette_0012,"Cinema, interior","Girl: You really need to stop making excuses for her Adrien. It's obvious she's manipulating you
Marinette: I'm not
Adrien: Come on, let's go"
revelator_marinette_0013,"Dupain-Cheng residence, Marinette's bedroom","Vincent: (on video) Want to know why Adrien Agreste and Marinette Dupain-Cheng are together? I know because no truth can be kept from Vincent Secret. I interviewed Marinette Dupain-Cheng for you and she revealed all her secrets to me. We already knew she was after the Agreste empire. But what we didn't know is about how she really felt for Adrien. And here's her answer
Marinette: (on video) I hate this guy
Vincent: (on video) I think that's pretty clear don't you? She also explained how she deviously managed to bewitch him
Marinette: (on video) He never knew what I was going to do
Vincent: (on video) And she exploited poor Adrien's weaknesses
Marinette: (on video) He never had friends
Vincent: (on video) Good thing Vincent is here to restore the truth and come to poor Adrien's aid. If you like this remember to"
revelator_marinette_0014,"Dupain-Cheng residence, Marinettes bedroom","Alya: Well I say the truth makes for a great story
Marinette: Mm-hmm
Nadja Chamack: Who really is famous influencer Vincent Secret? A promising young journalist just unveiled the truth"
revelator_marinette_0015,"On the streets. Revelator runs across the rooftops, he drops down in front of a civilian.","Ladybug: No! Rena!
Marinette: I couldn't tell Adrien the truth. He would have been completely ruined if he found out that Monarch was his own father
Cat Noir: Uh-oh...she just discovered your secret identity, huh? But that's okay, your Miraculous Ladybug will erase everything right, m'lady?"
reverser_marinette_0001,"Collège Françoise Dupont. Marc is hiding under the stair case, writing in his journal.","Marinette: Hey Marc. How's it going? Where is the rest of your class?
Marc: Oh, hey, Marinette. We're done with classes for today, the others probably went home
Marinette: Perfect timing! Our class has a spare hour, so some of us are heading over to the art room. You should come check it out!
Marc: (unsure) Sure... Why not?
Marinette: (Peeks over Marc's shoulder, looking at the book) Maybe you'll finally let me read your writing!
Marc: (unsure) Yeah, I don't know? Maybe
Marinette: Awesome! See you later then. (Giggles and runs up the stairs)"
reverser_marinette_0002,School Restroom. Marinette runs into the restroom into a toilet stall with Marc's book.,"Marinette: (Narrating) I saw the Evillustrator again today. Now that he's no longer controlled by Hawk Moth, he's become a true superhero, like Cat Noir and me. I'm sure he'd make an awesome partner, but I'm too shy to ask him. And I don't want to Cat Noir about it either, because I'm worried he'll be jealous
Marinette: It's not exactly the truth, but it's definitely a fun read
Tikki: Do you realize, Marinette? Ladybug has become a source of inspiration! You're a lucky charm for artists everywhere
Marinette: Marc writes exactly the kind of stories that Nate draws! It's incredible! They're (totally) meant to work together"
reverser_marinette_0003,"School lockers. Marc is digging through his stuff in his locker, desperately trying to find something.","Marinette: Marc writes exactly the kind of stories that Nate draws! It's incredible! They're (totally) meant to work together
Marinette: Looking for this?
Marc: (relieved) Oh. (gasps) Did you read it?
Marinette: Oh, no! ([pause] (sighs) Yeah... sorry. It was too tempting
Marc: (Turns his back to Marinette) Oh, how embarrassing. So, so, lame
Marinette: No, it's not! You should turn it into a comic book. Why don't you team up with Nathaniel?
Marc: Uhh, I'm sure he won't like it
Marinette: You should have him read it before you jump to conclusions
Marc: But what if he doesn't like it? (Buries face in book) I'll be so embarrassed. I'll have to change schools so I'll never run into him again
Marinette: Now you're being silly. Look, he draws Ladybug all the time and you write stories about her. Oh, I've got an idea; we'll have him read it without telling him who wrote it. If he like's it, it's a win-win. If he doesn't, we just won't say anything
Marc: Do you think it'll work?
Marinette: (nods) Trust me on this"
reverser_marinette_0004,School Art Room. Marinette is sitting at a table with Marc's book.,"Marinette: (nods) Trust me on this
Marinette: Nate! (puts book down) Someone gave me this for you
Nathaniel: Who's someone?
Marinette: I can't tell you who just yet. (whispering) It's a secret. (starts running off, but turns around) Read it, ""(Winks)"" and then we'll talk. (starts running again)
Nathaniel: (gasps) Diary of Ladybug!? (covers mouth) Is this... for real?"
reverser_marinette_0005,School entrance. Marinette is awaiting Nathaniel,"Marinette: Just do as I say, not as I do, okay?
Marinette: (to Nathaniel, who's reading as he walks out the school) How's it going? (Nathaniel goes up to her) Nate? So.. what did you think?
Nathaniel: It's seriously amazing! But how did you get a hold of it?
Marinette: First, I need to know if you're willing to meet the person who wrote it and then trusted it to me
Nathaniel: (looks suspicious) Is it... who I think it is?
Marinette: I can't tell you anything. Please don't insist
Nathaniel: Sure. (winks) Of course
Marinette: Awesome! You're gonna make someone (very) happy"
reverser_marinette_0006,School entrance. Marinette is awaiting Nathaniel,"Marinette: Awesome! You're gonna make someone (very) happy
Marinette: You keep it. You can give it back to the (author) later today. In person
Nathaniel: (to himself) It's my dream come true. This isn't some kind of prank, is it, Marinette?
Marinette: Meet at the Place des Vosges Square Fountain. Trust me, you will (not) be disappointed"
reverser_marinette_0007,"Marinette's balcony. Marinette uses her phone's camera to zoom in on the park, where Nathaniel is arriving.","Marinette: Meet at the Place des Vosges Square Fountain. Trust me, you will (not) be disappointed
Marinette: Final phase of operation ""Comic Book"", Tikki
Tikki: This will be better than a fairy tale ending"
reverser_marinette_0008,"Marinette's balcony. Marinette uses her phone's camera to zoom in on the park, where Nathaniel is arriving.","Nathaniel: Marinette? (He looks over to Marinette's balcony, where he sees her filming him)
Marinette: Uhh, operation ""Comic Book"" has hit a snag! (Tikki hides)
Nathaniel: You were trying to make a fool of me, weren't you? (Points accusingly towards Marinette) Do you think it's funny to toy with my feelings?"
reverser_marinette_0009,"Marinette's balcony. Marinette uses her phone's camera to zoom in on the park, where Nathaniel is arriving.","Marc: Ah!
Marinette: (Watching through cellphone) Oh no! (She runs off with Tikki)
Hawk Moth: A blooming friendship brutally ripped up. Picture perfect no more. (Turns butterfly into an akuma) Fly away, my beautiful akuma, and evilize him!"
reverser_marinette_0010,Place des Vosges. The akuma approaches Marc and goes into one of the loose papers of his book.,"Marc: Nothing will be the same anymore, Hawk Moth
Marinette: (Arrives sprinting) Marc? What happened?
Reverser: I'm not Marc anymore. (He flies around on his paper plane) I am Reverser! And you, Marinette, the one who caused all this! You think you're the super helpful girl who's loved by everyone? Well, from now on, everyone will hate you! (grabs a paper plane) Reversion! (throws paper plane)"
reverser_marinette_0011,Place des Vosges. The akuma approaches Marc and goes into one of the loose papers of his book.,"Reverser: (noticed Marinette's no longer there)
MARINETTE!!!: (flies off)
Marinette: Where did operation ""Comic Book"" go wrong? We better find out!"
revolution_marinette_0001,"Interior, the Agreste mansion, in Adrien's room. Adrien looks at a photo of Marinette in his phone","Adrien: You're right! Now's the right time! (answers the call) Marinette, I—
Marinette: (on-call) Have you watched the news?
Adrien: Huh? (grabs the remote and turns on his TV)"
revolution_marinette_0002,"Exterior, in front of Collège Françoise Dupont. Adrien is seen standing before the school","Adrien: That's for sure, Nino
Marinette: We're not letting Chloé call the shots!
Queen Mayor: (while walking into the school alongside reporters) Thanks to me, who rid you of those super-duds, Paris is going to become super-fab again! You'll get to do whatever you want to do and say whatever you want to say"
revolution_marinette_0003,"Exterior, in front of Collège Françoise Dupont. Adrien is seen standing before the school","Sabrina: We're not taking the school hostage
Marinette: We're just protesting!
Chloé: They're not respecting decromancy— detromacy— (groans) You know what I mean!"
revolution_marinette_0004,"Pont des Arts. Adrien walks, filled with determination once more, towards Marinette, who is buying an ice cream from André","André: Savor it. It might be my last cone
Marinette: (grabs the ice cream from Andre) No way, Andre! No one can keep you from bringing everyone so much happiness
Adrien: You okay, Nino?"
revolution_marinette_0005,"Interior, the Agreste mansion, in Adrien's room. Adrien paces back and forth while calling Marinette on his phone","Queen Mayor: Oh, you miss them already? Why don't you go join them... in detention?!
Marinette's voicemail: It's Marinette! Leave a message. Beep!
Plagg: You two are definitely having a hard time communicating lately"
revolution_marinette_0006,"Queen Mayor's ""detention"". Adrien is de-immobilzed in a white arena that switches from being bathed with red to white light depending on the surrounding screens","Adrien: (off-screen) Marinette!
Marinette: (hears Adrien at last) Adrien? Adrien!
Queen Mayor: (from the screens; red) Ridiculous! You'll always be ridiculous!"
revolution_marinette_0007,"Exterior, the Louvre. Queen Mayor stands in front of a podium on a stage before a large crowd of Parisians with lights directed at her","Miss Bustier: (gasps) But I can't. I'm just a teacher!
Marinette: No, she's right! You'd be amazing!
Nino: We'll help you with your campaign, Comrade— I mean, Miss Bustier!"
revolution_marinette_0008,"Exterior, the Louvre. Queen Mayor stands in front of a podium on a stage before a large crowd of Parisians with lights directed at her","Zoé: Perfect timing! The end of the school year dance is tonight!
Marinette: I have to go home and change. I'll meet you back on the Eiffel Tower!
Adrien: (towards his friends, with a forced smile) Same with me. See you later!"
revolution_marinette_0009,"Interior, the Agreste car. Adrien and Gabriel sit side by side in the passengers seats in silence. Adrien continues to look crestfallen while his father remains unfazed","Adrien: No! I'm sure that Mom would have just wanted me to be happy!
Marinette: (on the video call) Adrien!
Adrien: (voice breaking; in tears) Marinette, I should've told you sooner, but... up until the last minute, I thought I'd find a solution. I tried everything, I swear
Marinette: (on the video call) Adrien, what's... what's going on?
Adrien: I have to leave Paris. (his voice breaks) I'm not worthy of your love. I feel terrible for hurting you"
riposte_marinette_0001,Collège Françoise Dupont. Mr. D'Argencourt paces between two lines of students.,"Adrien: (He straightens up and pushes up his helmet) Go on, Marinette. You're supposed to touch me
Marinette: (giggling) Touch you?! Yeah
Armand: Attaque! Touche. Point! (He indicates Marinette) Continue!
Marinette: (she pushes up her helmet.) Thanks!"
riposte_marinette_0002,Collège Françoise Dupont. Mr. D'Argencourt paces between two lines of students.,"Marinette: (Gasps and looks down at the ground.) Great. There goes any chance I had of making the team. This guy's obviously better than everyone
Student to Marinette's left: It's not over yet, he still has to beat Adrien
Armand: Prêt... allez!"
riposte_marinette_0003,Collège Françoise Dupont. Mr. D'Argencourt paces between two lines of students.,"Marinette: I could have sworn Adrien touched him first
Student to Marinette's left: Not sure. Anyway, you never question the referee's decision
Armand: En garde! Prêt... allez!"
riposte_marinette_0004,Collège Françoise Dupont. Mr. D'Argencourt paces between two lines of students.,"Marinette: What's happening?
Student to Marinette's left: Mr D'Argencourt isn't sure who won, so he's chosen to abstain. This is a tight bout
Armand: En garde!"
riposte_marinette_0005,Collège Françoise Dupont. Mr. D'Argencourt paces between two lines of students.,"Marinette: (to the student on her right.) But how will we know who touched the other one first?
Student on Marinette's right: By watching very closely
Armand: En garde... Prêt... allez!"
riposte_marinette_0006,Collège Françoise Dupont. Mr. D'Argencourt paces between two lines of students.,"Armand: En garde... Prêt... allez!
Marinette: (amazed) Is (this) what fencing's all about?!
Armand: (excited) Part le fer! This IS what fencing's all about!"
riposte_marinette_0007,Collège Françoise Dupont. Mr. D'Argencourt paces between two lines of students.,"Adrien: (Removes his helmet.) Are you sure, Marinette?
Marinette: Uh, um... Well, I'm not entirely sure. I mean, it looked like it was you, but it went so fast
Adrien: (to Armand.) I think he touched me first"
riposte_marinette_0008,"Collège, outside the library.","Adrien: (He gets into his car where the Gorilla is waiting and points) Follow that car!
Marinette: (horrified gasp.) An akuma! (she runs after it, ducking into the metro station to transform.) Better capture it before it turns someone into a villain!
Tikki: At your service, Marinette!
Marinette: Quick! Adrien is in danger!"
riposte_marinette_0009,"Collège, outside the library.","Marinette: Quick! Adrien is in danger!
Marinette: Tikki, spots on! Ha!
Tomoe: (Voicemail) I'm not available at the moment. Leave a message. (Beep!)"
riposte_marinette_0010,Outside the Louvre.,"Adrien: Marinette? Yeah, of course! She's a very good friend, and you'll really like her too, once you get to know her
Marinette: (Disappointed) ""A very good friend"", huh?
Tikki: That sounds like a good start to me!"
risk_shadow_moth_s_final_attack_part_1__marinette_0001,"Collège Françoise Dupont, Courtyard","Mr. D'Argencourt: (pulls Lila back and pushes her to sit down) Oh, no, no! I shall take no risks with my students' phobias
Marinette: Adrien! I— (Adrien gets hit in the face with a ball)
Nino: Yeah! Got you, buddy!"
risk_shadow_moth_s_final_attack_part_1__marinette_0002,"Collège Françoise Dupont, Courtyard","Mr. D'Argencourt: Need I remind you that the object of this match is to (avoid) the ball?
Marinette: Are you really leaving for several months?
Adrien: That's what my father's decided"
risk_shadow_moth_s_final_attack_part_1__marinette_0003,"Collège Françoise Dupont, Courtyard","Marinette: All the time
Marinette: Adrien, I—
Lila: Sir! Since class is almost over, do you think we could finish early so Adrien and I can have time to say goodbye to all of our friends?"
risk_shadow_moth_s_final_attack_part_1__marinette_0004,"Exterior, Collège Françoise Dupont. Lila prepares to leave with Adrien and bids her farewell to the others.","Lila: We're not leaving alone, friends, we're bringing every single one of you with us in our hearts
Everyone except Marinette: Aww!
Marinette: Adrien, wait up! Adrien!"
risk_shadow_moth_s_final_attack_part_1__marinette_0005,"Interior, Collège Françoise Dupont, in the cafeteria. Marinette meets up with her friends.","Chloé: Love ya, Adrikins! Mwah! (smirks at Marinette, who pouts at her)
Marinette: We have three hours left to stop Adrien from getting on that train! Here's the plan. The potato is Adrien; Alya, you'll be the juice box, Rose the little strawberry, Nino the fork—
Nino: Hang on! You wanna (stop Adrien from travelling around the world?) Adrien who's (never allowed outside his house?) Adrien who's (never seen anything his whole life?)"
risk_shadow_moth_s_final_attack_part_1__marinette_0006,"Interior, Collège Françoise Dupont, in the cafeteria. Marinette meets up with her friends.","Rose: If you love him, you gotta let him go and live (his dream!)
Marinette: But it's (not) his dream! Adrien (hates) the film shoots! The photos, he can't stand it anymore! I'm not trying to save him from Lila, but from his father! He doesn't know how to tell him that he doesn't want to be a model anymore!
Kim: Everybody wants to be a model"
robostus_marinette_0001,"Collège Françoise Dupont. Several of Miss Bustier's students are starting up the stairs to the second floor, despite ultimately heading to Olga Mendeleiev's classroom on the first floor.","Marinette: Oh no! I left my bag in the locker room! Again
Alya: Check to see if you left your brain in there too, girl
Marinette: I'm okay!"
robostus_marinette_0002,"Locker room. Marinette goes into the girls' side and grabs her bag, and is about to head back to Science classroom.","Marinette: I'm okay!
Marinette: Oh, silly me! (stops at the partition wall, which is missing its curtain, to listen when she hears Max speaking)
Max: (on the boys' side) Of course you're my best friend! I'm 100% affirmative! But I am also 98.2% positive the teachers are not ready for...this advancement of evolution!"
robostus_marinette_0003,Outside Principal's office. Marinette runs into Denis Damoclès and Fred.,"Marinette: Time to transform!
Marinette: Tikki, spots on! (Marinette transforms into Ladybug.)
Robostus: Where are you, Max? (uses his visual analysis tool to locate Max and spots him standing next to Kim near the stairs) Max! My friend! (His excavator reaches to grab Max.)"
rocketear_marinette_0001,Sewers. Ladybug opens the lid and goes down while Rena Furtive hides behind a wall.,"Rena Furtive: (simultaneously) Let's rest! (de-transforms into Alya)
Marinette: (about to climb up the ladder she came through, but pauses) Alya, I wanted to ask you something
Alya: Ah, you noticed! It's crazy how my costume automatically adapted to my new role. And it gave me the idea for my new name - Rena Furtive!
Marinette: Cool, yes, but secret. We agreed that officially the Miraculous of the Fox doesn't have a holder anymore. Alya, you did tell Nino that you would never be Rena Rouge again, right?
Alya: Well, it's just
Marinette: Alya! Everyone has to believe that you can never use a Miraculous again. That way, you can be our spy without anyone suspecting
Alya: (interrupts) And cover you with my power of illusion if Shadow Moth has you followed or if he ever shows himself, I can follow him. I know, I know. (gets upset)
Marinette: For the plan to work, no one can know about it. And no one means (no one). Even Nino has to believe that you'll never be Rena Rouge again!
Alya: Or... Rena Furtive?
Marinette: Or Rena Furtive!
Alya: (upset) I just don't know if I can lie to Nino like that we share everything and
Marinette: It's too late to turn back now. Tell yourself that it's not really lying. It's more-
Alya: (interrupts) It's more like you don't lie to your boyfriend. If Nino ever finds out, he'll never trust me again
Marinette: I had to keep the truth from my best friend for a very long time, so I know how you feel"
rocketear_marinette_0002,Literature classroom. Alya is still upset.,"Alya: Yeah, we can share everything
Marinette: (whispers to her ear) You did the right thing. It's safer to protect our secrets
Alya: Yeah, it's probably better that way. (smiles)
Marinette: It's gonna be time for our (air quotes) (evening walk) soon if you know what I mean
Alya: And while the (bug) is out patrolling with the (kitty), the (sly fox) will cover them in case the (mean old moth) sets up- (gasps) Oh, I've been meaning to show you something. I took a few selfies with my new costume. There are tons of details I'm sure you missed. Check this out! (shows her new costume on her phone) Right by the neckline, isn't it way cool?
Marinette: (upset) Alya
Alya: I think I like it better than the old one. Oh, what if I did a survey on the Ladyblog and let people vote on their favorite?
Marinette: (sighs) Alya, Rena Furtive means Rena Invisible. No one can ever see these
Alya: Oh, right. I forgot. (sighs) Bummer, it's getting really hard to find a new material for the Ladyblog. (Marinette pats her head.) I guess I still have that raw footage of Cat Noir stunts depending on how well I edit it. (deletes the photo)
Marinette: (happy) Yes, that's an awesome idea. (hugs Alya) Come on, let's go"
rocketear_marinette_0003,"Collège Françoise Dupont, outside. Adrien and Nino do their secret handshake before Adrien leaves while the other students are leaving.","Alya: Uh, I'm... not so sure
Marinette: (whispers to her ear) Go on! You have time, we'll meet up later
Alya: (approaches Nino) So, what's playing in the movies? (grabs his arm aggressively and runs off)"
rocketear_marinette_0004,Art classroom. Marinette and Alya are having a conversation about last night.,"Alya: And that's why he showed up in the middle of the night, because of this video I post on the Ladyblog. He thought I was in love with him.(laughs)
Marinette: (facepalms) Oh, that Cat Noir
Rocketear: (voiceover) Cat Noir! You stole my Alya from me! I'm going to steal your life from you! (He shoots tears at Cat Noir but is able to dodge from it and instead, it explodes on a car. He tries to shoot more tears at Cat Noir.)"
rocketear_marinette_0005,Art classroom. Marinette and Alya are having a conversation about last night.,"Rocketear: LIAR! I have proof! (continues to shoots tears)
Marinette: Oh no, this can't be happening! (goes behind an art desk along with Alya)
Alya: Oh, Nino, no!
Marinette: (softly) We have to stop them before they hurt each other. Come on, follow me!"
rocketear_marinette_0006,Boiler room. Marinette and Alya goes inside.,"Marinette: (softly) We have to stop them before they hurt each other. Come on, follow me!
Marinette: Okay, we can transform in peace in here. (They notice Nino's secret office and walks towards it. Marinette also notices the video on Nino's phone.) Alya, don't tell me you... (shows the video to Alya)
Alya: Of course, not! It's a misunderstanding. If you could hear what we were saying, there's (no) way Nino would believe that I'm in love with Cat Noir
Marinette: Okay, fine. Let's not waste time. (Tikki and Trixx pops out.) Tikki!
Alya: (simultaneously) Trixx!
Marinette: Spots on! (transforms into Ladybug)
Alya: (simultaneously) Let's pounce! (transforms into Rena Furtive)"
rocketear_marinette_0007,Marinette's room. Marinette is calling Alya.,"Plagg: She's the Guardian, the Grandmaster Cheese Ripener, and you and I are just cheese on the platter. She decides what's on the menu
Marinette: I'm really sorry. I didn't mean to cause trouble between you and Nino
Alya: (at her balcony while on the call) Don't worry, I've got this. Do you trust me?
Marinette: I trust you
Alya: Nino?"
rogercop_marinette_0001,Tom &amp; Sabine Boulangerie Patisserie. Sabine prepares Tom for his presentation at school.,"Marinette: Ready, papa?
Tom: As much as I'll ever be"
rogercop_marinette_0002,Outside the classroom. Adrien attempts to call his father.,"Chloé: I wonder how many croissants your dad would have to sell to buy you one of these? What am I saying? He'd have to sell the whole store!
Marinette: Well, if you're so rich, obviously you don't need free croissants!
Chloé: Ugh, jealous"
rogercop_marinette_0003,Outside the classroom. Adrien attempts to call his father.,"Plagg: (balancing the bracelet on his head)He he...ohh...Ah! Ah! (Chloé's bag falls, her stuff spills from it.)
Marinette: (trips over the bracelet box) Wahh!
Chloé: Geez, is there a day when you're not tripping over something?"
rogercop_marinette_0004,College. Mr. Dupain and the Mayor have a discussion.,"Miss Bustier: Please, gentlemen! This is a school here! Think of the children! Surely the bracelet is around here someplace
Marinette: It probably just rolled out of her bag or something!
Alya: If I were her bracelet, I'd try and get as far away as possible from that crazy brat too. (Marinette laughs)
Marinette: Hey! Nino's been filming everything this whole time! We can see what really happened!"
rogercop_marinette_0005,Collège Françoise Dupont. Marinette and her classmates still talk about Chloé's missing bracelet.,"Tom: Marinette, let the adults handle this
Marinette: Papa, she called me a thief! I'm just defending myself
Tom: You're also accusing all of your friends like Chloé's doing to you!"
rogercop_marinette_0006,Collège Françoise Dupont. Marinette and her classmates still talk about Chloé's missing bracelet.,"Sabrina: Dad?!
Marinette: That's your dad?!
Miss Bustier: Hello, may I help you?"
rogercop_marinette_0007,Collège Françoise Dupont. Marinette and her classmates still talk about Chloé's missing bracelet.,"Mr. Bourgeois: (yelling) Mr. Principal, I demand that you find who stole my daughter's bracelet ASAP! Or your job is on the line, sir!
Marinette: I was only trying to defend myself! My dad's right. I ended up accusing everyone in the process. Truth is, Tikki, I don't think any of us took it
Tikki: I'm sure you'll find a way to make it right!
Marinette: Yeah, well, right now, we gotta transform!"
rogercop_marinette_0008,Collège Françoise Dupont. Marinette and her classmates still talk about Chloé's missing bracelet.,"Marinette: Yeah, well, right now, we gotta transform!
Marinette: Tikki, spots on! Ha! (Marinette transforms into Ladybug)
Plagg: I-I thought it was a Camembert box! Anyone can make a mistake!"
rose_webisode__marinette_0001,,"Marinette: (narrating): Dear diary, remember Prince Ali? Well guess what
Ali: Let us go quickly before my chaperone locates me
Marinette: (narrating): You should've seen her face when she told us"
rose_webisode__marinette_0002,,"Ali: Really?
Marinette: (narrating): Maybe I could ask for her advice on how to speak to Adrien
Mylène: You're going to need these, believe me
Marinette: (narrating): ..that it's something else"
sabrina_webisode__marinette_0001,,"Marinette: (narrating): Dear diary, it's a disaster! The art teacher has organized a drum workshop and used straws to determine the groups. Guess who I got paired up with
Olga Mendeleiev: and then Sabrina, Chloé and Marinette
Marinette: (narrating): And Satan, well is an understatement"
sabrina_webisode__marinette_0002,,"Marinette: (narrating): And Satan, well is an understatement
Marinette: In the library today and finally work on the project with you
Sabrina: Too late, Chloé and I are doing the project together
Marinette: You mean you're doing the project?
Sabrina: Well of course! After all she's been through!
Marinette: (narrating): It's like Sabrina can only get along with Chloé"
sabrina_webisode__marinette_0003,,"Sabrina: Maybe she's looking for some better clothes
Marinette: (narrating): To Sabrina things are clear
Sabrina: Yeah, we've been doing this ever since grade school when I started doing Chloé's homework, and we've been BFFs ever since
Marinette: (narrating): But clearly"
sabrina_webisode__marinette_0004,,"Marinette: Sabrina, Chloé's totally taking advantage of you. You don't have to do what she says, that's not how a real best friend acts
Marinette: (narrating): and to no effect
Sabrina: I'm Chloé's BFF
Marinette: (narrating): And who knows, maybe Chloé's genuinely nice to Sabrina when no one's around"
sabrina_webisode__marinette_0005,,"Sabrina: Oh, thank you Chloé
Marinette: (narrating): But if you ask me, the only reasonable explanation
Chloé: Not only am I Sabrina's best friend, I'm her only friend. So she better do what I say cause without me she has nothing
Marinette: (narrating): Sabrina even knows things about Chloé that the rest of the world doesn't know yet
Chloé: Yeah well, you don't have to tell them my life story either
Marinette: I'll tell you if I learn anything, my dear diary. I have to go, the drama workshop is about begin. Goodbye for now"
sandboy_marinette_0001,Marinette's room. Tikki and Marinette Dupain-Cheng are in bed. Marinette is watching memes about Cat Noir.,"Marinette's phone: Check out the hilarious new cat memes featuring Cat Noir. They're purr-fect
Marinette: (laughs and notices Tikki) You're so flighty tonight, Tikki. Whatcha got your mind on?"
sandboy_marinette_0002,"Marinette's room. Marinette is lying in bed, she talks in her sleep.","Plagg: Well, shall we dance, Tikki? We have to properly celebrate our friend Nooroo, after all. (drags Tikki off screen)
Marinette: (in her sleep) Adrien... A house... three kids and a cat. Nah, forget the cat, a hamster
Nightmare Adrien: (voice) Marinette
Marinette: (gasps) What? What's going on? (sits upright) Tikki? Are you back already? (a hand grabs the end of Marinette's bed; she screams)
Nightmare Adrien: Marinette. Do you wanna know my secret?
Marinette: (gasps) Adrien?
Nightmare Adrien: I'm in love with a girl and her name is (Chloé)!
Marinette: What kind of a nightmare is this? (she looks down and sees several people running; a T-rex and a ginormous spider can also be seen chasing people.)"
sandboy_marinette_0003,"Fu's massage shop. Marinette opens the door, trying to keep quiet. She sneaks over to the phonograph and presses with her thumbs on the dragon heads. Their eyes light up and the code pad is revealed.","Wayzz: (he looks at the sleeping Master Fu, then he smiles) Okay! Let's go!
Marinette: (whispering) The code... What's the code? (whisper-yelling) Tikki! Can you hear me? Tikki?!
Sandboy: ♪ The Sandboy just checked in! ♪
Marinette: Master, Master, wake up! (she shakes Master Fu awake)"
sandboy_marinette_0004,"Fu's massage shop. Marinette opens the door, trying to keep quiet. She sneaks over to the phonograph and presses with her thumbs on the dragon heads. Their eyes light up and the code pad is revealed.","Master Fu: Marinette, transform!
Marinette: I can't, Master. Tikki is inside the Miracle Box!
Nightmare Adrien: (kicks panels out of the door) I'm in love with a girl and her name is (Chloé)!"
sandboy_marinette_0005,"Fu's massage shop. Wayzz, Tikki and Plagg emerge from the phonograph to see Master Fu being chased by ghosts and Marinette using a pillow to defend herself against Nightmare Adrien.","Marinette: Right now, we have to end this nightmare!
Marinette: Tikki, spots on! Yeah! (Marinette in her pajamas transforms into Ladybug)
Sandboy: Kwami in sight"
sandboy_marinette_0006,"Fu's massage shop. Master Fu looks agitated, crossing his arms.","Tikki: (to Marinette) You trusted me and I failed. I'm sorry I disappointed you
Marinette: Aw, of course not, Tikki. I know you only meant well. I will always trust you, you know. (kisses Tikki on her cheek)
Tikki: Thank you, Marinette. (hugs Marinette's cheek)"
santa_claws_marinette_0001,"Bakery. Marinette, Alya and Manon enter the Bakery.","Marinette: (♫ Mom and Dad, I'll help you in the bakery. To hand the Christmas logs to all my friends you see. ♫ (Marinette passes the log to Alya but it falls. Alya catches it.) ♫ Merry Christmas Alya and your family! ♫)
Alya: (♫ Thanks my BFF, the same to you three! ♫)
Marinette: (♫ Alix and her dad, Merry Christmas to you! ♫)"
santa_claws_marinette_0002,"Bakery. Marinette, Alya and Manon enter the Bakery.","Juleka: (♫ Merry Christmas Marinette. ♫)
Marinette: (Manon, ♫ Merry Christmas, and Nadja! ♫ (Nino arrives. Marinette passes the log.) ♫ Merry Christmas, Nino (Sabrina arrives. Marinette passes Manon to her with the log.) and Sabrina! ♫ ♫ Merry Christmas, Chl- ♫ (Chloé and her father arrive. Marinette stops singing.)
Chloé: Do you want a photo?"
santa_claws_marinette_0003,"Bakery. Marinette, Alya and Manon enter the Bakery.","MERRY CHRISTMAS MARINETTE!: ♫) (Chloé's loud tone pushes Marinette back a minor bit.) (Whispers) But I hate your guts, don't you forget!
Tom, Sabine, Marinette &amp; André: (♫ Merry Christmas to all! ♫)
Marinette: Adrien's bodyguard. The present! I'll be right back! (She runs off to her room.)"
santa_claws_marinette_0004,Marinette's room. Marinette searching for her present.,"Marinette: Adrien's bodyguard. The present! I'll be right back! (She runs off to her room.)
Marinette: I don't believe this! Where's the gift? Where did I put it? I'm so lame!
Tikki: It's right here, Marinette. See?
Marinette: (takes the present) Ah! Thanks, Tikki"
santa_claws_marinette_0005,The Place des Vosges. Marinette calls out for Adrien's bodyguard.,"Marinette: Excuse me? Wait! If you don't mind, this is.. this is for Adrien
Marinette: Can you wish him a Merry Christmas from me, that is.. I mean it could be from you too, in fact Merry Christmas to you from.. um, ah.. me, of course.. ah (laughs. Marinette waves goodbye and the bodyguard leaves.) I hope Adrien has a good Christmas. (looks the skies and an image of Adrien appears.)
Adrien: Check it out, Nathalie. Do you think he will like all the decorations?"
santa_claws_marinette_0006,"Outside Adrien's room. Gabriel walks up the stairs, carrying a present. He walks into Adrien's room smiling.","Marinette: I'm not feeling so great, I'll just wait here at home and if I hear anything, I'll call you right away. 'kay? Quick, we've gotta find Adrien
Marinette: (unhappily) Tikki, spots on!(Marinette transforms into Ladybug.)
Adrien: Don't worry, Plagg, I'll find you something to eat. I can't promise it'll be Camembert"
sapotis_marinette_0001,"The Césaire apartment. Marinette is speaking to Marlena Césaire on her phone while Alya is playing with her little sisters Ella and Etta, who are both wearing propeller hats.","Marinette: Yes, Mrs. Césaire. The girls are ready for bed! Uh... technically speaking... (chuckles) Yeah, we're good. Enjoy the movie! (turns off her cellphone)
Alya: Come on, bedtime, you little monsters! That's enough mischief for one day! (picks up her sisters)"
sapotis_marinette_0002,"Living room. Alya sets down a tray with a pitcher of orange juice and two glasses on the coffee table, and transfers the tray's contents to the table.","Alya: All right. But go to sleep now. (turns off the light before closing the door and leaving the room)
Marinette: (getting out two plates and spoons in the kitchen) You seriously have a technique down with your little sisters. But... uh, who are the Sapa... Sapo...?
Alya: The Sapotis? They're little monsters from a créole fable... who are always pulling pranks and making all sorts of mischief. (Marinette takes a tray with two slices of cantaloupe out of the refrigerator) Now that we're all alone I can finally tell you. (pulls out her phone) Apparently Ladybug has been around at least since the pharaohs. But no way can the Ladybug we know can be five thousand years old! So, I downloaded a great app that analyzed some recordings I had of her talking. Based on the frequencies of her voice, it turns out she's a girl our age!
Marinette: Euhh.. (looks away from Alya's phone) Uh...Alya? The orange juice?
Alya: (groans)"
sapotis_marinette_0003,Living room,"Alya: What were we saying again?
Marinette: (sets the tray of cantaloupe on the coffee table) Uhh... (runs over to the TV and picks up some DVD cases) We were about to watch a movie! (chuckles and grins)
Ladybug: anime; so she switches it to show the"
sapotis_marinette_0004,Living room,"Alya: Oh, yeah! Ladybug! She's like a high school girl. So to figure out who she really is, all we need to do is to find a girl our age who's always late—
Marinette: (interrupting) Don't you think there's a reason why she keeps her identity a secret?
Alya: (tersely) All right, that's enough! Get out of bed one more time, and no one'll be going to the amusement park tomorrow!"
sapotis_marinette_0005,Césaire apartment living room,"Alya: Well, if I knew who Ladybug really was, I'd keep it a secret. I would even help her! Like say, if (you) were Ladybug, I'd cover for you — when you needed to transform in school, go fight the ""baddies"", you know?
Marinette: Oh yeah? Well, if (I) was Ladybug I wouldn't even tell you, to protect you from the ""baddies"", you know?
Alya: You serious? If (I) was Ladybug, I'd totally tell you! Because I tell my best friend everything
Marinette: You're right, Alya. You should always tell your best friend everything. So come on. Spill the beans. Are you actually Ladybug?
Alya: Right. Like I'm telling you. Nuh-uh. (she and Marinette laugh)"
sapotis_marinette_0006,Fu's massage shop. Master Fu is drinking a cup of tea.,"Master Fu: Let her talk, Wayzz
Marinette: Master, I used my Lucky Charm, but strangely, I think it was a hint which was telling me to come here in a way
Master Fu: I see"
sapotis_marinette_0007,Fu's massage shop. Master Fu is drinking a cup of tea.,"Master Fu: Marinette, I taught you all about the Miraculous and their powers. You know that yours works in a very mysterious way. I think it's trying to tell us that you need help this time. (stands on top of a stool to access the gramophone, but then hesitates) I don't know if it's safe. I already took an enormous risk by putting two Miraculous into circulation
Marinette: And you were right to do it. Cat Noir and I are very careful
Master Fu: Hmmm. (opens the gramophone to reveal the Chinese Miracle Box, and places the box between him and Marinette.) Marinette, pick an ally you can trust to fight alongside you in this mission
Marinette: Wow!
Master Fu: Choose wisely. Such powers are meant to serve the greater good. They must never get into the wrong hands
Marinette: Like Hawk Moth's
Master Fu: Yes. Once the mission is over, you must retrieve the Miraculous from them and bring it back to me. Until we've unlocked all the secrets of the spellbook, it's too dangerous to allow any more Miraculous to be out in the open for very long
Marinette: Mmm
Master Fu: Is there anyone you can think of, Marinette?
Marinette: Yes, Master. I know just the right person!
Master Fu: (nods) Mmm"
sapotis_marinette_0008,Fu's massage shop. Master Fu places the Fox Miraculous back into the chest.,"Master Fu: You made the right choice, Marinette. Thanks to you, Paris has been saved from evil yet again
Marinette: (chuckles)
Alya: Marinette! Are you okay?
Marinette: I tried calling you tons of times! Why weren't you answering?
Alya: Wait till you hear! Something crazy happened to me!
Marinette: Really? What happened?
Alya: I...well...my battery died. (chuckles nervously) Can you believe it? My brand new phone. Super letdown, huh?
Marinette: (chuckles) I'm just glad you're safe. (hugs Alya)
Alya: Ditto"
sentibubbler_marinette_0001,"Césaire apartment in Marinette's Nightmare. Alya, Nino, Marinette, and the Césaire family are all sitting at the table, while Marlena Césaire is serving food.","Nightmare Marinette: Mmm. Everything smells delicious, Mrs. Césaire!
Nightmare Marlena: Marinette, call me Marlena. (places a dish in front of Nightmare Marinette) You'll let me know how you like my Colombo, okay?
Nightmare Marinette: Hide, Trixx! (to Alya) Alya, nobody can know about Trixx! He's a secret!"
sentibubbler_marinette_0002,"Césaire apartment in Marinette's Nightmare. Alya, Nino, Marinette, and the Césaire family are all sitting at the table, while Marlena Césaire is serving food.","Ladybug: ?
Nightmare Marinette: (stammering) U-uh, Ladybug? W-Why are you calling me Ladybug? I'm not Ladybug. I'm Marinette! Just a normal girl with a normal life
Nightmare Nino: (laughing) Marinette, everyone knows that you're Ladybug!"
sentibubbler_marinette_0003,"Césaire apartment in Marinette's Nightmare. Alya, Nino, Marinette, and the Césaire family are all sitting at the table, while Marlena Césaire is serving food.","Nightmare Shadow Moth: I'm the one grateful to you, for revealing Ladybug's identity, Alya. Thanks to you, the Miracle Box is finally mine
Nightmare Marinette: Alya?! This is impossible! Tikki, Spots On! (failed to transform) Tikki?
Nightmare Tikki: (angrily replies) You should have never trusted Alya, Marinette"
sentibubbler_marinette_0004,"Marinette's room. She awakens and sits up in shock. Tikki, who was sleeping on her chest, was catapulted to the end of Marinette's bed.","Nightmare Trixx: This is what you get for leaving me with Alya
Marinette: AHHHHHH! Tikki, I should have never left the Fox Miraculous with Alya!
Tikki: (yawns) What are you talking about, Marinette?
Marinette: (opens the sewing box) I had a nightmare. It was horrible! Alya told everyone, everything and Shadow Moth had gotten hold of the Miracle Box"
sentibubbler_marinette_0005,"Marinette's room. She awakens and sits up in shock. Tikki, who was sleeping on her chest, was catapulted to the end of Marinette's bed.","Marinette: (opens the sewing box) I had a nightmare. It was horrible! Alya told everyone, everything and Shadow Moth had gotten hold of the Miracle Box
Marinette: Whew
Tikki: It was just a bad dream, that wouldn't never really happen. Alya is a loyal friend"
sentibubbler_marinette_0006,Alya's room,"Nino: (seems sad and then he screams when he notices the tarantula) Ahh! Haha, haha (starts to laugh a bit)
Marinette: (walks back and forth) I swear, it was so... lifelike!
Alya: It was just a nightmare, Marinette
Marinette: Everyone knew that I was... (her eyes move from side to side) you-know-who, you know? (the phone rings) AAAAHHH!
Alya: Chill out, everything's cool!
Marinette: (sighs heavily) Okay. We know that Shadow Moth has identified some of the holders. He knows you've been Rena Rouge! What if he found out I left the Miraculous with you? He could steal it from you!
Alya: Shadow Moth or anybody else will never know! (turns to look at the door where the sound of the telephone ringing)
Marinette: Not even Cat Noir can!
Alya: No one's gonna find this! (holds out her Fox necklace) And thanks to this very hip bag my BFF gave me, (unzips her fanny pack as Trixx emerges from it) Trixx is always with me, out of sight
Marinette: Trixx! Promise you're not gonna... make any mischief like popping up at the table during lunch, for example?"
sentibubbler_marinette_0007,Alya's room,"Tikki: (flies to Marinette's side) I told you everything is alright!
Marinette: I was silly to worry. You're right
Alya: Trust me, and trust yourself! You were right to give me a Mirac- (gets annoyed by the continuous phone ringing) Ugh, seriously? Hello?? Why isn't anybody getting that? (storms out of the room)"
sentibubbler_marinette_0008,Césaire's Living Room,"Alya: Marinette! (shocked, she turns to look at dining table, where the supervillain who appears to be the Bubbler is standing.)
Marinette: Alya!
Alya: (runs to the balcony, chasing after Marinette's bubble) Marinette, no!
Marinette: Alya! Be careful! (her bubble continues to float away)
Alya: Nino! Seriously? Don't tell me you got akumatized into Bubbler again just 'cause I didn't let you in my room!"
sentibubbler_marinette_0009,"In the sky, from Marinette's bubble","Shadow Moth: (on the phone) I want you to (betray) Ladybug!
Marinette: This is worse than a nightmare! Tikki, I can't transform or everyone will see me!
Tikki: Alya will figure something out. That's why you left her a Miraculous!
Marinette: (grabs her phone from her purse) I have to tell her that the villain is probably a sentimonster! (starts typing on her phone) Rena Rouge has to warn Cat Noir that he must"
sentibubbler_marinette_0010,"In the sky, in Marinette's bubble","Alya: (puts down the phone while looking up in the sky) Got to gain some time!
Marinette: Phew, Alya's still free! She'll be able to save us
Tikki: (from Marinette's purse) You see? You were right to give her the Miraculous!
Marinette: Thanks, Tikki"
sentibubbler_marinette_0011,In Marinette's bubble,"Cat Noir: (enraged) A two-person plan?! There's only (one) two-person plan, and that's Ladybug and me! (smashes the wall behind him with his stick) The Miraculous Ladybug will fix everything as usual. Hm? (He sees ""Ladybug"" jumping over the rooftops alone.) Where's Rena Rouge? (becomes suspicious and frustrated) ""Stay where I am,"" I can't just sit here and do nothing! (goes to follow ""Ladybug"")
Marinette: (sees the illusion of Ladybug down below) Rena Rouge has gone into action, Tikki! I knew Alya could handle it! (she then sees Cat Noir follow ""Ladybug"" from behind) Cat Noir! No!
Tikki: What's wrong?
Marinette: If Cat Noir comes into contact with Rena Rouge's illusion anyway, it'll disappear! I've got to warn Cat Noir! (attempts to push her bubble forward) Or Shadow Moth will figure out Alya's plan! (continues to push her bubble forward)"
sentibubbler_marinette_0012,On the rooftops. Marinette and Cat Noir sees the Sentibubbler.,"Cat Noir: If the sentimonster touches the illusion, it'll disappear! He'll know it's a trap! I gotta stop him!
Marinette: Great idea!
Cat Noir: (extends his stick and sits on it, levelling it to Marinette's bubble) Don't worry, the real Ladybug will get here and together we'll save you!
Marinette: (watches Cat Noir jump away) We already are, Kitty Cat. We already are
Cat Noir: So, now you're a superhero stalker, Bubbler?"
sentibubbler_marinette_0013,On the rooftops. Cat Noir and the Sentibubbler continue their battle.,"Marinette: Cat Noir, watch out!
Marinette: Sorry
Cat Noir: You'll need more than this to capture this cat! Cataclysm! (He uses his power to pop the bubble, but unfortunately he gets caught once again. He laughs nervously once beside Marinette.)"
sentibubbler_marinette_0014,On the rooftops. Cat Noir and the Sentibubbler continue their battle.,"Cat Noir: Nothing's over! You haven't defeated Ladybug, yet!
Marinette: (to Tikki) Or Rena Rouge!
Alya: From this point on, Trixx, Rena Rouge can never be seen in the light of day. Shadow Moth's gotta believe that no one's using the Miraculous of the Fox!"
sentibubbler_marinette_0015,Alya's bedroom. Trixx eats a piece of grape.,"Marinette: Alya has created the illusion of an identical bubble containing an illusion of me and it completely overlaps us! (disappears)
Marinette: (off-camera) Nobody can see us from the outside now!
Tikki: (off-camera) It's brilliant!
Marinette: (softly) Tikki, spots on! (transforms into Ladybug)"
sentibubbler_marinette_0016,Alya's bedroom.,"Alya: You aren't so bad either, (Pegabug)
Alya and Marinette: Pound it!
Gabriel: (infuriated) Ladybug never makes a mistake! (cracks the tablet's screen and sits on the bed where Nathalie is lying)"
silencer_marinette_0001,"Couffaine houseboat. While the band performs, Marinette designs their costumes and records them. Once the video is completed, she sends it to Bob and they all hug. Some time later, there is another rehearsal.","Luka: (to Marinette) Your unicorn, and your mask!
Marinette: (to Luka) That's your melody. (to Rose) It's your music. That's not fair! That should be you guys up there on TV. There better be a good explanation. We have to have it out with Bob Roth and XY
Guard 1: They're not here right now
Marinette: Seriously? They're right there on live screen
Guard 1: You're not allowed in. You don't have an invitation and the show already started
Marinette: But it's our show!"
silencer_marinette_0002,TVi studio. The band is prevented from entering by two security guards.,"Luka: In 5 minutes? He couldn't even sing it the way it's supposed to be sung
Marinette: And his mask isn't even a good rip-off. (notices Bob and approaches him) Mr. Roth! My name's Marinette Dupain-Cheng. I'm the one who sent you the Kitty Section video
Bob: Video? What video? I don't know what you're talking about, kid
Marinette: Maybe I can jog your memory? Look! (shows Bob the video on her phone) The costumes, the mask, the music, the dance moves. They're all the same!
Bob: There's no comparison. This here is some amateur garage band. My son is a solo artist. You guys play instruments, his music is all digital. Our unicorn is much cooler, and our masks are nothing like yours"
silencer_marinette_0003,TVi studio. The band is prevented from entering by two security guards.,"Luka: (enraged) Inspired?! You flat out stole! You didn't design this mask, (furiously rips mask from XY's head) Marinette did!
Marinette: Listen, it's not too late to do the right thing. Just tell the truth and let Kitty Section appear on the show. That's all we're asking
Bob: Yeah. First they'll wanna be in the show. Then they'll be asking for a cut of the profits. No way! Never saw or heard of Kitten Division"
silencer_marinette_0004,TVi studio.,"Silencer: (absorbs the blob into his helmet, approaches Marinette, and talks to her using XY's voice) Don't worry, Marinette. I would never hurt you. I will use the power Hawk Moth has given me to restore justice. I will force Bob Roth to admit what he has done to you and Kitty Section
Marinette: Don't do that, Luka. That's revenge, not justice. And if you team up with Hawk Moth, you'll have to face Cat Noir and Ladybug
Silencer: Cat Noir and Ladybug? Where were they when we needed them? As now, Silencer is laying down the law of silence. (Marinette gasps) You’re the most extraordinary girl, Marinette. Clear as a musical note and as sincere as a melody. You’re the music that’s been playing inside my head since the day we first met. I won’t let anything happen to you. (takes off)
Marinette: Wha!? (runs inside a bathroom stall)"
silencer_marinette_0005,TVi studio.,"Marinette: (excitedly) Do you think!? Uh, stay focused, Marinette!
Marinette: Tikki, spots on! Ah! (Marinette transforms into Ladybug)
Silencer: You can't get away from me, Bob Roth. I will make you tell the truth, live on TV"
simon_says_marinette_0001,Back in the TVi Studio.,"Tikki: Marinette, look!
Marinette: (sees the screen) Ah! I gotta go, Alya!
Alya: (from phone) Have a good one! I'll get back to my babysitting
Marinette: Tikki, what am I gonna do? I'm grounded!"
simon_says_marinette_0002,TVi Studio. The Challenge is on the air again.,"Nino: Oh, I've got this one in the bag. I'm gonna pick two buds I know won't let me down. Ladybug and Cat Noir!
Marinette: (gasps) Uh... On second thought, I'm wiped. I'm gonna take a nap. Don't wanna be late for school tomorrow! And, you know, mess up that perfect school record! Tell me what happens, 'kay?
Tom: Sure"
simpleman_marinette_0001,"Interior, Marinette's room. Inside the Miracle Box, Ziggy, Sass, and Barkk look terrified.","Alya: Shoot, you didn't tell me you're already babysitting Manon. I'll go cancel my date with Nino at the movies
Marinette: Oh, no! Don't! Uhh... the more, the... more pretty necklaces we can make!
Alya: (worried) Are you sure?
Marinette: (puts the jewelry box back on her table) Come on, just go enjoy your movie!
Alya: Okay! Buzz me if you need me! (closes the trapdoor)
Marinette: Not the sewing box!"
simpleman_marinette_0002,"Interior, Marinette's room. Inside the Miracle Box, Ziggy, Sass, and Barkk look terrified.","Marinette: Not the sewing box!
Marinette: (laughs) Don't! Stop, that's not fair!
Nino: (peeking from the trapdoor) Oh. You didn't tell me you're already babysitting Manon and the twins
Marinette: Ah! One more kid won't make any difference. (places the box beside her) Go to the movies with your girlfriend
Nino: Wow! Thank you, Marinette! You really are the best! (closes the trapdoor)
Marinette: No! Not the kwa— (covers her mouth) kwa-shies!"
simpleman_marinette_0003,"Interior, Marinette's room. Inside the Miracle Box, Ziggy, Sass, and Barkk look terrified.","Manon: No, (me!)
Marinette: Oh! A movie! How about we all watch a fun movie together instead?
Manon, Chris, Ella and Etta: (drop the Kwamis on the floor) YAY! (the four of them sit on the floor in front of the monitor in unison) Ladybug and Cat Noir!"
simpleman_marinette_0004,"Interior, Marinette's room. Inside the Miracle Box, Ziggy, Sass, and Barkk look terrified.","Marinette: Yes, I do! I love it so much that I've seen it maybe one too many times
Marinette: Adrien? Woohoo! Adrien! Oh, Adrien! Adrien!
Manon: Aren't you gonna answer it?
Marinette: Of course, I am! I'm answering, and speaking to him! Very normally. (press the button from her phone and calls) Adri-mine? Uh! Adrien, how are you? You need me to do you a... favor?"
simpleman_marinette_0005,"Interior, Marinette's room. Inside the Miracle Box, Ziggy, Sass, and Barkk look terrified.","Marinette: (as Adrien) How amazing, Marinette! That's my favorite film!
Marinette: So, then, we'll go to the 3:17 pm screening, because there's an 89.5% chance we'll pass André, the ice cream man on the way. We'll share a sweet hearts ice cream cone, which will make us miss the beginning of the movie and--
Manon: (interrupts) Wouldn't it be more simple to just give him your drawing?
Marinette: No, no! Telling a boy you like him is way more complicated than a drawing
Manon: It's gonna be so cool to see you do it!
Marinette: W-Wait a second. Sorry! (puts their backpacks back and pushes Manon, Ella, Etta and Chris) You're not gonna see anything. You're gonna be good and stay"
simpleman_marinette_0006,"Interior, Marinette's room. Inside the Miracle Box, Ziggy, Sass, and Barkk look terrified.","Marinette: W-Wait a second. Sorry! (puts their backpacks back and pushes Manon, Ella, Etta and Chris) You're not gonna see anything. You're gonna be good and stay
Marinette: Ha-ha, not here at all! You guys are gonna go... (pushes them again and stops) Oh
Tom: We're off to the Chocolate Convention. See you tonight, sweetheart
Marinette: Oh"
simpleman_marinette_0007,Roland Dupain's house.,"Manon: Wow! (picks up a vinyl) Wow! What's this frisbee made of?
Marinette: No, it's fragile!
Chris: Yeah, yeah, yeah!
Marinette: Chris, no! STOP! Give me that!"
simpleman_marinette_0008,Roland Dupain's house.,"Ella and Etta: YEAH!
Marinette: NO! (chuckles) Forget the potato cannon and the darts. Too dangerous. Just keep it simple, Grandpa! Let them watch a cartoon!
Manon, Ella, Etta and Chris: YEAH!"
simpleman_marinette_0009,Roland Dupain's house.,"Marinette: Don't worry, Grandpa. You don't have to drive anywhere! The kids know how to use it
Marinette: I'll be back as soon as I can. Thank you, Grandpa! Be quiet, kids! Goodbye! (closes the door)
Roland: Hmm
Marinette: And now, let's go save Adrien! (rushes off)"
simpleman_marinette_0010,Eiffel Tower.,"Manon, Ella, Etta and Chris: NOOOOOOOOOO!!!
Marinette: Perfect!
Adrien: I'm so glad I thought to call you, Marinette. How can I ever thank you?
Marinette: How would you like to be 89.5% late for a movie?
Adrien: Hmm?
Marinette: I meant to sing under the umbrellas of ice cream! AAAH! I'm so pleased to have helped you that you're thanking me, and now I can't thank you enough for thanking me. Uh, no! What I meant to say was-
Adrien: Marinette, you don't need to thank me. I'm the one thanking you! I have to go now. See you later! (leaves)
Marinette: Uh, well, uh, thanks for saying thanks. (changes her confession) UGH! I messed it all up, as usual!"
simpleman_marinette_0011,Eiffel Tower.,"Marinette: You're right, Tikki. I need a second chance
Marinette: I know! (runs faster) I'll just have to break the wing again! I'll set up a fishing rod on the floor above him and drop a hook to grab ahold of it and rip it! That way, Adrien will have to call me, so I'll come repair his wing again, and he'll say thank you again, and-
Tikki: (interrupts) But that's even more complicated!
Marinette: Love is always complicated, Tikki"
simpleman_marinette_0012,Seine.,"Marinette: That's great news, Grandpa, but I can't talk right now. I have to borrow a fishing rod! Have fun! I'll be back soon!
Marinette: Hey! Nice fishing rod!
Unnamed person with a fishing rod: Uh... You think?"
simpleman_marinette_0013,Eiffel Tower.,"Marinette: Adrien! Adrien!
Marinette: Oh, a falling helicopter! What should I do? Oh, I know! I have to transform!
Tikki: Careful, Marinette. It's a secret. You should hide first
Marinette: Oh, right! But where can I hide?"
simpleman_marinette_0014,Eiffel Tower.,"Marinette: In the elevator? Behind a metal pillar? It's a very hard choice
Marinette: Woah! Oh no, it took me too long to think and now the helicopter's crashed!
Clara, Cameraman, and Pilot: Help! Ladybug! Cat Noir! Come save us!
Marinette: Come on, Tikki. Spots on!"
simpleman_marinette_0015,Eiffel Tower. Marinette is lowering the fishing rod.,"Etta: We can show you if you want!
Marinette: What am I doing, honestly? The truth is, I'm scared that Adrien will reject me if I tell him how I feel about him. That's why I over complicate everything, so that moment never comes. But whether my plan is complicated or simple, the result will be the same. So I might as well be simple and face my fear! I'm just gonna tell him that I love him quite simply
Tikki: Yes! Go on, Marinette! Be simple
Marinette: Adrien!"
simpleman_marinette_0016,Roland Dupain's house.,"Ella: Quiet! It's the best part!
Marinette: Superheroes love all that complicated stuff. Wouldn't you rather just watch a soccer game?
Roland: Course not! It's actually quite simple. Come sit with us, we'll explain everything. So, look, this little guy in black is not a bad fellow. And the kiddo in red, well it's simple. Even when things are complicated, she never gives up! In fact, she reminds me of your grandmother when I first met her. I know it seems crazy, but she looks exactly like her! And all our ideas are kind of the same!"
sleeping_syren_marinette_0001,Cafeteria. Ondine is sitting with the rest of the group of girls. Marinette is watching Alya text on her phone.,"Ondine: Well, we, um...laugh a lot
Marinette: Awesome! It's so nice-
Ondine: Actually, I'm kind of worried about something. Truth is, we still haven't...kissed"
sleeping_syren_marinette_0002,Cafeteria. Ondine is sitting with the rest of the group of girls. Marinette is watching Alya text on her phone.,"Ondine: And it's not just about kissing. He's never held my hand or told me that he loved me. Sometimes I wonder if we're even together
Marinette: You know, some couples struggle with that kind of stuff. Things were like that for a while between me and Adrien
Diane: Does Kim know that you want to kiss? Maybe you need to ask him"
sleeping_syren_marinette_0003,Cafeteria. Ondine is sitting with the rest of the group of girls. Marinette is watching Alya text on her phone.,"Alya: But fairy tales are just stories. Don't freak out too much about it. If he's the right dude, it'll happen when the time is right
Marinette: You're right, Alya. Things happen when the time is right. And if it doesn't, then your BFFs can get involved! It's simple, we'll help Ondine create the perfect moment for the first kiss. In my case, for example, Adrien was about to leave for London forever. So, I grabbed my scooter and rushed to the airport where I stopped him just before take-off. Right then and there, we kissed for the first time. You could do the same thing!
Ondine: It won't work for me anyway. I'm not planning on leaving"
sleeping_syren_marinette_0004,Cafeteria. Ondine is sitting with the rest of the group of girls. Marinette is watching Alya text on her phone.,"Rose: And I don't think Kim owns a scooter
Marinette: Fine, it might not be the best of plans. Has one of you had a more... simple first kiss?
Mylène: Ivan wrote a poem for me. It was super romantic
Marinette: Perfect! That's a great idea; you could write him a poem! What do you think Ondine?"
sleeping_syren_marinette_0005,Locker Room. Ondine kicks down the door while Kim is writing in a notebook. The three bullies are hiding behind a locker watching.,"Ondine: You're despicable! (runs away crying)
Marinette: Those are horrible things to say to her!
Alya: Yeah, I don't know what's gotten into him"
sleeping_syren_marinette_0006,"School Bathroom. Ondine transforms into Sleeping Syren, and the bathroom starts getting flooded.","Marinette: I'll go get Ondine
Marinette: Can you go with them? I'll see what's happening
Alya: Don't panic, friends! Let's get to the roof, this way!"
sleeping_syren_marinette_0007,Collège Françoise Dupont. Cafeteria. All the girls are sitting and eating together again.,"Kim: Hmm... okay then. One... two... three! (he leans in and gives her a peck.) Hey, that was kind of nice! (kisses her cheek.)
Marinette: I learned a new game today
Adrien: You did? What is it?
Marinette: Want one?
Adrien: Yes, thank you"
sole_crusher_marinette_0001,Collège Françoise Dupont. Sabrina rolls a carpet from the entrance of the school while Marinette and her friends laugh.,"Alya: If we’re lucky, she’ll only be half as horrible
Marinette: Relax girls! I met her at the bakery earlier. She’s totally nothing like Chloé. She’s actually really nice! And besides we shouldn’t make snap judgments about people before we get to know them, right? (all look at each other)
Adrien: (from far away; goes to Nino) Hey, what's up, man"
sole_crusher_marinette_0002,Art classroom. Marinette and her friends are painting.,"Rose: Do you think we can adopt her?
Marinette: Let's just talk to her first. I'll handle it
Chloé: Needs improvement, but not such a bad start. As a reward, I'll let you touch my diamond shoes when we're home. (small laugh)"
sole_crusher_marinette_0003,Marinette's room. Marinette is texting Zoé.,"Sabrina: (outside) See you later! (runs while carrying the bags)
Marinette: Why did she become so nasty when she was so nice before?
Daizzi: Maybe she was…hungry?
Marinette: I'm sure the real Zoé is the one I met the first time. I hope I can get to the bottom of this"
sole_crusher_marinette_0004,"Marinette's room. Marinette is at her sewing machine working on a design with Tikki, Xuppu and Fluff floating around her. Marinette hears a noise.","Marinette: (alert; to the kwamis) Quick, hide!
Marinette: Chloé? What's going on?
Chloé: Dupain-Cheng! Don't just sit there! Help me block this door!"
sole_crusher_marinette_0005,"Streets. Sole Crusher is chasing after Chloé, while Tikki is catching up to Sole Crusher.","Sole Crusher: (determined, angry) No one will tell me what to do. (walks to the Liberty)
Marinette: No!
Tikki: Marinette!
Marinette: (smiling) Tikki! You followed me? Way to go!"
sole_crusher_marinette_0006,"Streets. Sole Crusher is chasing after Chloé, while Tikki is catching up to Sole Crusher.","Marinette: (smiling) Tikki! You followed me? Way to go!
Marinette: Tikki, spots on! Yeah! (Marinette transforms into Ladybug)
Cat Noir: The bigger they get, the harder they fall"
sole_crusher_marinette_0007,"Marinette's room. Marinette is wearing her pajamas, reading her journal on her bed when her cellphone beeps.","André: I promise. Come on. (they walk to the elevator) You're going to (love) your new room
Marinette: (to Tikki) Zoé sent me a text
Zoé: (voiceover) Thank you for everything"
startrain_marinette_0001,Gare du Nord.,"Max: There was less than a point two three percent chance his father would allow him to come
Marinette: Alya! This trip is gonna be amazing!
Nino: (also just arriving) Adrien, whoa! What are you doing here?"
startrain_marinette_0002,The Startrain's Operator Cab.,"Claudie: The train would come to a stop
Marinette: Even for just a second?
Claudie: It's the safety switch in case the operator feels faint, for example"
startrain_marinette_0003,Passenger car in the Startrain.,"Service Drone 2: (comes out from under Marinette's seat) Hello, would you like a beverage?
Marinette: Cranberry juice, please? (giggles) Want anything?
Alya: Apple juice"
startrain_marinette_0004,Passenger Car.,"Alya: I don't think Ladybug and Cat Noir are gonna make it up here to save us!
Marinette: Uh, maybe we can persuade your mom to change back, Max? (He nods, and starts swimming toward the doors.)
Nathalie: Sir. You should take a look at this. (On his own computer, Gabriel switches from his designs to Nathalie's screen. It shows Nadja Chamack, reporting from TVi News.)"
startrain_marinette_0005,Aboard the Startrain.,"Startrain: (through the speaker) Why? Now I have a hundred percent chance of traveling the universe! And I get to take you with me, too! Isn't this fantastic?
Marinette: We must get to the operator's cabin to take control of the train, and drive it back home
Alya: And, how do you plan on taking down the super-villain?"
startrain_marinette_0006,Aboard the Startrain.,"Chloé: No, but you do have a super-heroine with you!
Marinette: We have two things in our favor: the element of surprise, and the fact that there are a lot of us!
Adrien: Good point, Marinette. (Marinette and the others head into the next car, while Adrien sneaks in the opposite direction.)"
startrain_marinette_0007,"Gare du Nord, the Startrain's platform.","Adrien: We'll go back there together some day. (He takes his leave.) See ya
Marinette: (sees Adrien leaving) Oh, no! Poor Adrien! This trip was a total disaster
Alya: A total disaster? Really? (She shows her the photo of her and Adrien napping together. Marinette is so overjoyed that she tackles her in a hug.)"
stoneheart_origins_part_2__marinette_0001,Outside Literature classroom.,"Chloé: Ah, you've got a lot to learn about school culture, Adrikins. Watch the master
Marinette: Alya, wouldn't you like to be a superhero and go out and fight monsters and villains?
Alya: Totally! I'm not scared of anyone! Why?
Marinette: Oh! No reason. (puts the Miraculous case in Alya's bag)"
stoneheart_origins_part_2__marinette_0002,Literature classroom. Marinette and Alya enter the classroom. Marinette sees Adrien picking at the gum in her seat.,"Marinette: Oh! No reason. (puts the Miraculous case in Alya's bag)
Marinette: Hey! What are you doing?
Adrien: Oh, uh, I
Marinette: Okay, I get it. Good job, you three. Very funny
Adrien: No, no. I was just trying to take this (off!)
Marinette: Oh, really?"
stoneheart_origins_part_2__marinette_0003,Literature classroom. Marinette and Alya enter the classroom. Marinette sees Adrien picking at the gum in her seat.,"Marinette: Oh, really?
Marinette: You're friends with Chloé, right?
Adrien: Why do people keep saying that? (Marinette huffs; he goes to his seat)"
stoneheart_origins_part_2__marinette_0004,Classroom. Miss Bustier is checking her attendance.,"Alya: (to Marinette) Come on! Let's follow him!
Marinette: Uh, oh no, you go. I'm finding myself a safe place to hide
Alya: Girl, you're gonna miss Ladybug in action!
Marinette: (picks up Alya's bag, and holds it out to Alya) You and Ladybug will both be better off without me
Alya: You say so! (runs out of the room)
Marinette: Wait! Your bag! (runs after Alya)"
stoneheart_origins_part_2__marinette_0005,Outside the school. Stoneheart is still holding Mylène and Chloé captive.,"Marinette: Well, I'm still not sure I'm up for this, but Alya's in danger. I can't sit back and do nothing
Marinette: Tikki, spots on! Ha! (Marinette transforms into Ladybug)
Ladybug: You can't stay here. It's too dangerous"
stoneheart_origins_part_2__marinette_0006,Literature classroom.,"Adrien: Thank you, Nathalie. Thank you, Father! (leaves the car)
Marinette: No, wait. (Marinette and Alya are going to sit on the seats behind Nino)
Chloé: Uhh... You're in the wrong seat. Go on, get lost!
Marinette: ""All that is necessary for the triumph of evil, is that good people do nothing!""
Chloé: What is that supposed to mean?
Marinette: It means that I'm not putting up with your crud anymore, Chloé, and neither is anyone else around here, so take your attitude and go on, get lost! (all the other students laugh; Chloé takes Marinette's previous seat angrily)"
stormy_weather_2_marinette_0001,We begin on another Valentine's Day adventure outside at Collège Françoise Dupont: Alya and Marinette kiss each other on both cheeks.,"Nino: Er... Uh-You sure we said tonight? Well, see-I-kinda promised Adrien I'd drop off the schoolwork he missed today. You know, cuz' of his photoshoot! (smiles bearing his teeth persuasively)
Marinette: (comes between Alya and Nino and puts her hands on their shoulders) No worries, guys! Listen. You go and do your homework together and I'll write out the lessons and drop them off at Adrien's later on!
Nino: You sure? (Clasps his hands together) Thanks, Marinette!"
stormy_weather_2_marinette_0002,We begin on another Valentine's Day adventure outside at Collège Françoise Dupont: Alya and Marinette kiss each other on both cheeks.,"Chloé: Well, you can't be Little Miss Weather girl and Little Miss Good Grades at the same time! We better not make her cry, Sabrina, (Aurore gasps) or she might turn into Stormy Weather and start raining on us. (Sabrina goes to stand beside Chloé). What a ridiculous power! (Picture of Stormy Weather in the background as Chloé starts cackling) Utterly ridiculous! (Picture disappears; scene switches to Marinette, Alya, and Nino)
Marinette: Aurore won't be transforming, because her grade average will be up again next term. (to Aurore) Don't hesitate to ask if you need any help
Aurore: Thanks, Marinette!"
stormy_weather_2_marinette_0003,Flashback from Bubbler,"Marinette: Chloé might not be completely wrong, you know, Tikki! I haven't changed. Look at how I always fail when I try to have a basic conversation with Adrien. (Flashbacks from The Bubbler and Stormy Weather) As soon as I'm in front of him, my heart starts beating like crazy and my words come tumbling out, making no sense whatsoever. It seems like I'm paralyzed
Marinette: (Um, he-- Hey! (She is nervous as she holds her gift behind her back.)
Adrien: (surprised) Hey.)
Marinette: (nervously) I, uh, I wanted to, um, gift you a make-– I mean, gift you a give I made-- I mean...)"
stormy_weather_2_marinette_0004,Flashback ends: Marinette's room.,"Marinette: (...are beneath that strong disguise. Every day we see each other and I hope that you'll be mine, together our love could be so true, please-)
Marinette: (letter in her hands; she's lying down on the mat) please, will you be my valentine? (hugs the letter to her chest and coos in admiration) It's so beautiful. But I'll never know what he thinks of me, or who this poem he wrote was meant for. Uh, I'm (scrunches up her face) so-(sits up) so lame!
Tikki: You are not, Marinette! You've changed a lot since the beginning of the year and since you first met Adrien!
Marinette: You're right! I have changed. I got more and more clumsy since I met him!(Umbrella closes around Marinette)
Tikki: No!"
stormy_weather_2_marinette_0005,Flashback from Gamer ends; Flashback from Riposte begins; Marinette and Adrien are fencing together.,"Armand: (Attaque! Touche. Point! (He indicates Marinette) Continue!)
Marinette: (she pushes up her helmet.) Thanks!)
Adrien: (He also pushes his helmet up.) All I did was lunge. You've got good reflexes! (He puts his helmet down again and readies himself again) En garde!)"
stormy_weather_2_marinette_0006,Flashback from Gamer ends; Flashback from Riposte begins; Marinette and Adrien are fencing together.,"Marinette: (She puts her helmet back down and likewise gets into position.)
Marinette: (Voice from reality) You're right!
Adrien: (he holds out his gift to Marinette) You never got a chance to open it with all that was going on.)"
stormy_weather_2_marinette_0007,Flashback ends; Back to reality: Marinette's room.,"Marinette: (You're so wonderful... Oh, uh- it's wonderful, what a charm! Uh... luck charm! I-I'll wear the charm um, with luck! Basically, um... thank you.)
Marinette: (sitting on the mat; holding the letter to her chest) Adrien's become a friend who I can talk to about anything. Except when it comes to my feelings for him
Tikki: It's better than nothing, though, isn't it?
Marinette: Can you still be in love with someone even after they become your friend? (gazes down at the letter) Do you think I'll ever be able to tell him that he means much more to me than just a friend?"
stormy_weather_2_marinette_0008,Flashback ends: Flashback from Syren begins.,"Ladybug: And now, we have new super powers!
Marinette: Aqua-Tikki, spots on! Yeah! (Marinette transforms into Aquabug, with scaly costume, large blue ponytails with purple ribbons, finny arms and feet, and a ""beltbuckle"" device.)
Adrien: Plagg-glacier, claws out! (Adrien transforms into Icecat)"
stormy_weather_2_marinette_0009,Outside Agreste Mansion.,"Nathalie: Yes?
Marinette: Hello, I'm Marinette, and I'm in Adrien's class. I'm bringing him the schoolwork that he missed today, and the homework that is due tomorrow. (the mailbox opens) You tell him it's from Marinette, his friend from school, and that I did it as a friend to help him, okay?
Nathalie: I will
Marinette: See you tomorrow at school, love your friend, Marinette. (Marinette places the homework in the mailbox and the mailbox closes)"
stormy_weather_2_marinette_0010,Flashback ends: Adrien's room.,"Adrien: Thank you, Nathalie
Adrien and Marinette: See you tomorrow at school. Love, your friend, Marinette
Adrien: I'd never noticed, Marinette's writing. Remember this unsigned card I got on Valentine's Day?"
stormy_weather_2_marinette_0011,Flashback from Troublemaker.,"Adrien: Of course, it couldn't have been from Ladybug. It had to have been from someone at school, but Marinette?
Marinette: (huge sigh of relief) Phew! Hopefully, he didn't see me! (shuts her locker triumphantly, only to be startled by Adrien standing behind the door, waving at her)
Adrien: (Hey, Marinette! (Marinette screams) How's it going? After what happened at your place last night, I was worried that—)
Marinette: (interrupting Adrien) Oh, so you watched the show, then! (laughs nervously) Well, uh, look...about what you saw on the show last night — the totographs, in my room—)
Adrien: (You mean the photographs?)
Marinette: (assertively) The grotographs, exactly! (meekly) It-it's not what you think. (pauses) See...I'm really into fashion, and, umm...)
Adrien: (leaning forward with a piercing, impish glare) Are you lying?)
Marinette: (No! I'm so not into you—I mean, sure, I'm interested in you, but, um, not in that way; well, you know, ha-ha-ha-ha...ha ha!)
Adrien: (chuckles) Just teasing. (placing his arm over her shoulder) I understand; don't worry.)"
stormy_weather_marinette_0001,Dupain-Cheng House. Marinette is chasing Manon.,"Alec: We started off with 5000 contestants. But with the help of our audience at home, we whittled our talent down to just these two amazing young ladies! So, let's welcome our fantastic finalists! To my right, Aurore Beauréal, and on my left, Mireille Caquet! Who will be the lucky winner? Vote now! Text 1 for Aurore and 2 for Mireille. And remember, standard text messaging rates apply
Marinette: Come on, Manon, give that back!
Manon: But I wanna be a fashion designer too!
Marinette: Manon, please, it's not finished! You're gonna ruin it!
Manon: (giggles)
Marinette: Huh? (crashes with the table) Ah! Nnnngh"
stormy_weather_marinette_0002,Dupain-Cheng House. Marinette is chasing Manon.,"Marinette: Huh? (crashes with the table) Ah! Nnnngh
Marinette: Hmmm... Huh? Ah! (giggles; walks to the curtain, only to see that Manon is not there)
Manon: I'm gonna vote for Mireille, she's the best!
Marinette: Hey, my phone!"
stormy_weather_marinette_0003,Dupain-Cheng House. Marinette is chasing Manon.,"Marinette: Ughhh... Why did I agree to do this again?
Marinette: Stay low, Tikki!
Tikki: Don't worry. You know what? If you can handle Manon for a day, any villain here on out will be a piece of cake
Marinette: Alya?"
stormy_weather_marinette_0004,Dupain-Cheng House. Marinette is chasing Manon.,"Manon: Yay!
Marinette: Okay!
Alec: This is the moment we've been waiting for! The viewers at home have made their decision, and the new KIDZ+ weather girl is"
stormy_weather_marinette_0005,The Place des Vosges. Adrien is having a photoshoot.,"Hawk Moth: That's my weather girl. Show the world who the best weather girl (really) is!
Marinette: Come on. We're gonna stroll over there real cool as if we just happened to be passing by
Alya: Then what?
Marinette: Then? I'll invite him out for a fruit smoothie at the end of the photo shoot! Then, we'll get married! Live happily ever after in a beautiful house and have two kids? No, three. And a dog! Maybe a cat? Nah, forget the cat. A hamster! I love hamsters!
Alya: Let's just start with just happen to be passing by and see if we can get to that smoothie
Marinette: (giggles)"
stormy_weather_marinette_0006,The Place des Vosges. Adrien is having a photoshoot.,"Marinette: Okay, let's start over. (Adrien sees them, and waves at them)
Marinette: Did you see that? He waved at me!
Alya: Yeah, I saw it too. Pretty normal, since we're in the same class. (puts Marinette's hand down)"
stormy_weather_marinette_0007,The Place des Vosges. Vincent is taking pictures of Adrien.,"Manon: (looks at balloons) Marinette, I want a balloon with Mireille on it! Can I? Can I!? ...Marinette? MARINETTE!!!
Marinette: Ah!
Vincent: Ngh! Silenzio!"
stormy_weather_marinette_0008,The Place des Vosges. Vincent is taking pictures of Adrien.,"Manon: (grabbing a hold of Marinette's leg) No! I wanna go with Marinette!
Marinette: Hmmm... (Marinette looking back at Adrien's photoshoot) I'll deal with it. I am her babysitter
Alya: But what about Adrien?"
stormy_weather_marinette_0009,The Place des Vosges.,"Stormy Weather: Ugh... For all of you who voted for Mireille, I'd advise you to move indoors. It's going to get very blustery! Oh wait... too late
Marinette: Come on, let's go back
Manon: I want to go on the merry-go-round!
Marinette: No, no, no, no, not right now, I gotta get back to Adrien
Manon: You promised! You aren't going to break your promise, are you?
Marinette: Aw, please, please, not the baby doll eyes... You know I can't say no to the-"
stormy_weather_marinette_0010,The Place des Vosges.,"Marinette: Aw, please, please, not the baby doll eyes... You know I can't say no to the-
Marinette: Aw
Stormy Weather: Ughhh!"
stormy_weather_marinette_0011,The Place des Vosges.,"Manon: Yee-haw!
Marinette: Huh? (sees Stormy Weather)
Civilian: Run!
Marinette: (Runs to a bench) Time to transform!"
stormy_weather_marinette_0012,The Place des Vosges.,"Marinette: (Runs to a bench) Time to transform!
Marinette: Tikki, spots on! Yeah! (Marinette transforms into Ladybug)
Civilians: Oh no! Ahh!"
stormy_weather_marinette_0013,The Place des Vosges.,"Tikki: Hey, there's the photographer and Adrien waiting for you!
Marinette: You don't think it's too late?
Tikki: Come on, Marinette. You saved Manon, and the whole world for that matter. Have some fun!"
strikeback_shadow_moth_s_final_attack_part_2__marinette_0001,Roof of the Gare du Nord. Ladybug sadly climbs up and de-transforms.,"Ladybug: (moans sadly) Spots off. (de-transforms into Marinette)
Marinette: (crestfallen) It's all over, Tikki
Tikki: He'll be back, Marinette. He's just going on a voyage!
Marinette: (her Risk mark activates) Of course, Voyage! Ladybug may have failed, but Pegabug will bring him back! And together we'll go talk to his father!
Tikki: You wanna use the Miraculous of the horse and teleport yourself, just for that?
Marinette: I'm ready to risk everything to (not) lose Adrien! Tikki, spots on! (transforms into Ladybug)"
strikeback_shadow_moth_s_final_attack_part_2__marinette_0002,Adrien's room. Ladybug starts hyperventilating as her anxiety gets worse and worse.,"Ladybug: (pants and falls dejectedly on the floor) Spots off… (de-transforms)
Marinette: Please hurry, Tikki. (gives a piece of macaron to Tikki) We can't let them take all the Miraculous, please let there be some left, there has to be some left! (she begins to cry as Tikki chews on the macaron)
Flairmidable: Lay down"
strikeback_shadow_moth_s_final_attack_part_2__marinette_0003,Adrien's bathroom. Tikki finishes eating her macaron.,"Tikki: I'm done!
Marinette: (in panic) Tikki, spots on!!! (transforms into Ladybug)
Ladybug: No! There's nothing left!!"
style_queen_queen_s_battle_part_1__marinette_0001,Marinette's room. Gabriel's fashion show is broadcasted and showing on Marinette's computer monitor. Tikki is watching the broadcast.,"Tikki: Honestly, Marinette, it's perfect the way it is!
Marinette: (nervous) Oh, Tikki, I don't know… I feel like it's the ugliest hat in the world and Adrien is supposed to model it in front of everyone. He'll resent me for the rest of his life! I have zero talent! And everyone's gonna find that out tonight…
Tikki: You're a great designer, Marinette. Besides, if your hat was so ugly, why did Gabriel Agreste hand-pick it for his fashion show?
Marinette: But what if people see that it's a synthetic pigeon feather and not a real one? They're gonna think it's lame, aren't they?
Tikki: You did the right thing of replacing it! With that allergy of his, Adrien would be sneezing all the way down the catwalk!
Marinette: You're right! Besides, I don't have time to make changes anyway. The show begins in… (looks at her phone; gasps; quickly puts the hat in a box) Oh, no! I'm gonna be late again! Quick, Tikki!"
style_queen_queen_s_battle_part_1__marinette_0002,Marinette runs towards the Grand Palais with the hat-box. A car pulls up and Nadja is talking. Marinette looks from a distance.,"André: Yes, of course, Audrey, dear
Marinette: Oh, no! It's Audrey Bourgeois!
Tikki: Who?
Marinette: Only the harshest fashion critic in the entire world. I didn't know she was coming!"
style_queen_queen_s_battle_part_1__marinette_0003,"Grand Palais, front. Marinette is running away from the show. She stops when Tikki calls on her.","Tikki: Where are you going?
Marinette: You heard Audrey Bourgeois, right? They can't let Adrien model this hat! There's not glitter on it! Zero trend-potential!
Nathalie: Ah! There you are, Marinette. Everyone's waiting for you
Marinette: (nervously) Uh— but— uh— actually— I, uh—
Nathalie: The dressing rooms are that way. Hurry up, you're late
Marinette: (laughs nervously) Okay. (more nervous laughter; then she follows)"
style_queen_queen_s_battle_part_1__marinette_0004,Dressing room. Adrien is looking at himself in the mirror and fixing something about his jacket.,"Marinette: Oh, uh— Hallah…
Marinette: Ooh! Sorry
Adrien: No worries"
style_queen_queen_s_battle_part_1__marinette_0005,Dressing room. Adrien is looking at himself in the mirror and fixing something about his jacket.,"Adrien: No worries
Marinette and Adrien: Sorry
Adrien: Oh, no! I hope it's not too hard to fix it"
style_queen_queen_s_battle_part_1__marinette_0006,Dressing room. Adrien is looking at himself in the mirror and fixing something about his jacket.,"Adrien: Oh, no! I hope it's not too hard to fix it
Marinette: Oh, you know, it doesn't really matter. This hat is a complete failure anyway
Adrien: What? No, it's not. (offers his hand; Marinette's takes it without hesitation) Why would you say that?
Marinette: Because… The queen of fashion, Audrey Bourgeois, saw it and hated it! I'm sorry, Adrien. I really messed up. I'm a total no-talent! Please don't put it on
Adrien: (takes the feather out of Marinette's hand) Marinette, everything's gonna be fine. Your hat looks great; I think it's awesome; so does my father. Otherwise he wouldn't have picked it for me. Look. (puts on the hat; does a"
style_queen_queen_s_battle_part_1__marinette_0007,"Grand Palais, catwalk. Adrien is showcasing Marinette's hat. Many pictures are taken. Marinette is shaking out of nervousness.","Alya: All cool, girl?
Marinette: Mm-hm. (nods)
Style Queen: A fashion show without the queen of style? Glitterally unacceptable!"
style_queen_queen_s_battle_part_1__marinette_0008,"Grand Palais, catwalk. Adrien is showcasing Marinette's hat. Many pictures are taken. Marinette is shaking out of nervousness.","Style Queen: Well, then, if fashion-disaster daddy isn't here, I'll just have to settle for Agreste Junior! You're fired!
Marinette: Adrien!
Plagg: (to himself; from the rafters) Uh-oh! We've got a problem! (flies away)"
style_queen_queen_s_battle_part_1__marinette_0009,"Grand Palais, catwalk. Adrien is showcasing Marinette's hat. Many pictures are taken. Marinette is shaking out of nervousness.","Tom: But where is Marinette?
Marinette: (quickly runs through a door and closes it; Tikki flies out of her jacket) This Style Queen just made a huge faux pas!
Style Queen: You're all fired! (laughs in an evil manner; dissolves into gold dust and materializes in front of André)"
style_queen_queen_s_battle_part_1__marinette_0010,"Grand Palais, outside, front. Ladybug and Adrien land in front of the Grand Palais, where people are going to the fashion show again.","Tom: We're finally going to get to watch the fashion show and witness the success of our daughter and her amazing hat
Marinette: Uh— I… Actually, I have, uh—
Tom: No, you don't. Come on! We can't miss the beginning
Marinette: (whimpers; to her purse) Don't worry, Tikki. No one will find the box. We'll get it right after the show. (Tikki whimpers)"
sublimation_episode__marinette_0001,"A path. Adrien and a blonde girl are running on the path, panting. Marinette spies on them from her balcony.","Marinette: Nothing, they run but they don't say anything to each other. Not a word! But it's impossible to be silent next to someone for that long. They must be hiding something. There, there! Oh, she said something!
Marinette: Oh, wait, oh, no, no, no, no, she just sneezed
Alya: Could it be that you're a little... (jealous)?
Marinette: Me? Jealous? Ha!"
sublimation_episode__marinette_0002,Marinette's room. Marinette pulls down an evidence board full of information about Sublime.,"Marinette: No way! See? Since Sublime is now friends with Adrien, (I) should become friends with Sublime! Are you following? It just makes sense! The friends of my boyfriend, who aren't yet my friends, are my FUTURE FRIENDS, meaning I can't get this wrong. Except the target isn't just anyone. Sublime Varlette was born in Belgium. According to the website of the city, Mouscron, where she grew up, she was, and I quote, ""the pride of the city"". And for good reasons. She won the first prize of the conservatoire. She plays the harp, and the flute! She speaks 5 languages. Her parents settled in Paris after their divorce, and even though she hasn't been in Paris for long, Sublime has already joined several associations and clubs. She also won gold in the Para-Athletics 100th and 400th meter, and is currently training for the upcoming world championship, by running everyday, every morning with Adrien, supposedly without speaking!
Marinette: I'LL NEVER MEASURE UP TO A GIRL LIKE THAT, ALYA! I'LL NEVER BE AS... (SUBLIME) AS SHE IS! (sobs)
Alya: You're putting too much pressure on yourself, girl. If you wanna get to know her, just go talk to her
Marinette: Too risky! You have one chance to make a good first impression
Alya: Okay? So, what are you gonna do?
Marinette: (confident) I'm gonna show her that I can measure up! Because that's what it means to be a friend! It's showing that you're here, always, and that you're resourceful, in any, and all situations
Alya: Oookkkaaayyy, well, my dear resourceful friend, I'll leave you to your mess-making and we'll catch up later"
sublimation_episode__marinette_0003,"Scene: Interior, Collège Françoise Dupont. In the Paris streets, Séverin drops off then waves at Sublime a see-you-later. He moves to the other destination and Sublime walks into the courtyard.","Marinette: Of course, Tikki. Everyone loves having a friend unexpectedly show up to help
Marinette: Now's my chance!
Sublime: Aw, you ate it all up"
sublimation_episode__marinette_0004,The courtyard,"Marinette: I just need a little luck, like... if one of her harp strings could break! Then I'd find a replacement for it; she'd be so moved it would signal the beginning of our friendship and-
Marinette: (screams in excitement and rushes to a classroom where Anarka is with her guitar) I'm sorry! (snatches the guitar string from Anarka's hand before rushing back) Major string emergency!
Séverin: I'll be waiting for you by the entrance. I'm so proud of you sweetie"
sublimation_episode__marinette_0005,Greek classroom. Sublime is on the phone with her dad.,"Adrien: Yeah, that description sounds fitting
Marinette: He's talking to her, she's talking to him, which means they're talking. (gasps) Could Adrien have lied to me?
Tikki: Maybe it's because they are in the same class
Marinette: Ancient Greek class! Oh no! They're going to speak in code so that no one can understand them"
sublimation_episode__marinette_0006,Greek classroom. Sublime is on the phone with her dad.,"Marinette: (screams) I've been caught! Code red! Tactical Retreat!
Marinette: Oh no! She saw me following her. Now she's furious and decides to stop being friends with Adrien and to leave the school!
Tikki: Are you really sure about any of this Marinette?
Marinette: Yes. But I'm going to fix my mistake. Because if Sublime is no longer friends with Adrien because of me, then Adrien won't be in love with me anymore and it'll be the end of our relationship and the end of everything!"
sublimation_episode__marinette_0007,Greek classroom. Sublime is on the phone with her dad.,"Marinette: Yes. But I'm going to fix my mistake. Because if Sublime is no longer friends with Adrien because of me, then Adrien won't be in love with me anymore and it'll be the end of our relationship and the end of everything!
Marinette: Sublime! Forgive me (gasps for air) I've been the worst friend ever!
Caroline: Séverin, let her manage on her own"
sublimation_episode__marinette_0008,"Stade des Princesses, locker rooms. Sublime is swapping out her regular protheses for running ones.","Caroline: If you really want what's good for her, then stop helping her everytime she is faced with a challenge, or she'll never learn to get by on her own
Marinette: She's been in there for at least 20 minutes, hasn't she? Maybe she's encountered a problem? (Snaps) Yes, yes! She probably needs help from a friend. I'm going in!
Tikki: Wait, Marinette!
Marinette: What is it?
Tikki: We don't even know why we're here!
Marinette: Alya was right from the beginning. I'll talk to her. Hide Tikki!"
sublimation_episode__marinette_0009,"Stade des Princesses, locker rooms. Sublime is swapping out her regular protheses for running ones.","Marinette: Alya was right from the beginning. I'll talk to her. Hide Tikki!
Marinette: Where did she go?
Caroline: If you sponsor my daughter, you won't be disappointed, Mr. Roth"
sublimation_episode__marinette_0010,Locker rooms. Marinette is still looking for Sublime when she sees Sublime's protheses.,"Bob: Easy, easy. I'm not offering anything yet. I want to see what your daughter's worth on the track first
Marinette: (gasp) An akumatized villain disintegrated Sublime, leaving only her protheses behind. Tikki-
Tikki: Marinette, maybe there's a more logical explanation"
sublimation_episode__marinette_0011,Locker rooms. Marinette is still looking for Sublime when she sees Sublime's protheses.,"Marinette: (gasp) She's coming back to overcome me!
Marinette: Mwahahaha! I'm Soapinator, and not at all Marinette Dupain-Cheng! I hate dirt and clean everything in my path! Mwahahaha! Ahahaha AHAHAHA!
Sublime: (sigh) Listen Marinette, or Soapinator, I'll happily have a chat with you after my trial, okay? I really don't have time now, so wait for me here. Do not move, and do not follow me
Marinette: I no longer have a choice, Tikki-"
sublimation_episode__marinette_0012,"The lockers. Sublime enters in, and is surprised.","Bob: Then good luck finding respect (and) money. I myself have never come across them together
Marinette: I'm sorry, Sublime. I should've just come talked to you, but I was afraid I wasn't good enough. I hope you'll forgive me
Sublime: Apology accepted! I know what it's like to put pressure on yourself. Is it true you want to be my friend?
Marinette: How did you know?
Sublime: Adrien told me
Marinette: Uh, then you two talk while you're running?
Sublime: Not while we're running. It impacts the breathing. But outside of that, of course Adrien and I talk
Marinette: Ugh, you must think I'm ridiculous!
Sublime: Hardly. But if we're going to be friends, we'll need to get to know each other! We'll talk about whatever you want! Just...promise me not to pull my leg"
syren_marinette_0001,Master Fu's massage shop. The gramophone closes with the Fox Miraculous back inside the Miracle Box.,"Master Fu: Kwamis must never know the recipe that can modify their powers. Ever!
Marinette: Modify their powers?
Master Fu: Imagine what would happen if one of you were captured by a villain, just like Hawk Moth's kwami, Nooroo"
syren_marinette_0002,Master Fu's massage shop. The gramophone closes with the Fox Miraculous back inside the Miracle Box.,"Master Fu: So, what's on your mind, Marinette?
Marinette: Master Fu, Cat Noir is asking more and more questions. He's tired of being left in the dark
Master Fu: Tell me, Marinette; do you put the noodles in the water (before) the water boils?
Marinette: Uh, no
Master Fu: Exactly. That's because there's a right time for everything. (pours some tea and hands a cup to Marinette)
Marinette: Uh, what are you cooking exactly?
Master Fu: When fed with a specific blend of ingredients, the kwamis can grant special power. Each power's specific mix is listed here, encoded in the Grimoire. I've deciphered most of the ingredients; for example, to trigger aquatic powers you need a branch from the dragon king's garden — that's seaweed; then secret kept in a shell — that's an oyster pearl. But the last one still puzzles me: a tear of joy. I can't figure it out, and it's required for almost every blend. Oh! Maybe it could be some dancing ant honeydew. (puts drops from a bottle into his potion with an eyedropper, producing a small blast) I think I may have finally got the right mix. (Marinette smiles.)"
syren_marinette_0003,The theater,"Marinette: Hey Alya...yeah, what's up? The movie? Oh, uh, of course I didn't forget. I'm almost there. (runs out the door) Sorry, Master. Good luck finding the secret ingredient
Marinette: (runs up, panting) Coming! Sorry, I was—
Alya: No time to explain. Come on!"
syren_marinette_0004,The theater,"Marinette: (shuffling into her seat) Sorry...sorry...sorry
Marinette: What's going on?
Alya: Okay, who left the faucet running?
Marinette: The stairs! Quick!"
syren_marinette_0005,Theater roof. The entire city is flooded almost to that level.,"Alya: (runs to the edge of the roof and looks out) Where is he? Can you see him? (sees Marinette paddling away from the theater in a trash bin) Marinette, what are you doing?!
Marinette: Um, I'm gonna go get help! (tips the bin, falling into the water, and grabs hold of the bin) I'm fine!
Alix: (deadpan sarcasm) Okay so...I guess we're saved, then?"
syren_marinette_0006,Master Fu's massage shop kitchen,"Master Fu: Each blend corresponds to a new power
Marinette: (takes the paper and scans it) Oh wow! That's a lot of powers!
Master Fu: (gives Marinette the rack of vials) You should keep these vials with you at all times, just in case
Marinette: (apprehensively) Well...that's not very practical
Master Fu: Only the ingredients matter. They could be contained in (anything.)
Marinette: Then...I may just have an idea!"
the_bubbler_marinette_0001,Marinette's room. Marinette Dupain-Cheng is sleeping and then is woken up by her cellphone.,"Marinette: (wakes up and makes Tikki go flying) Huh? Happy birthday-- ow! (jumps down the stairs and hits her chaise.) Happy birthday! (she gets on her computer and turns it on, revealing her desktop background to be a collage of Adrien Agreste's pictures.) Ah! Happy birthday, Adrien. (She makes kissing noises towards the screen.)
Plagg: Happy birthday, Adrien! (brings a piece of Camembert cheese wrapped with a red bow.)"
the_bubbler_marinette_0002,"Outside of school. Adrien and Nino are talking. Meanwhile, Alya and Marinette are hiding nearby out of sight. Chloé and Sabrina are in the school but near enough to see what's happening.","Adrien: Don't waste your time. He's not gonna change his mind
Marinette: (pops up to look at Adrien while he's not looking) I can't do it, I can't do it!
Alya: (facepalms) Uh, no you don't, girl. You've been stalling all morning. Now's the time. (pushes Marinette over to Adrien.)
Marinette: Ah! (she stops right in front of Adrien.) Um, he-- Hey! (she gets nervous as she holds her gift behind her back.)"
the_bubbler_marinette_0003,"Outside of school. Adrien and Nino are talking. Meanwhile, Alya and Marinette are hiding nearby out of sight. Chloé and Sabrina are in the school but near enough to see what's happening.","Chloé: (facepalms) Ugh, do I have to do everything myself? Seriously, what are you good for? (walks toward Adrien.)
Marinette: (nervously) I, uh, I wanted to, umm, gift you a make-– I mean, gift you a give I made-- I mean
Chloé: (yawns while Marinette is talking and then shoves her away) Out of the way. (she acts sweet.) Happy birthday, Adrien! (throws herself onto him and gives him a kiss on the cheek.) Mwah!"
the_bubbler_marinette_0004,"Outside of school. Adrien and Nino are talking. Meanwhile, Alya and Marinette are hiding nearby out of sight. Chloé and Sabrina are in the school but near enough to see what's happening.","Alya: (to Marinette, still hidden) Get back there! Don't be a pushover, literally!
Marinette: (sounding defeated) Mmm. (Alya looks frustrated.)
Sabrina: (to Chloé) What did you get him?"
the_bubbler_marinette_0005,Dupain-Cheng House. Marinette is eating lunch.,"Marinette: (looks surprised) Um, I can't wait to get back to school this afternoon, hehe
Marinette: Mom! MOM! (she sees her father also in another bubble.) Dad? Dad!
Tikki: Your parents! Hawk Moth must've released another akuma
Marinette: I've got to find his newest villain ASAP"
the_bubbler_marinette_0006,Dupain-Cheng House. Marinette is eating lunch.,"Marinette: I've got to find his newest villain ASAP
Marinette: Tikki, spots on!(looks unhappy; Marinette transforms into Ladybug.)
Bubbler: And now, party time! (kids cry.)"
the_bubbler_marinette_0007,Rooftops. Ladybug is running towards the fireworks.,"Marinette: I turn back, I know. But I figured, The Bubbler, he's not going anywhere, we have time to get you some food to get your energy back up. Then, we'll get right back out there, I promise
Marinette: I've got to find a place where I can transform, fast
Alya: Where have you been, girl? I was so scared something had happened to you
Marinette: Me too! (they hug)
Alya: I'm sure Ladybug and Cat Noir will show up in a minute to save us all. They never failed us. Meanwhile, come with me, I've got something for you
Marinette: Uh, there's something I've got to do first
Alya: It's about Adrien
Marinette: Okay"
the_bubbler_marinette_0008,Rooftops. Ladybug is running towards the fireworks.,"Bubbler: Then I'm going to make it my business. (He chuckles and takes out his bubble sword.)
Marinette: ""Love, Marinette"". There. (She sticks it to the present and gives the present a kiss.)
Tikki: Right, we're good. Spots on, Marinette
Marinette: I can't do it now, Alya's here"
the_bubbler_marinette_0009,Rooftops. Ladybug is running towards the fireworks.,"Marinette: Go ahead! I'll meet you in the yard
Marinette: No! You were right, Tikki, I never should've waited this long
Adrien: Hey, Paris, how you doing?"
the_bubbler_marinette_0010,Outside school.,"Adrien: Hey girls! (he gets out of the limousine, wearing a scarf)
Marinette: (to Alya) Hey, that's my scarf! He's wearing my scarf
Adrien: (to Nino) Hey, dude"
the_collector_marinette_0001,Fu's massage shop. Master Fu is meditating with Wayzz beside him.,"Tikki: I know you never wanted me to bring her here again but... you must see what she's discovered. Show him, Marinette
Marinette: I've been here; I've met you before. You're the healer that cured Tikki when she was sick! (Marinette has flashbacks of her meeting Master Fu.) Soo... I'm guessing you're not really a vet?
Master Fu: Not really. That was your first day of school, that wasn't a chance meeting either. (Master Fu has flashbacks of Marinette helping him.) Marinette, you're always ready to help others. I knew that day, that very moment, that you'd make a fantastic Ladybug!
Marinette: But, who (are) you?"
the_collector_marinette_0002,Fu's massage shop. Master Fu is meditating with Wayzz beside him.,"Wayzz: (Wayzz gets out of the phonograph and starts talking to Marinette.) Guardians of the Miraculous! I'm Wayzz, Master Fu's kwami. It's a pleasure to meet you, Marinette
Marinette: Uhh, you too! (chuckles)
Master Fu: We guardians are responsible for protecting and distributing the Miraculous, for the good of all humanity. We are chosen in childhood and trained for many years, specially for this mission. When we were much, much younger, we... (sighs) I) made a mistake. The guardians' temple was destroyed, all because of me! Two of the Miraculous were lost that day. The Butterfly and the Peacock. Also gone forever was the ancient spellbook!
Marinette: But all it has are drawings of old superheroes and a bunch of strange symbols
Master Fu: Not strange to a Guardian. Back in the days, I was never given the opportunity to even have a look at it, but I've been taught enough to be able to partially decipher the code"
the_collector_marinette_0003,Hallway. Marinette tries to search for Adrien.,"Max: For life
Marinette: What? Why?
Nino: Something about losing this major important book that belongs to his dad
Marinette: His dad? Ha! Phew!"
the_collector_marinette_0004,Girls' bathroom. Marinette enters into a stall and lets Tikki out of her purse.,"Marinette: (initially sheepish) ""Phew"". Cause I... I was scared it was super serious. I mean, yeah, sure, it really is serious but it's not like he's sick or anything, you know. Surely we can fix this, right? We won't just stand by and let this happen! Ha! (then runs off and leaves the classroom)
Marinette: So it wasn't Adrien's book. It was his father's! Adrien isn't Hawk Moth! (sighs in relief) I knew it! Adrien doesn't have an evil bone in his body
Tikki: Except, according to Nino, Adrien (did) take the book without his father's permission
Marinette: Well, he must've had a good reason to do it
Tikki: You realize, based on Master Fu's theory, Adrien's father could be Hawk Moth
Marinette: No way! It couldn't be! Hmm... An eccentric artist who never leaves his home. Mysterious, very intelligent, but cold, even with his own son. This is a very strong lead, Tikki!
Tikki: Please be careful, Marinette!
Marinette: I will"
the_collector_marinette_0005,Girls' bathroom. Marinette enters into a stall and lets Tikki out of her purse.,"Marinette: I will
Marinette: Tikki, spots on! Ha! (Marinette transforms into Ladybug.)
Cat Noir: (voicemail) Has the cat got your tongue? Leave a message!"
the_collector_marinette_0006,Fu's massage shop. Tikki and Wayzz are playing with the phonograph while Marinette is being consulted by Master Fu.,"Gabriel: See you very soon!
Marinette: So, since Gabriel Agreste was akumatized, he can't possibly be Hawk Moth, right?
Master Fu: That's very probable, but...how did you find out that Gabriel Agreste was the owner of the Spellbook?
Marinette: At first, I was thinking the book belonged to Gabriel Agreste's son, Adrien, 'cause I saw him with it at school — well before it was stolen by a girl and before Tikki got it back; and I'd only just met you so I...I didn't know if I could tell you that, so yeah
Master Fu: You were afraid in case the one you love turned out to be Hawk Moth
Marinette: (stammers) Wha... Uh, no, uh, how did you know that? I mean, I don't love him at all. (chuckles nervously as Master Fu giggles) Oh, all right, yes, Adrien is amazing. I couldn't stand the thought of him being a supervillain
Master Fu: You know, Marinette, if we want to be stronger than Hawk Moth, we have to trust each other
Marinette: I know; but now, Adrien will never be able to come back to school because I can never give him that book back. I'll never ever see him again! (falls over on the floor, whimpering)
Master Fu: There isn't a single problem that can't be solved, Marinette. (starts taking pictures of the contents of the Miraculous Spellbook using his phone) These modern inventions really are quite incredible. Hmm
Marinette: So, when Adrien put the book down and walked away, I wanted to take a peek. You see, I thought it was a portfolio with lots of pictures of him 'cause he's so cute. Uh, but you already knew that. (giggles) Anyway, um, when he came back, I was scared he'd see me staring at his book so I hid it in my backpack and I know it was a dumb thing to do. I'm really, really sorry"
the_dark_castle_marinette_0001,Françoise Dupont cafeteria. The students are getting lunch.,"Marinette: Thank you
Adrien: Thank you
Marinette: Hi Jalil! You don't look too good"
the_dark_castle_marinette_0002,Françoise Dupont cafeteria. The students are getting lunch.,"Jalil: I miss her so much. I can't even wish her a ""happy birthday!"" It's so unfair!
Marinette: You're right, that's not fair. But there must be a way to wish her ""happy birthday"" somehow! We'll figure it out
Bunnyx: I miss you too, gang"
the_dark_castle_marinette_0003,"Exterior of the Louvre. Armand D'Argencourt is shown exiting a car and heading toward the Louvre. The scene then shifts to inside, at the Department of Paintings, where Alya and Nino are setting up a ring light and reflector, while Marinette and Adrien are with Alim.","Alim: My apologies. I'm ready now
Marinette: Then, action
Alim: Happy birthday, my darling daughter. You might not be here physically with us today, but you are in our thoughts"
the_dark_castle_marinette_0004,Burrow. Bunnybug pulls her future self through the portal with her.,"Ladybug: Marinette Dupain-Cheng, here is the mira-
Future Marinette: Don't worry, I know the drill. Fluff, clockwise
Bunnynette: Good luck, this villain's gonna be a toughie"
the_dark_castle_marinette_0005,Burrow. Alix comes back in through one of the portals.,"Alix: You didn't miss the whole thing, I brough you back some cake!
Marinette: Sorry about your surprise. It could've been better if-
Alix: Are you kidding? It was uber awesome! The best birthday of my whole life! Thank you, Marinette, for real
Marinette: No, thank you for everything you do. Your mission is such a hard one. I can't make you do this anymore, Alix, becoming Bunnyx again, living away from your friends... just because I couldn't secure the Butterfly Miraculous. This isn't fair. It's (my) mistake, not yours
Alix: Okay, you can keep the Rabbit Miraculous, but in exchange you give me the Ladybug
Marinette: Huh? But I'm Ladybug!
Alix: And (I) am Bunnyx
Marinette: And the best one there is. (gives her the Rabbit Miraculous back) Happy birthday, Bunnyx
Alix: Fluff, clockwise. (transforms into Bunnyx.)"
the_dark_castle_marinette_0006,Tom &amp; Sabine Boulangerie Patisserie. A burrow portal opens in front of the second-floor door and Marinette comes out.,"Marinette: Three...two...one...and
Marinette: Don't tell me, you need me to guard the Rabbit Miraculous
Bunnybug: How did you know?
Marinette: Well, I am (you) from the future
Bunnybug: Of course! Makes sense"
the_dark_castle_marinette_0007,Tom &amp; Sabine Boulangerie Patisserie. A burrow portal opens in front of the second-floor door and Marinette comes out.,"Marinette: If you want something done, do it yourself
Marinette: and
Bunnybug: Pound it!"
the_dark_owl_marinette_0001,Collège Françoise Dupont. The students are leaving to go home from school.,"Marinette: ((to Alya)) Sleepover at your place tonight? That'd be awesome!
Mr. Damoclès: Come on! Hurry up! I don't have all day!
Marinette: Except ugh, I can't. I-I have to help my parents at the bakery"
the_dark_owl_marinette_0002,Marinette's room. Tikki watches as Marinette create numerous props that she'll use for her plan.,"Sabrina: (from the distance) Oh sure
Marinette: Sorry, but my parents need me again tonight
Juleka: (to Rose from the distance) ...I'm going for an hour
Marinette: But for sure I'll be free tomorrow"
the_dark_owl_marinette_0003,Marinette's room.,"Marinette: We can't let this happen!
Marinette: Tikki, spots on! Ha!
Dark Owl: Albert, the signal"
the_evillustrator_marinette_0001,Collège Françoise Dupont at night. Marinette is being chased by Stormy Weather and Lady Wifi.,"Marinette: Heeelp!
Marinette: Oh, Super Nathan, you're my hero!
Nathaniel: It was nothing
Marinette: (embraces Nathaniel) I love you!"
the_evillustrator_marinette_0002,Science classroom.,"Chloé: I hate dealing with it!
Marinette: You wouldn't be willing to trade groups, would you?
Alya: And deal with that twosome terror? Sorry. But I promise to talk all about you in between particles and the physics!
Marinette: You're the best! (glomps her)"
the_evillustrator_marinette_0003,Locker room.,"Sabrina: Okay, that's fine, Chloé. We'll do the work. Don't worry
Marinette: Um, is everything okay?
Chloé: It's fine, Marinette
Marinette: Well then, why can't you help us with the project?
Chloé: None of your business, Miss Nosy!
Marinette: Uh, actually, since I'm part of this group, it is"
the_evillustrator_marinette_0004,"At the Library, Sabrina refuses to do Chloé's assignment.","Sabrina: Marinette's right! I...I'm not your slave!
Marinette: I never actually said that
Chloé: But Marinette didn't buy a super cute beret at Gabriel's, and I did! And perhaps I could lend it to you
Marinette: Excuse me, but are you trying to bribe her into staying your friend? With a hat?"
the_evillustrator_marinette_0005,"At the Library, Sabrina refuses to do Chloé's assignment.","Marinette: Time to transform!
Marinette: Tikki, spots on! Ah! (Marinette turns into Ladybug)
Chloé: No! Stop!"
the_evillustrator_marinette_0006,"Dupain-Cheng House. Ladybug reaches the trapdoor of her room, and detransforms into Marinette. She throws her purse on her sofa.","Tikki: (muffled) Ow! (Tikki pops out from Marinette's purse) Hey!
Marinette: Sorry, Tikki... Chloé! She just...fires up this little red bug!
Tikki: Well, simmer down! A hot head isn't going to get you anywhere!
Marinette: It's hard to keep my cool. Especially in school. Oh my gosh! Sabrina! The project! (checks her cellphone, and sees a lot of missed calls from Sabrina)
Tikki: Uh-oh... Looks like you got yourself a new BFF!
Marinette: It's you! From the library! What are you doing here?"
the_evillustrator_marinette_0007,"The Seine, near Notre Dame, at night. The Evillustrator is preparing everything for his birthday date.","Evillustrator: Okay, I will, I will!
Marinette: Happy birthday
Evillustrator: Marinette!"
the_evillustrator_marinette_0008,"The Seine, near Notre Dame, at night. The Evillustrator is preparing everything for his birthday date.","Marinette: Come on! Seriously? Why is everybody comparing me to Chloé tonight?
Marinette: Dahh!
Evillustrator: And I'm taking back my promise! Chloé's gonna get a little lesson she'll never forget! (erases a hole in the boat, making it start to sink, and escapes)"
the_evillustrator_marinette_0009,"The Seine, near Notre Dame, at night. The Evillustrator is preparing everything for his birthday date.","Cat Noir: Gotta go. A superhero's work is never done. (starts counting on fingers) Damsels in distress, ladies in waiting... I've got a lot more saving to do. You can thank me later. (jumps away)
Marinette;: Me? Thank him? Please! He should be thanking (me.) We'd still be trapped if I hadn't told him how to do his ""job.""
Tikki: Speaking of which"
the_evillustrator_marinette_0010,"The Seine, near Notre Dame, at night. The Evillustrator is preparing everything for his birthday date.","Tikki: Speaking of which
Marinette: That boy's gonna need our help saving Chloé
Chloé: (fake crying) Boo-hoo-hoo! I'm so sorry, miss, but after what happened at the library, I simply couldn't work on my project! It would've been too...traumatic! Just look what it's done to my...my...hair! (fake crying, then stops) Oh, please. Who's going to believe that?! Even a stupid hairdryer couldn't make me look bad"
the_evillustrator_marinette_0011,College.,"Alya: Plastic balls?
Marinette: (giggles)
Sabrina: I hope you had a good time last night taking care of that important thing you had to do
Marinette: I'm really sorry, Sabrina. But I can meet you in the library today and finally work on the project with you
Sabrina: Too late. Chloé and I are doing the project together
Marinette: You mean, you're doing the project?
Sabrina: Well, of course! After all she's been through
Marinette: Ughhh.... Nice new beret, by the way
Sabrina: I know, right! Chloé lent it to me. She really is my BFF! Chloé! Your geography homework's ready!"
the_illustrhater_marinette_0001,"Interior, the Dupain-Cheng's Residence, in Marinette's room. Alya and Marinette are talking.","Alya: (explaining, holding ruler) So, we have a former holder who went by Hawk Moth, then Shadow Moth and finally, Monarch. And we know that he was defeated and that a new holder claimed his Miraculous, and what we know about the new holder is
Marinette: (Nothing)! We know nothing! It's even worse than before!
Alya: (yawning briefly) Is that so bad? I mean, we didn't know a lot about Monarch either, but he still got busted
Marinette: That's (not) true! We know lots of things about Monarch! He was an adult male, he akumatized 212 people in total, 99.8 percent of them in Paris. His goal was to seize Cat Noir's and my Miraculous so he'd be granted one wish. Now we have a supervillain we know zilch about, who akumatizes whomever, whenever, and who knows why! This is a disaster!
Alya: (smiling) Except, this time, you've got a whole super team on your side
Marinette: Ah! No, no, no, no, no, no, no, no! This is a double disaster! I gave out every Miraculous. What if one of the holders gets akumatized by this new supervillain? They could lose their Miraculous! I've put the world in DANGER!
Alya: (sits beside her) We've all been akumatized before. We know how it works, and we learned how to deal better with our emotions. (winks) Trust me, we'll be able to resist if this villain attacks us, whoever they are
Marinette: (groans) You're right. (sits back up and hugs Alya) I'm lucky to have such good people and friends around me. (grunts, gasps) Adrien and Nino will be here soon! We've gotta get ready for the movies! (tries to pull her up) Hurry!
Alya: Oh darn, it completely went out of my head. (yawns) Forget about it. I'm beat. (takes out her phone) I'm gonna let Nino know
Marinette: (stops her) NO! Don't cancel. I need you, please, please, please!
Alya: (stands up) Marinette, you and Adrien a legit couple for real now. You don't need us to go to the movies with you
Marinette: Easy for you to say. You and Nino are so perfect together, but... (sighs) Adrien and I... Things are brand new for us as a couple, and Adrien is so perfect too. I don't wanna mess things up. So! I need to watch you guys, so I can figure out how to act perfectly around my perfect boyfriend
Alya: Are you telling me you're afraid of spending time alone, with your boyfriend?
Marinette: Yep
Alya: Marinette, can I be frank?
Marinette: (pushes her) Nope
Alya: Hello, pretty boy"
the_illustrhater_marinette_0002,"Bus stop. Nino and Adrien are waiting there, and Alya walks to Nino.","Rena Rouge: This way. Head over to the secure area please
Marinette: Those two share everything, even as superheroes
Adrien: (holds Marinette's hands) We don't need to be superheroes to be a super couple"
the_illustrhater_marinette_0003,"Bus Stop. Marinette and Adrien are waiting for the bus to come. Marinette is anxious, and steps away to frantically text Alya.","Alya: I think that sounds awesome
Marinette: (texting): Where are you guys? Why haven't you come back yet?
Alya: (texting): We've got something to take care of. Have fun without us!"
the_illustrhater_marinette_0004,"Bus Stop. Marinette and Adrien are waiting for the bus to come. Marinette is anxious, and steps away to frantically text Alya.","Marinette: Gaahh!!
Marinette: Yeah! Ha-ha-ha! So, looks like we're spending the rest of the day, alone... (awkardly) just the two of us
Adrien: Oh, okay. That's good, isn't it?
Marinette: Yeah, that's good. Very good. (teeth gritted, increasingly nervous) Very, very, very good. Really perfect"
the_illustrhater_marinette_0005,The Café Crème. Marinette is tapping her right foot with her face in the café's menu.,"Adrien: Uh
Marinette: Two hot chocolates and some cookies, please. Like that couple is having over there
Nino: When that voice contacted you, by any chance, did it say its name?"
the_illustrhater_marinette_0006,"Le Café, exterior.","Adrien: That's an... original combination
Marinette: Right? Original, just like us!
Maya: Look! Look what I drew!
Marinette: Yeah, yeah! That's very pretty! Uh, why don't you show it to the next table instead?
Maya: (giggles) Look what I drew!
Marinette: Sorry, sorry, sorry! I didn't mean to do that. I wanted to... not do that, at least, uh. I'm sorry"
the_illustrhater_marinette_0007,Restroom,"Marinette: Tikki, spots--
Marinette: (gasps) What is it?
Maya: Wanna see another pretty drawing?
Marinette: Sorry, I don't have time. Later, okay?"
the_illustrhater_marinette_0008,Restroom,"Marinette: Sorry, I don't have time. Later, okay?
Marinette: Tikki, spots on!
Mrs. Michelle: My cat! My cat!!"
the_illustrhater_marinette_0009,Marinette's room. Marinette tapes Maya's drawing of Ladybug into her diary.,"Marinette: Carapace and you have helped me a lot already. I, however... should've held back. I don't need to try to do everything on my own all the time, when I have a super-duper super team I can rely on
Marinette: You're up, Tikki
Alya: (visibly disgusted) Uhh... wow. Tikki, that was a"
the_illustrhater_marinette_0010,Marinette's room. Marinette tapes Maya's drawing of Ladybug into her diary.,"Marinette: If anything ever happens to me, Tikki will bring you my earrings and you will become the new guardian. You'll then be in charge of the team. Alya Césaire, do you agree to officially become my deputy?
Marinette: Thanks to this jewel, you'll have access to my whole memory, from the day Master Fu appointed me Guardian to the day I renounce my title
Trixx: What about me? What will I become without Alya?
Marinette: The new Guardian will assign you a new holder"
the_mime_marinette_0001,The streets. Ladybug returns home from a mission. She reaches her home and detransforms back into Marinette.,"Marinette: Phew! That was a close shade
Tikki: What you did for Alya today was very cool, Marinette!
Marinette: You think? I would've liked to do more, but"
the_mime_marinette_0002,The streets. Ladybug returns home from a mission. She reaches her home and detransforms back into Marinette.,"Alya: (from downstairs) Don't worry, Mrs. Dupain-Cheng, I'll just head up
Marinette: She didn't exactly wait very long to tell me the big news. Hide Tikki, quick!
Alya: Girl, you will not believe what just happened to me! So Ladybug had just saved a bunch of workers from a supervillain! There were like a gazillion reporters waiting to interview her and... that's when it happened!"
the_mime_marinette_0003,The streets. Ladybug returns home from a mission. She reaches her home and detransforms back into Marinette.,"Ladybug: (from phone) Ah! Thanks. Better get going. Bug out!
Marinette: Uh... that was super
Alya: Cool, right? Ladybug knows me! My blog! She thinks it's awesome! Awesome! Awesomeee!
Marinette: Yeah, that's... awesome!
Alya: Lemme go grab a laptop!
Marinette: You're right, Tikki, I think it made her a little happy"
the_mime_marinette_0004,The streets. Ladybug returns home from a mission. She reaches her home and detransforms back into Marinette.,"Marinette: You're right
Marinette: Uh, on second thought
Alya: Who are you talking to?
Marinette: Uh, to a...a pigeon! Say hello to Alya, Jacques!
Alya: Say ""Bye bye"", Jacques. And come down! You've got visitors!"
the_mime_marinette_0005,The streets. Ladybug returns home from a mission. She reaches her home and detransforms back into Marinette.,"Fred: Now all I need is my hat to complete my costume
Marinette: (grabs a hat she designed and gives it to Fred) Here it is!
Fred: Thank you, Marinette! Saving me at the last minute"
the_mime_marinette_0006,The streets. Ladybug returns home from a mission. She reaches her home and detransforms back into Marinette.,"Fred: Why, thank you!
Marinette: I fixed the tear in it. I also sewed the pocket on the inside, just like you asked
Fred: You've done a perfect job. Thanks to you, I'll have my good luck charm right here next to me at all times. A photo of my beloved daughter"
the_mime_marinette_0007,"Bakery. Mylène, Alya and Marinette are at lunch.","Alya: Hey, that's my ringtone! (Marinette picks up the phone) Gimme! (Alya grabs the phone) That was my mom. I'll call her back later. Hey, Mylène! You wanna see the most amazerrific video?
Marinette: No! Uh... I mean... You wouldn't wanted to be late for her dad's premiere, would you?
Mylène: Yeah, Marinette's right. I gotta get going"
the_mime_marinette_0008,Marinette's room. Marinette is holding Alya's phone.,"Marinette: Don't look at me like that. This is all gonna work out! I think
Marinette: Tikki, spots on! Ha! (Marinette transforms into Ladybug)
Chris: We have to get to the Eiffel Tower for dress rehearsal. If you wait any longer, you'll be jeopardizing the entire production"
the_mime_marinette_0009,Outside the theatre. Marinette expresses to Alya her happiness seeing Adrien at the show.,"Alya: Hey, did you bring my phone?
Marinette: I don't know which I liked more. The show or sitting next to my sweet Adrien!
Alya: Maybe you should give him a call and ask him out to a movie
Marinette: Speaking of calling, there's something I gotta tell you, Alya. I...accidentally erased your Ladybug video on your phone, and then, when I tried to fix the problem I dropped the phone in a dumpster and now it stinks like bad, like really, really bad, and I'm sorry, so, so, so sorry. I know how much that video meant to you and I'm the lamest of friends. Lamer than lame!
Alya: (laughs) Chillax, lady. If there's anyone on this earth who knows about your legendary clumsiness, it's me, your BFF!
Marinette: So... You're not angry?
Alya: Well, you should've just come clean and told me in the first place. But no, we're cool. Besides, I uploaded the video on to my Ladyblog before I showed it to you
Marinette: (surprised; hugs Alya) I'm so lucky to have a friend like you! Now that we're good, you probably don't care about the surprise I planned for you
Alya: (surprised) Screw up or no screw-up, you know I love surprises!
Marinette: Okay, you see that theater over there? There's something inside for you, on the stage"
the_pharaoh_marinette_0001,Louvre. Alya and Marinette are going into the Louvre museum.,"Alya: Weird. So again girl, why are we here? This exhibit's got something to do with Ladybug? For reals?
Marinette: Well, uh... (looks at Tikki in her purse. Tikki points at an Egyptian papyrus.) Yeah, it's over there. (takes Alya over to it. They look at it, Marinette trying to see the significance, Alya looking bored.)
Alya: Hang on, 'cause we're going for a ride. Freak out! What you got here is no ordinary book, it's a tenth grade history book. And I should know, 'cause I've got this (very) same book. Could our very own Ladybug be a high school student, in real life?"
the_pharaoh_marinette_0002,Louvre. Marinette and Alya are still at the exhibition.,"Jalil: Then you also know that Tutankhamun wanted to bring his princess back to life, by offering the sun god a new wife. This seemed to illustrate the ritual he devised. Nobody has ever fully deciphered the hieroglyphics, but I have! It's a magic chant that needs to be recited in order to complete the ritual! I'm sure of it!
Marinette: He kinda reminds me of someone else with crazy ideas... you!
Alya: You might think my theories about Ladybug are crazy, but you watch, girl, I'll prove you wrong"
the_pharaoh_marinette_0003,Louvre. Marinette and Alya are still at the exhibition. Marinette tries to figure out the significance of the symbols.,"Marinette: Uhhh... ahhh
Marinette: Gah! Put that down! I'm gonna show you the secret I found out about Ladybug!
Alya: 'Bout time. This better be blog-worthy"
the_pharaoh_marinette_0004,Louvre. Marinette and Alya are still looking at the papyrus.,"Jalil: My precious Nefertiti will come back to life! (turns into the Pharaoh)
Marinette: Uhhh.. ahhh
Alya: This thing's making my eyes hurt. (starts to get her book out again, but Marinette stops her.)
Marinette: Look closely! It is in there. (sees Pharaoh) Huh?"
the_pharaoh_marinette_0005,Louvre. Marinette and Alya are still looking at the papyrus.,"Pharaoh: Thoth, give me time! (his face changes. He traps the employee and the civilians in golden bubbles. Marinette and Alya avoid one. Alya grins and gets out her smartphone.)
Marinette: Alya, hide!
Pharaoh: Get out of here, faster! (the bubbles fly out of the room.)
Marinette: We gotta transform!"
the_pharaoh_marinette_0006,Louvre. Marinette and Alya are still looking at the papyrus.,"Marinette: We gotta transform!
Marinette: Tikki, spots on! Ha! (Marinette transforms into Ladybug)
Alya: (whispering, recording a video on her phone) OMG. Coming to you live, Ladyblog viewers, I'm at the scene even before Ladybug or Cat Noir! This is insane!"
the_puppeteer_2_marinette_0001,Marinette's room. Marinette is sewing when she receives a video call from Alya.,"Alya: Hey, wait! (pulls out phone)
Marinette: Hey, girl
Alya: Marinette, you are coming with me and Nino to the Grévin Wax Museum. Adrien invited us!
Marinette: Ah! Wha! But! Nuh—!
Alya: There's no saying no. We're coming to get you now. You don't have a choice, girl!"
the_puppeteer_2_marinette_0002,Agreste car. Placide I.T. drives all five of them.,"Manon: Hey! Why are you leaving Marinette all alone? Don't you like her?
Marinette: Huh, what're you guys talking about?
Nino: Nothing! It's got nothing to do with us leaving you and Adrien alo... (Alya elbows him) Uh...! To... look at the statues as, uh, just friends, of course. (laughs nervously, Marinette gasps)"
the_puppeteer_2_marinette_0003,Agreste car. Placide I.T. drives all five of them.,"Manon: But then why are there so many hearts drawn on them?
Marinette: (laughs nervously) Those aren't heart! Those are, uh, upside-down spades! I was just coming up with some new, uh, patterns, for my fabric designs. (covers Manon's ears and leans towards Alya with clenched teeth) You (told) me you wouldn't (tell Nino!)
Alya: I haven't told him. Right, Nino? I didn't tell you (anything.) (elbows him)"
the_puppeteer_2_marinette_0004,"The Grévin Wax Museum. Adrien steps out of the car, where a woman waits for him.","Adrien: Marinette (doesn't) want to be with me? (looks at Marinette sadly)
Marinette: Ah! Manon, come here! (runs off)
Adrien: Does she hate me?"
the_puppeteer_2_marinette_0005,The Workshop.,"Manon: (screams, then laughs) My turn! My turn! I wanna play statues, too! Marinette! (grabs her hand) C'mon! Let's go and play hide and seek and statues in the museum!
Marinette: We can't, Manon. We came here to keep Adrien company. (Manon sighs. Alya winks at Nino, who nods.)
Alya: We'll play with you. Marinette, you take good care of Adrien. He must not get bored a single second!
Marinette: Uh, what? But I—! No! Don't leave me alone with him! (They shut the door before she can leave. Adrien looks down at the floor.) I mean— That's not what I meant to say... I just... I"
the_puppeteer_2_marinette_0006,A Restroom. Marinette is talking to Tikki in one of the stalls.,"Manon: (deviously) We'll have (lots) of fun! (She holds out her wand, and her body is engulfed in purple)
Marinette: (yelling in frustration) Uhhh! I'm so tired of not being able to just tell him how I feel! But I'm so scared, Tikki, always so scared he'll reject me
Tikki: You're overthinking it. You should try a game where you play a different character!
Marinette: Like... like role playing?
Tikki: Yes! And you're playing a super cool character who's not afraid of (anything!)
Marinette: Yeah! Role playing! (stands up) I can do that!"
the_puppeteer_2_marinette_0007,An Elevator.,"Adrien: Like, cheering her up! Making her laugh, doing pranks like you always do for me. (pets him) Hm?
Marinette: (enters the room, muttering to herself) I'm super cool... I'm (super) cool!
Adrien: (whispers) Watch this, Plagg. (winks, then poses)"
the_puppeteer_2_marinette_0008,An Elevator.,"Adrien: (whispers) Shh, I can't let her think it's the real me! (holds his pose, while Plagg disappears)
Marinette: (talking to herself) I'm super cool. (I'm) super cool! I'm super cool... I'm super cool, I'm sup— (sees Adrien) AHH! Oh, it's only a statue. How come I didn't see it earlier? (Wow)... it looks so... (real.) (touches his face) The wax is nearly as hot as (skin.) (takes a big sniff of him) It even (smells) exactly like him...! (begins role playing) Oh, beautiful statue of Adrien, your (wax) is so (soft!) Your yak hair is (silky.) Your eyes are so green. (twirls) Oh, shall I be a statue, too! Everything would be (so) much easier. (embraces him) Why haven't we been molded together in the plaster of destiny? Marble to marble, wax lips against wax lips, entwined for eternity... Ah... (tries kissing him)
Adrien: (jumps out of her grasp) (Whoa—!) Eternity sounds like a long time...!
Marinette: Dahh!
Adrien: I'm (so) sorry. I didn't mean to scare you, it was just a prank, that's all
Marinette: (pounds his chest) Not funny, not funny at all! (runs off)
Adrien: (sits beside her) Forgive me... even after all these months with you guys I guess I'm still not used to being a good friend"
the_puppeteer_2_marinette_0009,Statue Room with Parisian Celebrities.,"Marinette: (finger guns) That's right, I like you a little bit, just like a regular human being! (laughs forcefully, then turns her back to him) Can somebody throw me into a vat of wax right now, please? (They gasp, spotting a Hawk Moth statue across the room.)
Adrien and Marinette: Hawk Moth!? (The statue attacks, Adrien grabs an umbrella from a statue of Aurore to defend Marinette.)
Adrien: Marinette! Go get some help!"
the_puppeteer_2_marinette_0010,Statue Room with Parisian Celebrities.,"Puppeteer: (over the intercom) Nope! I am the Puppeteer, and I wanna play with you and my statues! (Adrien and the statue of Hawk Moth duel, Marinette runs off)
Marinette: Be careful!
Adrien: Don't worry about me!
Marinette: (runs into the elevator, the doors closing behind her) Tikki, spots on! (A glow emanates from the closed doors as she transforms. The Hawk Moth statue knocks Adrien down, and tries to stab Adrien, but Ladybug saves him.)"
the_puppeteer_2_marinette_0011,Streets of Paris. Placide I.T. drops everybody off back home. Alya and Nino wave goodbye as the car departs.,"Adrien &amp; Marinette: I'm sorr—!
Marinette: You go first
Adrien: No, please, you
Marinette: (rapidly) I'm sorry, I shouldn't have kissed the statue, but I didn't know it was you, and if I had, it wouldn't have been a prank because I—
Adrien: No, no... It's my fault. When you left the workshop, I was so worried that you were mad at me...? It made me do the stupid prank, and
Marinette: Of course I wasn't mad at you! I'm sorry that I made you believe that
Adrien: Is that true? We're still friends, you and me?
Marinette: Of course! But, to be safe, maybe we should stop playing pranks on each other
Adrien: (laughs) I know, I'm not good with jokes. The girl I'm in love with doesn't like them either
Marinette: The girl that you—? You're... you're in (love) with...?
Adrien: Are you okay, Marinette?
Marinette: Yeah, yeah. I'm glad we're friends. (They arrive at her house, and she gets out of the car.)
Adrien: See you tomorrow at school?
Marinette: Yeah... (She loses the car door, and it leaves.)"
the_puppeteer_2_marinette_0012,Marinette's room. She stares at a poster board full of photos of Adrien.,"Marinette: Yeah... (She loses the car door, and it leaves.)
Marinette: (reaching to take down a picture of Adrien) You heard him. Adrien's in love with another girl, and me? I'm just a (friend.)
Tikki: Oh, I'm sure life has (many) surprises in store for (you,) Marinette!
Marinette: (leaves the picture up, falls onto her bed) Yeah... (smiles) That would've been one very (silly) first kiss, anyways"
the_puppeteer_marinette_0001,Marinette's room. Marinette and Manon are playing with Marinette's Ladybug and Cat Noir dolls.,"Marinette: (Puppet Ladybug) Glad to see you, Cat Noir!
Marinette: (Puppet Cat Noir) Of course you are! I'm the cat's meow! (she roars and then giggles)
Manon: He shouldn't say that!
Marinette: No? (Manon frowns and shakes her head)"
the_puppeteer_marinette_0002,Marinette's room. Marinette and Manon are playing with Marinette's Ladybug and Cat Noir dolls.,"Marinette: No? (Manon frowns and shakes her head)
Marinette: (Puppet Ladybug) This is no time to be goofing around, Cat Noir! We gotta capture the baddies' akumas before they– (pauses and looks at Manon) Actually, what do the baddies want?
Manon: Uh....we wanna win!
Marinette: Yeah, but win what?
Manon: I don't know. What do they usually want?
Marinette: Depends. Lady Wifi wanted to reveal Ladybug's true identity and Evillustrator wanted to get revenge on a girl for making fun of him! Then there was Rogercop. But the evil Hawk Moth, who makes them bad, wants to take Ladybug's and Cat Noir's jewels from them! Their Miraculouses!
Manon: And what would happen if he did take them?
Marinette: The bad guys... would win!
Manon: I know! I know what the bad guys want! We want the Miraculous! Then we'll win! Forever and ever! I'm gonna get your Miraculous, Ladybug and Cat Noir! You-you goody two-shoeses! You'll be super-duper sorry!
Marinette: You won't get our Miraculouses!
Manon: Oh yeah? (the dolls fight, and Marinette's dolls win)
Marinette: Yay! Ladybug and Cat Noir have won again!
Manon: No fair!! You (always) win!! (starts crying)
Marinette: Ladybug and Cat Noir always win, and the bad guys always lose
Manon: But you never let me play with Ladybug and Cat Noir!
Marinette: Oh, don't cry! Of course you can play with Ladybug and Cat Noir! I'll even let you borrow one of them if you want"
the_puppeteer_marinette_0003,Marinette's room. Marinette and Manon are playing with Marinette's Ladybug and Cat Noir dolls.,"Nadja: Well, you're right there! But they're superheroes!
Marinette: You'll win next time, Manon!
Nadja: Alright, now give the doll back to Marinette"
the_puppeteer_marinette_0004,Marinette's room. Marinette and Manon are playing with Marinette's Ladybug and Cat Noir dolls.,"Nadja: Look what you've done, Manon! Give it to me. I'm sorry, Marinette
Marinette: Oh, it's nothing, I can sew it up again! It's no problem, really
Najda: Oh, thank goodness! Come on, Manon, we're leaving. Say goodbye"
the_puppeteer_marinette_0005,Marinette's room. Marinette and Manon are playing with Marinette's Ladybug and Cat Noir dolls.,"Marinette: Oh please, (please) not the baby doll eyes! (Marinette looks at Tikki who shakes her head)
Marinette: Ugh. Okay, you can borrow Lady Wifi
Manon: Can I have the Ladybug doll?"
the_puppeteer_marinette_0006,Subway.,"Alya: What— what's going on!? (turns back into Lady Wifi)
Marinette: Alya!
Lady Wifi: Marinette! Give me those Ladybug and Cat Noir dolls!
Marinette: Lady Wifi?
Lady Wifi: No! I'm Puppeteer! And I... want... those... dolls
Marinette: Puppeteer? The dolls? I don't-I don't have them. They're at home! Why…Why do you want them, Puppeteer?
Lady Wifi: Because, you said I could have them! Then Mommy said ""no!"" So give 'em to me now! Or you'll be super duper sorry!
Marinette: (gasps in realization) Manon!
Lady Wifi: I want Ladybug and Cat Noir's Miraculouses, to win! Forever and (EVER!!) (creates fast-forward button and leaves the subway)
Marinette: (Marinette runs after Lady Wifi.) Manon! This isn't a game!"
the_puppeteer_marinette_0007,Subway.,"Plagg: What about the movie? The buttery popcorn?
Marinette: Tikki, I have to find a place to transform. (feels a hand on her back)
Cat Noir: Hey, that was Lady Wifi. Did that villain say anything to you?
Marinette: Uh, I'm not sure, but well, uh, her voice belonged to a little girl I babysit. It's as if she was controlling my friend, Alya—I mean, Lady Wifi from a distance. This is so weird
Cat Noir: And what was all this talk about dolls?
Marinette: I've got some dolls at home that she likes to play with
Cat Noir: Your dolls? Okay, where do you live?
Marinette: 12 Rue Gotlib
Cat Noir: I'll take care of it! (runs off)
Marinette: (hides) I don't like the idea of Cat Noir rummaging around in my room"
the_puppeteer_marinette_0008,Marinette's room.,"Manon: I wanna play with Ladybug and Cat Noir!
Marinette: (looks at the dolls) I have a better idea. Why don't we go to the zoo today?
Manon: But I wanna play with the dolls! Pretty please!
Marinette: Don't even try it, Manon
Manon: (giggles) I love the zoo! I'm ready!"
the_ruler_marinette_0001,Dupain-Cheng residence. Marinette's room The camera zooms out and shakes at the sound of Marinette blowing her nose loudly.,"Marinette: It's awful, Tikki. (she blows her nose again, making Tikki fly and stamp against a drawer) My nose itches won't stop running
Marinette: What if Adrien sees me like this? He'll think I'm disgusting
Tikki: Of course not, Marinette. Adrien loves you just the way you are
Marinette: ("
the_ruler_marinette_0002,Collège Françoise Dupont. Art classroom Marinette's class is looking at a painting of Jagged Stone.,"Adrien: It's really incredible. Don't you think, Marinette?
Marinette: (covers her nose with her finger.) Yeah, right! You're so talented, Diane
Diane: I just accidentally dropped the paint can and the spill made a portrait of Jagged Stone"
the_ruler_marinette_0003,Collège Françoise Dupont. Art classroom Marinette's class is looking at a painting of Jagged Stone.,"Marc: My parents read it and loved it. They even cried!
Marinette: Someone cried?
Marc: In a good way. Don't worry, Marinette. We were just talking about the storyline of our next issue
Marinette: What?! You already wrote the next story for Sun-Heart and Rain-Piercer?!"
the_ruler_marinette_0004,Collège Françoise Dupont. Art classroom Marinette's class is looking at a painting of Jagged Stone.,"Adrien: Uh, are you okay?
Marinette: Yep! I'm great!
Adrien: Why are you pinching your nose?
Marinette: It's just uh- something smells awful, don't you think?
Adrien: No, I can't smell anything
Marinette: I got to go! Have a good nose- I mean, a good night!"
the_ruler_marinette_0005,Dupain-Cheng residence. Marinette's room Marinette is talking to Nathaniel with the color proofs behind them.,"Marinette: Okay, I'll respect it. But you might regret that choice tomorrow or the day after tomorrow, or in a few weeks! You might one day and that day you'll be sad that you destroyed all the pages, don't you think? Let me keep them safe, just in case. I promise I won't show them to anyone
Marinette: What are you going to tell Marc?
Marc: You can't be serious"
the_ruler_marinette_0006,Collège Françoise Dupont. Marinette and her friends are on the roof for Gardening class. She hears someone crying while cutting tomatoes.,"Nathaniel: I'm sure you'll find another illustrator
Marinette: Huh? Tomato plants cry when you cut them? (Her nose starts running and she runs away into the greenhouse, blowing her nose and causing the camera to shake again.)
Max: Another jet plane?
Marinette: Marc?"
the_ruler_marinette_0007,Collège Françoise Dupont. The Greenhouse. Marinette sees Marc crying.,"Marinette: Marc?
Marinette: Are you crying because of Nath? I'm sure he'll change his mind when he's ready
Marc: For that to happen he'd need to change parents too
Marinette: (Looks out the window and sees Nathaniel and his mom in the courtyard) Or his parents are the ones who need to change!"
the_ruler_marinette_0008,Collège Françoise Dupont. The Courtyard. Gine Jinet is shown talking to Nathaniel and Shirel.,"Shirel: You did the right thing. We'll go see the doctor, thank you
Marinette: Nath, wait! Since you quit illustrating comics, you won't be drawing the ending to Sun-Heart and Rain-Piercer! So, I wanted to ask you would you mind if I, did it?
Shirel: Of course he doesn't mind!"
tikki_webisode__marinette_0001,Marinette's room,"Marinette: Dear diary, I got a major scare today
Marinette: I was strolling near the Eiffel Tower when passers caught me chatting with Tikki. (A woman and her daughter spot Tikki.) Luckily she had the great idea of pretending to be
Tikki: Meow
Marinette: a cat"
tikki_webisode__marinette_0002,Marinette's room,"Marinette: a cat
Marinette: If someone ever saw my kwami how would I explain to them that she can talk
Tikki: Time flies when you're having fun
Marinette: and fly"
tikki_webisode__marinette_0003,Marinette's room,"Marinette: and fly
Marinette: (Tikki phases through the locker door and opens it.) ...and even pass through objects
Tikki: Ta-dah!
Marinette: Tikki is magical, literally and that's why she must remain a secret"
tikki_webisode__marinette_0004,Marinette's room,"Marinette: Because I couldn't be Ladybug without her
Marinette: Tikki, spots on! (Marinette transforms into Ladybug)
Ladybug: Lucky Charm!
Marinette: She was born a very long time ago"
timebreaker_marinette_0001,Tom &amp; Sabine Boulangerie Patisserie. Marinette walks down the stairs and sees her mother.,"Marinette: (chuckles) No problem Dad! (later, Marinette pushes her parents out of the doors)
Marinette: You're going to be late!
Tom: Now don't forget Mrs. Chamack will be coming by to pick up the Eiffel Tower cake in 30 minutes. I'm depending on you
Marinette: Yeah, yeah. No sweat, piece of cake. (they leave and Marinette lets Tikki out) Wow, married twenty years. That's pretty cool, huh Tikki?"
timebreaker_marinette_0002,Tom &amp; Sabine Boulangerie Patisserie. Marinette is in her room doing homework.,"Marinette: I might be able to do it if you weren't distracting me so much with your encouraging words!
Marinette: Hey Alya. What's up? The what? The bet between Alix and Kim? No, of course, I didn't forget! I already made the banner for it! I know everyone's counting on me. In 5 minutes?! No sweat. I'm on my way already. Be right there! (panics) Eek!
Tikki: But Marinette, you have to wait for Mrs. Chamack to pick up her cake!
Marinette: Gahhh! I've got 20 minutes before she gets here. I told them I'd take care of the banner and they're all counting on me! Besides, Adrien will be there too!
Tikki: You'll never make it to Trocadéro on 5 minutes, it's way too far!
Marinette: Not too far for Ladybug. (winks) Tikki, spots on!"
timebreaker_marinette_0003,Tom &amp; Sabine Boulangerie Patisserie. Marinette is in her room doing homework.,"Alya: Amazing at holding things?
Marinette: (chatters)
Chloé: (Adrikins), whatcha got there? Some super old case or something?"
timebreaker_marinette_0004,Tom &amp; Sabine Boulangerie Patisserie. Marinette is in her room doing homework.,"Chloé: If it's Alix's, it's probably worthless
Marinette: Give it back to Adrien, Chloé. (Chloé opens the watch and she gasps)
Alix: Yeah! Hahaha! (she looks behind her and she gasps)"
timebreaker_marinette_0005,Tom &amp; Sabine Boulangerie Patisserie. Marinette is in her room doing homework.,"Alix: (in tears) My old man gave me this for my birthday! This watch is totally a family heirloom!
Marinette: It was an accident!
Adrien: We didn't mean any harm, Alix"
timebreaker_marinette_0006,Tom &amp; Sabine Boulangerie Patisserie. Marinette is in her room doing homework.,"Alix: (in tears) You're all to blame! (Skates away angrily)
Marinette: Alix, wait!
Tikki: Marinette, what about Ms. Chamack's cake?
Marinette: There's still time! Hide, Tikki! (She runs to Alix)"
timebreaker_marinette_0007,The Trocadéro.,"Tom: I know you need your cake right away. Uh, my daughter's home, she must be upstairs. I'll phone her immediately. (starts calling Marinette)
Marinette: Maybe we could fix it?
Alix: This watch was sick! One of a kind! It can't be fixed!
Marinette: Well, there has to be a way to get it back to the way it was
Alix: Like how, huh? Go back in time and change the future? When you figure out how to do that, lemme know! (skates away)
Marinette: (Marinette's phone rings; it's her dad.) Uh-oh, this can't be good. (accepts call) Hello, dad"
timebreaker_marinette_0008,The Trocadéro.,"Marinette: (hiding) We gotta transform, now!
Marinette: Tikki, spots on! Yeah! (Marinette transforms into Ladybug)
Ladybug: Time out, Timebreaker!"
timebreaker_marinette_0009,Trocadéro. (Past).,"Chloé: What is this? Some super old case or something? If it's Alix's, it's probably worthless
Marinette: Give it back to Adrien, Chloé
Timebreaker: (annoyed) My watch!! (jumps up)"
timebreaker_marinette_0010,Trocadéro. (Past),"Adrien: Time to transform
Past Marinette: Who are you? (looks at Ladybug)
Ladybug: Uhh, I don't really have time to explain right now, but I'm you from just a few minutes in the future. (Past Marinette, angrily, looks at Ladybug)"
timebreaker_marinette_0011,Bakery. Ms. Chamack sees Past Marinette running towards her.,"Tom: It's all good
Past Marinette: Sorry again for making you wait. (closes the door) Hahh
Past Tikki: Mission accomplished
Past Marinette: You mean Mission Number 1 accomplished, time for Mission Number 2!"
timebreaker_marinette_0012,Bakery. Ms. Chamack sees Past Marinette running towards her.,"Past Marinette: You mean Mission Number 1 accomplished, time for Mission Number 2!
Past Marinette: Tikki, spots on! Yeah! (Past Marinette transforms into Past Ladybug)
Timebreaker 1: We've got enough speed. Let's go hardcore on Ladybug and Cat Noir!"
timetagger_marinette_0001,"Place des Vosges. Ella and Etta Césaire are playing soccer, while Marinette and Alya are rapping.","Chris: I'm not a baby anymore, can I play Freestyle Clash II with you?
Marinette: C'mon Chris, it's a game for big kids! You know that
Chris: Ugh, that's what you always say!
Marinette: Uh, again?! Alya, can you handle these three on your own? I uh, I just remembered I promised my dad I would try out his new macaron recipe"
transmission_the_kwamis_choice_part_1__marinette_0001,"Interior, Collège Françoise Dupont, in Ms. Bustier’s classroom. Adrien is seen calling Marinette.","Marinette: If I talk to her, she’ll catch my weakness. (hides under her blanket again)
Marinette’s voicemail: (feebly) Leave a message after the beep. Beeeeeep
Adrien: She’s not picking up"
transmission_the_kwamis_choice_part_1__marinette_0002,"Interior, the Dupain-Cheng’s Residence, in Marinette’s room. Marinette is still seen lying on her bed.","Marinette: Adrien?
Marinette: You should be at school
Adrien: So should you, Marinette. Can I come in?
Marinette: Okay. (lies back on her bed)
Adrien: Looks like you’re not doing too great. Can I help you?
Marinette: (groans) No one can help me because no one will ever truly know me
Adrien: You know, not a lot of people know who I really am either. What people know of me is just an advertising image. But you and me? We could be different. If you wanted to, we could… really get to know each other"
transmission_the_kwamis_choice_part_1__marinette_0003,"Interior, the Dupain-Cheng’s Residence, in Marinette’s room. Marinette is still seen lying on her bed.","Marinette: And I… before anything else, (looks at one of her earrings in her hand) I’ll always be…
Marinette: I… I will… I’ll always be… I’ll always be a failure; (frustratingly lies back on her bed) living a life, never succeeding what I always had to do!
Adrien: (clenches his hand on the mouth of the trash bin and stands up, determined) I don’t care, Marinette! I love you just the way you are!
Marinette: I… don’t… love you. I’ve had feelings for you Adrien, but… I don’t anymore. It’s better that way"
transmission_the_kwamis_choice_part_1__marinette_0004,"Interior, Collège Françoise Dupont, by the corridor. A worried Zoé calls Marinette.","Marinette: I… don’t… love you. I’ve had feelings for you Adrien, but… I don’t anymore. It’s better that way
Marinette’s voicemail: (feebly) Leave a message after the beep. Beeeeep
Zoé: Alya, did you hear Marinette’s voicemail message?"
transmission_the_kwamis_choice_part_1__marinette_0005,"Interior, the Dupain-Cheng’s Residence, in Marinette’s room.","Plagg: Someone will succeed you. You won’t have to hide anything anymore from the ones you love. You can finally be yourself
Marinette: You don’t have to do this, Tikki!
Tikki: This means you can finally be in love with Adrien"
transmission_the_kwamis_choice_part_1__marinette_0006,"Exterior, Collège Françoise Dupont. Zoé activates her Alliance ring.","Zoé: (perturbed) Alliance, please call Marinette
Marinette’s voicemail: (feebly) Leave a message after the beep. Beeeeep
Zoé: (upon stopping in front of Marinette’s house) Marinette, it’s Zoé. I know how complicated love can be. I’ll be outside your building if you want to talk. (turns off her Alliance ring)"
transmission_the_kwamis_choice_part_1__marinette_0007,"Interior, the Dupain-Cheng’s Residence, in Marinette’s room. Adrien and Marinette stare at one another, lovesick. The two avert their eyes on each other shyly shortly after.","Marinette: Oh! Sure— AH!
Adrien and Marinette: Oh, I’m sorry— (both gasp)
Kikou: Clout!!"
transmission_the_kwamis_choice_part_1__marinette_0008,"Interior, the Dupain-Cheng’s Residence, in Marinette’s room. Adrien and Marinette stare at one another, lovesick. The two avert their eyes on each other shyly shortly after.","Kikou: Clout!!
Marinette: I think you're gonna have to wait a little while before you head back home
Adrien: Yeah, let’s wait until Ladybug’s taken care of this villain
Marinette: (holds her ear, realizing she doesn’t wear her Miraculous anymore) Ladybug… and Cat Noir!
Adrien: Scarabella’s back!
Marinette: But Cat Noir isn’t there
Adrien: I’m sure everything’s gonna be okay"
troublemaker_marinette_0001,"Tom &amp; Sabine Boulangerie Patisserie. A crowd of cheering Jagged Stone fans is gathered outside. Inside, Alec is introducing a television program.","Penny: Calm down, Fang
Marinette: Are you okay, Miss Penny?
Penny: Yes, yes, it's just, this show was my idea, and Jagged's putting all his trust in me and I just hope everything goes well today"
troublemaker_marinette_0002,Tom &amp; Sabine Boulangerie Patisserie.,"Tom: Uh...how about some chocolate croissants? (to Marinette) Can you grab a bag of flour please, dear?
Marinette: Sure, Dad! Ah! (knocks over the bag of flour. All of the flour ends up on Jagged.) Uh oh
Jagged: Hey, look! I look like a ghost! Rock and Boo-Hoo! (laughs)"
troublemaker_marinette_0003,Tom &amp; Sabine Boulangerie Patisserie.,"Penny: (to Marinette) Could you tell me where the restroom is, please?
Marinette: (pointing) Upstairs!
Penny: Thanks. (leads Jagged away)"
troublemaker_marinette_0004,Tom &amp; Sabine Boulangerie Patisserie. Marinette is cleaning up.,"Jagged: (heard on TV, while the view holds on the pictures of Adrien) Aw, teenage love is so sweet! Makes me wanna write a song
Marinette: (sees the Adrien pictures on TV and gasps) No, no, no, no, no, no, no, no, (runs for the stairs)
Sabine: Marinette?
Marinette: no, no, no, no, no, no, no, no!"
troublemaker_marinette_0005,"Marinette's room. Alec is trying on Marinette's pink floppy hat, while Jagged holds up a pink dress of hers.","Marinette: No! Not like this! (climbs the stairs into her room, and enters)
Marinette: (frantically) What're you guys doing in here?!
Penny: I'm sorry, Marinette; I couldn't find the restroom"
troublemaker_marinette_0006,Marinette's room,"Penny: (sees the cable she broke on the floor under her foot) Sorry! (bends down to pick up the cable)
Marinette: No, Penny, get them out of here first, please!
Alec: Penny, give me that cable! We're live!"
troublemaker_marinette_0007,Marinette's room,"Jagged: Penny, do you have a tissue? Ah-ah-ah-choo!
Marinette: Penny, no! Get out of my room first!
Bob: Penny, what is going on?"
troublemaker_marinette_0008,"Marinette's room. Tom is seen on-screen, chuckling and waving at the camera nervously.","Tom: (turns to stare Bob in the eye, on the air) I could pretend that this isn't bothering me, but now you've gone too far, mister!
Marinette: Dad?
Sabine: (to Bob, as she wields the peel) Don't even think about laying a finger on my husband!"
troublemaker_marinette_0009,Marinette's room. Marinette and Tikki are still watching the program.,"Troublemaker: (on the air) There's no more Penny to deal with all your problems, Jagged! From now on, there's only Troublemaker! (clicks her pen twice, briefly turning transparent) And I'll make your life nothing but problems! (cackles)
Marinette: Penny?
Tikki: That poor Penny was trying so hard to help everyone that she became a perfect victim for Hawk Moth!
Marinette: Shooting the show here definitely wasn't a good idea!"
troublemaker_marinette_0010,Marinette's room. Marinette and Tikki are still watching the program.,"Marinette: Shooting the show here definitely wasn't a good idea!
Marinette: Tikki, spots on! Yeah! (Marinette transforms into Ladybug.)
Adrien: It's time for Cat Noir to cook up a plan at the bakery!"
troublemaker_marinette_0011,Tom &amp; Sabine Boulangerie Patisserie. Marinette enters through the rear door.,"Tom: Are you okay?
Marinette: I'm fine! I locked myself in the bathroom
Bob: Penny!"
troublemaker_marinette_0012,Collège Françoise Dupont girls' locker room. Marinette continues her stealthy creep over to her locker.,"Marinette: I just need to stay on the down-low for a few days so everyone can forget all about what happened — especially Adrien! (stands straight) Mmnh! (starts to cross the street, then hunches down into a ""creeping"" gait)
Marinette: (huge sigh of relief) Phew! Hopefully, he didn't see me! (shuts her locker triumphantly, only to be startled by Adrien standing behind the door, waving at her)
Adrien: Hey, Marinette! (Marinette screams) How's it going? After what happened at your place last night, I was worried that—
Marinette: (interrupting Adrien) Oh, so you watched the show, then! (laughs nervously) Well, uh, look...about what you saw on the show last night — the totographs, in my room—
Adrien: You mean the photographs?
Marinette: (assertively) The grotographs, exactly! (meekly) It-it's not what you think. (pauses) See...I'm really into fashion, and, umm
Adrien: (leaning forward with a piercing, impish glare) Are you lying?
Marinette: No! I'm so not into you—I mean, sure, I'm interested in you, but, um, not in that way; well, you know, ha-ha-ha-ha...ha ha!
Adrien: (chuckles) Just teasing. (placing his arm over her shoulder) I understand; don't worry. I've got used to having lots of fans...and, photographs of me everywhere — even in the most unlikely places
Marinette: (laughs) As if someone would have a picture of you under her bed, right?
Adrien: (takes his arm away) Yeah. I was wondering; since you're into fashion so much, you could come watch my next photo shoot!
Marinette: No way! For you?—peal—meal— For real?
Adrien: Honestly, it's pretty long and boring, but if you were there, it would definitely be more fun! Whaddaya say?
Marinette: (very excitedly, throwing her arms up) Oh wow! Yes! (containing herself) Thank you, Adrien
Adrien: I'll keep you posted, then. (starts to leave) See you later in class. (stops, and turns to Marinette, causing her to gasp) I'm glad to have you as one of my fans. (walks to the door and opens it, then looks back and waves, smiling, before leaving)"
truth_marinette_0001,Marinette's room. Marinette looking at a sketch and the Miracle Box,"Tikki: Hey! Marinette made that for me! (chases after Mullo)
Marinette: (sees Trixx looking at her diary, gasps) That's my secret diary! (tucks diary away in drawer)
Daizzi: (bouncing on an on/off switch of desk lamp) Day! Night! Night! Day! (continues in background)"
truth_marinette_0002,Marinette's room. Marinette looking at a sketch and the Miracle Box,"Alya: Marinette?
Marinette: (still holding Kaalki while the other kwamis watch the monitor) Oh, Alya! What do you think of my new squishies? Pretty cute, right?
Alya: What new squishies?
Marinette: Uh- (looks at Kaalki, confused)"
truth_marinette_0003,Marinette's room. Marinette looking at a sketch and the Miracle Box,"Ziggy: Ooh, so that's why I'm not showing up on these magic paintings!
Marinette: Right, she can only see me and I look completely ridiculous, don't I?
Alya: Marinette, are you feeling okay?
Marinette: (attempting to recover) Aaah! Hey, girls! So happy to see you! Now is just the perfect time for a chat!"
truth_marinette_0004,Marinette's room. Marinette looking at a sketch and the Miracle Box,"Alya: Marinette, you're acting weirder than usual
Marinette: Eh heh! I'm just... working out! (posing) I came up with this work out- it's uh- super special work out, hehe, to uh, be in shape before making squishies!
Mylène: You should get some fresh air, you look overwhelmed"
truth_marinette_0005,Marinette's room. Marinette looking at a sketch and the Miracle Box,"The girls: (gasp) Is Adrien there?!
Marinette: What? Of course not. (Her phone rings, Ziggy throws it, she catches it and sees who's calling) Luka? (drops the phone onto the keyboard, ending the video call)
The girls: (adoringly) Luka"
truth_marinette_0006,Marinette's room.,"The girls: (reacting to what Juleka said) Aw! That's so cute!
Marinette: (answering the phone) Wow, Luka! Hi
Luka: Hi and thanks for the pictures
Marinette: What do you mean ""thanks""?
Luka: Thanks for the photos of your bedroom (Marinette checks phone and discovers the accidentally-sent pictures by Ziggy) and of Adrien
Marinette: Ah, my room! Yeah, I- uh- it's full of photos of Adrien because I uh... I'm using them for fashion pics for my blog and I need your opinion on them because I know you have great taste, Adrien
Luka: My name is Luka
Marinette: Haha yes of course, Adrie- I mean, Luka. You're Luka, obviously, hehe, because you're you, and I am me, Marinette. Hehe, uh, I'm so sorry, it's just that I've been so busted- uh I mean, busy!
Luka: No problem, Marinette, it's cool. So you ready?
Marinette: (blankly) Ready for what?
Luka: Well... our date. (shot widens to reveal that he is in her house, waiting)"
truth_marinette_0007,Marinette and Luka get ice cream from André.,"Marinette: (trying to act normal) Phew, there was a huge line at the water fountain, so I went out to buy bottles at the corner market but then there was an akuma alert. We were stuck in the store and they wouldn't let us out. Good thing Ladybug saved everyone! (sighs, content but then the screen goes dark as lights come back on) Oh no, is it over already? (Luka gives her an understanding smile)
Marinette: (seeing Lollipop Boy) Uh, the ice cream is gonna melt, we need napkins. I'll be quick! (hands him the ice cream and runs off. Luka stares down at it disappointedly)
Alya: Bye!"
truth_marinette_0008,Under a bridge. Luka stops Marinette as they go on a walk.,"Rose: ♫ I love unicorns! I love unicorns! And cute little fluffy cats! ♫ (Luka playing his guitar solemnly. Marinette then arrives, takes a seat, and waves. He notices but doesn't acknowledge)
Marinette: I'm sorry about earlier. There were mosquitoes on the boat, I thought we needed some insect repellent but the drug store was closed so I had to-
Luka: Shh, listen, the song of the water. If you listen carefully at this very spot under the bridge, you'll hear a melody. (They listen to the river and smile at each other.) You know, I never knew my father and my mom would never bring herself to tell me. So when I just couldn't deal with it all, I would take refuge here and the melody of the water would console me. What about you, Marinette? Where do you go when you disappear?
Marinette: Uh-
Luka: You tell me, I'll accept it. If you're still in love with Adrien, I'll understand. I won't be jealous you know
Marinette: That's not it, not at all
Luka: Whatever it is, I just want it to be the honest truth
Marinette: The truth, Luka... is the only thing I can't tell you"
truth_marinette_0009,"Under the bridge. Luka, still upset, looks down and closes his eyes, very rejected as the akuma and amok fly into his guitar pick necklace.","Luka: (struggling against it) Truth needs to be shared, not taken by force, Shadow Moth!
Marinette: (shocked what he just said) Uh! Shadow Moth? No! Luka, please resist. I am so sorry!
Shadow Moth: Why should you resist when she doesn't trust you?"
truth_marinette_0010,The streets. Marinette hides to transform.,"Shadow Moth: (creates a Sentimonster) In addition to your power, you will be aided by Lighteye. (Lighteye is giant angry eye ball sentimonster) This sentimonster will be under your control. (Lighteye is created by the amok) It's time to expose the truth
Marinette: (unhappily) Tikki, spots on! Ah!
Alya: Bye guys, see ya. (Lighteye immobilizes her) Oh... (Truth shoots his beam at Alya)"
truth_marinette_0011,Under the bridge. Marinette breaks up with Luka.,"Cat Noir: Truth is, I only ever have this much fun with you. Catch you later! ((vaults away)) Wee!
Marinette: I don't want to lie to you Luka. I don't think I can- I mean... maybe we should... (Luka hugs Marinette)
Luka: When you're ready, I'll be here, Marinette. (Marinette leans her head on Luka's shoulder and closes her eyes.)"
vampigami_marinette_0001,"Agreste mansion. Front Hall. The doorbell rings, Nathalie, hunched over, in her pajamas and with her hair in disarray, slowly walks toward the door.","Nathalie: (Tiredly) And the alarm clock hasn't gone off yet
Marinette: (Still hugging Adrien) I've missed you so much!
Adrien: I've missed you too"
vampigami_marinette_0002,"Agreste mansion. Front Hall. The doorbell rings, Nathalie, hunched over, in her pajamas and with her hair in disarray, slowly walks toward the door.","Adrien: Actually, we saw each other half an hour ago too on our good morning video call
Marinette: Technically, it was 28 minutes and 12 seconds ago, one of the longest waits of my life!
Adrien: (Grabs the letter) A letter? For me? (Opens the letter and finds two green tickets inside) Two movie tickets for a 50th anniversary screening of ""Vampire Horrific Musical Show""? It was mailed from Roubaix!
Marinette: Your grandparents?"
vampigami_marinette_0003,"Agreste mansion. Front Hall. The doorbell rings, Nathalie, hunched over, in her pajamas and with her hair in disarray, slowly walks toward the door.","Johnny: We're going to Paris for the occasion, and we thought you two lovebirds could join us. Like family bonding, you know?
Marinette: (Afraid) Wait, it's a horror movie?
Johnny: Oui! But with songs! Amazing, no?"
vampigami_marinette_0004,"Agreste mansion. Front Hall. The doorbell rings, Nathalie, hunched over, in her pajamas and with her hair in disarray, slowly walks toward the door.","Adrien: Well, thank you, grandma, grandpa, but Marinette doesn't really enjoy horror movies
Marinette: WHAT!? (Stands up from the couch) Nuh-uh! Old Marinette didn't like those movies, but new Marinette,(Nudges Adrien with her elbow) AKA Adrien's girlfriend is not afraid of anything, especially horror movies! (Laughs)
Johnny: Magnifique! We'll pick you up at 6:00 p.m. (Closes the video call)"
vampigami_marinette_0005,"School Bathroom. Alya, Tikki and Trixx are inside with Marinette.","Alya: Listen, girl (Kneels down to meet her eyes), you definitely do not have to go see this horror flick if you're not feeling up to it
Marinette: But...(Does a forward roll to get up and starts walking in circles)what if Adrien likes the film! He'll think that we don't have the same taste, that we don't like the same things, (Stops walking in circles) and he won't love me anymore!
Alya: Marinette, couples don't have to do everything together or like the same exact things
Marinette: Do you and Nino like the same things?
Alya: (Unbothered by her intensity) Yep
Marinette: And do you always do everything together?
Alya: Yep
Marinette: See?!
Alya: Nino and I are Nino and I. Adrien and you are Adrien and you. (Puts her arm around her shoulders) If horror movies aren't your thing, just tell him
Marinette: (Sigh) You're right"
vampigami_marinette_0006,Collège Françoise Dupont. Cafeteria,"Marinette: (Sigh) You're right
Marinette: (Smiling) Adrien and I are going to the Vampire Musical Horrific Show tonight, and it's going to be amazing!
Rose: Oh, you're so lucky! I wanted to take Juleka to see it for the first time, but the tickets sold out a minute after they went on sale"
vampigami_marinette_0007,Collège Françoise Dupont. Cafeteria,"Ray: That she seems to be more than just a sweet kind friend
Marinette: Leave Prem alone!
Adrien: Stop it!"
volpina_marinette_0001,Collège Françoise Dupont. Marinette and Alya are walking up the entrance steps.,"Marinette: (daydreaming) What?! Don't say that! This is super bad, what if Adrien totally falls for her?! I've never flown in a private jet; nobody's ever written a song about me; and I don't know a single person in Hollywood! Adrien will forget I even exist! (Lila guides Adrien along by the hand)
Marinette: (gasping) Where are they going? Alya, we've got to stop them!
Alya: You need to chill out, Marinette. My Ladyblog has the highest number of hits ever after that Lila interview! (walks away)
Marinette: What's going on? I mean has this Lila girl hypnotized everyone or something?"
volpina_marinette_0002,Collège Françoise Dupont library. Marinette sees Adrien sitting at a table alone. Marinette hides behind a nearby bookshelf.,"Marinette: Huh! Me, jealous? No way! (runs after Lila and Adrien)
Marinette: Where is she?
Tikki: Marinette, Adrien's book! I need to get a closer look at it
Marinette: Why are you so concerned about his book? Hide, Tikki!"
volpina_marinette_0003,Collège Françoise Dupont library. Marinette sees Adrien sitting at a table alone. Marinette hides behind a nearby bookshelf.,"Lila: (puts her hand on top of Adrien's) I love superheroes!
Marinette: (gasps from behind the bookcase) It's already too late! (bumps into a book cart, pushing it by accident. Tikki watches Lila as she flips through the book turning to the page on Ladybug)
Lila: Ladybug!"
volpina_marinette_0004,The Place des Vosges. Marinette hides behind a tree. Lila is sitting on a bench.,"Lila: Oh hi!
Marinette: (sees Adrien) Oh no! He's already here!
Adrien: Hey! (Lila throws the book in the trash behind her)
Marinette: She dumped the book in the trash bin! What a brat!"
volpina_marinette_0005,The Place des Vosges. Marinette hides behind a tree. Lila is sitting on a bench.,"Adrien: Volpina?
Marinette: Volpina?
Adrien: Wait a minute! I think I read about her in my book"
volpina_marinette_0006,The Place des Vosges. Marinette hides behind a tree. Lila is sitting on a bench.,"Marinette: You've got your book. I can't lose Adrien. Time to transform!
Marinette: Tikki, spots on! Yeah! (Marinette transforms into Ladybug.)
Adrien: (holding Lila's necklace) Are you telling me this is a Miraculous?! (Ladybug lands in front of them)"
volpina_marinette_0007,Marinette's roof. She sits perusing the superhero book.,"Cat Noir: Thank you!
Marinette: (to Tikki) This book could've been my connection to Adrien without my Ladybug mask for once, but I get that I'm not gonna be returning it to him
Tikki: I'm really sorry Marinette, but its information is invaluable
Marinette: Information? But it's all written in code
Tikki: I know someone who's been looking for this for a long time. He knows how to decipher the codes
Marinette: So what exactly is so special about this book?
Tikki: It contains all the secrets of the Miraculous powers. It's sacred and extremely dangerous in the wrong hands. He needs it back
Marinette: I don't get it, Tikki. Just tell me what's going on. Please, who is he?
Tikki: The Great Guardian. And I think the time has come for you to finally meet him"
weredad_marinette_0001,Outside the bakery. August waves towards Marinette's room.,"Cat Noir: Marinette? (He lands. She hides the pacifier and drops it behind her back)
Marinette: Uh…
Cat Noir: This isn't the first time I've bumped into right after Ladybug transformed back. (gasps) Could you be…
Marinette: (She panics) Ah, in love with you! (She hugs Cat Noir)
Cat Noir: (whispers) Marinette?"
weredad_marinette_0002,Outside the bakery. August waves towards Marinette's room.,"Cat Noir: How could I say no to that? Well, see you tomorrow then! (He leaves. Marinette's parents wave.)
Marinette: (She puts her face in her hands.) Ugh!
Cat Noir: (to August) I just thought that she followed us everywhere because she's a fan of Ladybug like her friend Alya. (August looks up and laughs) But it turns out that she's in love with me. Do you realize it's the first time that a girl's told me she's in love with me! (August burps) Tell me about it. If only Ladybug would confess her love to me like that. (He smiles and runs off)
Marinette: (muffled) This is a total disaster! (She flips over)"
weredad_marinette_0003,Sunday afternoon. The apartment. Tom is setting out plates for brunch.,"Plagg: Are you kidding? At least please wait until after the cheese platter is served! (Adrien sighs)
Marinette: He's not coming
Tikki: But if he does, what are you gonna say to him?
Marinette: I'm sure he's not coming. He's in love with Ladybug. He's not gonna come have brunch just for macaroons
Tikki: He's been rejected so many times by Ladybug. Maybe he's changed his mind
Marinette: Cat Noir, change his mind? Ha! I seriously doubt it. No one's as stubborn and one-track-minded as him"
weredad_marinette_0004,Marinette's balcony. Marinette and Tikki are still waiting for Cat Noir.,"Plagg: You're right. Breaking her heart with flowers will be (much) more romantic. (Adrien looks at the rose worriedly)
Marinette: I told you he won't come. (She leaves. Tikki looks out and sees Cat Noir making his way towards the balcony.)
Tikki: Eh? Looks like you underestimated Cat Noir's love of macaroons!
Marinette: (She turns around) I don't believe it! What a glutton!"
weredad_marinette_0005,Marinette's balcony. Marinette and Tikki are still waiting for Cat Noir.,"Marinette: (She turns around) I don't believe it! What a glutton!
Marinette: Oh no! What if this doofus has (actually) fallen in love with me? For what? Seconds? Is that all his love for Ladybug is worth? Just one tiny declaration of love and that's it, (poof), he changes his mind?!
Tikki: Uh, since you and Ladybug are the same person, he didn't exactly change his mind
Marinette: (She puts her face in her hands) Oh no, I definitely have to tell him that I'm not really in love with him. Wait, I (can't)! If I tell him that I don't love him, he won't understand why I told him that I loved him in the (first) place! I only told him that I loved him so that he wouldn't figure out I'm Ladybug. But if he sees that I lied, then he'll (also) see that I did all of that so he wouldn't guess that I'm Ladybug! (yelling) And he'll figure out that I'm Ladybug! (The doorbell rings)"
weredad_marinette_0006,The apartment. Sabine and Tom are setting the table. Marinette comes down the stairs.,"Tom: (laughing) Oops, sorry. (He puts Cat Noir back down and turns him to face Marinette. Cat Noir holds out the rose. Tom runs to Sabine's side.)
Marinette: Um, how are you? (They put out their hands in preparation to shake)
Cat Noir: Uh, fine. And you? (They look towards her parents.)"
weredad_marinette_0007,The apartment. Sabine and Tom are setting the table. Marinette comes down the stairs.,"Tom: Voilà! (He sets down a heart-shaped two-tiered tray filled with heart-shaped vol-au-vents) Sweethearts' vol-au-vent. For two, of course
Marinette: Uh…
Tom: Tell me, Cat Noir, (Sabine walks to the table with a cup) is being a superhero a steady profession? (Cat Noir gets wide eyed and coughs out the food.)"
weredad_marinette_0008,The apartment. Sabine and Tom are setting the table. Marinette comes down the stairs.,"Tom: What?
Marinette: You're right, Dad, it's gotta be super dangerous being a superhero's girlfriend. Maybe I should rethink this
Tom: (voice) Of course, not sweetie. (Cat Noir and Marinette show surprise) (to Marinette) Cat Noir won't be a superhero all his life. Once he's defeated Hawk Moth, (voice) (Marinette leans back) he won't need to run on the rooftops with a stick saving people. (Cat Noir grabs another vol-au-vent) d-I know! He could work in the bakery with me! (voice) (Marinette and Cat Noir look shocked) I could train you, young man"
weredad_marinette_0009,The apartment. Sabine and Tom are setting the table. Marinette comes down the stairs.,"Tom: —Because my daughter (loves) them. What did you want to name your future hamster again, sweetie?
Marinette: (into her hands) This is a nightmare
Tom: Nightmare! Right. That’s a funny name, isn't it? (Cat Noir grabs more food. Tom takes the tray) I'm bringing soufflé"
weredad_marinette_0010,The apartment. Sabine and Tom are setting the table. Marinette comes down the stairs.,"Sabine: Tom, how about we let Cat Noir tell us himself what he wants
Marinette: Good idea, because he seems like the kind of boy who changes his mind rather quickly. (She looks at him accusingly)
Cat Noir: (swallows) Well, actually, Mr. Dupain, Mrs. Dupain-Cheng, Marinette, here's the thing. You're really nice people and this meal is delicious and by far the friendliest I've had in a long time. (He puts his hand on Marinette's shoulder) Marinette, you're an awesome girl, and I get that you have feelings for me. After all, I'm awesome in so many ways, even (I) could fall in love with myself! (Marinette shakes her head in annoyance.)"
weredad_marinette_0011,Marinette's room. She spins to her chair. Tikki flies out.,"Marinette: (excitedly) Oh, this is so— (She remembers she's supposed to be heartbroken.) Uh… (She looks at her parents.) So (sad!) (grabbing Cat Noir, dramatically) Oh, to think I spent all this time following you everywhere to tell you that I loved you Cat Noir! (cries) I am so miserable! (weeps on table) No one will ever love me! (Her father looks sad and concerned) (into her hands) I'll end up all alone with my hamster, (running to the stairs) and its name will be (inhales) (Loneliness)!! (She slams the door and continues crying)
Marinette: (singing) La, la, la, la, la! Ah, such a relief, Tikki. Phew! He's not in love with me. (Tikki looks disappointed)
Cat Noir: (getting up to leave) Well, uh, I don't want to bother you any longer. I'm really sorry. Thanks for having me anyway. (He exits)"
weredad_marinette_0012,Marinette's room. The bubbles are rising from the floor.,"Hawk Moth: (in lair) That, and his and Ladybug's Miraculous, would be perfect
Marinette: What is this? Tikki!
Tikki: Marinette!"
weredad_marinette_0013,Inside the thorny ball. Marinette is looking for Tikki.,"Cat Noir: Marinette! (He looks to the top and sees a ball of thorny vines.)
Marinette: (panting) (She grunts as she jumps down from a giant vine) Tikki? (She looks around) Tikki?
Tikki: Marinette! (She flies inside) Marinette!
Marinette: Tikki? (She runs towards Tikki's voice) I'm here!
Tikki: Marinette?
Marinette: (voice) Tikki?
Tikki: Where are you? (She looks around as the room turns)"
weredad_marinette_0014,Inside the thorns. Marinette is still trying to find Tikki.,"Weredad: She will never be alone! (Cat Noir flips away and lands on one knee) Someday, a prince will come. A prince worthy of her, daring enough to face me! Who will brave the many dangers and pick the magic rose for her! He will be worthy of taking her from my guard!
Marinette: Tikki!
Tikki: This is a magic prison, Marinette. It looks like it's trying to keep me from finding you!
Marinette: Ah! (She looks around, lost) There must be a way out of here!"
weredad_marinette_0015,Inside. Marinette is climbing to the rose. She grabs it.,"Tikki: Marinette!
Marinette: Tikki! Spots on! (She transforms in a flash of pink and dives towards Cat Noir and Tom.)
Ladybug: Ha! (She extends her arms and legs to slow down. She catches the akuma) Gotcha! Bye bye, little butterfly. (It flies away.)"
weredad_marinette_0016,"Marinette's room. She jumps through the trapdoor, bounces off her bed, and slides down her banister while detransforming. Tikki hides just as Tom, Sabine, and Cat Noir are entering.","Tom: Marinette! (He hugs her tightly)
Marinette: (strained) Dad, I can't breathe! (He releases her)
Tom: Oh, sorry. I was so scared. You were so heartbroken because of that— (He clenches his fist, looks at Cat Noir, and growls angrily. Cat Noir straightens and giggles nervously.)
Marinette: Dad, stop! (She lowers his fist and puts her hand on his arm) Cat Noir has every right to be in love with Ladybug. (She walks over to Cat Noir) She's very lucky to have you. And just because you and I aren't in love with each other doesn't mean that we can't be friends"
werepapas_marinette_0001,"Agreste mansion, dining room.","Nathalie: I'm (not) part of the family
Marinette: What?! Does Lord Graham know you're practically Adrien's mom now?
Nathalie: I… could never replace Adrien's mother"
werepapas_marinette_0002,"Agreste mansion, dining room.","Marinette: But Adrien (isn't) alone
Marinette: (Realizes her mistake, puts on a British accent) Um, Mister Adrien is (not) alone in having some appetizers, I suppose. (Hands out plates to the guests)
Adrien: If I may, Lord Graham, I live with Nathalie"
werepapas_marinette_0003,"Agreste mansion, entrance hall.","Marinette: (with a British accent) Mister Adrien, could you come with me to the kitchen to check? Thank you very much. (The two follow Johnny)
Marinette: Nathalie, there's no way! Adrien can't go and live there with (that) Lord!
Nathalie: Marinette, ""that Lord"" is his grandfather and I have no right–
Marinette: There must be something that can be done"
werepapas_marinette_0004,"Agreste mansion, entrance hall.","Marinette: There must be something that can be done
Marinette: (to Adrien) What do you think about this?
Adrien: I don't wanna leave Paris, Marinette. I don't wanna leave you or Nathalie, but… they're my family"
werepapas_marinette_0005,"Agreste mansion, dining room.","Johnny: Oh, I see, so now you're calling me a thief, huh?!
Marinette: (with a British accent) Hold on, let's not get carried away. (normally, whispering) It has to be here somewhere
Adrien: (Tries to grab Plagg, who's now stealing from his plate. He fails, but draws the attention of his family) I… I'll look for it too! The twin ring… not here, (Checks under his plate.) not here either… (Goes under the table)"
werepapas_marinette_0006,"Agreste mansion, dining room.","Milly: (Cracks open another ballotine) (whispers) Why do you scream all the time?
Marinette: (Glares while holding up a tray of drinks before intentionally tripping with them, pretending it's an accident) Whoopsie! (The drinks spill all over the contract) (with a British accent) Sorry, I'm such a klutz
Emil: (Pulls out another contract to replace the soaked one, to Marinette's shock) I understand clearly, how (much) do you want? (pulls out his checkbook)"
werepapas_marinette_0007,"Agreste mansion, entrance hall.","Milly: No! I'm tired of turpid, aristocratic, patriarchal dictators! (An Ultrakuma flies into the room) I have the ring! (Puts it on her finger.) (I) am the queen! (No one) tells me what to do! (The Ultrakuma infects the rings.)
Marinette: (Observes the akumatization through the keyhole.) (to Nathalie) The key! Do you have the key?
Nathalie: (to the bodyguard) The key"
werepapas_marinette_0008,"Agreste mansion, entrance hall.","Adrien: (Arrives) What's happening?
Marinette: Adrien, (don't) stay here!
Ringmaster: On the contrary, (stay), since this fight is for you! (Throws her bowtie at Adrien. It encloses him inside a giant, golden trophy)"
werepapas_marinette_0009,"Agreste mansion, entrance hall.","Marinette: They can be, but (we'll) fix this!
Marinette: Tikki, spots on! (The Kwami enters her earrings.) Yeah! (Transforms into Ladybug)
Ringmaster: (Appears, with an announcer's microphone in hand) Welcome to the main event! In this corner, Johnny ""The Fry"" Grassette, (One werewolf appears) the Wonder from the North! And in this corner, Emil ""The Duke"" Graham, (The other boxer appears) the Terror from Albion. (Jumps on top of a platform above the ring) May the best weregrandpa take Adrien away! (Launches her bowtie into a bell, starting the match) Fight!"
werepapas_marinette_0010,"Agreste mansion, entrance hall.","Adrien: (Enters and searches) Marinette? Marinette!
Marinette: (Leaves her hiding spot) Adrien!
Adrien: Marinette!"
werepapas_marinette_0011,"Agreste mansion, entrance hall.","Adrien: Marinette!
Marinette and Adrien: (Hug each other) I was so worried about you
Milly: (Slips the twin rings off her finger) This ring belongs to Adrien. (Places it on the table) (He) should decide his own future"
wishmaker_marinette_0001,Marinette's room. Marinette continuously taps her pen on her table while her career booklet is still blank. Tikki and Pollen are beside her.,"Adrien: Why don't we start by visiting the food trade booths? (grabs his bag) Come on, Plagg, it's time to think about our future!
Marinette: True, Tikki. My life is complicated. But at least one thing is simple: I know what I wanna do later! No need to go to the Paris Career Expo for that!
Pollen: What's a career, dear Guardian?
Marinette: Oh- Well, it's... your job! Something really important that you do and gives meaning to your life!"
wishmaker_marinette_0002,Marinette's room. Marinette continuously taps her pen on her table while her career booklet is still blank. Tikki and Pollen are beside her.,"Wayzz: Or when she designed the alarm for this room! What a masterpiece!
Marinette: Sure, I love crafting but-
Ziggy: You guys don't get it! What gives meaning to her life is to be in love with Adrien, or Luka, that's her job!"
wishmaker_marinette_0003,"Île aux Cygnes, at the Paris Career Expo. Alec is hosting a reality TV show.","Alec: (to the cameraman) Cut! CUT! (he and the cameraman walk away)
Marinette: André, how did you know that making ice cream would be your job?
André: My dear Marinette, being an ice cream man isn't a job; I used to have a job. Every morning, I would wake up and do something I didn't like doing. The only enjoyable moment for my day was when I would come home and concoct ice cream flavors that suited my mood. Until one day, in the same way that ice cream enchanted my daily life, I wondered if my true calling would be to try and enchant other people's lives, too! That's when the truly successful career is: a blend of flavors of what you can do, what you love to do, and what you can bring to others! (gives Marinette an ice cream) Strawberry and cherry for the indecisive lady, pistachio and pecan for the clear sighted young man
Marinette: Who? What young man?"
wishmaker_marinette_0004,"Île aux Cygnes, outside the Paris Career Expo. Luka, along with Marinette, Alec and his cameraman walk with him.","Adrien: I thought things would be simple this way, that I'd be content to do what my father told me to. Like you, Luka, who decided to be a musician like your father. Or like you, Marinette, you've always known you wanted to be a fashion designer. But actually
Adrien, Luka, and Marinette: It's way more complicated
Luka: I don't wanna be a rock-star like my dad. I make music but that's not my career, it's my nature. What I want though, is for other people to be able to (feel) that music. That's why I wanted to be a stringed instrument maker; to make instruments so people can create emotions with them"
wishmaker_marinette_0005,"Île aux Cygnes, outside the Paris Career Expo. Luka, along with Marinette, Alec and his cameraman walk with him.","Luka: I don't wanna be a rock-star like my dad. I make music but that's not my career, it's my nature. What I want though, is for other people to be able to (feel) that music. That's why I wanted to be a stringed instrument maker; to make instruments so people can create emotions with them
Marinette: I feel like I always wanted to try new things. But the things I want to do, the things I forget to do, and the things that I just have to do, it's a lot, and I don't know
Adrien: My father arranges it all for me, but when I think about what I really actually wanna do, nothing! My mind is empty!"
wishmaker_marinette_0006,"Île aux Cygnes, outside the Paris Career Expo. Luka, along with Marinette, Alec and his cameraman walk with him.","Adrien: My father arranges it all for me, but when I think about what I really actually wanna do, nothing! My mind is empty!
Adrien and Marinette: I'm completely lost!
Luka: There's no one way to become Marinette or to become Adrien to find out who you are. You just need to learn how to listen to your inner melody. (leans closer to Marinette) Your inner music, Marinette, at this moment, is a little bit like a brass band where... all the instruments are playing a different tune. I totally get it why you're lost. (The three of them laugh.) But if you listen a bit more closely, the music of your band is really beautiful. You just need some time to understand it. (leans closer to Adrien) Your music, Adrien, sounds like it's being muffled by someone else playing a sad piano tune, but your true melody is a happy one. Pretty rock and roll, actually. (stands up and grabs his violin) You two will eventually find what's already in front of you, but you can't hear it clearly. Just let the melody flow"
wishmaker_marinette_0007,"Exterior, Île aux Cygnes. Luka continues to play the violin while Marinette and Adrien watch him play.","Luka: Dad?
Adrien and Marinette: Jagged Stone?
Toy Vendor: (as Santa Claus) Merry Christmas, everyone! (continues to drop gift boxes)"
wishmaker_marinette_0008,"Exterior, Île aux Cygnes. Ladybug returns to the portalet where Luka hid her.","Ladybug: Spots off! (detransforms into Marinette and catches Tikki in her hands)
Marinette: Luka! Thank you for hiding me in here
Luka: Uh- It was nothing, Marinette! You know you can always count on me!"
wreckless_driver_marinette_0001,Collège Françoise Dupont. Gardening class. The class are taking care of the various plants on the roof.,"Alya: She was scared of Ladybug? For real?
Marinette: Yes, I'm telling you! That's strange, right? I didn't do anything to her
Aglaé: A...a- lady..ladybug!
Marinette: It's nothing, Aglaé. It's just a nice little ladybug
Aglaé: Ahh! It's coming to attack me!
Marinette: Smells good, what is it?
Aglaé: Essential oils! The smell is supposed to repel bugs. Did it go this way? No! That way?! AHH! There's another one!"
wreckless_driver_marinette_0002,Collège Françoise Dupont. Marinette and Alya are walking Aglaé to her class.,"Aglaé: I know, but I can't control myself. I'm terrified of getting akumatized again
Marinette: At least you're safe here. There won't be any bugs in the classroom
Alya: Meet for lunch?
Marinette: This is all my fault. If I had the Butterfly Miraculous people like Aglaé wouldn't be so traumatized
Alya: It's not your fault, Marinette. You're already doing your best to free the akumatized people and fix all the damage they cause
Marinette: Maybe but...magic ladybugs don't fix everything"
wreckless_driver_marinette_0003,"Collège Françoise Dupont. Dr. Psiquat's office, the waiting room. Aglaé and her friends are sitting and waiting.","Dr. Psiquat: Oh my! Alya, Max, Juleka, Mylène, I'm not sure I'll have time to see all of you
Marinette: Aglaé is your only appointment, Dr. Psiquat. We just came with her
Dr. Psiquat: Aww, your friends came with you. Quite significant, and very kind of you all. If you're ready Aglaé, you can come with me"
wreckless_driver_marinette_0004,"Collège Françoise Dupont. Dr. Psiquat's office, the waiting room. Everyone is sitting and waiting for Aglaé to finish her session.","Alya: Dr. Psiquat is awesome. It helped a lot to talk to her, you know?
Marinette: Huh? I didn't know you were seeing her too, what for?
Alya: Well, let's just say some kind of complicated family issues
Marinette: You never told me about that
Alya: I worked it out a long time ago. I don't even think about it anymore"
wreckless_driver_marinette_0005,"Collège Françoise Dupont. Dr. Psiquat's office, the waiting room. Everyone seems to notice somethings wrong.","Aglaé: No! I've talked enough already and nothing's changed. I'm never coming back!
Marinette: Was that Aglaé?
Alya: She took the elevator!"
wreckless_driver_marinette_0006,"Paris street, outside Collège Françoise Dupont. The group run out the door and find Aglaé on a bike.","Dr. Psiquat: Wreckless Driver!
Marinette: Aglaé! Aglaé, what happened?
Aglaé: This was never a good idea. I can't be healed. I'm going home and shutting myself away forever, there's nothing that can be done!"
wreckless_driver_marinette_0007,"Paris street, outside Collège Françoise Dupont. The group run out the door and find Aglaé on a bike.","Marinette: I'm going to try to help Aglaé. I'll be super careful, I promise
Marinette: I think it's best to cut Dr. Psiquat's session short for today. Tikki, spots on! (transforms into Ladybug.)
Plagg: Don't tell me, you want to play Cat Noir and rescue your girlfriend"
wreckless_driver_marinette_0008,"Collège Françoise Dupont. Butterfly greenhouse. Aglaé, her group of friends, and Dr. Psiquat are there.","Aglaé: Mhmm
Marinette: Do you want to go back out?
Aglaé: Yes"
wreckless_driver_marinette_0009,"Collège Françoise Dupont. Butterfly greenhouse. Aglaé, her group of friends, and Dr. Psiquat are there.","Adrien: Thanks for coming with me, and for understanding my need to talk to Dr. Psiquat
Marinette: Of course
Dr. Psiquat: Adrien Agreste?"
yaksi_gozen_marinette_0001,Tom &amp; Sabine Boulangerie Patisserie. Sabine Cheng is handing a bag of chouquettes to Placide I.T..,"Marinette: Wait!
Marinette: Hello! (awkward giggle) Sorry, um, these ones are special. They're for Adrien
Sabine: What surprise have you come up with this time, Marinette?
Marinette: I'll tell you but only after I'm sure it's worked"
yaksi_gozen_marinette_0002,Marinette's room. Marinette is hanging up Adrien's attempt of a T-shirt.,"Félix: Living with this knowledge is
Marinette: I get it. You need me to put them somewhere safe, right?
Félix: Yes Marinette, that's right"
yaksi_gozen_marinette_0003,Marinette's room. Marinette is hanging up Adrien's attempt of a T-shirt.,"Kagami: And since we're also superheroes, we're running the risk of enemies battling us for them
Marinette: But you are here to see me because you already came out with a solution, haven't you?
Kagami: Yes, magic"
yaksi_gozen_marinette_0004,Marinette's room. Marinette is hanging up Adrien's attempt of a T-shirt.,"Félix: It's a good idea, isn't it?
Marinette: I don't know, for a while I kept all the Miraculous with me in my Yo-yo, but that didn't stop Shadow Moth from stealing them from me
Félix: (looks away guiltily) That wasn't (your) fault"
yaksi_gozen_marinette_0005,Marinette's room. Marinette is hanging up Adrien's attempt of a T-shirt.,"Sabine: Where's Marinette?
Marinette: (having transformed back from Ladybug) I'm right here! (Laughs awkwardly)
Adrien: Ah! Great! I hope you're ready because I have another surprise for you!
Marinette: Uh, now?
Adrien: TA-DA! A beef rib!
Marinette: That's not a beef rib, those are lamb chops
Adrien: I know, but the butcher was out of beef ribs
Marinette: Oookay?"
yaksi_gozen_marinette_0006,Marinette's room. Marinette is hanging up Adrien's attempt of a T-shirt.,"Adrien: (to Félix and Kagami) I still can't figure out why you're here
Marinette, Kagami and Félix: (panicked)THE RINGS!
Adrien: What rings?"
yaksi_gozen_marinette_0007,Marinette's room. Marinette is hanging up Adrien's attempt of a T-shirt.,"Adrien: And... that's romantic?
Marinette: No! Not at all! Puree is a terrible idea! So that's why Kagami and Félix came to see me! To come up with a better puree- I mean, a better idea than the one in the manga!
Adrien: Aaah, what's your idea then?
Marinette: I-I'll tell you, but first you've got to help us find the rings because no rings mean no hiding place and no hiding place means no idea
Adrien: (finds the rings under his shoe) Ahh! They were right there, look!"
yaksi_gozen_marinette_0008,Marinette's room. Marinette is hanging up Adrien's attempt of a T-shirt.,"Adrien: (finds the rings under his shoe) Ahh! They were right there, look!
Marinette, Kagami and Félix: (relieved) THE RINGS!
Adrien: Watch this, Marinette! I might not be the best when it comes to knitting or choosing meat, but I can do (this)! (Blows into his hand and makes the rings disappear, shocking Marinette, Kagami and Félix) Magic"
yaksi_gozen_marinette_0009,Marinette's room. Marinette is hanging up Adrien's attempt of a T-shirt.,"Adrien: Watch this, Marinette! I might not be the best when it comes to knitting or choosing meat, but I can do (this)! (Blows into his hand and makes the rings disappear, shocking Marinette, Kagami and Félix) Magic
Marinette: What have you done!?
Félix: Where are the rings!?"
yaksi_gozen_marinette_0010,Marinette's room. Marinette is hanging up Adrien's attempt of a T-shirt.,"Félix: Huh? (Félix suddenly calms down) You're right, everything's fine.(Félix lies down on Marinette's cushions and closes his eyes.) Why am I worried?
Marinette: It's your mother, Kagami
Kagami: Ugh! (Kagami angrily grabs the phone) Mother, that's enough! I don't want to talk to you right now!"
yaksi_gozen_marinette_0011,Marinette's room. Marinette is hanging up Adrien's attempt of a T-shirt.,"Kagami: Huh?
Marinette and Adrien: Huh?
Yaksi Gozen: Félix Fathom you're a bad influence! You'll never be anywhere near my daughter again! (shoots a beam to Félix which paralyzes him)"
yaksi_gozen_marinette_0012,Outside Tom &amp; Sabine Boulangerie Patisserie,"Yaksi Gozen: Kagami, get back here! (Jumps into the water.)
Marinette: Kagami and Félix's lives are in danger! Tikki, spots on! (Transforms into Ladybug behind her changing wall.)
Ladybug: Lucky Charm! (Gets a van that begins to fall on top of Yaksi Gozen, but she slices through it)"
yaksi_gozen_marinette_0013,"Inside the Dupain-Cheng kitchen. Adrien, Marinette, Tom and Sabine are eating cutlets in the table.","Adrien: When Marinette does it, it's sweet... but when I do it, it's just plain... weird
Marinette: No! What's weird is when you try to do things my way. (I'm) usually the one that does weird things. You're Adrien, you do rational things
Tom: And it's not true that you don't do anything special for Marinette, Adrien. If it weren't for your cutlets, we wouldn't be sitting at this table together tonight. You're already a part of the family, kid!"
zombizou_marinette_0001,Collège Françoise Dupont locker room. Marinette is seen running into the girls' side from the courtyard.,"Rose: I made her a scrapbook
Marinette: (to Alya) Hey!
Alya: Let me guess, you just finished your gift
Marinette: I hope Miss Bustier likes it"
zombizou_marinette_0002,"Collège Françoise Dupont locker room, present day","Adrien: How 'bout you, Marinette? I'm sure you've come up with something awesome, as usual
Marinette: Oh, me? Uh... It's nearly roughing at all. Uh! I mean... It's really nothing at all! (She giggles nervously, then opens her present. The other students gasp in awe. She reads the writing on her present as she points to it) ""If we wish to change the world, we must all learn to love each other."" That's one of the first things Miss Bustier taught us when we first met her at school. I always keep it in mind
Students: Aww!
Marinette: I also added this tube of lip balm — Miss Bustier's favorite color!"
zombizou_marinette_0003,"Collège Françoise Dupont locker room, present day","Adrien: I'm so lucky to get a teacher like her for my first year in school. How about you, Chloé? What's your present?
Marinette: Nothing. Just like every year since kindergarten
Sabrina: It's not her fault, okay? Chloé just doesn't like birthdays! She never remembers them, just like her mom"
zombizou_marinette_0004,"Collège Françoise Dupont locker room, a few lessons later","Chloé: Permanent marker. (Sabrina hands a permanent marker to Chloé. Chloé glances at it with one eye.) Cap off. (Sabrina removes the cap from the marker.) I (do) have a present for you, Marinette Dupain-Cheng. (proceeds to use the marker)
Marinette: (to Alya) At last, this is Miss Bustier's class! This will be her best birthday ever!
Alix: This is for you!"
zombizou_marinette_0005,Literature classroom. There is a pile of wrapped gifts on her desk.,"Alya: So uncool, Chloé
Marinette: Seriously lame
Miss Bustier: Calm down. We don't want to get upset on my birthday, now, do we? (taking the present from Marinette) Well, I think this present is wonderful. (takes the lip balm out of the bag) It'll be my new cosmetics bag! Then I'll be able to think of both of you every time I use it
Marinette: What? You're not gonna let her get (away) with this?!"
zombizou_marinette_0006,"Outside, then inside of Collège Françoise Dupont, the second floor hallway","Hawk Moth: That feeling of injustice! What could be worse than being punished for someone else's wrongdoings? (charges an akuma with dark energy) Fly away, my little akuma, and evilize her!
Marinette: But Miss Bustier, it's so not fair! It was Chloé, pulling another...Chloé! And...(I'm) the one who's getting in trouble?!
Miss Bustier: Of course you're not in trouble, don't worry! As the class representative, I want you to set a good example for your classmates. Don't give into feelings of anger. Try to forgive Chloé instead"
zombizou_marinette_0007,"Outside, then inside of Collège Françoise Dupont, the second floor hallway","Miss Bustier: No! No!
Marinette: (anxiously) Don't give up! Think only positive thoughts!
Hawk Moth: (from his lair) Hello, Miss. I am Hawk Moth"
zombizou_marinette_0008,"Outside, then inside of Collège Françoise Dupont, the second floor hallway","Hawk Moth: Who said anything about evil? There's already so much hate in the world. I want to help you unite everyone together with love, at last! Isn't that your greatest wish?
Marinette: Miss Bustier, please! Breathe deeply and focus!
Hawk Moth: Zombizou! I'm giving you the power to spread love and compassion. Thanks to you, the whole world will be one big embrace! In return, bring me Ladybug and Cat Noir's Miraculous"
zombizou_marinette_0009,Locker room,"Marinette: I will (not) let Hawk Moth do this to the best teacher in the world!
Marinette: (distressed) Tikki, spots on! Ah! (Marinette transforms into Ladybug.)
Zombizou: I have got some great news for you, students! From now on, everyone's going to hug and kiss and feel the love! Even you, Chloé"
